{
"type": "FeatureCollection",
"name": "departamentos_enriquecido_global",
"crs": { "type": "name", "properties": { "name": "urn:ogc:def:crs:OGC:1.3:CRS84" } },
"features": [
{ "type": "Feature", "properties": { "Portal": "zonaprop", "Barrio": "Belgrano", "Tipo": "Departamento", "Titulo": "Depto estilo Loft, 2 amb, 55 mtrs, dos baños, frente, piso primero, jacuzzi en la habitación, el edificio cuenta con pileta y sum, ubicado en la Av Rómulo Naon 2456, pleno Barrio de Belgrano R. Requisitos: Garantía propietaria Caba o seguro de caución Finaer. Justificación de ingresos", "Precio": 650000, "Expensas": 150000.0, "Direccion": "Av Rómulo Naon 2456", "Metros_Totales": 55.0, "Ambientes": 2.0, "Dormitorios": 1.0, "Baños": 1.0, "URL": "https://www.zonaprop.com.ar/propiedades/clasificado/alclapin-depto-estilo-loft-2-amb-55-mtrs-dos-banos-frente-57268557.html?n_src=Listado&n_pills=Parrilla&n_pg=1&n_pos=30", "Bajo_Precio": "False", "Cocheras": 0, "Etiqueta_Destacado": "Destacado", "Porcentaje_Rebaja": null, "Metros_Cubiertos": null, "Antiguedad": null, "Descripcion_Breve": null, "Visitas_Count": null, "Visto_Estado": null, "Fecha_Publicacion": null, "Inmobiliaria": null, "lat": -34.5670633, "lon": -58.4732038, "Barrio_Geo": "Villa Urquiza", "snap_warning": false, "distancia_m_gym": 1445, "cant_gym": 4, "distancia_m_subte": 1467, "cant_subte": 4, "distancia_m_parque": 1500, "cant_parque": 0, "distancia_m_plaza": 295, "cant_plaza": 14, "costo_total": 800000, "dist_verde_final": 295, "apto_scoring": true, "segmento": "2amb", "costo_total_norm": 52.534562211981566, "distancia_m_subte_norm": 22.38095238095238, "dist_verde_final_norm": 71.770334928229673, "distancia_m_gym_norm": 26.04912998976458, "Score": 44.687090583700737, "REVISION": "DESCARTADO", "FECHA_DETECCION": "2026-03-09" }, "geometry": { "type": "Point", "coordinates": [ -58.4732038, -34.5670633 ] } },
{ "type": "Feature", "properties": { "Portal": "argenprop", "Barrio": "Palermo", "Tipo": "Departamento", "Titulo": "DUEÑO DIRECTO ALQUILA excelente monoambiente de 27 mts, con balcón a la calle, super luminoso, 2do piso con ascensor , ubicado a metros de Av. Juan B Justo y Distrito Los Arcos .", "Precio": 500000, "Expensas": 163000.0, "Direccion": "El Salvador 5400, Piso 2", "Metros_Totales": null, "Ambientes": null, "Dormitorios": null, "Baños": 1.0, "URL": "https://www.argenprop.com/departamento-en-alquiler-en-palermo-hollywood-1-ambiente--19034774", "Bajo_Precio": null, "Cocheras": 0, "Etiqueta_Destacado": null, "Porcentaje_Rebaja": null, "Metros_Cubiertos": 27.0, "Antiguedad": null, "Descripcion_Breve": "En pleno corazón de palermo hollywood, en el mejor centro gastronómico y comercial de la zona . Cocina integrada con anafe eléctrico, alacena, muebles bajo mesada.Y desayunador con dos banquetas . Baño completo con bañera. Placard interior con ropa de colgado, cajonera y puertas corredizas con frente espejado. El edificio cuenta con una piscina pequeña en la terraza. Expensas $163.000.- *Requisitos y condiciones garantía propietaria de capital federal o en su defecto, seguro de caución. Tener ingresos justificados. Se ofrece contrato convencional de 24 meses, con ajuste trimestral conforme icl un mes de depósito y 1 mes por adelantado. El alquiler es de $ 500.000 para el 1er semestre.-. Para coordinar visita enviar mail:", "Visitas_Count": 2053.0, "Visto_Estado": "Visto", "Fecha_Publicacion": null, "Inmobiliaria": null, "lat": -34.5845962, "lon": -58.4339034, "Barrio_Geo": "Palermo", "snap_warning": false, "distancia_m_gym": 350, "cant_gym": 10, "distancia_m_subte": 1120, "cant_subte": 4, "distancia_m_parque": 465, "cant_parque": 3, "distancia_m_plaza": 736, "cant_plaza": 15, "costo_total": 663000, "dist_verde_final": 465, "apto_scoring": true, "segmento": "sin_datos", "costo_total_norm": 65.060240963855421, "distancia_m_subte_norm": 41.697032795419055, "dist_verde_final_norm": 58.40787119856887, "distancia_m_gym_norm": 80.598669623059862, "Score": 58.274647426187649, "REVISION": null, "FECHA_DETECCION": "2026-03-01" }, "geometry": { "type": "Point", "coordinates": [ -58.4339034, -34.5845962 ] } },
{ "type": "Feature", "properties": { "Portal": "argenprop", "Barrio": "Palermo", "Tipo": "Departamento", "Titulo": "2 ambientes muy luminoso en Palermo", "Precio": 750000, "Expensas": 120000.0, "Direccion": "Uriarte 2200, Piso 6", "Metros_Totales": null, "Ambientes": 2.0, "Dormitorios": 1.0, "Baños": null, "URL": "https://www.argenprop.com/departamento-en-alquiler-en-palermo-nuevo-2-ambientes--3917223", "Bajo_Precio": null, "Cocheras": 0, "Etiqueta_Destacado": null, "Porcentaje_Rebaja": null, "Metros_Cubiertos": 40.0, "Antiguedad": 40.0, "Descripcion_Breve": "Departamento de 2 ambientes al frente con balcón corrido. Super luminoso. Alquiler con contrato a dos años con ajuste trimestral por ipc. Sin muebles.", "Visitas_Count": 300.0, "Visto_Estado": "Visto", "Fecha_Publicacion": null, "Inmobiliaria": null, "lat": -34.5832989, "lon": -58.4261994, "Barrio_Geo": "Palermo", "snap_warning": false, "distancia_m_gym": 144, "cant_gym": 14, "distancia_m_subte": 539, "cant_subte": 5, "distancia_m_parque": 477, "cant_parque": 3, "distancia_m_plaza": 246, "cant_plaza": 16, "costo_total": 870000, "dist_verde_final": 246, "apto_scoring": true, "segmento": "2amb", "costo_total_norm": 39.63133640552995, "distancia_m_subte_norm": 71.481481481481481, "dist_verde_final_norm": 76.459330143540669, "distancia_m_gym_norm": 92.630501535312177, "Score": 61.851895188895774, "REVISION": null, "FECHA_DETECCION": "2026-02-16" }, "geometry": { "type": "Point", "coordinates": [ -58.4261994, -34.5832989 ] } },
{ "type": "Feature", "properties": { "Portal": "argenprop", "Barrio": "Palermo", "Tipo": "Departamento", "Titulo": "2 ambientes con balcón en Las Cañitas", "Precio": 600000, "Expensas": 150000.0, "Direccion": "Maure 1600, Piso 7", "Metros_Totales": null, "Ambientes": 2.0, "Dormitorios": 1.0, "Baños": 1.0, "URL": "https://www.argenprop.com/departamento-en-alquiler-en-las-canitas-2-ambientes--19116193", "Bajo_Precio": null, "Cocheras": 0, "Etiqueta_Destacado": null, "Porcentaje_Rebaja": null, "Metros_Cubiertos": 34.0, "Antiguedad": null, "Descripcion_Breve": "*Living-comedor con salida a balcón. Placard de recepción. * Dormitorio con placard, ventanal a balcón * baño impecable, ventilación al exterior. Con bidematic * cocina con bajo mesada * agua caliente con termotanque eléctrico. * Artefacto de cocina a gas, 4 hornallas * paredes y cielo raso recién pintados. *Pisos plastificados en dormitorio y living. * Expensas: 170.000 con agua incluida.", "Visitas_Count": 300.0, "Visto_Estado": "Visto", "Fecha_Publicacion": null, "Inmobiliaria": null, "lat": -34.5659937, "lon": -58.4352355, "Barrio_Geo": "Palermo", "snap_warning": false, "distancia_m_gym": 121, "cant_gym": 11, "distancia_m_subte": 1204, "cant_subte": 4, "distancia_m_parque": 1903, "cant_parque": 1, "distancia_m_plaza": 403, "cant_plaza": 18, "costo_total": 750000, "dist_verde_final": 403, "apto_scoring": true, "segmento": "2amb", "costo_total_norm": 61.751152073732719, "distancia_m_subte_norm": 36.296296296296291, "dist_verde_final_norm": 61.435406698564591, "distancia_m_gym_norm": 93.807574206755376, "Score": 57.257188478770431, "REVISION": "INTERES", "FECHA_DETECCION": "2026-03-09" }, "geometry": { "type": "Point", "coordinates": [ -58.4352355, -34.5659937 ] } },
{ "type": "Feature", "properties": { "Portal": "argenprop", "Barrio": "Palermo", "Tipo": "Departamento", "Titulo": "Alquiler – Excelente 2 Ambientes de 45 m Muy Luminoso en Palermo", "Precio": 700000, "Expensas": 210000.0, "Direccion": "Julián Álvarez 2400", "Metros_Totales": null, "Ambientes": 2.0, "Dormitorios": 1.0, "Baños": null, "URL": "https://www.argenprop.com/departamento-en-alquiler-en-palermo-2-ambientes--19091575", "Bajo_Precio": null, "Cocheras": 0, "Etiqueta_Destacado": null, "Porcentaje_Rebaja": null, "Metros_Cubiertos": 45.0, "Antiguedad": 60.0, "Descripcion_Breve": "Excelente 2 ambientes en palermo muy luminoso departamento de 2 ambientes de 45 m² cuenta con un amplio living comedor, cocina semi integrada y dormitorio con placard. El departamento da a un contrafrente abierto, asegurando tranquilidad y buena ventilación. Ubicación estratégica: a solo 2 cuadras del subte, media cuadra de avenida santa fe y 4 cuadras del alto palermo , con todos los medios de transporte y comercios el estado es impecable perfecto para quienes buscan comodidad, luz natural y una ubicación central en uno de los barrios más buscados de buenos aires.", "Visitas_Count": 201.0, "Visto_Estado": "Visto", "Fecha_Publicacion": null, "Inmobiliaria": null, "lat": -34.5872998, "lon": -58.4158737, "Barrio_Geo": "Palermo", "snap_warning": false, "distancia_m_gym": 550, "cant_gym": 11, "distancia_m_subte": 385, "cant_subte": 8, "distancia_m_parque": 990, "cant_parque": 3, "distancia_m_plaza": 411, "cant_plaza": 21, "costo_total": 910000, "dist_verde_final": 411, "apto_scoring": true, "segmento": "2amb", "costo_total_norm": 32.258064516129039, "distancia_m_subte_norm": 79.629629629629633, "dist_verde_final_norm": 60.669856459330148, "distancia_m_gym_norm": 71.852610030706245, "Score": 56.111346990277156, "REVISION": null, "FECHA_DETECCION": "2026-03-09" }, "geometry": { "type": "Point", "coordinates": [ -58.4158737, -34.5872998 ] } },
{ "type": "Feature", "properties": { "Portal": "argenprop", "Barrio": "Palermo", "Tipo": "Departamento", "Titulo": "Divino Monoambiente en Palermo de 37 Mts", "Precio": 650000, "Expensas": 90000.0, "Direccion": "Jose Cabrera 3400", "Metros_Totales": null, "Ambientes": null, "Dormitorios": null, "Baños": 1.0, "URL": "https://www.argenprop.com/departamento-en-alquiler-en-palermo-1-ambiente--18943616", "Bajo_Precio": null, "Cocheras": 0, "Etiqueta_Destacado": null, "Porcentaje_Rebaja": null, "Metros_Cubiertos": 37.0, "Antiguedad": null, "Descripcion_Breve": "Monoambiente en alquiler en la codiciada zona de josé cabrera, palermo, capital federal, ideal para quienes buscan un espacio funcional y moderno. Con un precio de ar$650.000, esta propiedad cuenta con un baño completo y placards, brindando la comodidad necesaria para una vida urbana activa. Su ubicación es estratégica, ya que se encuentra a pocos pasos de la avenida córdoba, lo que permite un fácil acceso a diversas opciones de transporte. Además, la cercanía al hospital de niños ricardo gutiérrez y plaza güemes la convierte en una opción perfecta para quienes valoran la accesibilidad a servicios y áreas recreativas.Con una superficie total de 37 m², este monoambiente ofrece un diseño eficiente que incluye cocina y un encantador balcón, ideal para disfrutar de momentos al aire libre. La propiedad se encuentra en un edificio con ascensor y cuenta con servicios de agua corriente, lo que añade un plus a su confort. La disposición contrafrente asegura un ambiente tranquilo, lejos del bullicio de la calle. Las expensas ascienden a ar$90.000, lo que permite una gestión económica adecuada para el inquilino. Esta es una oportunidad única para vivir en una de las zonas más vibrantes de la ciudad. ¡Llámenos para conocer más en detalle esta propiedad! Tel: email: romani propiedades", "Visitas_Count": 200.0, "Visto_Estado": "Visto", "Fecha_Publicacion": null, "Inmobiliaria": null, "lat": -34.596876, "lon": -58.414144, "Barrio_Geo": "Recoleta", "snap_warning": false, "distancia_m_gym": 334, "cant_gym": 13, "distancia_m_subte": 1041, "cant_subte": 11, "distancia_m_parque": 1429, "cant_parque": 2, "distancia_m_plaza": 613, "cant_plaza": 13, "costo_total": 740000, "dist_verde_final": 613, "apto_scoring": true, "segmento": "sin_datos", "costo_total_norm": 46.506024096385545, "distancia_m_subte_norm": 45.809474232170743, "dist_verde_final_norm": 45.169946332737034, "distancia_m_gym_norm": 81.485587583148558, "Score": 49.527799933067705, "REVISION": null, "FECHA_DETECCION": "2026-02-16" }, "geometry": { "type": "Point", "coordinates": [ -58.414144, -34.596876 ] } },
{ "type": "Feature", "properties": { "Portal": "argenprop", "Barrio": "Palermo", "Tipo": "Departamento", "Titulo": "Monoambiente con Cocina Separada - Palermo - Avda Santa Fe al 3500 - Apto Profesional", "Precio": 540000, "Expensas": 140000.0, "Direccion": "Avda Santa Fe 3500, Piso 2", "Metros_Totales": null, "Ambientes": null, "Dormitorios": null, "Baños": 1.0, "URL": "https://www.argenprop.com/departamento-en-alquiler-en-palermo-1-ambiente--19019943", "Bajo_Precio": null, "Cocheras": 0, "Etiqueta_Destacado": null, "Porcentaje_Rebaja": null, "Metros_Cubiertos": 28.0, "Antiguedad": 40.0, "Descripcion_Breve": "Monoambiente con cocina separada - interno - ubicado en 2do piso (el edificio cuenta con ascensor) pisos de parquet , baño completo con bañera - cocina separada. Aire acondicionado frio-calor. Seguridad 24 horas. Apto profesional ubicación privilegiada a metros del subte línea d, con excelente conectividad y acceso a comercios, gastronomía y servicios. A cuadras del alto palermo. Requisitos para locacion vivienda 1 mes de deposito 1 mes adelantado operacion avalada por seguro de caucion ( respaldar, , , o similar) comercial 1 mes de deposito 1 mes adelantado 1 mes honorarios inmobiliaria operacion avalada por seguro de caucion ( respaldar, , , o similar) contrato por 2 años - ajuste trimestral por ipc.", "Visitas_Count": 200.0, "Visto_Estado": "Visto", "Fecha_Publicacion": null, "Inmobiliaria": null, "lat": -34.5866105, "lon": -58.4139696, "Barrio_Geo": "Palermo", "snap_warning": false, "distancia_m_gym": 370, "cant_gym": 10, "distancia_m_subte": 222, "cant_subte": 8, "distancia_m_parque": 810, "cant_parque": 3, "distancia_m_plaza": 420, "cant_plaza": 24, "costo_total": 680000, "dist_verde_final": 420, "apto_scoring": true, "segmento": "sin_datos", "costo_total_norm": 60.963855421686745, "distancia_m_subte_norm": 88.443519000520567, "dist_verde_final_norm": 62.432915921288014, "distancia_m_gym_norm": 79.490022172948997, "Score": 71.354183270383373, "REVISION": null, "FECHA_DETECCION": "2026-03-01" }, "geometry": { "type": "Point", "coordinates": [ -58.4139696, -34.5866105 ] } },
{ "type": "Feature", "properties": { "Portal": "argenprop", "Barrio": "Palermo", "Tipo": "Departamento", "Titulo": "Departamento 2 ambientes. Luminoso.", "Precio": 650000, "Expensas": 110000.0, "Direccion": "Paraguay 5500, Piso 14", "Metros_Totales": null, "Ambientes": 2.0, "Dormitorios": 1.0, "Baños": 1.0, "URL": "https://www.argenprop.com/departamento-en-alquiler-en-palermo-hollywood-2-ambientes--18754392", "Bajo_Precio": null, "Cocheras": 0, "Etiqueta_Destacado": null, "Porcentaje_Rebaja": null, "Metros_Cubiertos": null, "Antiguedad": null, "Descripcion_Breve": "Unidad en torre piso 14. Luminoso. Excelente ubicacion. Todos los medios de transporte", "Visitas_Count": 200.0, "Visto_Estado": "Visto", "Fecha_Publicacion": null, "Inmobiliaria": null, "lat": -34.5772753, "lon": -58.4340404, "Barrio_Geo": "Palermo", "snap_warning": false, "distancia_m_gym": 624, "cant_gym": 13, "distancia_m_subte": 292, "cant_subte": 4, "distancia_m_parque": 765, "cant_parque": 4, "distancia_m_plaza": 574, "cant_plaza": 14, "costo_total": 760000, "dist_verde_final": 574, "apto_scoring": true, "segmento": "2amb", "costo_total_norm": 59.907834101382491, "distancia_m_subte_norm": 84.550264550264558, "dist_verde_final_norm": 45.071770334928232, "distancia_m_gym_norm": 68.06550665301944, "Score": 65.149117737919951, "REVISION": null, "FECHA_DETECCION": "2026-03-09" }, "geometry": { "type": "Point", "coordinates": [ -58.4340404, -34.5772753 ] } },
{ "type": "Feature", "properties": { "Portal": "argenprop", "Barrio": "Colegiales", "Tipo": "Departamento", "Titulo": "Hermoso depto por escalera", "Precio": 750000, "Expensas": 110000.0, "Direccion": "Avenida Elcano 3300, Piso 3", "Metros_Totales": null, "Ambientes": 2.0, "Dormitorios": 1.0, "Baños": 1.0, "URL": "https://www.argenprop.com/departamento-en-alquiler-en-colegiales-2-ambientes--15942586", "Bajo_Precio": null, "Cocheras": 0, "Etiqueta_Destacado": null, "Porcentaje_Rebaja": null, "Metros_Cubiertos": 50.0, "Antiguedad": null, "Descripcion_Breve": "Elcano 3342, esquina virrey aviles hermoso departamento al frente. Tercer piso por escalera, en un edificio estilo inglés que ocupa la ochava de elcano con virrey avilés. Muy linda vista a la avenida y la arboleda. Amplio, luminoso, impecable estado. Muy íntimo. Pocas unidades en el piso. . 55 mts2 . 2 amb originales unificados en un ambiente grande + amplia cocina/comedor/escritorio separada. . Gran terraza de uso común en el mismo nivel . Cocina y baño a nuevos . Tercer piso por escalera . Bajas expensas en excelente edificio el living y la habitación de la construcción original están unidos, transformando los 2 ambientes originales en un gran ambiente principal, con puerta ventana a un balcón y ventana de 3 hojas sobre la copa de un árbol. Amplio placard embutido con baulera. Estufa tiro balanceado. Piso de parquet plastificado. Baño y cocina en excelente estado, con desagues, cañerías y griferías nuevas. La cocina cuenta con otro ambiente grande, de 5 x 4 mts.aprox, que puede ser usado como estudio, estritorio, comedor, salón de tv. Este ambiente tiene grandes ventanales que dan al contrafrente y es muy luminoso. La circulación de aire frente/contrafrente lo hace fresco y ventilado. Por la mañana el sol entra por los ventanales de la cocina. Por la tarde entra por el frente. Hay una gran terraza de uso común en el mismo nivel, casi privada porque el vecindario le da muy poco uso. Lavavajillas incluído en el mobiliario de la casa. En la cocina hay una baulera para instalar lavarropas, con desagüe, electricidad e instalación de agua. Expensas incluyen aysa. Disponible a partir de abril de 2026 contacto: eloísa +56", "Visitas_Count": 697.0, "Visto_Estado": "Visto", "Fecha_Publicacion": null, "Inmobiliaria": null, "lat": -34.5741839, "lon": -58.459601, "Barrio_Geo": "Colegiales", "snap_warning": false, "distancia_m_gym": 875, "cant_gym": 7, "distancia_m_subte": 1194, "cant_subte": 6, "distancia_m_parque": 1242, "cant_parque": 3, "distancia_m_plaza": 402, "cant_plaza": 21, "costo_total": 860000, "dist_verde_final": 402, "apto_scoring": true, "segmento": "2amb", "costo_total_norm": 41.474654377880185, "distancia_m_subte_norm": 36.82539682539683, "dist_verde_final_norm": 61.5311004784689, "distancia_m_gym_norm": 55.220061412487205, "Score": 45.465707035713621, "REVISION": null, "FECHA_DETECCION": "2026-02-23" }, "geometry": { "type": "Point", "coordinates": [ -58.459601, -34.5741839 ] } },
{ "type": "Feature", "properties": { "Portal": "argenprop", "Barrio": "Palermo", "Tipo": "Departamento", "Titulo": "Departamento de 2 amb., Palermo, excelente ubicación.", "Precio": 690000, "Expensas": 180000.0, "Direccion": "Salguero 1800, Piso 2", "Metros_Totales": null, "Ambientes": 2.0, "Dormitorios": 1.0, "Baños": null, "URL": "https://www.argenprop.com/departamento-en-alquiler-en-palermo-2-ambientes--18635931", "Bajo_Precio": null, "Cocheras": 0, "Etiqueta_Destacado": null, "Porcentaje_Rebaja": null, "Metros_Cubiertos": 43.0, "Antiguedad": 45.0, "Descripcion_Breve": "Se ofrece en alquiler un hermoso dos ambientes amoblado y equipado .Se entrega recién `pintado y con sus pisos de madera en excelente estado. Posee heladera con frízer, calefón y cocina en perfecto estado, también equipo de aa en dormitorio y de pared en el living. Cocina separada, con lavadero independiente. Baño reciclado a nuevo. Se encuentra ubicado en una zona privilegiada del barrio de palermo, cerca de las universidades mas destacadas de la ciudad, centros comerciales, confiterías y todo tipo de medios de transporte, la avenida santa fe se encuentra a tan solo una cuadra. Todas las operaciones son a cargo de la martillera y corredora pública inmobiliaria responsable de la firma. Patricia slavutzky , matrícula 8190 c.U.C.I.C.B.A. Para los casos de alquiler de vivienda, el monto máximo de comisión que se le puede requerir a los propietarios será el equivalente al cuatro con quince centésimos por ciento (4,15%) del valor total del respectivo contrato. Se encuentra prohibido cobrar a los inquilinos que sean personas físicas la información y medidas provistas son aproximadas y deberán ratificarse con la documentación pertinente y no compromete contractualmente a nuestra empresa. Los gastos expresados (expensas.) Se refieren a la última información recabada y deberán confirmarse. Las fotografías no vinculantes ni contractuales. En cumplimiento de las leyes vigentes que regulan el corretaje inmobiliario, ley nacional 25.028, ley 22.802 de lealtad comercial, ley 24.240 de defensa al consumidor, las normas del código civil y comercial de la nación y constitucionales, los agentes/asesores no ejercen el corretaje inmobiliario. Todas las operaciones inmobiliarias son objeto de intermediación y conclusión por parte del corredor público inmobiliario colegiado a cargo de la publicación, cuyos datos se exhiben en la presente. Preguntas para la inmobiliaria", "Visitas_Count": 300.0, "Visto_Estado": "Visto", "Fecha_Publicacion": null, "Inmobiliaria": null, "lat": -34.5894824, "lon": -58.4158583, "Barrio_Geo": "Palermo", "snap_warning": false, "distancia_m_gym": 409, "cant_gym": 12, "distancia_m_subte": 611, "cant_subte": 9, "distancia_m_parque": 1190, "cant_parque": 3, "distancia_m_plaza": 78, "cant_plaza": 17, "costo_total": 870000, "dist_verde_final": 78, "apto_scoring": true, "segmento": "2amb", "costo_total_norm": 39.63133640552995, "distancia_m_subte_norm": 67.671957671957671, "dist_verde_final_norm": 92.535885167464116, "distancia_m_gym_norm": 79.068577277379731, "Score": 62.568156625030078, "REVISION": null, "FECHA_DETECCION": "2026-03-01" }, "geometry": { "type": "Point", "coordinates": [ -58.4158583, -34.5894824 ] } },
{ "type": "Feature", "properties": { "Portal": "argenprop", "Barrio": "Palermo", "Tipo": "Departamento", "Titulo": "IMPECABLE 2 AMB. AL C/FRENTE. C/BALCÓN!", "Precio": 750000, "Expensas": 100000.0, "Direccion": "Paraguay 4700 , Piso 4", "Metros_Totales": null, "Ambientes": 2.0, "Dormitorios": 1.0, "Baños": null, "URL": "https://www.argenprop.com/departamento-en-alquiler-en-palermo-soho-2-ambientes--5501500", "Bajo_Precio": null, "Cocheras": 0, "Etiqueta_Destacado": null, "Porcentaje_Rebaja": null, "Metros_Cubiertos": 40.0, "Antiguedad": 40.0, "Descripcion_Breve": "Living/comedor de 4,80m x 3,52m c/pisos de parquet y salida a balcón de 3,2m x 0,85m. Cocina separada de 3,48m x 1,52m c/muebles bajo mesada y ventana. Dormitorio de 3,00m x 2,95m c/placard, ventana y pisos de parquet. Baño completo de 2,00m x 1,56m c/ventana. Servicios: cloacas depósito (meses): 1 impuestos a cargo de: no aplica agua a cargo de: inquilino", "Visitas_Count": 569.0, "Visto_Estado": "Visto", "Fecha_Publicacion": null, "Inmobiliaria": null, "lat": -34.5825823, "lon": -58.4271289, "Barrio_Geo": "Palermo", "snap_warning": false, "distancia_m_gym": 0, "cant_gym": 15, "distancia_m_subte": 530, "cant_subte": 5, "distancia_m_parque": 372, "cant_parque": 3, "distancia_m_plaza": 101, "cant_plaza": 17, "costo_total": 850000, "dist_verde_final": 101, "apto_scoring": true, "segmento": "2amb", "costo_total_norm": 43.317972350230413, "distancia_m_subte_norm": 71.957671957671963, "dist_verde_final_norm": 90.334928229665067, "distancia_m_gym_norm": 100.0, "Score": 66.981476173326769, "REVISION": null, "FECHA_DETECCION": "2026-03-09" }, "geometry": { "type": "Point", "coordinates": [ -58.4271289, -34.5825823 ] } },
{ "type": "Feature", "properties": { "Portal": "argenprop", "Barrio": "Palermo", "Tipo": "Departamento", "Titulo": "Departamento - Alquiler - Argentina, Capital Federal - Av. Scalabrini Ortiz 1413", "Precio": 750000, "Expensas": 260000.0, "Direccion": "Av. Scalabrini Ortiz 1400, Piso 8", "Metros_Totales": null, "Ambientes": 2.0, "Dormitorios": 1.0, "Baños": null, "URL": "https://www.argenprop.com/departamento-en-alquiler-en-palermo-soho-2-ambientes--19120747", "Bajo_Precio": null, "Cocheras": 0, "Etiqueta_Destacado": null, "Porcentaje_Rebaja": null, "Metros_Cubiertos": 42.0, "Antiguedad": 3.0, "Descripcion_Breve": "Alquiler de departamento 2 ambientes en palermo soho, capital federal amplio departamento de 50 m2, con gran balcón corrido, cocina integrada, baño completo, aire acondicionado frio/calor y placard. El edificio cuenta con sum, pileta y laundry, ubicado sobre la av scalabrini ortiz, en el barrio de palermo, zona comercial y gastronómica, cercanía con múltiples líneas de colectivos. Aviso legal: las descripciones arquitectónicas y funcionales, valores de expensas, impuestos y servicios, fotos y medidas de este inmueble son aproximados. Los datos fueron proporcionados por el propietario y pueden no estar actualizados a la hora de la visualización de este aviso por lo cual pueden arrojar inexactitudes y discordancias con las que surgen de los las facturas, títulos y planos legales del inmueble. El interesado deberá realizar las verificaciones respectivas previamente a la realización de cualquier operación, requiriendo por sí o sus profesionales las copias necesarias de la documentación que corresponda. Ley 5115: el inmueble es accesible para personas con movilidad reducida. Ley 5859 art.4: para los casos de alquiler de vivienda, el monto máximo de comisión que se le puede requerir a los propietarios será el equivalente al cuatro con quince centésimos por ciento (4,15%) del valor total del respectivo contrato. Sabaj soluciones inmobiliarias . Leonardo i. Sabaj- corredor inmobiliario mat. 2537 cucicba.", "Visitas_Count": 600.0, "Visto_Estado": "Visto", "Fecha_Publicacion": null, "Inmobiliaria": null, "lat": -34.592136, "lon": -58.427159, "Barrio_Geo": "Palermo", "snap_warning": false, "distancia_m_gym": 376, "cant_gym": 18, "distancia_m_subte": 1269, "cant_subte": 6, "distancia_m_parque": 1453, "cant_parque": 2, "distancia_m_plaza": 479, "cant_plaza": 8, "costo_total": 1010000, "dist_verde_final": 479, "apto_scoring": true, "segmento": "2amb", "costo_total_norm": 13.824884792626719, "distancia_m_subte_norm": 32.857142857142861, "dist_verde_final_norm": 54.162679425837318, "distancia_m_gym_norm": 80.757420675537361, "Score": 34.295374726914744, "REVISION": null, "FECHA_DETECCION": "2026-03-09" }, "geometry": { "type": "Point", "coordinates": [ -58.427159, -34.592136 ] } },
{ "type": "Feature", "properties": { "Portal": "argenprop", "Barrio": "Palermo", "Tipo": "Departamento", "Titulo": "EXCELENTE MONOAMBIENTE EN PALERMO CHICO BARRIO NORTE / Luminoso! cocina separada y balcon al frente", "Precio": 550000, "Expensas": 150000.0, "Direccion": "Ugarteche 2800, Piso 5", "Metros_Totales": null, "Ambientes": null, "Dormitorios": 1.0, "Baños": 1.0, "URL": "https://www.argenprop.com/departamento-en-alquiler-en-palermo-chico-1-ambiente--6441644", "Bajo_Precio": null, "Cocheras": 0, "Etiqueta_Destacado": null, "Porcentaje_Rebaja": null, "Metros_Cubiertos": 33.0, "Antiguedad": null, "Descripcion_Breve": "Excelente y cómodo monoambiente, muy luminoso y alegre! En una de las mejores zonas de capital! A pocas cuadras de zona de bares y gastronomía, parque las heras (coronel diaz), jardín botánico, la rural, etc. Se trata de un departamento en quinto piso, al frente con balcón y muy luminoso. Consta de ambiente divisible, balcón, pasillo de distribución, cocina separada, y baño completo, todos en excelente estado. Calefón digital peisa y cocina a gas. El departamento tiene muchísimo placard y lugar de guardado puesto que los mismos fueron realizados a medida como puede apreciarse en las fotos. Asimismo, el hall de distribución cuenta con otro gran placard. Tanto la cocina como el baño han sido remodelados hace unos años. Aire acondicionado tipo split (frío). Todo en perfecto funcionamiento. No se aceptan mascotas de ningún tipo. Ventajas sobre otros monoambientes similares: cocina separada, gran lugar de guardado, muy luminoso y fresco al frente, aire acondicionado. Dueño directo. Sin comisiones. Expensas enero 26: $170.000 requisitos excluyentes: 1) solo se acepta garantía o similar a acordar. 2) ingresos comprobables por recibo de sueldo. 3) no se aceptan mascotas de ningun tipo 4) máximo 2 personas condiciones: contrato a 2 años. Un mes de adelanto. Un mes de deposito. Indexación trimestral por ipc. Formas de contacto: de 17:00 a 20 hs por teléfono al . Fuera de ese horario solo por whatsapp.", "Visitas_Count": 1624.0, "Visto_Estado": "Visto", "Fecha_Publicacion": null, "Inmobiliaria": null, "lat": -34.5828268, "lon": -58.4141169, "Barrio_Geo": "Palermo", "snap_warning": false, "distancia_m_gym": 690, "cant_gym": 9, "distancia_m_subte": 388, "cant_subte": 7, "distancia_m_parque": 609, "cant_parque": 3, "distancia_m_plaza": 280, "cant_plaza": 32, "costo_total": 700000, "dist_verde_final": 280, "apto_scoring": true, "segmento": "sin_datos", "costo_total_norm": 56.144578313253014, "distancia_m_subte_norm": 79.802186361270174, "dist_verde_final_norm": 74.955277280858681, "distancia_m_gym_norm": 61.751662971175165, "Score": 67.56470898697151, "REVISION": null, "FECHA_DETECCION": "2026-03-01" }, "geometry": { "type": "Point", "coordinates": [ -58.4141169, -34.5828268 ] } },
{ "type": "Feature", "properties": { "Portal": "argenprop", "Barrio": "Palermo", "Tipo": "Departamento", "Titulo": "Departamento en alquiler en Palermo Soho", "Precio": 550000, "Expensas": 120000.0, "Direccion": "Gorriti 4000, Piso 5", "Metros_Totales": null, "Ambientes": null, "Dormitorios": null, "Baños": 1.0, "URL": "https://www.argenprop.com/departamento-en-alquiler-en-palermo-soho-1-ambiente--18973241", "Bajo_Precio": null, "Cocheras": 0, "Etiqueta_Destacado": null, "Porcentaje_Rebaja": null, "Metros_Cubiertos": 26.0, "Antiguedad": null, "Descripcion_Breve": "Alquiler palermo gorriti 4050. Contrató a un año. 550.000 pesos. Hermoso monoambiente de 26 mts.el interior se encuentra en un quinto piso, muy silencioso y super luminoso. Súper luminoso con un gran ventanal. Cocina con alacena y muebles bajo mesada, mesada de mármol, y baño completo. Impuestos y servicios se abonan aparte luz según consumo abl 15 aprox expensas 120.000 aprox el departamento se encuentra listo para entrar no cuenta con internet wifi, lo puede poner el inquilino. Cuenta con aire acondicionado frio. Gym de 9 a 20 hs sum (se abona un costo por limpieza al encargado) piscina (de diciembre a marzo) los espacios comunes solo pueden ser usados por los locatarios. El consorcio no permite que sean utilizados por visitas y estos imputsn multas si esta regla no sean utilizados cumple. Situado en gorriti 4050, en el corazón de palermo, tendrás fácil acceso a una amplia variedad de restaurantes, bares, tiendas y opciones de entretenimiento. El transporte público cercano te permitirá desplazarte rápidamente por toda la ciudad. Requisitos: mes de alquiler. 550.000 pesos mes y medio de depósito. Incremento trimestral según ipc. Dni / pasaporte certificado de ingresos / estudio garantía propietaria o garante con recibo de sueldo.", "Visitas_Count": 1467.0, "Visto_Estado": "Visto", "Fecha_Publicacion": null, "Inmobiliaria": null, "lat": -34.5958821, "lon": -58.4222631, "Barrio_Geo": "Palermo", "snap_warning": false, "distancia_m_gym": 876, "cant_gym": 16, "distancia_m_subte": 836, "cant_subte": 9, "distancia_m_parque": 1850, "cant_parque": 2, "distancia_m_plaza": 542, "cant_plaza": 7, "costo_total": 670000, "dist_verde_final": 542, "apto_scoring": true, "segmento": "sin_datos", "costo_total_norm": 63.373493975903614, "distancia_m_subte_norm": 56.480999479437791, "dist_verde_final_norm": 51.520572450805005, "distancia_m_gym_norm": 51.441241685144121, "Score": 57.741936092868201, "REVISION": null, "FECHA_DETECCION": "2026-03-01" }, "geometry": { "type": "Point", "coordinates": [ -58.4222631, -34.5958821 ] } },
{ "type": "Feature", "properties": { "Portal": "argenprop", "Barrio": "Palermo", "Tipo": "Departamento", "Titulo": "JULIAN ALVAREZ Y AV. SANTA FE - IMPECABLE BALCON BAÑO Y COCINA COMPLETOS", "Precio": 550000, "Expensas": 150000.0, "Direccion": "JULIAN ALVAREZ Y AV. SANTA FE 9°", "Metros_Totales": null, "Ambientes": null, "Dormitorios": null, "Baños": 1.0, "URL": "https://www.argenprop.com/departamento-en-alquiler-en-palermo-1-ambiente--18880822", "Bajo_Precio": null, "Cocheras": 0, "Etiqueta_Destacado": null, "Porcentaje_Rebaja": null, "Metros_Cubiertos": 38.0, "Antiguedad": 40.0, "Descripcion_Breve": "Monoambiente y medio. Contrafrente. 36 m2. Impecable. Balcon. Vista abierta. Todo sol. Baño y cocina completos. Placard. Servicios individuales. Split frio/calor. Linea telefonica. Edificio de 10 pisos, 4 por piso, 2 ascensores. Expensas: $ 150.000.- Abl: $ 11.500.- Aysa: $ 15.400.- No acepta mascotas entre av. Santa fe y guemes (subte linea d - a 2 cuadras de av. Scalabrini ortiz - a 2 de plaza guemes y boulevard charcas - a 5 de av. Coronel diaz y shopping alto palermo) palermo para los casos de alquiler de vivienda, el monto máximo de comisión que se le puede requerir a los propietarios será el equivalente al cuatro con quince centésimos por ciento (4,15%) del valor total del respectivo contrato. Se encuentra prohibido cobrar a los inquilinos que sean personas físicas comisiones inmobiliarias y gastos de gestoría de informes. Enrique meler - cucicba 4634 *fichabrick=1038508*", "Visitas_Count": 1222.0, "Visto_Estado": "Visto", "Fecha_Publicacion": null, "Inmobiliaria": null, "lat": -34.5863855, "lon": -58.4140489, "Barrio_Geo": "Palermo", "snap_warning": false, "distancia_m_gym": 370, "cant_gym": 10, "distancia_m_subte": 222, "cant_subte": 8, "distancia_m_parque": 810, "cant_parque": 3, "distancia_m_plaza": 420, "cant_plaza": 24, "costo_total": 700000, "dist_verde_final": 420, "apto_scoring": true, "segmento": "sin_datos", "costo_total_norm": 56.144578313253014, "distancia_m_subte_norm": 88.443519000520567, "dist_verde_final_norm": 62.432915921288014, "distancia_m_gym_norm": 79.490022172948997, "Score": 69.426472427009884, "REVISION": null, "FECHA_DETECCION": "2026-02-16" }, "geometry": { "type": "Point", "coordinates": [ -58.4140489, -34.5863855 ] } },
{ "type": "Feature", "properties": { "Portal": "argenprop", "Barrio": "Palermo", "Tipo": "Departamento", "Titulo": "Alquiler monoambiente amplio, silencioso, muy luminoso, sol, balcón, contrafrente a pulmón", "Precio": 700000, "Expensas": 200000.0, "Direccion": "Baez 200, Piso 7", "Metros_Totales": null, "Ambientes": null, "Dormitorios": null, "Baños": 1.0, "URL": "https://www.argenprop.com/departamento-en-alquiler-en-las-canitas-1-ambiente--19021479", "Bajo_Precio": null, "Cocheras": 0, "Etiqueta_Destacado": null, "Porcentaje_Rebaja": null, "Metros_Cubiertos": 30.0, "Antiguedad": 30.0, "Descripcion_Breve": "Exc monoambiente equipado, opción amoblado, con balcón al contrafrente a pulmón de manzana muy abierto, con excelente luz y sol.- 7 piso , baño completo con ventilación natural, cocina integrada, pisos cerámicos. Servicios individuales 1 aire acondicionado enc sin vivienda equip: 1 cama, heladera, mesa sillas, exc placard, mesa de luz. Puede alquilarse sin equipamiento y sin muebles. Precio : $ 650.000 mas gastos amoblado y equipado $ 700.000. Exp : $ 200.000.", "Visitas_Count": 1200.0, "Visto_Estado": "Visto", "Fecha_Publicacion": null, "Inmobiliaria": null, "lat": -34.5721955, "lon": -58.4311937, "Barrio_Geo": "Palermo", "snap_warning": false, "distancia_m_gym": 885, "cant_gym": 14, "distancia_m_subte": 726, "cant_subte": 4, "distancia_m_parque": 1486, "cant_parque": 3, "distancia_m_plaza": 184, "cant_plaza": 21, "costo_total": 900000, "dist_verde_final": 184, "apto_scoring": true, "segmento": "sin_datos", "costo_total_norm": 7.9518072289156692, "distancia_m_subte_norm": 62.207183758459131, "dist_verde_final_norm": 83.542039355992841, "distancia_m_gym_norm": 50.942350332594231, "Score": 43.645520923562003, "REVISION": null, "FECHA_DETECCION": "2026-02-16" }, "geometry": { "type": "Point", "coordinates": [ -58.4311937, -34.5721955 ] } },
{ "type": "Feature", "properties": { "Portal": "argenprop", "Barrio": "Palermo", "Tipo": "Departamento", "Titulo": "Palermo: Palestina y Cordoba. Monoambiente 37m2 Frente", "Precio": 600000, "Expensas": 145000.0, "Direccion": "Palestina 1153 , Piso 3", "Metros_Totales": null, "Ambientes": 3.0, "Dormitorios": null, "Baños": 1.0, "URL": "https://www.argenprop.com/departamento-en-alquiler-en-palermo-1-ambiente--19142469", "Bajo_Precio": null, "Cocheras": 0, "Etiqueta_Destacado": null, "Porcentaje_Rebaja": null, "Metros_Cubiertos": 33.0, "Antiguedad": 15.0, "Descripcion_Breve": "Roberto nicolas negocios inmobiliarios le ofrece en alquiler: departamento monoambiente ubicación: palermo estado de palestina 1153 esquina avenida cordoba a pocos mts de santorio guemes.- El edificio de composición mixta, tiene viviendas de 1,2,3 ambientes. Servicios, seguridad por totem prosegur, acceso con llave digital, 3 ascensores, pileta y laundy.- El departamento: monoambiente 37 m2 (aprox) piso: 3. Vista: frente sobre av. Cordoba con balcón. Placard. Cocina integrada con mobiliario de cocina sobre y bajo mesada, artefacto de horno y anafe eléctrico de acero inoxidable. Termotanque electrico, baño completo. Piso flotante. Equipado con aire acondicionado frio calor. Artefactos de luz. Listo para habitar. -No admite mascotas.- Contrato por 24 meses (2 años). Valor locativo: $600.000 + gastos de expensas ($145.000) e impuestos (aysa incluido en expensas) + agip + servicios (electricidad y gas).- Actualización trimestral por ipcba recibo de sueldo y/o comprobante de ingresos. 1 garantia de propiedad de caba.- 2 meses de deposito.- 1 mes adelanto valor inicial.- Seguro de incendio.- Gastos administrativos: informes por garantía de propiedad y certificación de firmas ante escribano público a cargo del locatario -.No admite mascotas.- Art. 5°: incorpórase como inciso 9 del artículo 10 de la ley 2340 (texto consolidado según ley 5666) el siguiente texto: exhibir en todos los locales y/o oficinas en los que se preste servicios de corretaje inmobiliario carteles visibles al público con la siguiente leyenda: se encuentra prohibido cobrar comisiones inmobiliarias y gastos de gestoría de informes a los inquilinos que sean personas físicas. Para los casos de alquiler de viviendas, el monto máximo de comisión que se le puede requerir a los propietarios será el equivalente al cuatro con quince centésimos por ciento (4,15%) del valor total del respectivo contrato.- Nota: para el caso que la vivienda de encargado este actualmente y/o se alquile en el futuro, el ingreso proporcional por ese alquiler le corresponderá al propietario.- El inquilino abonara el total de la liquidación ordinarias de expensas.- Servicios: cloacas otros servicios: portero visor depósito (meses): 1 impuestos a cargo de: inquilino agua a cargo de: inquilino", "Visitas_Count": 1100.0, "Visto_Estado": "Visto", "Fecha_Publicacion": null, "Inmobiliaria": null, "lat": -34.5968425, "lon": -58.4244397, "Barrio_Geo": "Palermo", "snap_warning": false, "distancia_m_gym": 550, "cant_gym": 15, "distancia_m_subte": 942, "cant_subte": 8, "distancia_m_parque": 1864, "cant_parque": 4, "distancia_m_plaza": 910, "cant_plaza": 6, "costo_total": 745000, "dist_verde_final": 910, "apto_scoring": true, "segmento": "3amb", "costo_total_norm": 89.064612010100973, "distancia_m_subte_norm": 41.76424668227947, "dist_verde_final_norm": 0.0, "distancia_m_gym_norm": 60.603371783496009, "Score": 54.215455987073831, "REVISION": null, "FECHA_DETECCION": "2026-03-09" }, "geometry": { "type": "Point", "coordinates": [ -58.4244397, -34.5968425 ] } },
{ "type": "Feature", "properties": { "Portal": "argenprop", "Barrio": "Palermo", "Tipo": "Departamento", "Titulo": "Impecable y luminoso 2 ambientes en Excelente ubicacion!", "Precio": 750000, "Expensas": 140000.0, "Direccion": "Paraguay 5200, Piso 6", "Metros_Totales": null, "Ambientes": 2.0, "Dormitorios": 1.0, "Baños": null, "URL": "https://www.argenprop.com/departamento-en-alquiler-en-palermo-hollywood-2-ambientes--19165575", "Bajo_Precio": null, "Cocheras": 0, "Etiqueta_Destacado": null, "Porcentaje_Rebaja": null, "Metros_Cubiertos": 40.0, "Antiguedad": 50.0, "Descripcion_Breve": "Alquiler dos ambientes en palermo hollywood, recientemente pintado! 6to piso lateral al ingresar, se accede a un cómodo living-comedor con balcón francés y aire acondicionado fríocalor. La cocina independiente cuenta con muebles bajo y alto mesada, y lavadero separado con conexión para lavarropas. Baño completo con bañera y extractor de aire. Dormitorio con placard empotrado y muy buena luz natural. Condiciones de alquiler: -demostración de ingresos acordes al valor locativo inicial. -Impuestos, servicios y expensas comunes a cargo del locatario. -Contrato por dos (2) años. -Actualización trimestral conforme índice ipc nacional. -Garantía propietaria en caba o seguro de fianza de la empresa o respaldar, a satisfacción del propietario. -Depósito de garantía: equivalente a un mes y medio de alquiler entre fitz roy y bonpland (a 2 cuadras de av. Santa fe, av. Luis maria campos, subte linea d y metrobus - a 3 de av. Juan b. Justo y distrito arcos) matricula cucicba n° 7652", "Visitas_Count": 1070.0, "Visto_Estado": "Visto", "Fecha_Publicacion": null, "Inmobiliaria": null, "lat": -34.5796924, "lon": -58.4309183, "Barrio_Geo": "Palermo", "snap_warning": false, "distancia_m_gym": 456, "cant_gym": 12, "distancia_m_subte": 642, "cant_subte": 5, "distancia_m_parque": 381, "cant_parque": 3, "distancia_m_plaza": 373, "cant_plaza": 19, "costo_total": 890000, "dist_verde_final": 373, "apto_scoring": true, "segmento": "2amb", "costo_total_norm": 35.944700460829495, "distancia_m_subte_norm": 66.031746031746025, "dist_verde_final_norm": 64.306220095693774, "distancia_m_gym_norm": 76.663254861821898, "Score": 54.714973499176551, "REVISION": null, "FECHA_DETECCION": "2026-03-09" }, "geometry": { "type": "Point", "coordinates": [ -58.4309183, -34.5796924 ] } },
{ "type": "Feature", "properties": { "Portal": "argenprop", "Barrio": "Palermo", "Tipo": "Departamento", "Titulo": "MONOAMBIENTE AMOBLADO FTE C/BALCON - PARRILLA, VIGILANCIA 12HS, LAUNDRY - 10 AÑOS", "Precio": 550000, "Expensas": 217000.0, "Direccion": "El Salvador 6000, Piso 6", "Metros_Totales": null, "Ambientes": null, "Dormitorios": null, "Baños": 1.0, "URL": "https://www.argenprop.com/departamento-en-alquiler-en-palermo-1-ambiente--19118805", "Bajo_Precio": null, "Cocheras": 0, "Etiqueta_Destacado": null, "Porcentaje_Rebaja": null, "Metros_Cubiertos": 33.0, "Antiguedad": 8.0, "Descripcion_Breve": "El salvador 6033 vigilancia 12hs terraza comun con loundry y parrilla amoblado como las fotos aysa incuida en expensas cocina integrada baño completo balcón al frente aire acondicionado schwartz estudio inmobiliario j. Alvarez 2410 caba - 1425 48 21 - 22 00 w w w . S c h w a r t z . C o m . A r ii5060.6378whatsapp art. 4° - hacer constar en todo ofrecimiento publicitario de locación de inmuebles con destino habitacional que se emita vía páginas web, propias o de terceros, la siguiente leyenda: \"para los casos de alquiler de vivienda, el monto máximo de comisión que se le puede requerir a los propietarios será el equivalente al cuatro con quince centésimos por ciento (4,15%) del valor total del respectivo contrato. Se encuentra prohibido cobrar a los inquilinos que sean personas físicas comisiones inmobiliarias y gastos de gestoría de informes \" (incorporado como inciso 8 del artículo 10 de la ley 2340). Accesibilidad: se puede recorrer desde la vereda hasta el ascensor por tramos horizontales o por rampa con anchos adecuados, luego en forma vertical por ascensor que tiene dimensiones adecuadas para circular con sillas de ruedas y luego hasta la propiedad por pasillo con ancho adecuado también. Matricula cucicba nº579 fº23 l1", "Visitas_Count": 1001.0, "Visto_Estado": "Visto", "Fecha_Publicacion": null, "Inmobiliaria": null, "lat": -34.580059, "lon": -58.4395672, "Barrio_Geo": "Palermo", "snap_warning": false, "distancia_m_gym": 86, "cant_gym": 10, "distancia_m_subte": 745, "cant_subte": 4, "distancia_m_parque": 656, "cant_parque": 5, "distancia_m_plaza": 533, "cant_plaza": 11, "costo_total": 767000, "dist_verde_final": 533, "apto_scoring": true, "segmento": "sin_datos", "costo_total_norm": 40.0, "distancia_m_subte_norm": 61.218115564809992, "dist_verde_final_norm": 52.325581395348834, "distancia_m_gym_norm": 95.232815964523283, "Score": 54.353832544965094, "REVISION": null, "FECHA_DETECCION": "2026-02-27" }, "geometry": { "type": "Point", "coordinates": [ -58.4395672, -34.580059 ] } },
{ "type": "Feature", "properties": { "Portal": "argenprop", "Barrio": "Palermo", "Tipo": "Departamento", "Titulo": "EXCELENTE 2 AMBIENTES A LA CALLE CON BALCON CORRIDO A 1 CUADRA DE AVDA SANTA FE, CERCA BOTANICO", "Precio": 600000, "Expensas": 190000.0, "Direccion": "GUEMES 4400, Piso 1", "Metros_Totales": null, "Ambientes": 2.0, "Dormitorios": 1.0, "Baños": 1.0, "URL": "https://www.argenprop.com/departamento-en-alquiler-en-botanico-2-ambientes--17916392", "Bajo_Precio": null, "Cocheras": 0, "Etiqueta_Destacado": null, "Porcentaje_Rebaja": null, "Metros_Cubiertos": 35.0, "Antiguedad": null, "Descripcion_Breve": "Excelente departamento de 2 ambientes a la calle con balcon corrido, superluminoso.-El living-comedor y el dormitorio dan al frente con salida al balcon.-El departamento tiene una superficie total de 41 metros cuadrados y cuenta con cocina integrada y baño completo.-Su ubicacion es excelente, a metros de la interseccion de las calles guemes y thames, a 1 cuadra de la avenida santa fe, a 2 cuadras de la estacion de subte y cerca del jardin botanico.-Para ingresar se requiere contar con una garantia propietaria o en su defecto con un seguro de caucion de .-", "Visitas_Count": 590.0, "Visto_Estado": "Visto", "Fecha_Publicacion": null, "Inmobiliaria": null, "lat": -34.5829747, "lon": -58.4219489, "Barrio_Geo": "Palermo", "snap_warning": false, "distancia_m_gym": 655, "cant_gym": 12, "distancia_m_subte": 266, "cant_subte": 6, "distancia_m_parque": 987, "cant_parque": 3, "distancia_m_plaza": 317, "cant_plaza": 22, "costo_total": 790000, "dist_verde_final": 317, "apto_scoring": true, "segmento": "2amb", "costo_total_norm": 54.377880184331794, "distancia_m_subte_norm": 85.925925925925924, "dist_verde_final_norm": 69.665071770334933, "distancia_m_gym_norm": 66.479017400204711, "Score": 68.109845945597954, "REVISION": null, "FECHA_DETECCION": "2026-03-01" }, "geometry": { "type": "Point", "coordinates": [ -58.4219489, -34.5829747 ] } },
{ "type": "Feature", "properties": { "Portal": "argenprop", "Barrio": "Palermo", "Tipo": "Departamento", "Titulo": "SE ALQUILA DEPTO AMOBLADO Y EQUIPADO EN PALERMO", "Precio": 680000, "Expensas": 170000.0, "Direccion": "Güemes 4500, Piso 4", "Metros_Totales": null, "Ambientes": 2.0, "Dormitorios": 1.0, "Baños": null, "URL": "https://www.argenprop.com/departamento-en-alquiler-en-palermo-soho-2-ambientes--18659604", "Bajo_Precio": null, "Cocheras": 0, "Etiqueta_Destacado": null, "Porcentaje_Rebaja": null, "Metros_Cubiertos": 36.0, "Antiguedad": 45.0, "Descripcion_Breve": "Alquiler 2 ambientes en palermo amoblado y equipado. Departamento de 2 ambientes ubicado sobre la calle guemes al 4500 entre thames y uriarte. A una cuadra de avda santa fe y subte línea d.El departamento es muy luminoso. Tiene cocina independiente de 2x2,30 y lavadero separado de 1,20x0,80, el living de 4x4,50 y el dormitorio de 3x3. No se aceptan mascotas. Expensas $ 170.000 (incluye aysa) contrato minimo 1 año. Se requieren ingresos comprobables, garantía propietaria o seguro de caución.", "Visitas_Count": 350.0, "Visto_Estado": "Visto", "Fecha_Publicacion": null, "Inmobiliaria": null, "lat": -34.5822034, "lon": -58.4229079, "Barrio_Geo": "Palermo", "snap_warning": false, "distancia_m_gym": 537, "cant_gym": 12, "distancia_m_subte": 149, "cant_subte": 6, "distancia_m_parque": 870, "cant_parque": 3, "distancia_m_plaza": 291, "cant_plaza": 21, "costo_total": 850000, "dist_verde_final": 291, "apto_scoring": true, "segmento": "2amb", "costo_total_norm": 43.317972350230413, "distancia_m_subte_norm": 92.116402116402114, "dist_verde_final_norm": 72.153110047846894, "distancia_m_gym_norm": 72.517911975434998, "Score": 66.644522782125676, "REVISION": null, "FECHA_DETECCION": "2026-03-09" }, "geometry": { "type": "Point", "coordinates": [ -58.4229079, -34.5822034 ] } },
{ "type": "Feature", "properties": { "Portal": "argenprop", "Barrio": "Palermo", "Tipo": "Departamento", "Titulo": "Monoambiente 35mtrs2 amueblado con sum/ solarium/parrilla.", "Precio": 590000, "Expensas": 135000.0, "Direccion": "Paraguay 3800, Piso 7", "Metros_Totales": null, "Ambientes": null, "Dormitorios": null, "Baños": 1.0, "URL": "https://www.argenprop.com/departamento-en-alquiler-en-palermo-1-ambiente--18827857", "Bajo_Precio": null, "Cocheras": 0, "Etiqueta_Destacado": null, "Porcentaje_Rebaja": null, "Metros_Cubiertos": 30.0, "Antiguedad": 30.0, "Descripcion_Breve": "Monoambiente en palermo piso alto al frente con balcón amoblado y equipado/solarium/sum excelente monoambiente en alquiler en paraguay y salguero, palermo, ubicado en piso 7° al frente, súper luminoso. Superficie: 30 m² cubiertos + 5 m² de balcón, totalmente amoblado y equipado (tal como se ve en las fotos). Cocina con anafe y horno eléctricos heladera cama doble mesa con 2 sillas aire acondicionado balcón al frente edificio nuevo con sum y solarium aumento trimestral según ipc. Requisitos: ingresos comprobables garantía propietaria caba o seguro de caución servicios: cloacas, gas", "Visitas_Count": 398.0, "Visto_Estado": "Visto", "Fecha_Publicacion": null, "Inmobiliaria": null, "lat": -34.5906155, "lon": -58.4169345, "Barrio_Geo": "Palermo", "snap_warning": false, "distancia_m_gym": 569, "cant_gym": 12, "distancia_m_subte": 770, "cant_subte": 9, "distancia_m_parque": 1349, "cant_parque": 3, "distancia_m_plaza": 80, "cant_plaza": 10, "costo_total": 725000, "dist_verde_final": 80, "apto_scoring": true, "segmento": "sin_datos", "costo_total_norm": 50.120481927710841, "distancia_m_subte_norm": 59.916710046850596, "dist_verde_final_norm": 92.844364937388193, "distancia_m_gym_norm": 68.458980044345893, "Score": 63.437976777051745, "REVISION": null, "FECHA_DETECCION": "2026-02-16" }, "geometry": { "type": "Point", "coordinates": [ -58.4169345, -34.5906155 ] } },
{ "type": "Feature", "properties": { "Portal": "argenprop", "Barrio": "Palermo", "Tipo": "Departamento", "Titulo": "2 AMB ,CFRTE, LAVADERO,TODO LUZ,IMPEC, VISTA CIUDAD,A PASOS HOSP.MILITAR, CPO POLO, SUBTE D,", "Precio": 650000, "Expensas": 94000.0, "Direccion": "LUIS mARÍA cAMPOS AL 500 500, Piso 4", "Metros_Totales": null, "Ambientes": 2.0, "Dormitorios": 1.0, "Baños": null, "URL": "https://www.argenprop.com/departamento-en-alquiler-en-las-canitas-2-ambientes--15452418", "Bajo_Precio": null, "Cocheras": 0, "Etiqueta_Destacado": null, "Porcentaje_Rebaja": null, "Metros_Cubiertos": 43.0, "Antiguedad": 30.0, "Descripcion_Breve": "2 ambientes, contrafrente, 1 dormitorio, baño completo, cocina independiente, living, lavadero. Todo luminoso excelente ubicacion a pasos de todo medio de transporte, shopping, av. Libertador. No accesible para personas con movilidad reducida. Toda la información y medidas son aproximadas, deberán ratificarse con la documentación pertinente y no compromete contractualmente a nuestra empresa. Los gastos (expensas, abl e impuesto inmobiliario, aysa) expresados, refieren a la última información recabada y deberán confirmarse al día de la fecha. Las fotografías son no vinculantes ni contractuales. Corredora inmobiliaria rocio dulcinea pazos matrícula 9595", "Visitas_Count": 400.0, "Visto_Estado": "Visto", "Fecha_Publicacion": null, "Inmobiliaria": null, "lat": -34.569028, "lon": -58.4367837, "Barrio_Geo": "Palermo", "snap_warning": false, "distancia_m_gym": 486, "cant_gym": 13, "distancia_m_subte": 923, "cant_subte": 5, "distancia_m_parque": 1622, "cant_parque": 3, "distancia_m_plaza": 768, "cant_plaza": 16, "costo_total": 744000, "dist_verde_final": 768, "apto_scoring": true, "segmento": "2amb", "costo_total_norm": 62.857142857142854, "distancia_m_subte_norm": 51.164021164021165, "dist_verde_final_norm": 26.507177033492823, "distancia_m_gym_norm": 75.127942681678604, "Score": 53.306293166929919, "REVISION": null, "FECHA_DETECCION": "2026-03-09" }, "geometry": { "type": "Point", "coordinates": [ -58.4367837, -34.569028 ] } },
{ "type": "Feature", "properties": { "Portal": "argenprop", "Barrio": "Colegiales", "Tipo": "Departamento", "Titulo": "ALQUILER MONOAMBIENTE COLEGIALES", "Precio": 550000, "Expensas": null, "Direccion": "ALVAREZ THOMAS, AVDA. 1100, Piso 4", "Metros_Totales": null, "Ambientes": null, "Dormitorios": null, "Baños": 1.0, "URL": "https://www.argenprop.com/departamento-en-alquiler-en-colegiales-1-ambiente--19105576", "Bajo_Precio": null, "Cocheras": 0, "Etiqueta_Destacado": null, "Porcentaje_Rebaja": null, "Metros_Cubiertos": 32.0, "Antiguedad": 11.0, "Descripcion_Breve": "Alquiler de departamento monoambiente en colegiales, capital federal muy luminoso y con balcón al frente de la calle zabala, en esquina que limita chacarita y colegiales. Cuenta con un baño completo, cocina semi integrada y un aire acondicionado frío/calor. El edificio cuenta con encargado, lavandería, terraza, parrilla y sum.Ajustes cuatrimestrales por ipc.No se aceptan mascotas.", "Visitas_Count": 103.0, "Visto_Estado": "Visto", "Fecha_Publicacion": null, "Inmobiliaria": null, "lat": -34.578703, "lon": -58.4646661, "Barrio_Geo": "Villa Ortuzar", "snap_warning": false, "distancia_m_gym": 344, "cant_gym": 5, "distancia_m_subte": 699, "cant_subte": 5, "distancia_m_parque": 1137, "cant_parque": 3, "distancia_m_plaza": 476, "cant_plaza": 19, "costo_total": 550000, "dist_verde_final": 476, "apto_scoring": false, "segmento": "sin_datos", "costo_total_norm": null, "distancia_m_subte_norm": null, "dist_verde_final_norm": null, "distancia_m_gym_norm": null, "Score": null, "REVISION": null, "FECHA_DETECCION": "2026-02-26" }, "geometry": { "type": "Point", "coordinates": [ -58.4646661, -34.578703 ] } },
{ "type": "Feature", "properties": { "Portal": "argenprop", "Barrio": "Colegiales", "Tipo": "Departamento", "Titulo": "Departamento Monoambiente en alquiler - 1 Baño - Colegiales", "Precio": 700000, "Expensas": 160000.0, "Direccion": "Palpa e/ Avenida Cabildo y Ciudad de la Paz", "Metros_Totales": null, "Ambientes": null, "Dormitorios": null, "Baños": 1.0, "URL": "https://www.argenprop.com/departamento-en-alquiler-en-colegiales-1-ambiente--18894174", "Bajo_Precio": null, "Cocheras": 0, "Etiqueta_Destacado": null, "Porcentaje_Rebaja": null, "Metros_Cubiertos": 40.0, "Antiguedad": 5.0, "Descripcion_Breve": "_ Departamento monoambiente en alquiler ubicado sobre calle palpa entre avenida cabildo y ciudad de la paz (colegiales, ciudad autónoma de buenos aires). Desarrollado en piso alto por ascensor, con disposición contra frente y orientación al norte. _ El mismo posee cocina equipada con muebles sobre y bajo mesada, un espacio principal con espacios de guardado empotrados y un baño completo. Luminoso, cuenta con balcón y muy buena ventilación natural. _ La propiedad tiene una superficie total de aproximadamente 45mts2, de los cuales 40mts2 son cubiertos. _ Las expensas al día 21/01/2026 son de aproximadamente $160.000. Yacoub | construimos confianza innovación | calidad | sustentabilidad | diseño 70 mil metros cuadrados | 23 torres la información descripta en el presente aviso es meramente orientativa y no forma parte de ningún tipo de documentación contractual. Los datos enunciados fueron proporcionados por los propietarios y pueden arrojar inexactitudes, las superficies definitivas surgirán del título de propiedad del inmueble referido. Se deja constancia de que los valores y/o expensas pueden estar sujetas a verificación o ajuste. Lo que estás buscando lo tenemos | estés donde estés vendemos en todos lados.", "Visitas_Count": 0.0, "Visto_Estado": "Visto", "Fecha_Publicacion": null, "Inmobiliaria": null, "lat": -34.57185, "lon": -58.44588, "Barrio_Geo": "Colegiales", "snap_warning": false, "distancia_m_gym": 251, "cant_gym": 12, "distancia_m_subte": 202, "cant_subte": 5, "distancia_m_parque": 543, "cant_parque": 4, "distancia_m_plaza": 480, "cant_plaza": 16, "costo_total": 860000, "dist_verde_final": 480, "apto_scoring": true, "segmento": "sin_datos", "costo_total_norm": 17.590361445783131, "distancia_m_subte_norm": 89.484643414888083, "dist_verde_final_norm": 57.066189624329162, "distancia_m_gym_norm": 86.086474501108654, "Score": 53.903422977756378, "REVISION": null, "FECHA_DETECCION": "2026-03-01" }, "geometry": { "type": "Point", "coordinates": [ -58.44588, -34.57185 ] } },
{ "type": "Feature", "properties": { "Portal": "argenprop", "Barrio": "Palermo", "Tipo": "Departamento", "Titulo": "Charcas 4700 Palermo 2 Ambientes en Alquiler", "Precio": 600000, "Expensas": 95000.0, "Direccion": "Charcas al 4700 Palermo 2 Ambientes", "Metros_Totales": null, "Ambientes": 2.0, "Dormitorios": 1.0, "Baños": 1.0, "URL": "https://www.argenprop.com/departamento-en-alquiler-en-palermo-2-ambientes--18907942", "Bajo_Precio": null, "Cocheras": 0, "Etiqueta_Destacado": null, "Porcentaje_Rebaja": null, "Metros_Cubiertos": null, "Antiguedad": 40.0, "Descripcion_Breve": "Departamento de 2 ambientes interno con cocina completa, baño completo y living comedor. Pisos de parquet y cerámica en la cocina. Orientación norte, en excelente ubicación. A 2 cuadras de av. Santa fe y centro comercial distrito arcos. Metro bus, subte d, varias líneas de colectivo. Todas las operaciones inmobiliarias se encuentran a cargo del profesional matriculado de la oficina corredor inmobiliario omar porta, matricula 541. La intermediación y la conclusión de las mismas serán llevadas exclusivamente por él. Cada oficina vremont es de propiedad y de gestión independiente. En el cumplimiento de la ley nacional 25.028, ley 22.802 de lealtad comercial. Ley 24.240 de defensa al consumidor, las normas del código civil y comercial de la nación y constitucionales. Ley 5115 art. 1: el inmueble publicado no es accesible para personas con capacidades físicas reducidas. Vremont omar porta | av. La plata 542 - c.A.B.A / | lunes a viernes de 10:00 hs a 18:00 hs.", "Visitas_Count": 2430.0, "Visto_Estado": "Visto", "Fecha_Publicacion": null, "Inmobiliaria": null, "lat": -34.5872757, "lon": -58.4182875, "Barrio_Geo": "Palermo", "snap_warning": false, "distancia_m_gym": 687, "cant_gym": 12, "distancia_m_subte": 431, "cant_subte": 8, "distancia_m_parque": 1119, "cant_parque": 3, "distancia_m_plaza": 378, "cant_plaza": 18, "costo_total": 695000, "dist_verde_final": 378, "apto_scoring": true, "segmento": "2amb", "costo_total_norm": 71.889400921658989, "distancia_m_subte_norm": 77.195767195767189, "dist_verde_final_norm": 63.827751196172251, "distancia_m_gym_norm": 64.841351074718531, "Score": 71.164175874100053, "REVISION": null, "FECHA_DETECCION": "2026-03-09" }, "geometry": { "type": "Point", "coordinates": [ -58.4182875, -34.5872757 ] } },
{ "type": "Feature", "properties": { "Portal": "argenprop", "Barrio": "Colegiales", "Tipo": "Departamento", "Titulo": "MONOAMBIENTE A ESTRENAR", "Precio": 690000, "Expensas": 100000.0, "Direccion": "Virrey Loreto 3500, Piso 2", "Metros_Totales": null, "Ambientes": null, "Dormitorios": null, "Baños": 1.0, "URL": "https://www.argenprop.com/departamento-en-alquiler-en-colegiales-1-ambiente--18688710", "Bajo_Precio": null, "Cocheras": 0, "Etiqueta_Destacado": null, "Porcentaje_Rebaja": null, "Metros_Cubiertos": 30.0, "Antiguedad": 0.0, "Descripcion_Breve": "[Franciscol-2221] sin mascotas seguro de caucion apto profesional excelente monoambiente a estrenar amplio balcon al frente con vista a la plaza espacio para el lavarropas debajo del calefon todo electrico muy buena construccion servicios: cloacas depósito (meses): 1 impuestos a cargo de: inquilino agua a cargo de: inquilino alquileres de vivienda ley nº 5859 - art. 4º \"para los casos de alquiler de vivienda, el monto máximo de comisión que se le puede requerir a los propietarios será el equivalente al cuatro con quince centésimos por ciento (4,15%) del valor total del respectivo contrato. Se encuentra prohibido cobrar a los inquilinos que sean personas físicas comisiones inmobiliarias y gastos de gestoría de informes\". En caso de locaciones, los valores expresados no incluyen iva. Las locaciones residenciales para persona física que alquila para sí misma están exentas de iva. El valor de las expensas puede variar.", "Visitas_Count": 252.0, "Visto_Estado": "Visto", "Fecha_Publicacion": null, "Inmobiliaria": null, "lat": -34.5771468, "lon": -58.457604, "Barrio_Geo": "Colegiales", "snap_warning": false, "distancia_m_gym": 808, "cant_gym": 7, "distancia_m_subte": 1294, "cant_subte": 6, "distancia_m_parque": 1098, "cant_parque": 4, "distancia_m_plaza": 102, "cant_plaza": 17, "costo_total": 790000, "dist_verde_final": 102, "apto_scoring": true, "segmento": "sin_datos", "costo_total_norm": 34.4578313253012, "distancia_m_subte_norm": 32.639250390421665, "dist_verde_final_norm": 90.876565295169939, "distancia_m_gym_norm": 55.210643015521065, "Score": 47.271285007833079, "REVISION": null, "FECHA_DETECCION": "2026-02-19" }, "geometry": { "type": "Point", "coordinates": [ -58.457604, -34.5771468 ] } },
{ "type": "Feature", "properties": { "Portal": "argenprop", "Barrio": "Colegiales", "Tipo": "Departamento", "Titulo": "Departamento en alquiler en Colegiales", "Precio": 600000, "Expensas": 90000.0, "Direccion": "Jose Hernandez 2500, Piso 7", "Metros_Totales": null, "Ambientes": null, "Dormitorios": null, "Baños": 1.0, "URL": "https://www.argenprop.com/departamento-en-alquiler-en-colegiales-1-ambiente--19132992", "Bajo_Precio": null, "Cocheras": 0, "Etiqueta_Destacado": null, "Porcentaje_Rebaja": null, "Metros_Cubiertos": 25.0, "Antiguedad": 25.0, "Descripcion_Breve": "Muy luminoso monoambiente en excelente zona, ambiente con placard - baño completo - cocina completa - balcon con cerramiento / lavadero. A una cuadra y media de av.Cabildo / metrobus / colectivos varios / a dos cuadras y media del subte d estacion jose hernandez condiciones de ingreso: - contrato por 24 meses - ajustes trimestrales por ipc - un mes de deposito de garantia - un mes adelantado - garantia propietaria o fianza - ingresos inquilino que tripliquen el importe del alquiler en blanco - impuestos, expensas - seguro contra incendio y responsabilidad civil - informe garantia las descripciones, medidas, valores de expensas, impuestos y servicios son aproximados. Es posible que no se encuentren actualizados al momento de la visualización del aviso. Florencia waiman matricula cucicba nº 8844 hugo waiman matricula cmcpsi nº 5341", "Visitas_Count": 151.0, "Visto_Estado": "Visto", "Fecha_Publicacion": null, "Inmobiliaria": null, "lat": -34.566753, "lon": -58.455019, "Barrio_Geo": "Belgrano", "snap_warning": false, "distancia_m_gym": 449, "cant_gym": 9, "distancia_m_subte": 351, "cant_subte": 4, "distancia_m_parque": 753, "cant_parque": 1, "distancia_m_plaza": 467, "cant_plaza": 18, "costo_total": 690000, "dist_verde_final": 467, "apto_scoring": true, "segmento": "sin_datos", "costo_total_norm": 58.554216867469876, "distancia_m_subte_norm": 81.728266527850082, "dist_verde_final_norm": 58.228980322003579, "distancia_m_gym_norm": 75.110864745011085, "Score": 67.097049244244801, "REVISION": null, "FECHA_DETECCION": "2026-03-09" }, "geometry": { "type": "Point", "coordinates": [ -58.455019, -34.566753 ] } },
{ "type": "Feature", "properties": { "Portal": "argenprop", "Barrio": "Colegiales", "Tipo": "Departamento", "Titulo": "2 AMB RECICLADO CON PATIO APTO PROF", "Precio": 720000, "Expensas": 95000.0, "Direccion": "Virrey Arredondo 2400 , Piso PB", "Metros_Totales": null, "Ambientes": 2.0, "Dormitorios": 1.0, "Baños": null, "URL": "https://www.argenprop.com/departamento-en-alquiler-en-colegiales-2-ambientes--8533466", "Bajo_Precio": null, "Cocheras": 0, "Etiqueta_Destacado": null, "Porcentaje_Rebaja": null, "Metros_Cubiertos": 35.0, "Antiguedad": 50.0, "Descripcion_Breve": "Cómodo departamento de 2 ambientes con patio propio , modernizado , en muy buen estado. Son 35 m2 cubiertos mas 10 m2 de patio propio con medio cerramiento. Pisos de living y dormitorio de parquet. Revestimiento de baño y cocina en cerámico, con muy buen gusto. Placard en dormitorio con altura piso techo. Otro placard muy profundo enfrentado al baño. Baño completo, remodelado cocina con mesada y muebles alto y bajo mesada, con lugar para mesa pequeña. Patio con medio cerramiento, piso cerámico en muy buen estado. Pileta de lavar y conexión para lavarropas. Medidas: -cocina: 4,62 x 1,55 -living: 4,54 x 3,08 -baño: 2,02 x 1,51 -dormitorio: 2,94 x 2,80 -patio: 3,57 x 2,84 apto profesional edificio con muy linda entrada y muy bien mantenido. A media cuadra de av cabildo. Inicio de alquiler $720.000.- Por cada mensualidad. Ajuste trimestral por ipc requisitos garantía propietaria o seguro de caución demostración de ingresos comprobables. 1 mes adelantado 1 mes de depósito en garantía. Servicios: cloacas, gas otros servicios: reciclado depósito (meses): 1 impuestos a cargo de: inquilino agua a cargo de: inquilino", "Visitas_Count": 3.0, "Visto_Estado": "Visto", "Fecha_Publicacion": null, "Inmobiliaria": null, "lat": -34.5668401, "lon": -58.4505679, "Barrio_Geo": "Belgrano", "snap_warning": false, "distancia_m_gym": 520, "cant_gym": 9, "distancia_m_subte": 165, "cant_subte": 5, "distancia_m_parque": 647, "cant_parque": 1, "distancia_m_plaza": 360, "cant_plaza": 16, "costo_total": 815000, "dist_verde_final": 360, "apto_scoring": true, "segmento": "2amb", "costo_total_norm": 49.769585253456214, "distancia_m_subte_norm": 91.269841269841265, "dist_verde_final_norm": 65.550239234449762, "distancia_m_gym_norm": 73.387922210849538, "Score": 67.737626550309784, "REVISION": null, "FECHA_DETECCION": "2026-03-01" }, "geometry": { "type": "Point", "coordinates": [ -58.4505679, -34.5668401 ] } },
{ "type": "Feature", "properties": { "Portal": "argenprop", "Barrio": "Colegiales", "Tipo": "Departamento", "Titulo": "Departamento en alquiler 2 ambientes con balcón en colegiales.", "Precio": 600000, "Expensas": 210000.0, "Direccion": "Av. Federico Lacroze al 3100", "Metros_Totales": null, "Ambientes": 2.0, "Dormitorios": 1.0, "Baños": null, "URL": "https://www.argenprop.com/departamento-en-alquiler-en-colegiales-2-ambientes--18814344", "Bajo_Precio": null, "Cocheras": 0, "Etiqueta_Destacado": null, "Porcentaje_Rebaja": null, "Metros_Cubiertos": 30.0, "Antiguedad": 35.0, "Descripcion_Breve": "Departamento en alquiler 2 ambientes con balcon en colegiales sobre la av. Federico lacroze la propiedad esta ubicada en un segundo piso, el edificio cuenta con 15 pisos 8 uf por piso. El departamento consta con living comedor con salida al balcon, cocina, dormitorio con placard empotrado y baño. (Se entrega sin amueblar) * caracteristicas a destacar: - muy luminoso. - Excelente ubicacion. - Buena distribucion de los espacios. Transportes cercanos colectivos: 19, 39, 42, 44, 63, 65, 90, 93, 140, 151, 168, 176, 184", "Visitas_Count": 1.0, "Visto_Estado": "Visto", "Fecha_Publicacion": null, "Inmobiliaria": null, "lat": -34.5760264, "lon": -58.4483709, "Barrio_Geo": "Colegiales", "snap_warning": false, "distancia_m_gym": 491, "cant_gym": 11, "distancia_m_subte": 747, "cant_subte": 4, "distancia_m_parque": 784, "cant_parque": 3, "distancia_m_plaza": 450, "cant_plaza": 15, "costo_total": 810000, "dist_verde_final": 450, "apto_scoring": true, "segmento": "2amb", "costo_total_norm": 50.691244239631338, "distancia_m_subte_norm": 60.476190476190474, "dist_verde_final_norm": 56.937799043062199, "distancia_m_gym_norm": 74.872057318321396, "Score": 57.294120379154258, "REVISION": null, "FECHA_DETECCION": "2026-02-16" }, "geometry": { "type": "Point", "coordinates": [ -58.4483709, -34.5760264 ] } },
{ "type": "Feature", "properties": { "Portal": "argenprop", "Barrio": "Colegiales", "Tipo": "Departamento", "Titulo": "Departamento monoambiente en alquiler en Colegiales", "Precio": 550000, "Expensas": 100000.0, "Direccion": "Federico Lacroze 3300, Piso 2", "Metros_Totales": null, "Ambientes": null, "Dormitorios": null, "Baños": 1.0, "URL": "https://www.argenprop.com/departamento-en-alquiler-en-colegiales-1-ambiente--18881576", "Bajo_Precio": null, "Cocheras": 0, "Etiqueta_Destacado": null, "Porcentaje_Rebaja": null, "Metros_Cubiertos": 28.0, "Antiguedad": 30.0, "Descripcion_Breve": "Hermoso monoambiente en alquiler con cocina separada. Baño completo. Estado impecable . No tiene cochera. Muy luminoso . A una cuadra de alvarez thomas. Contrato x 24 meses con indexación en base a ipc en forma acumulativa cada tres meses. Se alquila con recibo de sueldo o demostración de ingresos y garantía propietaria (caba o provincia). No se acepta mascota", "Visitas_Count": 1.0, "Visto_Estado": "Visto", "Fecha_Publicacion": null, "Inmobiliaria": null, "lat": -34.5789061, "lon": -58.449796, "Barrio_Geo": "Colegiales", "snap_warning": false, "distancia_m_gym": 739, "cant_gym": 9, "distancia_m_subte": 1010, "cant_subte": 6, "distancia_m_parque": 605, "cant_parque": 4, "distancia_m_plaza": 429, "cant_plaza": 14, "costo_total": 650000, "dist_verde_final": 429, "apto_scoring": true, "segmento": "sin_datos", "costo_total_norm": 68.192771084337352, "distancia_m_subte_norm": 47.423217074440394, "dist_verde_final_norm": 61.627906976744185, "distancia_m_gym_norm": 59.035476718403544, "Score": 59.733202623256247, "REVISION": null, "FECHA_DETECCION": "2026-03-01" }, "geometry": { "type": "Point", "coordinates": [ -58.449796, -34.5789061 ] } },
{ "type": "Feature", "properties": { "Portal": "argenprop", "Barrio": "Colegiales", "Tipo": "Departamento", "Titulo": "LUMINOSO 2 amb en COLEGIALES - EXCELENTE UBICACIÓN con espacio guardacoche", "Precio": 790000, "Expensas": 162000.0, "Direccion": "Palpa al 3100", "Metros_Totales": null, "Ambientes": 2.0, "Dormitorios": 1.0, "Baños": null, "URL": "https://www.argenprop.com/departamento-en-alquiler-en-colegiales-2-ambientes--19004280", "Bajo_Precio": null, "Cocheras": 0, "Etiqueta_Destacado": null, "Porcentaje_Rebaja": null, "Metros_Cubiertos": 35.0, "Antiguedad": 30.0, "Descripcion_Breve": "Lindísimo departamento, de dos ambientes, piso alto con vista abierta en toda la unidad. Calle tranquila lindisimo barrio, en pleno colegiales. Espacio guardacoche. Living con balcón francés super luminoso, dormitorio con balcón con lindos atardeceres , baño con luz natural y cocina con lavadero separado, en muy buen estado. Cuenta con espacio guardacoche. Servicios individuales. La expensas incluyen aysa y expensas de la cochera. Contrato a dos años indexado cada 3 meses por ipc. Las medidas son aproximadas y deberán confirmarse con el título y documentación correspondiente. Esta publicación es informativa y está sujeta al cumplimiento del coti por parte del propietario", "Visitas_Count": 1.0, "Visto_Estado": "Visto", "Fecha_Publicacion": null, "Inmobiliaria": null, "lat": -34.5756056, "lon": -58.4702923, "Barrio_Geo": "Villa Ortuzar", "snap_warning": false, "distancia_m_gym": 995, "cant_gym": 5, "distancia_m_subte": 850, "cant_subte": 4, "distancia_m_parque": 1658, "cant_parque": 1, "distancia_m_plaza": 674, "cant_plaza": 19, "costo_total": 952000, "dist_verde_final": 674, "apto_scoring": true, "segmento": "2amb", "costo_total_norm": 24.516129032258064, "distancia_m_subte_norm": 55.026455026455032, "dist_verde_final_norm": 35.502392344497608, "distancia_m_gym_norm": 49.078812691914017, "Score": 38.322747858930661, "REVISION": "DESCARTADO", "FECHA_DETECCION": "2026-03-09" }, "geometry": { "type": "Point", "coordinates": [ -58.4702923, -34.5756056 ] } },
{ "type": "Feature", "properties": { "Portal": "argenprop", "Barrio": "Colegiales", "Tipo": "Departamento", "Titulo": "MONOAMBIENTE CON BALCON A 100 MTRS DEL PARQUE FERROVIARIO COLEGIALES", "Precio": 650000, "Expensas": 185000.0, "Direccion": "CESPEDES 2500, Piso 2", "Metros_Totales": null, "Ambientes": null, "Dormitorios": null, "Baños": 1.0, "URL": "https://www.argenprop.com/departamento-en-alquiler-en-colegiales-1-ambiente--19151162", "Bajo_Precio": null, "Cocheras": 0, "Etiqueta_Destacado": null, "Porcentaje_Rebaja": null, "Metros_Cubiertos": 30.0, "Antiguedad": 7.0, "Descripcion_Breve": "Alquiler de departamento monoambiente en belgrano, capital federal te presentamos este espectacular monoambiente semipiso al frente, ideal para quienes buscan un espacio acogedor y bien ubicado en uno de los barrios más destacados de capital federal. Ubicación estratégica: a solo unos pasos de la estación de subte josé hernández y con fácil acceso al metrobús de avenida cabildo, este departamento te ofrece una conectividad inmejorable. Perfecto para desplazarte con comodidad y rapidez a cualquier punto de la ciudad. Características del monoambiente: - amplio y luminoso cuenta con excelente ventilación cruzada - baño completo con ventilación al exterior. - Cocina integrada - balcón privado este monoambiente es la opción perfecta tanto para estudiantes como para profesionales que buscan un lugar cómodo y bien conectado en belgrano. ¡No dejes pasar la oportunidad de vivir en este encantador departamento! Para más información y coordinar visitas, ¡Contáctanos hoy mismo! Disponible para visitas a partir del lunes 16 de febrero ¡Tu nuevo hogar en belgrano te está esperando! Condiciones generales: alquiler $ 650.000 - expensas $ 180.000 - contratación 2 años - actualización trimestral según ipc - garantía de inmueble en c.A.B.A. O seguro de caución -justificación de ingresos - deposito en garantía - certificación de firmas - informes de dominio, inhibición y frecuencia (si es garantía de inmueble) edificio accesible para personas con movilidad reducida todas las medidas y/o superficies indicadas son aproximadas y a solo efecto orientativo. Las medidas reales surgirán del plano correspondiente del inmueble / en cumplimiento de las leyes vigentes que regulan el corretaje inmobiliario, ley 25.028, ley 25.802 de lealtad comercial, ley 25.240 de defensa al consumidor, las normas del código civil y comercial de la nación y constitucionales, los agentes/gestores no ejercen el corretaje inmobiliario. Todas las operaciones inmobiliarias son objeto de intermediación y conclusión por parte de los corredores públicos inmobiliarios colegiados cuyos datos se exhiben en cada publicacion de propiedad objeto de comercialización. / Estinmobel estudio inmobiliario belgrano sas. Cucicba mt 9049", "Visitas_Count": 1.0, "Visto_Estado": "Visto", "Fecha_Publicacion": null, "Inmobiliaria": null, "lat": -34.5696365, "lon": -58.4490864, "Barrio_Geo": "Colegiales", "snap_warning": false, "distancia_m_gym": 445, "cant_gym": 14, "distancia_m_subte": 526, "cant_subte": 4, "distancia_m_parque": 191, "cant_parque": 2, "distancia_m_plaza": 477, "cant_plaza": 18, "costo_total": 835000, "dist_verde_final": 191, "apto_scoring": true, "segmento": "sin_datos", "costo_total_norm": 23.614457831325296, "distancia_m_subte_norm": 72.6184279021343, "dist_verde_final_norm": 82.915921288014317, "distancia_m_gym_norm": 75.332594235033255, "Score": 55.347755184276593, "REVISION": null, "FECHA_DETECCION": "2026-03-09" }, "geometry": { "type": "Point", "coordinates": [ -58.4490864, -34.5696365 ] } },
{ "type": "Feature", "properties": { "Portal": "argenprop", "Barrio": "Colegiales", "Tipo": "Departamento", "Titulo": "Colegiales 2 Ambientes Lateral Muy Buen Estado", "Precio": 680000, "Expensas": 150000.0, "Direccion": "Ciudad De La Paz 200, Piso 6", "Metros_Totales": null, "Ambientes": 2.0, "Dormitorios": null, "Baños": null, "URL": "https://www.argenprop.com/departamento-en-alquiler-en-colegiales--15785199", "Bajo_Precio": null, "Cocheras": 0, "Etiqueta_Destacado": null, "Porcentaje_Rebaja": null, "Metros_Cubiertos": 35.0, "Antiguedad": null, "Descripcion_Breve": "Sobre la calle ciudad de la paz al 200, entre santos dumont y benjamin matienzo, se encuentra este 2 ambientes, en un sexto piso, lateral, que si bien todos sus ambientes dan al pozo de aire y luz del edificio, al ser anteultimo piso piso tiene buena luminosidad. Recien pintado, todo en muy buen estado transportes cercanos colectivos: 15, 29, 39, 41, 55, 57, 59, 60, 64, 67, 68, 93, 95, 118, 152, 161, 168, 194 subtes: ministro carranza y olleros (línea d) trenes: ministro carranza (mitre) para alquilar pedimos recibos de sueldo y/o manifestacion de ingresos del inquilino y que se presente una buena garantia propietaria, la que sera debidamente verificada, o bien seguro de caucion. Contrato a 2 años. Actualizacion cuatrimestral por icl 1 mes adelantado 1 mes de depósito disponemos de las llaves y el departamento puede ser visitado en cualquier momento, con cita previa. Ricardo barale asesoramiento inmobiliario integral matriculado cucicba 2353 atención en oficina de lunes a viernes de 16 a 20hs sábados de 9,30 a 12,30hs", "Visitas_Count": 0.0, "Visto_Estado": "Visto", "Fecha_Publicacion": null, "Inmobiliaria": null, "lat": -34.575359, "lon": -58.4402323, "Barrio_Geo": "Palermo", "snap_warning": false, "distancia_m_gym": 638, "cant_gym": 13, "distancia_m_subte": 631, "cant_subte": 4, "distancia_m_parque": 1163, "cant_parque": 4, "distancia_m_plaza": 706, "cant_plaza": 10, "costo_total": 830000, "dist_verde_final": 706, "apto_scoring": true, "segmento": "2amb", "costo_total_norm": 47.004608294930875, "distancia_m_subte_norm": 66.613756613756607, "dist_verde_final_norm": 32.440191387559807, "distancia_m_gym_norm": 67.349027635619251, "Score": 52.008911343173217, "REVISION": null, "FECHA_DETECCION": "2026-03-01" }, "geometry": { "type": "Point", "coordinates": [ -58.4402323, -34.575359 ] } },
{ "type": "Feature", "properties": { "Portal": "argenprop", "Barrio": "Colegiales", "Tipo": "Departamento", "Titulo": "Alquiler departamento de 2 ambientes en Colegiales", "Precio": 550000, "Expensas": 65000.0, "Direccion": "Olleros 3200 , Piso 7", "Metros_Totales": null, "Ambientes": 2.0, "Dormitorios": 1.0, "Baños": 1.0, "URL": "https://www.argenprop.com/departamento-en-alquiler-en-colegiales-2-ambientes--18567043", "Bajo_Precio": null, "Cocheras": 0, "Etiqueta_Destacado": null, "Porcentaje_Rebaja": null, "Metros_Cubiertos": 38.0, "Antiguedad": null, "Descripcion_Breve": "Alquiler departamento de 2 ambientes en colegiales. Con el departamento viene incluido una mesa con seis sillas luminoso 2 ambientes de 38 m² en piso 7. Recién pintado y con pisos plastificados . Distribución funcional: living-comedor cómodo , dormitorio con gran espacio de guardado y baño completo . Balcón de 5 m para disfrutar al aire libre.. Todo el departamento recibe excelente luz natural durante ltodo el día, ideal para home office o descanso . Edificio de 8 pisos, con expensas bajas . Ubicado en pleno colegiales, a pasos de polos gastronómicos, comercios y conectividad urbana . Perfecto para quienes buscan confort, practicidad y un entorno tranquilo sin resignar ubicación. Detalles destacados: - 2 ambientes bien definidos - 38 m² totales y cubiertos - piso 7, muy luminoso - balcón 5 m - pisos plastificados y pintura a nuevo - gran espacio de guardado - baño completo - expensas: $85.000 una opción ideal para primera vivienda o pareja que busca calidad y calidez en colegiales. Consultanos para coordinar visita y conocerlo en persona ¡Mudate a un espacio listo para disfrutar! - Kp458650 - kpt122810 - - publicado usando kiteprop crm inmobiliario", "Visitas_Count": 0.0, "Visto_Estado": "Visto", "Fecha_Publicacion": null, "Inmobiliaria": null, "lat": -34.5785531, "lon": -58.4484469, "Barrio_Geo": "Colegiales", "snap_warning": false, "distancia_m_gym": 604, "cant_gym": 9, "distancia_m_subte": 1074, "cant_subte": 5, "distancia_m_parque": 463, "cant_parque": 4, "distancia_m_plaza": 437, "cant_plaza": 14, "costo_total": 615000, "dist_verde_final": 437, "apto_scoring": true, "segmento": "2amb", "costo_total_norm": 86.635944700460826, "distancia_m_subte_norm": 43.174603174603178, "dist_verde_final_norm": 58.181818181818187, "distancia_m_gym_norm": 69.089048106448303, "Score": 66.152027279573758, "REVISION": null, "FECHA_DETECCION": "2026-03-01" }, "geometry": { "type": "Point", "coordinates": [ -58.4484469, -34.5785531 ] } },
{ "type": "Feature", "properties": { "Portal": "argenprop", "Barrio": "Colegiales", "Tipo": "Departamento", "Titulo": "Departamento Monoambiente en alquiler - 1 Baño - Colegiales", "Precio": 530000, "Expensas": 175000.0, "Direccion": "Avenida Jorge Newbery e/ Ramón Freire y Zapiola", "Metros_Totales": null, "Ambientes": null, "Dormitorios": null, "Baños": 1.0, "URL": "https://www.argenprop.com/departamento-en-alquiler-en-colegiales-1-ambiente--18667015", "Bajo_Precio": null, "Cocheras": 0, "Etiqueta_Destacado": null, "Porcentaje_Rebaja": null, "Metros_Cubiertos": 33.0, "Antiguedad": 15.0, "Descripcion_Breve": "_ Departamento monoambiente en alquiler ubicado sobre avenida jorge newbery entre ramón freire y zapiola (colegiales, ciudad autónoma de buenos aires). Desarrollado en piso alto por ascensor, con disposición contra frente y orientación al norte. _ El mismo posee cocina equipada con muebles sobre y bajo mesada, un espacio principal con espacios de guardado empotrados y un baño completo. Luminoso, cuenta con equipo de aire acondicionado y muy buena ventilación natural. _ La propiedad tiene una superficie total de aproximadamente 33mts2 cubiertos. _ Las expensas al día 11/12/2025 son de aproximadamente $175.000. Yacoub | construimos confianza innovación | calidad | sustentabilidad | diseño 70 mil metros cuadrados | 23 torres la información descripta en el presente aviso es meramente orientativa y no forma parte de ningún tipo de documentación contractual. Los datos enunciados fueron proporcionados por los propietarios y pueden arrojar inexactitudes, las superficies definitivas surgirán del título de propiedad del inmueble referido. Se deja constancia de que los valores y/o expensas pueden estar sujetas a verificación o ajuste. Lo que estás buscando lo tenemos | estés donde estés vendemos en todos lados.", "Visitas_Count": 0.0, "Visto_Estado": "Visto", "Fecha_Publicacion": null, "Inmobiliaria": null, "lat": -34.57634, "lon": -58.4484, "Barrio_Geo": "Colegiales", "snap_warning": false, "distancia_m_gym": 491, "cant_gym": 11, "distancia_m_subte": 747, "cant_subte": 4, "distancia_m_parque": 784, "cant_parque": 3, "distancia_m_plaza": 450, "cant_plaza": 15, "costo_total": 705000, "dist_verde_final": 450, "apto_scoring": true, "segmento": "sin_datos", "costo_total_norm": 54.939759036144579, "distancia_m_subte_norm": 61.114003123373244, "dist_verde_final_norm": 59.749552772808585, "distancia_m_gym_norm": 72.782705099778269, "Score": 59.538285616009354, "REVISION": null, "FECHA_DETECCION": "2026-03-01" }, "geometry": { "type": "Point", "coordinates": [ -58.4484, -34.57634 ] } },
{ "type": "Feature", "properties": { "Portal": "argenprop", "Barrio": "Palermo", "Tipo": "Departamento", "Titulo": "Dueño alquila 2 ambientes amplios, excelente estado en Darregueyra 2100, Palermo", "Precio": 490000, "Expensas": 128000.0, "Direccion": "Darregueyra 2100, Piso 3", "Metros_Totales": null, "Ambientes": 2.0, "Dormitorios": 1.0, "Baños": null, "URL": "https://www.argenprop.com/departamento-en-alquiler-en-palermo-soho-2-ambientes--1098476", "Bajo_Precio": null, "Cocheras": 0, "Etiqueta_Destacado": null, "Porcentaje_Rebaja": null, "Metros_Cubiertos": 38.0, "Antiguedad": 40.0, "Descripcion_Breve": "Dueño directo alquila 2 ambientes amplio. No acepto mascotas. Dormitorio de 3,55x 3,50 con placard de pared a pared y doble altura, con aire acondicionado; living comedor de 4x4, ambos con pisos de parquet, baño completo con bañera, doble circulación ( 2 puertas, 1 al dormitorio y otra al living). Cocina chica con anafe y horno eléctrico y heladera bajo mesada. Orientación lateral al este. Excelente ubicación, darregueyra entre paraguay y guatemala ( varias líneas colectivos, subte y tren). Servicios mensuales a cargo del inquilino: expensas $ 128.000.- Abl $ 11.600.- Agua $ 19.000.- Edenor según consumo. Amoblado: heladera bajo mesada, anafe con 2 hornallas, horno eléctrico, termotanque eléctrico, calefactor eléctrico, aire acondicionado, mesa con tres sillas, mueble de comedor, sofá cama de 1 plaza y banqueta. Puedo retirar los muebles. Contrato: 2 años con actualización trimestral por ipc. A la firma: 1 mes de depósito, 1 mes de alquiler y gastos de escribanía por certificaciones. Requisitos: ingresos comprobables y garantía propietaria de familiar o con vinculo comprobable, o garante con recibo de sueldo en relación de dependencia y antigüedad; o seguro de caución. Por favor, consultas por wapp", "Visitas_Count": 2779.0, "Visto_Estado": "Visto", "Fecha_Publicacion": null, "Inmobiliaria": null, "lat": -34.584067, "lon": -58.4275271, "Barrio_Geo": "Palermo", "snap_warning": false, "distancia_m_gym": 239, "cant_gym": 15, "distancia_m_subte": 705, "cant_subte": 5, "distancia_m_parque": 333, "cant_parque": 2, "distancia_m_plaza": 338, "cant_plaza": 16, "costo_total": 618000, "dist_verde_final": 333, "apto_scoring": true, "segmento": "2amb", "costo_total_norm": 86.082949308755758, "distancia_m_subte_norm": 62.698412698412696, "dist_verde_final_norm": 68.133971291866033, "distancia_m_gym_norm": 87.768679631525075, "Score": 75.646365754551837, "REVISION": null, "FECHA_DETECCION": "2026-03-01" }, "geometry": { "type": "Point", "coordinates": [ -58.4275271, -34.584067 ] } },
{ "type": "Feature", "properties": { "Portal": "argenprop", "Barrio": "Palermo", "Tipo": "Departamento", "Titulo": "Precioso Monoambiente al Frente con balcon", "Precio": 600000, "Expensas": 200000.0, "Direccion": "Vidt 1600, Piso 7", "Metros_Totales": null, "Ambientes": null, "Dormitorios": null, "Baños": 1.0, "URL": "https://www.argenprop.com/departamento-en-alquiler-en-palermo-1-ambiente--18933987", "Bajo_Precio": null, "Cocheras": 0, "Etiqueta_Destacado": null, "Porcentaje_Rebaja": null, "Metros_Cubiertos": 35.0, "Antiguedad": 10.0, "Descripcion_Breve": "Monoambiente al frente en 7mo piso, todo sol! Acceso a living comedor con cocina semiintegrada, placard, cocina semi in-tegrada, con puerta divisoria, calefón. Desnivel hacia dormitorios, pisos de parquet con baranda en este sector. Balcon al frente muy lindo para disfrutar del sol, baño completo con bañaera y ventilación natural. Alquiler 2 años ajuste trimestral ipc requisitos de alquiler garantía propietaria o sistema s. A., Demostra-ción de ingresos, no se admiten mascotas, se alquila para máximo 2 perso-nas. Disponible desde febrero26 consultas o visitas silvina peirano cmcpsi 6255 medina propiedades cucicba 7503", "Visitas_Count": 300.0, "Visto_Estado": "Visto", "Fecha_Publicacion": null, "Inmobiliaria": null, "lat": -34.5919417, "lon": -58.4168932, "Barrio_Geo": "Palermo", "snap_warning": false, "distancia_m_gym": 612, "cant_gym": 12, "distancia_m_subte": 814, "cant_subte": 8, "distancia_m_parque": 1566, "cant_parque": 3, "distancia_m_plaza": 346, "cant_plaza": 9, "costo_total": 800000, "dist_verde_final": 346, "apto_scoring": true, "segmento": "sin_datos", "costo_total_norm": 32.048192771084345, "distancia_m_subte_norm": 57.626236335242062, "dist_verde_final_norm": 69.051878354203936, "distancia_m_gym_norm": 66.075388026607541, "Score": 50.525062482507899, "REVISION": null, "FECHA_DETECCION": "2026-02-16" }, "geometry": { "type": "Point", "coordinates": [ -58.4168932, -34.5919417 ] } },
{ "type": "Feature", "properties": { "Portal": "argenprop", "Barrio": "Palermo", "Tipo": "Departamento", "Titulo": "Departamento en alquiler en Palermo", "Precio": 540000, "Expensas": 155000.0, "Direccion": "AV. CORDOBA 4800, Piso 3", "Metros_Totales": null, "Ambientes": null, "Dormitorios": 1.0, "Baños": null, "URL": "https://www.argenprop.com/departamento-en-alquiler-en-palermo-1-ambiente--19062794", "Bajo_Precio": null, "Cocheras": 0, "Etiqueta_Destacado": null, "Porcentaje_Rebaja": null, "Metros_Cubiertos": 33.0, "Antiguedad": 28.0, "Descripcion_Breve": "Monoambiente de 35 m2 con balcon divisible sobre av. Cordoba al 4800, entre armenia y gurruchaga, ubicada en el 3° piso al frente balcon, entrada hall, donde a un costado esta el baño, el ambiente tiene un metraje de 10x 3 mts, el cual tiene la cocina incorporada con mesada , bajo mesada, tiene termotanque electrico, y cocina a gas, el ambiente tiene 1 placard, y equipo de aire acondicionado, pisos ceramicoa, el edificio posee 2 encargados, vigilancia virtual, y sector laudri en la planta baja con maquina de lavar y secadora de ropa, las expensas tiene incluida el aysa ( agua) para ver se combina al telefono celular", "Visitas_Count": 2196.0, "Visto_Estado": "Visto", "Fecha_Publicacion": null, "Inmobiliaria": null, "lat": -34.592972, "lon": -58.4323594, "Barrio_Geo": "Villa Crespo", "snap_warning": false, "distancia_m_gym": 270, "cant_gym": 15, "distancia_m_subte": 1087, "cant_subte": 6, "distancia_m_parque": 1556, "cant_parque": 3, "distancia_m_plaza": 853, "cant_plaza": 8, "costo_total": 695000, "dist_verde_final": 853, "apto_scoring": true, "segmento": "sin_datos", "costo_total_norm": 57.349397590361448, "distancia_m_subte_norm": 43.414888079125461, "dist_verde_final_norm": 23.703041144901619, "distancia_m_gym_norm": 85.033259423503324, "Score": 49.208159631212865, "REVISION": null, "FECHA_DETECCION": "2026-03-01" }, "geometry": { "type": "Point", "coordinates": [ -58.4323594, -34.592972 ] } },
{ "type": "Feature", "properties": { "Portal": "argenprop", "Barrio": "Palermo", "Tipo": "Departamento", "Titulo": "Coronel Díaz al 2500", "Precio": 490000, "Expensas": 240000.0, "Direccion": "Coronel Díaz al 2500", "Metros_Totales": null, "Ambientes": null, "Dormitorios": null, "Baños": 1.0, "URL": "https://www.argenprop.com/departamento-en-alquiler-en-palermo-1-ambiente--19178493", "Bajo_Precio": null, "Cocheras": 0, "Etiqueta_Destacado": null, "Porcentaje_Rebaja": null, "Metros_Cubiertos": 28.0, "Antiguedad": 50.0, "Descripcion_Breve": "Departamento monoambiente en alquiler palermo, caba excelente monoambiente en palermo, a pocas cuadras del parque las heras, en una zona privilegiada rodeada de museos, espacios verdes y excelente conectividad. Características: ambiente luminoso con salida a balcón agua caliente central aire acondicionado frío/calor baño completo cocina separada con horno y dos hornallas balcón al frente amoblado: mesa con dos sillas biblioteca / escritorio 1 cama de una plaza con carrito debajo sillón de un cuerpo ideal para estudiante o profesional que busque comodidad y excelente ubicación en una de las mejores zonas de la ciudad. Detalles de medidas: ambiente: 7.80x 3.00 cocina: 1.91x 1.20 baño: 1.96x 1.53 balcón: 3.30x 1.11 ubicación: el departamento se encuentra en el barrio de palermo; se encuentran cerca el subte d estación: bulnes, y líneas de colectivo: 29, 39, 92, 111, 128 capacidad máxima: 1 persona condiciones: -plazo de locación 1 año -actualización trimestral con ipc -1 mes depósito en garantía -no es apto mascotas requisitos: -ingresos comprobables de aproximadamente 3 veces el monto del alquiler . -Garantía de fianza \"respaldar\" -no se aceptan garantías propietarias. Aviso legal: las descripciones arquitectónicas y funcionales, valores de expensas y/o gastos comunes, impuestos y servicios, fotos y medidas de este inmueble son aproximados. Los datos fueron proporcionados por el propietario y pueden no estar actualizados a la hora de la visualización de este aviso por lo cual pueden arrojar inexactitudes y discordancias con las que surgen de las facturas, títulos y planos legales del inmueble. El interesado deberá realizar las verificaciones respectivas con carácter previo a la realización de cualquier operación, requiriendo por sí o sus profesionales de confianza las copias necesarias de la documentación que corresponda. En caso de venta, la misma quedará supeditada al cumplimiento por parte del propietario de los requisitos de la resolución general no 2371 de la afip (pedido de coti). Alcaraz propiedades cuit : 23-26-244990-4 c.U.C.I.C.B.A. Matrícula no 5437 (sucursales almagro- palermo ) ley 2340 art 10 inc 8 para los casos de alquiler de vivienda, el monto máximo de comisión que se le puede requerir a los propietarios será el equivalente al cuatro con quince centésimos por ciento (4,15%) del valor total del respectivo contrato. Se encuentra prohibido cobrar a los inquilinos que sean personas físicas comisiones inmobiliarias y gastos de gestoría de informes. Propiedad según ley 5115 la accesibilidad para las personas con discapacidades físicas. Accesible.", "Visitas_Count": 322.0, "Visto_Estado": "Visto", "Fecha_Publicacion": null, "Inmobiliaria": null, "lat": -34.5865672, "lon": -58.4083391, "Barrio_Geo": "Palermo", "snap_warning": false, "distancia_m_gym": 126, "cant_gym": 13, "distancia_m_subte": 436, "cant_subte": 7, "distancia_m_parque": 557, "cant_parque": 1, "distancia_m_plaza": 824, "cant_plaza": 32, "costo_total": 730000, "dist_verde_final": 557, "apto_scoring": true, "segmento": "sin_datos", "costo_total_norm": 48.915662650602407, "distancia_m_subte_norm": 77.303487766788123, "dist_verde_final_norm": 50.178890876565298, "distancia_m_gym_norm": 93.015521064301552, "Score": 62.094641672020622, "REVISION": null, "FECHA_DETECCION": "2026-03-09" }, "geometry": { "type": "Point", "coordinates": [ -58.4083391, -34.5865672 ] } },
{ "type": "Feature", "properties": { "Portal": "argenprop", "Barrio": "Palermo", "Tipo": "Departamento", "Titulo": "MONOAMBIENTE APTO PROF. AMENITIES", "Precio": 690000, "Expensas": 120000.0, "Direccion": "Arevalo 1700, Piso 1", "Metros_Totales": null, "Ambientes": null, "Dormitorios": null, "Baños": 1.0, "URL": "https://www.argenprop.com/departamento-en-alquiler-en-palermo-hollywood-1-ambiente--18703202", "Bajo_Precio": null, "Cocheras": 0, "Etiqueta_Destacado": null, "Porcentaje_Rebaja": null, "Metros_Cubiertos": 25.0, "Antiguedad": 10.0, "Descripcion_Breve": "[Franciscol-2223] no mascotas- apto profesional- unicamente seguro de caucion- monoambiente con cocina integrada- buen placard- mueble separador con ingreso de luz a la cocina- balcon al frente- edifcio con amplia piscina y solarium- gimnasio- laundry- amplio sum- ambientes: ambiente dividido (3x5) servicios: cloacas otros servicios: sum, portero visor depósito (meses): 1 impuestos a cargo de: inquilino agua a cargo de: inquilino alquileres de vivienda ley nº 5859 - art. 4º \"para los casos de alquiler de vivienda, el monto máximo de comisión que se le puede requerir a los propietarios será el equivalente al cuatro con quince centésimos por ciento (4,15%) del valor total del respectivo contrato. Se encuentra prohibido cobrar a los inquilinos que sean personas físicas comisiones inmobiliarias y gastos de gestoría de informes\". En caso de locaciones, los valores expresados no incluyen iva. Las locaciones residenciales para persona física que alquila para sí misma están exentas de iva. El valor de las expensas puede variar.", "Visitas_Count": 505.0, "Visto_Estado": "Visto", "Fecha_Publicacion": null, "Inmobiliaria": null, "lat": -34.5811654, "lon": -58.440797, "Barrio_Geo": "Palermo", "snap_warning": false, "distancia_m_gym": 0, "cant_gym": 9, "distancia_m_subte": 880, "cant_subte": 5, "distancia_m_parque": 520, "cant_parque": 5, "distancia_m_plaza": 520, "cant_plaza": 11, "costo_total": 810000, "dist_verde_final": 520, "apto_scoring": true, "segmento": "sin_datos", "costo_total_norm": 29.638554216867476, "distancia_m_subte_norm": 54.190525767829257, "dist_verde_final_norm": 53.488372093023258, "distancia_m_gym_norm": 100.0, "Score": 48.810253835700422, "REVISION": null, "FECHA_DETECCION": "2026-02-16" }, "geometry": { "type": "Point", "coordinates": [ -58.440797, -34.5811654 ] } },
{ "type": "Feature", "properties": { "Portal": "argenprop", "Barrio": "Palermo", "Tipo": "Departamento", "Titulo": "Alquiler departamento de 2 ambientes - PALERMO", "Precio": 640000, "Expensas": 90000.0, "Direccion": "Guemes 4200, Piso 5", "Metros_Totales": null, "Ambientes": 2.0, "Dormitorios": 1.0, "Baños": null, "URL": "https://www.argenprop.com/departamento-en-alquiler-en-palermo-2-ambientes--19022923", "Bajo_Precio": null, "Cocheras": 0, "Etiqueta_Destacado": null, "Porcentaje_Rebaja": null, "Metros_Cubiertos": 40.0, "Antiguedad": 80.0, "Descripcion_Breve": "Amplio y cómodo departamento de 2 ambientes en muy buen estado; excelente ubicación. Interno pero muy luminoso, son 40 m2 cubiertos aproximadamente. Hall a living comedor y cocina incorporada con barra tipo desayunador, baño completo y dormitorio con gran placard. Cocina y baño reciclados, recién pintado. Servicios individuales. Requisitos: contrato a 2 años con ajuste trimestral por ipc, 1 mes de adelanto, 2 meses de deposito, garantía propietaria en caba, demostración de ingresos y no se admiten mascotas. Mat. 356 cucicba. Accesible (ley 5.115): si. \"Para los casos de alquiler de vivienda, el monto máximo de comisión que se le puede requerir a los propietarios será el equivalente al cuatro con quince centésimos por ciento (4,15%) del valor total del respectivo contrato. Se encuentra prohibido cobrar a los inquilinos que sean personas físicas comisiones inmobiliarias y gastos de gestoría de informes\".-", "Visitas_Count": 500.0, "Visto_Estado": "Visto", "Fecha_Publicacion": null, "Inmobiliaria": null, "lat": -34.5845918, "lon": -58.4196074, "Barrio_Geo": "Palermo", "snap_warning": false, "distancia_m_gym": 915, "cant_gym": 11, "distancia_m_subte": 435, "cant_subte": 6, "distancia_m_parque": 1244, "cant_parque": 3, "distancia_m_plaza": 448, "cant_plaza": 20, "costo_total": 730000, "dist_verde_final": 448, "apto_scoring": true, "segmento": "2amb", "costo_total_norm": 65.437788018433181, "distancia_m_subte_norm": 76.984126984126988, "dist_verde_final_norm": 57.12918660287081, "distancia_m_gym_norm": 53.172978505629473, "Score": 66.013488473748481, "REVISION": null, "FECHA_DETECCION": "2026-03-09" }, "geometry": { "type": "Point", "coordinates": [ -58.4196074, -34.5845918 ] } },
{ "type": "Feature", "properties": { "Portal": "argenprop", "Barrio": "Palermo", "Tipo": "Departamento", "Titulo": "Alquiler Departamento Monoambiente muy luminoso en Palermo con Amenities", "Precio": 700000, "Expensas": 200000.0, "Direccion": "Ángel Justiniano Carranza al 1300", "Metros_Totales": null, "Ambientes": null, "Dormitorios": null, "Baños": 1.0, "URL": "https://www.argenprop.com/departamento-en-alquiler-en-palermo-1-ambiente--19140142", "Bajo_Precio": null, "Cocheras": 0, "Etiqueta_Destacado": null, "Porcentaje_Rebaja": null, "Metros_Cubiertos": 32.0, "Antiguedad": 8.0, "Descripcion_Breve": "Monoambiente en alquiler, palermo, luminoso, balcón, amenities hermoso monoambiente al contrafrente, luminoso y súper silencioso. En un edificio moderno, ascensor amplio. El departamento cuenta con puerta blindada, cocina integrada con mucho espacio de guardado bajo y sobre mesada, espacio/conexión para lavarropas, cocina y horno a gas, extractor, agua caliente central, aire acondicionado frío/calor, pisos en excelente estado. Baño con cuarto de ducha, mampara, espacio de guardado, luz y ventilación exterior, un placard de dos hojas con interiores. En el último piso del edificio cuenta con sum, solárium al frente y al contrafrente, pequeña pileta, espacio tipo coworking y baño con ducha. Ubicado en la calle carranza entre niceto vega y córdoba, zona de palermo con muchos medios de transporte, comercios gastronómicos y mucha actividad pero con la tranquilidad del contrafrente. Expensas incluyen aysa. No se permiten mascotas. Apto para personas con movilidad reducida. Condiciones:contrato a 2 años aumento trimestral por ipc. Requisitos: -acreditación de ingresos -garantía propietaria o seguro de caución. Un mes de adelanto y un mes de depósito. No dudes en consultarnos para visitarlo. Aviso legal: las descripciones arquitectónicas y funcionales, fotos, renders, memorias descriptivas, medidas del inmueble, precios, valores de expensas, impuestos y servicios son aproximados y meramente orientativos, y no obligan contractualmente a ferzola negocios inmobiliarios ni resultan vinculantes. Los datos fueron proporcionados por el propietario y pueden no estar actualizados a la hora de la visualización de este aviso por lo que pueden arrojar inexactitudes y discordancias respecto de los datos exactos, los cuales surgen de las facturas, títulos y planos legales del inmueble. Ley 5859 art. 5: se encuentra prohibido cobrar comisiones inmobiliarias y gastos de gestoría de informes a los inquilinos, en el caso de ser personas físicas, cuando el destino de la propiedad sea vivienda. El valor máximo de comisión que se le puede cobrar a los propietarios es el 4,15% del valor total del contrato. Corredor matriculado responsable omar ferzola cpi 9764. Todas las operaciones inmobiliarias son objeto de intermediación y conclusión por parte del corredor público inmobiliario colegiado, cuyos datos se exhiben en cada publicación de propiedad objeto de comercialización.", "Visitas_Count": 1000.0, "Visto_Estado": "Visto", "Fecha_Publicacion": null, "Inmobiliaria": null, "lat": -34.5825318, "lon": -58.4383731, "Barrio_Geo": "Palermo", "snap_warning": false, "distancia_m_gym": 259, "cant_gym": 10, "distancia_m_subte": 1132, "cant_subte": 5, "distancia_m_parque": 779, "cant_parque": 5, "distancia_m_plaza": 779, "cant_plaza": 10, "costo_total": 900000, "dist_verde_final": 779, "apto_scoring": true, "segmento": "sin_datos", "costo_total_norm": 7.9518072289156692, "distancia_m_subte_norm": 41.072358146798535, "dist_verde_final_norm": 30.32200357781754, "distancia_m_gym_norm": 85.643015521064299, "Score": 30.131132603275766, "REVISION": null, "FECHA_DETECCION": "2026-03-09" }, "geometry": { "type": "Point", "coordinates": [ -58.4383731, -34.5825318 ] } },
{ "type": "Feature", "properties": { "Portal": "argenprop", "Barrio": "Palermo", "Tipo": "Departamento", "Titulo": "ALQUILER MONOAMBIENTE 20 M2 PALERMO", "Precio": 550000, "Expensas": 75000.0, "Direccion": "FRAY JUSTO SANTA MARIA DE ORO al 2200", "Metros_Totales": null, "Ambientes": null, "Dormitorios": null, "Baños": 1.0, "URL": "https://www.argenprop.com/departamento-en-alquiler-en-palermo-1-ambiente--18469001", "Bajo_Precio": null, "Cocheras": 0, "Etiqueta_Destacado": null, "Porcentaje_Rebaja": null, "Metros_Cubiertos": 20.0, "Antiguedad": 0.0, "Descripcion_Breve": "Monoambiente en alquiler en palermo hermosa zona! Se trata de un departamento en 6to piso al contrafrente, por ascensor. Características: - al ingresar nos encontramos con un ambiente amplio que nos brinda acceso a las comodidades del monoambiente. - Cocina totalmente instalada y equipada, con mesada de granito, bacha, canilla monocomando de acero inoxidable. Cuenta con anafe eléctrico, horno eléctrico, microondas, heladera, lavarropas. Alacenas y bajo mesada, espacio de almacenamiento. - Barra desayunadora con dos banquetas, separando los ambientes. - Accesorios: tv led, aire acondicionado split frío/calor. - El baño cuenta con un inodoro, bacha, espejo y ducha, con duchador y estantes de material embutidos. - Piso de cemento alisado. - No posee cama accesos: - a solo 1 cuadra de av. Juan bautista justo. - 1 cuadra del shopping los arcos, en la mejor zona de palermo! - A dos cuadras de estación de tren san martín. - A dos cuadras de av. Santa fe. - A 3 cuadras de linea subte d. - Rodeado de grandes confiterías y bares. - Excelente zona gastronómica. Consultanos!", "Visitas_Count": 750.0, "Visto_Estado": "Visto", "Fecha_Publicacion": null, "Inmobiliaria": null, "lat": -34.5803448, "lon": -58.4253453, "Barrio_Geo": "Palermo", "snap_warning": false, "distancia_m_gym": 284, "cant_gym": 12, "distancia_m_subte": 251, "cant_subte": 5, "distancia_m_parque": 657, "cant_parque": 3, "distancia_m_plaza": 386, "cant_plaza": 18, "costo_total": 625000, "dist_verde_final": 386, "apto_scoring": true, "segmento": "sin_datos", "costo_total_norm": 74.216867469879517, "distancia_m_subte_norm": 86.933888599687663, "dist_verde_final_norm": 65.474060822898025, "distancia_m_gym_norm": 84.257206208425714, "Score": 77.287446353280274, "REVISION": null, "FECHA_DETECCION": "2026-03-01" }, "geometry": { "type": "Point", "coordinates": [ -58.4253453, -34.5803448 ] } },
{ "type": "Feature", "properties": { "Portal": "argenprop", "Barrio": "Palermo", "Tipo": "Departamento", "Titulo": "ALQUILER EN PALERMO - AMUEBLADO -", "Precio": 700000, "Expensas": 156000.0, "Direccion": "Araoz 2300, Piso 3", "Metros_Totales": null, "Ambientes": null, "Dormitorios": 1.0, "Baños": null, "URL": "https://www.argenprop.com/departamento-en-alquiler-en-palermo-soho-2-ambientes--18989046", "Bajo_Precio": null, "Cocheras": 0, "Etiqueta_Destacado": null, "Porcentaje_Rebaja": null, "Metros_Cubiertos": 3617.0, "Antiguedad": 40.0, "Descripcion_Breve": "Luminoso depto en alquiler en pleno corazón de palermo - amueblado. Listo para ingresar", "Visitas_Count": 720.0, "Visto_Estado": "Visto", "Fecha_Publicacion": null, "Inmobiliaria": null, "lat": -34.58741, "lon": -58.4178904, "Barrio_Geo": "Palermo", "snap_warning": false, "distancia_m_gym": 687, "cant_gym": 12, "distancia_m_subte": 431, "cant_subte": 8, "distancia_m_parque": 1119, "cant_parque": 3, "distancia_m_plaza": 378, "cant_plaza": 18, "costo_total": 856000, "dist_verde_final": 378, "apto_scoring": true, "segmento": "sin_datos", "costo_total_norm": 18.554216867469876, "distancia_m_subte_norm": 77.563768870380017, "dist_verde_final_norm": 66.189624329159216, "distancia_m_gym_norm": 61.9179600886918, "Score": 50.120538282802983, "REVISION": null, "FECHA_DETECCION": "2026-03-01" }, "geometry": { "type": "Point", "coordinates": [ -58.4178904, -34.58741 ] } },
{ "type": "Feature", "properties": { "Portal": "argenprop", "Barrio": "Palermo", "Tipo": "Departamento", "Titulo": "IMPECABLE MONOAMBIENTE CON 2 PATIOS", "Precio": 750000, "Expensas": 150000.0, "Direccion": "Avenida General Las Heras 3000", "Metros_Totales": null, "Ambientes": null, "Dormitorios": null, "Baños": 1.0, "URL": "https://www.argenprop.com/departamento-en-alquiler-en-palermo-1-ambiente--19175025", "Bajo_Precio": null, "Cocheras": 0, "Etiqueta_Destacado": null, "Porcentaje_Rebaja": null, "Metros_Cubiertos": null, "Antiguedad": null, "Descripcion_Breve": "Av las heras 3040 y cnel diaz excelente zona. Impecable monoambiente 64m2 con 2 patios (1 cubierto). Aire acondicionado. Baño completo. Cocina. Placard. $750.000 - expensas $150.000. Administracion ruiz diaz", "Visitas_Count": 720.0, "Visto_Estado": "Visto", "Fecha_Publicacion": null, "Inmobiliaria": null, "lat": -34.5835975, "lon": -58.4039929, "Barrio_Geo": "Recoleta", "snap_warning": false, "distancia_m_gym": 465, "cant_gym": 11, "distancia_m_subte": 815, "cant_subte": 7, "distancia_m_parque": 397, "cant_parque": 3, "distancia_m_plaza": 236, "cant_plaza": 38, "costo_total": 900000, "dist_verde_final": 236, "apto_scoring": true, "segmento": "sin_datos", "costo_total_norm": 7.9518072289156692, "distancia_m_subte_norm": 57.574180114523685, "dist_verde_final_norm": 78.890876565295173, "distancia_m_gym_norm": 74.22394678492239, "Score": 43.65354691747465, "REVISION": null, "FECHA_DETECCION": "2026-03-09" }, "geometry": { "type": "Point", "coordinates": [ -58.4039929, -34.5835975 ] } },
{ "type": "Feature", "properties": { "Portal": "argenprop", "Barrio": "Belgrano", "Tipo": "Departamento", "Titulo": "Gran oportunidad en Belgrano", "Precio": 500000, "Expensas": 120000.0, "Direccion": "Avenida Cabildo 900", "Metros_Totales": null, "Ambientes": null, "Dormitorios": null, "Baños": 1.0, "URL": "https://www.argenprop.com/departamento-en-alquiler-en-belgrano-1-ambiente--19146774", "Bajo_Precio": null, "Cocheras": 0, "Etiqueta_Destacado": null, "Porcentaje_Rebaja": null, "Metros_Cubiertos": null, "Antiguedad": 50.0, "Descripcion_Breve": "Hermoso y cómodo monoambiente con cocina aparte y baño completo. Departamento lateral, piso alto, muy luminoso. Edificio bien ubicado sobre la avenida cabildo, a metros de la estación de subte d y por donde circulan numerosas líneas de colectivos.", "Visitas_Count": 5663.0, "Visto_Estado": "Visto", "Fecha_Publicacion": null, "Inmobiliaria": null, "lat": -34.5698014, "lon": -58.4457008, "Barrio_Geo": "Colegiales", "snap_warning": false, "distancia_m_gym": 360, "cant_gym": 14, "distancia_m_subte": 87, "cant_subte": 4, "distancia_m_parque": 611, "cant_parque": 2, "distancia_m_plaza": 770, "cant_plaza": 16, "costo_total": 620000, "dist_verde_final": 611, "apto_scoring": true, "segmento": "sin_datos", "costo_total_norm": 75.421686746987945, "distancia_m_subte_norm": 95.471108797501302, "dist_verde_final_norm": 45.348837209302332, "distancia_m_gym_norm": 80.044345898004437, "Score": 75.884209369706468, "REVISION": null, "FECHA_DETECCION": "2026-03-09" }, "geometry": { "type": "Point", "coordinates": [ -58.4457008, -34.5698014 ] } },
{ "type": "Feature", "properties": { "Portal": "argenprop", "Barrio": "Belgrano", "Tipo": "Departamento", "Titulo": "Departamento 2 amb Belgrano", "Precio": 700000, "Expensas": 150000.0, "Direccion": "Teodoro García 2300, Piso 3", "Metros_Totales": null, "Ambientes": 2.0, "Dormitorios": 1.0, "Baños": null, "URL": "https://www.argenprop.com/departamento-en-alquiler-en-belgrano-2-ambientes--19140852", "Bajo_Precio": null, "Cocheras": 0, "Etiqueta_Destacado": null, "Porcentaje_Rebaja": null, "Metros_Cubiertos": 42.0, "Antiguedad": 30.0, "Descripcion_Breve": "Hermoso departamento de 2 amb a metros de av. Cabildo y subte. Living comedor con cocina separada. Lavadero integrado en cocina, baño completo y dormitorio con placard. No se aceptan mascotas. El alquiler se ajusta trimestralmente por icl-", "Visitas_Count": 4248.0, "Visto_Estado": "Visto", "Fecha_Publicacion": null, "Inmobiliaria": null, "lat": -34.5683221, "lon": -58.4444097, "Barrio_Geo": "Palermo", "snap_warning": false, "distancia_m_gym": 549, "cant_gym": 13, "distancia_m_subte": 261, "cant_subte": 4, "distancia_m_parque": 800, "cant_parque": 2, "distancia_m_plaza": 933, "cant_plaza": 16, "costo_total": 850000, "dist_verde_final": 800, "apto_scoring": true, "segmento": "2amb", "costo_total_norm": 43.317972350230413, "distancia_m_subte_norm": 86.19047619047619, "dist_verde_final_norm": 23.444976076555022, "distancia_m_gym_norm": 71.903787103377681, "Score": 55.063705722883796, "REVISION": null, "FECHA_DETECCION": "2026-03-09" }, "geometry": { "type": "Point", "coordinates": [ -58.4444097, -34.5683221 ] } },
{ "type": "Feature", "properties": { "Portal": "argenprop", "Barrio": "Belgrano", "Tipo": "Departamento", "Titulo": "ALQUILER - PALERMO/BELGRANO MONOAMB. APTO PROF - BALCON", "Precio": 640000, "Expensas": 105000.0, "Direccion": "Avenida Cabildo 600, Piso 7", "Metros_Totales": null, "Ambientes": null, "Dormitorios": null, "Baños": 1.0, "URL": "https://www.argenprop.com/departamento-en-alquiler-en-belgrano-1-ambiente--19017526", "Bajo_Precio": null, "Cocheras": 0, "Etiqueta_Destacado": null, "Porcentaje_Rebaja": null, "Metros_Cubiertos": 32.0, "Antiguedad": 30.0, "Descripcion_Breve": "Alquiler- sobre la avda. Cabildo, entre olleros y gorostiaga se encuentra este excelente monoambiente divisible, muy luminoso, silencioso, con balcón, apto profesional. Ubicado en el 7º piso al contrafrente. Cuenta con balcón con cerramiento, lo que hace del mismo un ambiente más. Los pisos son de parquet y tiene excelente ventilación. Amplio placard empotrado, permite ganar mucho espacio en el ambiente. Baño completo con ventilación al exterior. Equipado con aire acondicionado y ventiladores de techo. Cocina y calefón a gas. Aysa está incluido en las expensas. Un espacio cómodo, silencioso, tranquilo y funcional en una excelente ubicación estratégica. Ideal tanto para profesionales como para vivienda. Ubicación privilegiada en la intersección entre palermo/belgrano y colegiales, con acceso inmediato a transporte público, comercios y servicios característicos de belgrano/ palermo. Frente a metrobus, estación gorostiaga. A metros estación olleros del subte linea d. Requisitos: - duración de contrato: 1 año - deposito en garantía: 500 dólares - seguro de caución. - Actualización trimestral por icl - no se aceptan mascotas. La unidad está disponible únicamente para interesados que califiquen según los requisitos mencionados. Para más información y para coordinar una visita, por favor contactarse vía whatsapp . Inciso 8 del artículo 10 de la ley 2340 (texto consolidado según ley n° 5666). Para los casos de alquiler de vivienda, el monto máximo de comisión que se le puede requerir a los propietarios será el equivalente al cuatro con quince centésimos por ciento (4,15%) del valor total del respectivo contrato. Se encuentra prohibido cobrar a los inquilinos que sean personas físicas comisiones inmobiliarias y gastos de gestoría de informes\", según art. 4 de la ley 5.859 de caba. No cumple con ley 5115 (accesibilidad ). Yamile ahibe propiedades matrícula cucicba 9244", "Visitas_Count": 3797.0, "Visto_Estado": "Visto", "Fecha_Publicacion": null, "Inmobiliaria": null, "lat": -34.5710665, "lon": -58.4430432, "Barrio_Geo": "Colegiales", "snap_warning": false, "distancia_m_gym": 651, "cant_gym": 14, "distancia_m_subte": 206, "cant_subte": 5, "distancia_m_parque": 905, "cant_parque": 4, "distancia_m_plaza": 880, "cant_plaza": 16, "costo_total": 745000, "dist_verde_final": 880, "apto_scoring": true, "segmento": "sin_datos", "costo_total_norm": 45.30120481927711, "distancia_m_subte_norm": 89.276418532014574, "dist_verde_final_norm": 21.288014311270118, "distancia_m_gym_norm": 63.913525498891353, "Score": 55.55236289945838, "REVISION": null, "FECHA_DETECCION": "2026-03-09" }, "geometry": { "type": "Point", "coordinates": [ -58.4430432, -34.5710665 ] } },
{ "type": "Feature", "properties": { "Portal": "argenprop", "Barrio": "Belgrano", "Tipo": "Departamento", "Titulo": "DEPARTAMENTO MONOAMBIENTE EN ALQUILER - BELGRANO", "Precio": 600000, "Expensas": 150000.0, "Direccion": "Monroe 2800", "Metros_Totales": null, "Ambientes": null, "Dormitorios": null, "Baños": 1.0, "URL": "https://www.argenprop.com/departamento-en-alquiler-en-belgrano-1-ambiente--19099687", "Bajo_Precio": null, "Cocheras": 0, "Etiqueta_Destacado": null, "Porcentaje_Rebaja": null, "Metros_Cubiertos": 26.0, "Antiguedad": 25.0, "Descripcion_Breve": "Monoambiente en alquiler ubicado en el barrio de belgrano, con muy buena luminosidad y balcón al contrafrente, lo que garantiza mayor tranquilidad. El ambiente principal cuenta con pisos de parquet en buen estado, aire acondicionado instalado y calefacción por tiro balanceado. Cocina independiente con ventilación natural, equipada con cocina a gas, extractor y termotanque. Baño completo con revestimientos cerámicos. Placard empotrado con buen espacio de guardado. Excelente ubicación residencial, segura y cercana a avenidas principales, medios de transporte y zona comercial. Responsable matriculado: ariel cifre cucicba 5634 / csi 5957", "Visitas_Count": 3129.0, "Visto_Estado": "Visto", "Fecha_Publicacion": null, "Inmobiliaria": null, "lat": -34.5636648, "lon": -58.4686216, "Barrio_Geo": "Coghlan", "snap_warning": false, "distancia_m_gym": 888, "cant_gym": 4, "distancia_m_subte": 1383, "cant_subte": 2, "distancia_m_parque": 1692, "cant_parque": 1, "distancia_m_plaza": 345, "cant_plaza": 17, "costo_total": 750000, "dist_verde_final": 345, "apto_scoring": true, "segmento": "sin_datos", "costo_total_norm": 44.096385542168669, "distancia_m_subte_norm": 28.006246746486212, "dist_verde_final_norm": 69.141323792486588, "distancia_m_gym_norm": 50.776053215077603, "Score": 44.946298320818414, "REVISION": null, "FECHA_DETECCION": "2026-02-26" }, "geometry": { "type": "Point", "coordinates": [ -58.4686216, -34.5636648 ] } },
{ "type": "Feature", "properties": { "Portal": "argenprop", "Barrio": "Belgrano", "Tipo": "Departamento", "Titulo": "BELGRANO- HERMOSO 2 AMBIENTES con Vista abierta", "Precio": 720000, "Expensas": 130000.0, "Direccion": "Moldes 2100, Piso 7", "Metros_Totales": null, "Ambientes": 2.0, "Dormitorios": 1.0, "Baños": null, "URL": "https://www.argenprop.com/departamento-en-alquiler-en-belgrano-2-ambientes--19109271", "Bajo_Precio": null, "Cocheras": 0, "Etiqueta_Destacado": null, "Porcentaje_Rebaja": null, "Metros_Cubiertos": 35.0, "Antiguedad": 38.0, "Descripcion_Breve": "Hermoso 2 ambientes - soleado, luminoso y aireado. Excelente ubicación a mts.de av. Cabildo y juramento. Depto. Confortable con amplio living comedor de 6x3.20, piso de parquet. Ventanal corredizo con salida a balcón con vista abierta a pulmón de manzana. Cómodo dormitorio 3.00 x 3mts.con placard, ventana a. Cocina totalmente equipada con alacena y bajo mesada, ventilación al exterior. Lavadero con pileta, conexión para lavarropa, y ventilación natural con amplio ventanal. Baño completo con ventilación natural. Condiciones para la contratación: 1 mes por adelantado. 1 mes de depósito (en ars o en u$s). Garantía propietaria e ingresos comprobables. Contrato de 24 meses con actualizaciones trimestrales por índice y tasación. Servicios, expensas e impuestos a cargo del futuro locatario/a.", "Visitas_Count": 2611.0, "Visto_Estado": "Visto", "Fecha_Publicacion": null, "Inmobiliaria": null, "lat": -34.563902, "lon": -58.4594349, "Barrio_Geo": "Belgrano", "snap_warning": false, "distancia_m_gym": 553, "cant_gym": 7, "distancia_m_subte": 311, "cant_subte": 4, "distancia_m_parque": 1194, "cant_parque": 1, "distancia_m_plaza": 229, "cant_plaza": 16, "costo_total": 850000, "dist_verde_final": 229, "apto_scoring": true, "segmento": "2amb", "costo_total_norm": 43.317972350230413, "distancia_m_subte_norm": 83.544973544973544, "dist_verde_final_norm": 78.086124401913878, "distancia_m_gym_norm": 71.699078812691909, "Score": 65.177813765236209, "REVISION": null, "FECHA_DETECCION": "2026-02-26" }, "geometry": { "type": "Point", "coordinates": [ -58.4594349, -34.563902 ] } },
{ "type": "Feature", "properties": { "Portal": "argenprop", "Barrio": "Belgrano", "Tipo": "Departamento", "Titulo": "Departamento en alquiler en Belgrano. Super luminoso! Excelente estado y ubicación!", "Precio": 650000, "Expensas": 142000.0, "Direccion": "Ciudad De La Paz 1900, Piso 10", "Metros_Totales": null, "Ambientes": null, "Dormitorios": 1.0, "Baños": null, "URL": "https://www.argenprop.com/departamento-en-alquiler-en-belgrano-2-ambientes--19072143", "Bajo_Precio": null, "Cocheras": 0, "Etiqueta_Destacado": null, "Porcentaje_Rebaja": null, "Metros_Cubiertos": 40.0, "Antiguedad": 40.0, "Descripcion_Breve": "El departamento cuenta con un living-comedor amplio, con pisos de madera en impecable estado (parquet plastificado) que aportan calidez y elegancia. Ventanal con salida a balcón francés, lo que garantiza muy buena luz natural y ventilación. Dormitorio con placard empotrado de gran capacidad de guardado, también con pisos de parquet y ventanal con balcón francés. Cocina independiente, funcional y luminosa, con muebles bajo mesada y alacenas, buen espacio de trabajo y ventilación natural. Aire acondicionado instalado en el living y calefacción por tiro balanceado. El departamento se encuentra en muy buen estado general, listo para habitar. Las expensas inlcuyen aysa. Ubicado en una zona estratégica de belgrano, rodeado de una amplia oferta comercial: supermercados, farmacias, bancos, cafeterías, restaurantes y locales de todo tipo. Cercanía a espacios verdes. Próximo a colegios y universidades. En cuanto al transporte cuenta con excelente conectividad: subte línea d (estaciones estación juramento y estación congreso de tucumán). Múltiples líneas de colectivo. Estación de tren estación belgrano c (línea mitre). Ideal para quienes buscan comodidad, buena ubicación y excelente acceso a toda la ciudad.", "Visitas_Count": 2060.0, "Visto_Estado": "Visto", "Fecha_Publicacion": null, "Inmobiliaria": null, "lat": -34.5644774, "lon": -58.4562135, "Barrio_Geo": "Belgrano", "snap_warning": false, "distancia_m_gym": 110, "cant_gym": 8, "distancia_m_subte": 368, "cant_subte": 4, "distancia_m_parque": 1051, "cant_parque": 1, "distancia_m_plaza": 351, "cant_plaza": 14, "costo_total": 792000, "dist_verde_final": 351, "apto_scoring": true, "segmento": "sin_datos", "costo_total_norm": 33.975903614457835, "distancia_m_subte_norm": 80.84331077563769, "dist_verde_final_norm": 68.604651162790702, "distancia_m_gym_norm": 93.902439024390247, "Score": 60.954528813471605, "REVISION": null, "FECHA_DETECCION": "2026-03-09" }, "geometry": { "type": "Point", "coordinates": [ -58.4562135, -34.5644774 ] } },
{ "type": "Feature", "properties": { "Portal": "argenprop", "Barrio": "Palermo", "Tipo": "Departamento", "Titulo": "Palermo monoambiente y medii", "Precio": 475000, "Expensas": 100000.0, "Direccion": "Avenida Santa Fe 3300, Piso 9", "Metros_Totales": null, "Ambientes": null, "Dormitorios": null, "Baños": 1.0, "URL": "https://www.argenprop.com/departamento-en-alquiler-en-palermo-1-ambiente--18932302", "Bajo_Precio": null, "Cocheras": 0, "Etiqueta_Destacado": null, "Porcentaje_Rebaja": null, "Metros_Cubiertos": 21.0, "Antiguedad": 45.0, "Descripcion_Breve": "Palermo, muy buen monoambiente al lateral, con ventana amplia con persianas de madera, con aire acondicionado, piso alfombrado, hall de entrada amplio con posibilidad de poner escritorio o biblioteca. Ambiente amplio con placar 4 puertas hasta el techo con muy buen interior. Y estantes, cocina kitchinette, con alacenas colgantes, bajo mesada, anafes y horno electrico. Baño confortable. Se entrega recien pintado. Muy buena zona, a ms. Del shopping, subte linea d, colectivos, comercios, universidades. Oportunidad", "Visitas_Count": 150.0, "Visto_Estado": "Visto", "Fecha_Publicacion": null, "Inmobiliaria": null, "lat": -34.5882618, "lon": -58.4115023, "Barrio_Geo": "Palermo", "snap_warning": false, "distancia_m_gym": 108, "cant_gym": 15, "distancia_m_subte": 58, "cant_subte": 8, "distancia_m_parque": 947, "cant_parque": 1, "distancia_m_plaza": 632, "cant_plaza": 28, "costo_total": 575000, "dist_verde_final": 632, "apto_scoring": true, "segmento": "sin_datos", "costo_total_norm": 86.265060240963862, "distancia_m_subte_norm": 96.980739198334206, "dist_verde_final_norm": 43.470483005366724, "distancia_m_gym_norm": 94.013303769401332, "Score": 81.69567283389928, "REVISION": null, "FECHA_DETECCION": "2026-03-01" }, "geometry": { "type": "Point", "coordinates": [ -58.4115023, -34.5882618 ] } },
{ "type": "Feature", "properties": { "Portal": "argenprop", "Barrio": "Belgrano", "Tipo": "Departamento", "Titulo": "MONOAMBIENTE EN ALQUILER BELGRANO", "Precio": 500000, "Expensas": 120000.0, "Direccion": "Amenabar 1100", "Metros_Totales": null, "Ambientes": null, "Dormitorios": null, "Baños": 1.0, "URL": "https://www.argenprop.com/departamento-en-alquiler-en-belgrano-1-ambiente--19029168", "Bajo_Precio": null, "Cocheras": 0, "Etiqueta_Destacado": null, "Porcentaje_Rebaja": null, "Metros_Cubiertos": 21.0, "Antiguedad": 40.0, "Descripcion_Breve": "Alquiler monoambiente con balcón en belgrano. Excelente oportunidad en belgrano. Este luminoso monoambiente amplio, se encuentra en una ubicación privilegiada y ofrece una disposición al frente, lo que asegura gran ingreso de luz natural a lo largo del día. El balcón es ideal para disfrutar de un buen momento al aire libre, con vistas abiertas. Características: ambientes amplios y luminosos balcón frente conectividad: este departamento se encuentra perfectamente comunicado con múltiples opciones de transporte público: colectivos: líneas 41, 42, 57, 59, 60, 63, 65, 67, 68, 80, 152, 161, 168, 184, 194. Subte: estación josé hernández (línea d) trenes: estación colegiales (línea mitre) ideal para quienes buscan un lugar cómodo, bien ubicado y con excelentes accesos al transporte público. ¡No te lo pierdas! Responsable matriculado: ariel cifre cucicba 5634 / csi 5957.", "Visitas_Count": 2000.0, "Visto_Estado": "Visto", "Fecha_Publicacion": null, "Inmobiliaria": null, "lat": -34.5705789, "lon": -58.4497858, "Barrio_Geo": "Colegiales", "snap_warning": false, "distancia_m_gym": 350, "cant_gym": 14, "distancia_m_subte": 620, "cant_subte": 4, "distancia_m_parque": 92, "cant_parque": 2, "distancia_m_plaza": 380, "cant_plaza": 20, "costo_total": 620000, "dist_verde_final": 92, "apto_scoring": true, "segmento": "sin_datos", "costo_total_norm": 75.421686746987945, "distancia_m_subte_norm": 67.725143154606968, "dist_verde_final_norm": 91.771019677996421, "distancia_m_gym_norm": 80.598669623059862, "Score": 76.900288543082539, "REVISION": null, "FECHA_DETECCION": "2026-02-16" }, "geometry": { "type": "Point", "coordinates": [ -58.4497858, -34.5705789 ] } },
{ "type": "Feature", "properties": { "Portal": "argenprop", "Barrio": "Belgrano", "Tipo": "Departamento", "Titulo": "Semipiso alto contrafrente vista abierta muy luminoso. 2 cuadras estación Subte D", "Precio": 750000, "Expensas": 150000.0, "Direccion": "Avenida Congreso 2000, Piso 9", "Metros_Totales": null, "Ambientes": null, "Dormitorios": 1.0, "Baños": null, "URL": "https://www.argenprop.com/departamento-en-alquiler-en-belgrano-2-ambientes--18541385", "Bajo_Precio": null, "Cocheras": 0, "Etiqueta_Destacado": null, "Porcentaje_Rebaja": null, "Metros_Cubiertos": 42.0, "Antiguedad": 15.0, "Descripcion_Breve": "Living comedor amplio,con balcon. Muy luminoso cocina amplia completa,integrada ., Pileta de lavar y conexión para lavarropas caldera ariston dual (piso radiante y agua caliente) 1 dormitorio , baño en suite, y toilete contactar sofia 15 no se aceptan mascotas alquiler mensual 750.000 ajustable. Expensas 160.000 .- Impuestos abl y aysa a cargo del inquilino. Contrato dos años. Garantia propietaria preferible pariente o seguro de caución demostrar ingresos contactar 15 sofia certificado de dominio y certificación de firmas a cargo inquilino", "Visitas_Count": 1742.0, "Visto_Estado": "Visto", "Fecha_Publicacion": null, "Inmobiliaria": null, "lat": -34.5534434, "lon": -58.4583184, "Barrio_Geo": "Belgrano", "snap_warning": false, "distancia_m_gym": 890, "cant_gym": 8, "distancia_m_subte": 435, "cant_subte": 3, "distancia_m_parque": 1218, "cant_parque": 1, "distancia_m_plaza": 118, "cant_plaza": 13, "costo_total": 900000, "dist_verde_final": 118, "apto_scoring": true, "segmento": "sin_datos", "costo_total_norm": 7.9518072289156692, "distancia_m_subte_norm": 77.355543987506508, "dist_verde_final_norm": 89.445438282647586, "distancia_m_gym_norm": 50.665188470066518, "Score": 49.342992591354388, "REVISION": null, "FECHA_DETECCION": "2026-03-01" }, "geometry": { "type": "Point", "coordinates": [ -58.4583184, -34.5534434 ] } },
{ "type": "Feature", "properties": { "Portal": "argenprop", "Barrio": "Belgrano", "Tipo": "Departamento", "Titulo": "MONOAMBIENTE EN BELGRANO EXCELENTE ESTADO", "Precio": 660000, "Expensas": 240000.0, "Direccion": "Amenábar 1100, Piso 5º", "Metros_Totales": null, "Ambientes": null, "Dormitorios": null, "Baños": 1.0, "URL": "https://www.argenprop.com/departamento-en-alquiler-en-belgrano-1-ambiente--15748124", "Bajo_Precio": null, "Cocheras": 0, "Etiqueta_Destacado": null, "Porcentaje_Rebaja": null, "Metros_Cubiertos": 34.0, "Antiguedad": 7.0, "Descripcion_Breve": "Dueño directo. Hermoso monoambiente al contrafrente en un 2º piso. Luminoso orientación noroeste. Edificio con parrilla y solarium en terraza. Laundry en primer piso. Departamento con cocina integrada, gran placard en pasillo.. Baño completo. Balcón. A dos cuadras de avda. Cabildo. Cercanía a subte línea d. Se aceptan mascotas. Requisitos: contrato: 2 años. Actualización cuatrimestral según ipc 1 mes adelantado 1 mes depósito. Garantía propietaria en caba o seguro caución. Demostración ingresos.", "Visitas_Count": 1603.0, "Visto_Estado": "Visto", "Fecha_Publicacion": null, "Inmobiliaria": null, "lat": -34.5705789, "lon": -58.4497858, "Barrio_Geo": "Colegiales", "snap_warning": false, "distancia_m_gym": 350, "cant_gym": 14, "distancia_m_subte": 620, "cant_subte": 4, "distancia_m_parque": 92, "cant_parque": 2, "distancia_m_plaza": 380, "cant_plaza": 20, "costo_total": 900000, "dist_verde_final": 92, "apto_scoring": true, "segmento": "sin_datos", "costo_total_norm": 7.9518072289156692, "distancia_m_subte_norm": 67.725143154606968, "dist_verde_final_norm": 91.771019677996421, "distancia_m_gym_norm": 80.598669623059862, "Score": 49.912336735853629, "REVISION": null, "FECHA_DETECCION": "2026-03-09" }, "geometry": { "type": "Point", "coordinates": [ -58.4497858, -34.5705789 ] } },
{ "type": "Feature", "properties": { "Portal": "argenprop", "Barrio": "Belgrano", "Tipo": "Departamento", "Titulo": "MONOAMBIENTE / 2DO PISO POR ESCALERA", "Precio": 550000, "Expensas": 60000.0, "Direccion": "3 De Febrero 2100", "Metros_Totales": null, "Ambientes": null, "Dormitorios": null, "Baños": 1.0, "URL": "https://www.argenprop.com/departamento-en-alquiler-en-belgrano-1-ambiente--18596198", "Bajo_Precio": null, "Cocheras": 0, "Etiqueta_Destacado": null, "Porcentaje_Rebaja": null, "Metros_Cubiertos": 27.0, "Antiguedad": null, "Descripcion_Breve": "Monoambiente amoblado en alquiler belgrano excelente monoambiente luminoso y funcional, ubicado en una de las zonas más buscadas de belgrano, a pocas cuadras del barrio chino y próximo a av. Juramento y av. Cabildo, con múltiples medios de transporte, comercios y servicios. La unidad se alquila totalmente amoblada, lista para ingresar, y se encuentra equipada con heladera y microondas. Ambiente principal amplio y muy luminoso placard integrado pisos de parquet en muy buen estado cocina separada, cómoda y bien ventilada baño completo agua caliente por calefón ideal para quienes buscan practicidad, confort y una excelente ubicación. Expensas: $60.000.- Para los casos de alquiler de vivienda, el monto máximo de comisión que se le puede requerir a los propietarios será el equivalente al cuatro con quince centésimos por ciento (4,15%) del valor total del respectivo contrato. Se encuentra prohibido cobrar a los inquilinos que sean personas físicas comisiones inmobiliarias y gastos de gestoría de informes matrícula nº 5634 - cucicba matrícula nº 6055 - cucicba roman cifre propiedades whatsapp: skype: romancifrepropiedades twitter: @romancifre facebook: roman cifre propiedades instagram: @romancifrepropiedades servicios: cloacas, gas otros servicios: amueblado responsable matriculado: ariel cifre cucicba 5634 / csi 5957", "Visitas_Count": 1500.0, "Visto_Estado": "Visto", "Fecha_Publicacion": null, "Inmobiliaria": null, "lat": -34.5595273, "lon": -58.4520863, "Barrio_Geo": "Belgrano", "snap_warning": false, "distancia_m_gym": 102, "cant_gym": 11, "distancia_m_subte": 520, "cant_subte": 4, "distancia_m_parque": 1631, "cant_parque": 3, "distancia_m_plaza": 307, "cant_plaza": 20, "costo_total": 610000, "dist_verde_final": 307, "apto_scoring": true, "segmento": "sin_datos", "costo_total_norm": 77.831325301204828, "distancia_m_subte_norm": 72.930765226444564, "dist_verde_final_norm": 72.540250447227194, "distancia_m_gym_norm": 94.345898004434588, "Score": 76.954399578304191, "REVISION": null, "FECHA_DETECCION": "2026-03-01" }, "geometry": { "type": "Point", "coordinates": [ -58.4520863, -34.5595273 ] } },
{ "type": "Feature", "properties": { "Portal": "argenprop", "Barrio": "Belgrano", "Tipo": "Departamento", "Titulo": "OPORTUNIDAD: LA MEJOR UBICACION 2 AMBIENTES APTO PROFESIONAL IMPECABLE", "Precio": 750000, "Expensas": 130000.0, "Direccion": "Crámer 2000, Piso 5", "Metros_Totales": null, "Ambientes": 2.0, "Dormitorios": 1.0, "Baños": null, "URL": "https://www.argenprop.com/departamento-en-alquiler-en-belgrano-2-ambientes--15205106", "Bajo_Precio": null, "Cocheras": 0, "Etiqueta_Destacado": null, "Porcentaje_Rebaja": null, "Metros_Cubiertos": 38.0, "Antiguedad": 48.0, "Descripcion_Breve": "Oportunidad: excelente 2 ambientes. Opcion apto profesional. Funcional. Impecable. La ubicacion: en el corazón de belgrano, a metros de estación belgrano r, a 5 cuadras de av. Cabildo y cerca de av. El cano e incas. A pasos de la tradicional plaza castelli. Barrio residencial, donde conviven locales de gastronomía, comercios, bancos, clubes y colegios. El edificio muy bien mantenido con encargado en p.B. Y expensas $130.000.- Abl: $8.500.- El departamento: 2 ambientes, reciclado, de dimensiones amplias. Living con piso parquet. Cocina equipada con cocina a gas y calefon. Lavadero separado. Dormitorio con placards de piso a techo. Parquet. Baño a nuevo con artefactos y griferia de calidad. Carpinteria, pintura, luminarias, mantenimiento: excelente. Equipo de aire acondicionado frio calor. Contrato 24 meses: con ajuste cuatrimestral por ipc dnu vigente. Requisitos: garantia propietaria en caba. Ingresos demostrables. La reserva corresponde a 1 mes del valor del alquiler, que se imputará al pago del primer mes de locacion. 1 mes del valor del alquiler a modo de deposito en garantia a la firma del contrato. Listo para mudarse. Sin amueblar. No acepta mascotas. Opcion residencial. Nota importante: se deja constancia que las medidas están sujetas a verificación in situ. Los gastos y valores aquí indicados, están sujetos a modificación sin previo aviso. Las fotografías no son vinculantes ni contractuales. Matricula cucicba 8224.", "Visitas_Count": 1400.0, "Visto_Estado": "Visto", "Fecha_Publicacion": null, "Inmobiliaria": null, "lat": -34.5659525, "lon": -58.4605555, "Barrio_Geo": "Belgrano", "snap_warning": false, "distancia_m_gym": 647, "cant_gym": 8, "distancia_m_subte": 648, "cant_subte": 4, "distancia_m_parque": 1267, "cant_parque": 1, "distancia_m_plaza": 554, "cant_plaza": 18, "costo_total": 880000, "dist_verde_final": 554, "apto_scoring": true, "segmento": "2amb", "costo_total_norm": 37.78801843317973, "distancia_m_subte_norm": 65.714285714285722, "dist_verde_final_norm": 46.985645933014354, "distancia_m_gym_norm": 66.888433981576256, "Score": 50.915465672318106, "REVISION": null, "FECHA_DETECCION": "2026-03-09" }, "geometry": { "type": "Point", "coordinates": [ -58.4605555, -34.5659525 ] } },
{ "type": "Feature", "properties": { "Portal": "argenprop", "Barrio": "Belgrano", "Tipo": "Departamento", "Titulo": "Av Cabildo 1700, Departamento 2 Ambientes, Reciclado en Belgrano", "Precio": 650000, "Expensas": 230000.0, "Direccion": "Av Cabildo al 1700", "Metros_Totales": null, "Ambientes": 2.0, "Dormitorios": 1.0, "Baños": null, "URL": "https://www.argenprop.com/departamento-en-alquiler-en-belgrano-2-ambientes--19025011", "Bajo_Precio": null, "Cocheras": 0, "Etiqueta_Destacado": null, "Porcentaje_Rebaja": null, "Metros_Cubiertos": 40.0, "Antiguedad": 40.0, "Descripcion_Breve": "Excelente departamento 2 ambientes en belgrano inmejorable ubicación a mts de estación subte d, josé hernández todos los medios de locomoción departamento reciclado, en muy buenas condiciones living comedor con cocina integrada reciclada, y lavadero independiente baño completo reciclado con mampara living comedor con gran placard de guardado dormitorio de grandes dimensiones, con placard y aire acondicionado múltiples líneas de colectivo consúltenos jumo inmobiliaria telf: - - para los casos de alquiler de vivienda, el monto máximo de comisión que se le puede requerir a los propietarios será el equivalente al cuatro con quince centésimos por ciento (4,15%) del valor total del respectivo contrato. Se encuentra prohibido cobrar a los inquilinos que sean personas físicas comisiones inmobiliarias y gastos de gestoría de informes. Corredor responsable, juliano montalto, matricula cucciba 2394", "Visitas_Count": 57.0, "Visto_Estado": "Visto", "Fecha_Publicacion": null, "Inmobiliaria": null, "lat": -34.559164, "lon": -58.4590202, "Barrio_Geo": "Belgrano", "snap_warning": false, "distancia_m_gym": 238, "cant_gym": 6, "distancia_m_subte": 381, "cant_subte": 4, "distancia_m_parque": 1801, "cant_parque": 1, "distancia_m_plaza": 464, "cant_plaza": 17, "costo_total": 880000, "dist_verde_final": 464, "apto_scoring": true, "segmento": "2amb", "costo_total_norm": 37.78801843317973, "distancia_m_subte_norm": 79.841269841269849, "dist_verde_final_norm": 55.598086124401917, "distancia_m_gym_norm": 87.819856704196525, "Score": 58.969191220952887, "REVISION": null, "FECHA_DETECCION": "2026-03-09" }, "geometry": { "type": "Point", "coordinates": [ -58.4590202, -34.559164 ] } },
{ "type": "Feature", "properties": { "Portal": "argenprop", "Barrio": "Belgrano", "Tipo": "Departamento", "Titulo": "2 ambientes al frente, excelente ubicación.", "Precio": 650000, "Expensas": 150000.0, "Direccion": "J De Amenabar 1100, Piso 1", "Metros_Totales": null, "Ambientes": 2.0, "Dormitorios": 1.0, "Baños": null, "URL": "https://www.argenprop.com/departamento-en-alquiler-en-belgrano-2-ambientes--6690978", "Bajo_Precio": null, "Cocheras": 0, "Etiqueta_Destacado": null, "Porcentaje_Rebaja": null, "Metros_Cubiertos": 32.0, "Antiguedad": 30.0, "Descripcion_Breve": "Excelente departamento de 2 ambientes, en inmejorable ubicación, a 2 cuadras de cabildo. Dormitorio con balcón al frente, cocina completa con espacio de lavadero. Baño completo. Piso de parquet. “Para los casos de alquiler de vivienda, el monto máximo de comisión que se le puede requerir a los propietarios será el equivalente al cuatro con quince centésimos por ciento (4,15%) del valor total del respectivo contrato. Se encuentra prohibido cobrar a los inquilinos que sean personas físicas comisiones inmobiliarias y gastos de gestoría de informes”.", "Visitas_Count": 49.0, "Visto_Estado": "Visto", "Fecha_Publicacion": null, "Inmobiliaria": null, "lat": -34.5705789, "lon": -58.4497858, "Barrio_Geo": "Colegiales", "snap_warning": false, "distancia_m_gym": 350, "cant_gym": 14, "distancia_m_subte": 620, "cant_subte": 4, "distancia_m_parque": 92, "cant_parque": 2, "distancia_m_plaza": 380, "cant_plaza": 20, "costo_total": 800000, "dist_verde_final": 92, "apto_scoring": true, "segmento": "2amb", "costo_total_norm": 52.534562211981566, "distancia_m_subte_norm": 67.195767195767189, "dist_verde_final_norm": 91.196172248803833, "distancia_m_gym_norm": 82.088024564994882, "Score": 67.620591949783034, "REVISION": "INTERES", "FECHA_DETECCION": "2026-03-09" }, "geometry": { "type": "Point", "coordinates": [ -58.4497858, -34.5705789 ] } },
{ "type": "Feature", "properties": { "Portal": "argenprop", "Barrio": "Coghlan", "Tipo": "Departamento", "Titulo": "Departamento Monoambiente en alquiler - 1 Baño - Coghlan", "Precio": 500000, "Expensas": 100000.0, "Direccion": "Avenida Monroe e/ Zapiola y Capitán General Ramon Freire", "Metros_Totales": null, "Ambientes": null, "Dormitorios": null, "Baños": 1.0, "URL": "https://www.argenprop.com/departamento-en-alquiler-en-coghlan-1-ambiente--19178839", "Bajo_Precio": null, "Cocheras": 0, "Etiqueta_Destacado": null, "Porcentaje_Rebaja": null, "Metros_Cubiertos": 27.0, "Antiguedad": 35.0, "Descripcion_Breve": "_ Departamento monoambiente en alquiler ubicado sobre avenida monroe entre zapiola y capitán general ramon freire (coghlan, ciudad autónoma de buenos aires). Desarrollado en piso alto por ascensor, con disposición lateral y orientación al oeste. _ El mismo posee cocina equipada con muebles sobre y bajo mesada, un espacio principal con espacios de guardado empotrados y un baño completo. Luminoso, cuenta con muy buena ventilación natural. _ La propiedad tiene una superficie total de aproximadamente 27mts2 cubiertos. _ Las expensas al día 06/03/2026 son de aproximadamente $100.000. Yacoub | construimos confianza innovación | calidad | sustentabilidad | diseño 70 mil metros cuadrados | 23 torres la información descripta en el presente aviso es meramente orientativa y no forma parte de ningún tipo de documentación contractual. Los datos enunciados fueron proporcionados por los propietarios y pueden arrojar inexactitudes, las superficies definitivas surgirán del título de propiedad del inmueble referido. Se deja constancia de que los valores y/o expensas pueden estar sujetas a verificación o ajuste. Lo que estás buscando lo tenemos | estés donde estés vendemos en todos lados.", "Visitas_Count": 0.0, "Visto_Estado": "Visto", "Fecha_Publicacion": null, "Inmobiliaria": null, "lat": -34.5622015, "lon": -58.4665064, "Barrio_Geo": "Coghlan", "snap_warning": false, "distancia_m_gym": 633, "cant_gym": 5, "distancia_m_subte": 1128, "cant_subte": 3, "distancia_m_parque": 1709, "cant_parque": 1, "distancia_m_plaza": 600, "cant_plaza": 16, "costo_total": 600000, "dist_verde_final": 600, "apto_scoring": true, "segmento": "sin_datos", "costo_total_norm": 80.240963855421683, "distancia_m_subte_norm": 41.280583029672044, "dist_verde_final_norm": 46.332737030411451, "distancia_m_gym_norm": 64.911308203991126, "Score": 60.238238677551692, "REVISION": null, "FECHA_DETECCION": "2026-03-09" }, "geometry": { "type": "Point", "coordinates": [ -58.4665064, -34.5622015 ] } },
{ "type": "Feature", "properties": { "Portal": "argenprop", "Barrio": "Coghlan", "Tipo": "Departamento", "Titulo": "Departamento 2 ambientes lateral super luminoso", "Precio": 500000, "Expensas": 100000.0, "Direccion": "Pedro ignacio rivera 3300, Piso 1", "Metros_Totales": null, "Ambientes": 2.0, "Dormitorios": 1.0, "Baños": 1.0, "URL": "https://www.argenprop.com/departamento-en-alquiler-en-coghlan-2-ambientes--18295539", "Bajo_Precio": null, "Cocheras": 0, "Etiqueta_Destacado": null, "Porcentaje_Rebaja": null, "Metros_Cubiertos": null, "Antiguedad": 54.0, "Descripcion_Breve": "Primer piso por escalera, alquiler 24 meses index ipc trimestral", "Visitas_Count": 10.0, "Visto_Estado": "Visto", "Fecha_Publicacion": null, "Inmobiliaria": null, "lat": -34.5620978, "lon": -58.4701955, "Barrio_Geo": "Coghlan", "snap_warning": false, "distancia_m_gym": 1021, "cant_gym": 3, "distancia_m_subte": 1184, "cant_subte": 2, "distancia_m_parque": 1448, "cant_parque": 1, "distancia_m_plaza": 586, "cant_plaza": 17, "costo_total": 600000, "dist_verde_final": 586, "apto_scoring": true, "segmento": "2amb", "costo_total_norm": 89.400921658986178, "distancia_m_subte_norm": 37.354497354497354, "dist_verde_final_norm": 43.923444976076553, "distancia_m_gym_norm": 47.748208802456503, "Score": 60.52622774540464, "REVISION": null, "FECHA_DETECCION": "2026-03-01" }, "geometry": { "type": "Point", "coordinates": [ -58.4701955, -34.5620978 ] } },
{ "type": "Feature", "properties": { "Portal": "argenprop", "Barrio": "Coghlan", "Tipo": "Departamento", "Titulo": "Departamento en alquiler en Coghlan", "Precio": 500000, "Expensas": 150000.0, "Direccion": "Manuel Ugarte 3800, Piso 3", "Metros_Totales": null, "Ambientes": null, "Dormitorios": null, "Baños": 1.0, "URL": "https://www.argenprop.com/departamento-en-alquiler-en-coghlan--19115852", "Bajo_Precio": null, "Cocheras": 0, "Etiqueta_Destacado": null, "Porcentaje_Rebaja": null, "Metros_Cubiertos": 30.0, "Antiguedad": 40.0, "Descripcion_Breve": "Hermoso monoambiente en coghlan a 1 cuadra de estación y avenida. Balcón al frente con gran vista abierta. Cocina completa separada. Lavadero cubierto. Impecable! Aumento trimestral por icl. No se aceptan mascotas.", "Visitas_Count": 823.0, "Visto_Estado": "Visto", "Fecha_Publicacion": null, "Inmobiliaria": null, "lat": -34.5637575, "lon": -58.4757322, "Barrio_Geo": "Coghlan", "snap_warning": false, "distancia_m_gym": 1642, "cant_gym": 1, "distancia_m_subte": 1636, "cant_subte": 2, "distancia_m_parque": 1669, "cant_parque": 1, "distancia_m_plaza": 168, "cant_plaza": 16, "costo_total": 650000, "dist_verde_final": 168, "apto_scoring": true, "segmento": "sin_datos", "costo_total_norm": 68.192771084337352, "distancia_m_subte_norm": 14.836022904737106, "dist_verde_final_norm": 84.973166368515209, "distancia_m_gym_norm": 8.9800443458980084, "Score": 49.620553013448919, "REVISION": null, "FECHA_DETECCION": "2026-03-01" }, "geometry": { "type": "Point", "coordinates": [ -58.4757322, -34.5637575 ] } },
{ "type": "Feature", "properties": { "Portal": "argenprop", "Barrio": "Coghlan", "Tipo": "Departamento", "Titulo": "Departamento en alquiler en Coghlan", "Precio": 620000, "Expensas": 70000.0, "Direccion": "Nuñez 3900, Piso 4", "Metros_Totales": null, "Ambientes": null, "Dormitorios": null, "Baños": 1.0, "URL": "https://www.argenprop.com/departamento-en-alquiler-en-coghlan-1-ambiente--19016950", "Bajo_Precio": null, "Cocheras": 0, "Etiqueta_Destacado": null, "Porcentaje_Rebaja": null, "Metros_Cubiertos": 34.0, "Antiguedad": 0.0, "Descripcion_Breve": "Hermoso dpto contra frente, situado en un 4to piso cocina integrada, balcon, aire acondicionado, calefaccion por losa radiante, baño completo ,amplio. Terraza con piscina y parrilla. Apto profesional", "Visitas_Count": 201.0, "Visto_Estado": "Visto", "Fecha_Publicacion": null, "Inmobiliaria": null, "lat": -34.5575116, "lon": -58.4805023, "Barrio_Geo": "Coghlan", "snap_warning": false, "distancia_m_gym": 1500, "cant_gym": 0, "distancia_m_subte": 1921, "cant_subte": 1, "distancia_m_parque": 850, "cant_parque": 2, "distancia_m_plaza": 706, "cant_plaza": 14, "costo_total": 690000, "dist_verde_final": 706, "apto_scoring": true, "segmento": "sin_datos", "costo_total_norm": 58.554216867469876, "distancia_m_subte_norm": 0.0, "dist_verde_final_norm": 36.851520572450802, "distancia_m_gym_norm": 16.851441241685137, "Score": 32.477134985646629, "REVISION": null, "FECHA_DETECCION": "2026-03-09" }, "geometry": { "type": "Point", "coordinates": [ -58.4805023, -34.5575116 ] } },
{ "type": "Feature", "properties": { "Portal": "argenprop", "Barrio": "Coghlan", "Tipo": "Departamento", "Titulo": "Departamento en alquiler en Coghlan 2 ambientes reciclados", "Precio": 600000, "Expensas": 115000.0, "Direccion": "Melian 2500", "Metros_Totales": null, "Ambientes": 2.0, "Dormitorios": 1.0, "Baños": null, "URL": "https://www.argenprop.com/departamento-en-alquiler-en-coghlan-2-ambientes--19034265", "Bajo_Precio": null, "Cocheras": 0, "Etiqueta_Destacado": null, "Porcentaje_Rebaja": null, "Metros_Cubiertos": 27.0, "Antiguedad": 45.0, "Descripcion_Breve": "Melian y monroe muy luminoso y silencioso. Vista abierta. Baño con ducha hecho a nuevo cocina reciclada incorporada al living con alacenas superiores e inferiores. Conexión para lava ropas. Agua caliente por calefón nuevo cocina nueva a gas aire acondicionado frio calor. Dormitorio con placard de pared a pared. Aysa en expensas abl 10.000$ expensas 115.000$ valor del alquiler 600.000$", "Visitas_Count": 150.0, "Visto_Estado": "Visto", "Fecha_Publicacion": null, "Inmobiliaria": null, "lat": -34.5656341, "lon": -58.4714517, "Barrio_Geo": "Belgrano", "snap_warning": false, "distancia_m_gym": 1209, "cant_gym": 4, "distancia_m_subte": 1687, "cant_subte": 4, "distancia_m_parque": 1848, "cant_parque": 1, "distancia_m_plaza": 322, "cant_plaza": 15, "costo_total": 715000, "dist_verde_final": 322, "apto_scoring": true, "segmento": "2amb", "costo_total_norm": 68.20276497695852, "distancia_m_subte_norm": 10.740740740740733, "dist_verde_final_norm": 69.186602870813402, "distancia_m_gym_norm": 38.126919140225176, "Score": 48.153340701190828, "REVISION": null, "FECHA_DETECCION": "2026-03-01" }, "geometry": { "type": "Point", "coordinates": [ -58.4714517, -34.5656341 ] } },
{ "type": "Feature", "properties": { "Portal": "argenprop", "Barrio": "Belgrano", "Tipo": "Departamento", "Titulo": "DUEÑO ALQUILA ESPECTACULAR 2 AMBIENTES FRENTE", "Precio": 680000, "Expensas": 197000.0, "Direccion": "Aguilar 2300, Piso 10", "Metros_Totales": null, "Ambientes": 2.0, "Dormitorios": 1.0, "Baños": 1.0, "URL": "https://www.argenprop.com/departamento-en-alquiler-en-belgrano-2-ambientes--16077094", "Bajo_Precio": null, "Cocheras": 0, "Etiqueta_Destacado": null, "Porcentaje_Rebaja": null, "Metros_Cubiertos": null, "Antiguedad": 45.0, "Descripcion_Breve": "Dueño alquila espectacular 2 ambientes frente calle aguilar piso 10 muy luminoso piso parquet, cocina orbis, cocina amoblada, puerta blindada, espacio lavadero. Alquiler: 680.000. 1 mes de deposito 1 mes de adelanto gastos aprox (expensas $ 190.000, edenor $ 6.000 aprox, metrogas $ 4.000 aprox. Abl $ 18.000 aprox.). Expensas incluyen: aysa, agua caliente central y losa radiante sin comisión inmobiliaria. Ajuste cuatrimestral por ipc. Sin mascota (gato si). Garantia propietaria capital federal", "Visitas_Count": 6060.0, "Visto_Estado": "Visto", "Fecha_Publicacion": null, "Inmobiliaria": null, "lat": -34.5679867, "lon": -58.4463877, "Barrio_Geo": "Palermo", "snap_warning": false, "distancia_m_gym": 639, "cant_gym": 11, "distancia_m_subte": 366, "cant_subte": 4, "distancia_m_parque": 607, "cant_parque": 2, "distancia_m_plaza": 895, "cant_plaza": 17, "costo_total": 877000, "dist_verde_final": 607, "apto_scoring": true, "segmento": "2amb", "costo_total_norm": 38.341013824884797, "distancia_m_subte_norm": 80.634920634920633, "dist_verde_final_norm": 41.913875598086122, "distancia_m_gym_norm": 67.297850562947801, "Score": 54.639441896342113, "REVISION": null, "FECHA_DETECCION": "2026-03-01" }, "geometry": { "type": "Point", "coordinates": [ -58.4463877, -34.5679867 ] } },
{ "type": "Feature", "properties": { "Portal": "argenprop", "Barrio": "Colegiales", "Tipo": "Departamento", "Titulo": "Alquiler departamento 2 amb en Colegiales", "Precio": 550000, "Expensas": 121000.0, "Direccion": "Moldes 1300", "Metros_Totales": null, "Ambientes": 2.0, "Dormitorios": 1.0, "Baños": null, "URL": "https://www.argenprop.com/departamento-en-alquiler-en-colegiales-2-ambientes--19004317", "Bajo_Precio": null, "Cocheras": 0, "Etiqueta_Destacado": null, "Porcentaje_Rebaja": null, "Metros_Cubiertos": 2904.0, "Antiguedad": 51.0, "Descripcion_Breve": "Corredor responsable: rmx 1 sas - lucas norman cucicba 8008 / cmcpsi 6743 - contacto: maría olivieri departamento 2 ambientes en alquiler colegiales capital federal condiciones para ingresar: -demostración de ingresos de mínimo 3 veces el valor del alquiler + garantía (propiedad en caba de familiar directo, o garantía financiera). -Contrato a 2 años con ajuste trimestral por ipc. -Depósito en dólares que será restituido luego de pagadas las cuentas (luz, gas, etc) del último mes de vigencia del contrato. Departamento de 29 m² ubicado en zona estratégica de colegiales, sobre calle moldes, frente a la plaza juan j. Paso y el recientemente inaugurado parque ferroviario. Disposición lateral, muy luminoso, pero sin vista a la plaza. El inmueble ofrece un diseño funcional con dos ambientes que integran living-comedor y dormitorio. Cuenta con baño completo y cocina independiente con conexión para lavarropas, optimizando cada metro cuadrado disponible. El placard incorporado en el dormitorio permite un aprovechamiento eficiente del espacio. Su ubicación privilegiada permite acceso inmediato a principales servicios urbanos, transporte público y comercios del barrio. Ideal para profesionales o inversores que buscan una propiedad compacta y bien ubicada en uno de los barrios más cotizados de capital federal. Características principales: - superficie total: 29 m² - ambientes: 2 - dormitorio con placard - baño completo - cocina independiente + conexión para lavarropas - excelente estado de conservación - patio común para todo el edificio rau s.R.L. No ejerce el corretaje inmobiliario. El presente sitio web es una plataforma en donde cada oficina inmobiliaria independiente que contrata los servicios re/max puede publicar las propiedades a su cargo. Cada oficina es de propiedad y gestión independiente, por lo que rau s.R.L. No interviene en los datos de la publicación, en la operación inmobiliaria, ni en la confección y/o firma del boleto de compraventa y/o escritura y/o contrato de alquiler. En cumplimiento de las leyes vigentes que regulan el corretaje inmobiliario, ley nacional 25.028, ley 22.802 de lealtad comercial, ley 24.240 de defensa al consumidor, las normas del código civil y comercial de la nación y constitucionales, los agentes/gestores no ejercen el corretaje inmobiliario. Todas las operaciones inmobiliarias son objeto de intermediación y conclusión por parte del corredor público inmobiliario colegiado a cargo de la publicación, cuyos datos se exhiben en la presente. La presente publicación describe las características esenciales del inmueble, debiéndose consultar al corredor público inmobiliario responsable de la operación por la eventual actualización de las medidas, descripciones arquitectónicas y funcionales, valores de expensas, servicios, impuestos, precios y demás información, cuyos valores son aproximados. Para los casos de alquiler de vivienda, el monto máximo de comisión que se le puede requerir a los propietarios será el equivalente al cuatro con quince centésimos por ciento (4,15%) del valor total del respectivo contrato. Se encuentra prohibido cobrar a los inquilinos que sean personas físicas comisiones inmobiliarias y gastos de gestoría de informes. El inmueble no es accesible para personas con discapacidades físicas.", "Visitas_Count": 0.0, "Visto_Estado": "Visto", "Fecha_Publicacion": null, "Inmobiliaria": null, "lat": -34.5696949, "lon": -58.4530752, "Barrio_Geo": "Colegiales", "snap_warning": false, "distancia_m_gym": 580, "cant_gym": 12, "distancia_m_subte": 522, "cant_subte": 3, "distancia_m_parque": 287, "cant_parque": 2, "distancia_m_plaza": 0, "cant_plaza": 21, "costo_total": 671000, "dist_verde_final": 0, "apto_scoring": true, "segmento": "2amb", "costo_total_norm": 76.313364055299544, "distancia_m_subte_norm": 72.38095238095238, "dist_verde_final_norm": 100.0, "distancia_m_gym_norm": 70.317297850562952, "Score": 79.271361121461823, "REVISION": "DESCARTADO", "FECHA_DETECCION": "2026-03-09" }, "geometry": { "type": "Point", "coordinates": [ -58.4530752, -34.5696949 ] } },
{ "type": "Feature", "properties": { "Portal": "argenprop", "Barrio": "Belgrano", "Tipo": "Departamento", "Titulo": "2 amb. a la calle con balcón terraza.", "Precio": 750000, "Expensas": 188500.0, "Direccion": "Moldes 2100", "Metros_Totales": null, "Ambientes": 2.0, "Dormitorios": 1.0, "Baños": 1.0, "URL": "https://www.argenprop.com/departamento-en-alquiler-en-belgrano-2-ambientes--19070746", "Bajo_Precio": null, "Cocheras": 0, "Etiqueta_Destacado": null, "Porcentaje_Rebaja": null, "Metros_Cubiertos": null, "Antiguedad": 35.0, "Descripcion_Breve": "Comodidades: l/c 4 x 3, balcón terraza 6 x 2, dormitorio 3 x 2,70 c/plac. Cocina com. Drio. 2,80 x 1,50 y 2,20 x 1,70, baño con ducha de 2,50 x 1,50. Las expensas incluyen aysa.", "Visitas_Count": 6100.0, "Visto_Estado": "Visto", "Fecha_Publicacion": null, "Inmobiliaria": null, "lat": -34.563902, "lon": -58.4594349, "Barrio_Geo": "Belgrano", "snap_warning": false, "distancia_m_gym": 553, "cant_gym": 7, "distancia_m_subte": 311, "cant_subte": 4, "distancia_m_parque": 1194, "cant_parque": 1, "distancia_m_plaza": 229, "cant_plaza": 16, "costo_total": 938500, "dist_verde_final": 229, "apto_scoring": true, "segmento": "2amb", "costo_total_norm": 27.004608294930875, "distancia_m_subte_norm": 83.544973544973544, "dist_verde_final_norm": 78.086124401913878, "distancia_m_gym_norm": 71.699078812691909, "Score": 58.65246814311638, "REVISION": null, "FECHA_DETECCION": "2026-03-01" }, "geometry": { "type": "Point", "coordinates": [ -58.4594349, -34.563902 ] } },
{ "type": "Feature", "properties": { "Portal": "argenprop", "Barrio": "Belgrano", "Tipo": "Departamento", "Titulo": "2 AMB. - IMPECABLE ESTADO - AL FRENTE - EXC. UBICACION", "Precio": 730000, "Expensas": 195000.0, "Direccion": "Echeverria 2600, Piso 1", "Metros_Totales": null, "Ambientes": 2.0, "Dormitorios": null, "Baños": null, "URL": "https://www.argenprop.com/departamento-en-alquiler-en-belgrano-1-ambiente--18805937", "Bajo_Precio": null, "Cocheras": 0, "Etiqueta_Destacado": null, "Porcentaje_Rebaja": null, "Metros_Cubiertos": 45.0, "Antiguedad": null, "Descripcion_Breve": "Hermoso dpto. 2 amb. Con patio y balcon 1° piso al frente muy luminoso recien pintado y plastificado ubicacion inmejorable: 2 cuadras de av. Cabildo y subte d condiciones: *no poseer mascota de ningun tipo. *Garantia *inquilino con justificacion de ingresos comprobables", "Visitas_Count": 1200.0, "Visto_Estado": "Visto", "Fecha_Publicacion": null, "Inmobiliaria": null, "lat": -34.5641067, "lon": -58.4576205, "Barrio_Geo": "Belgrano", "snap_warning": false, "distancia_m_gym": 339, "cant_gym": 7, "distancia_m_subte": 340, "cant_subte": 4, "distancia_m_parque": 1120, "cant_parque": 1, "distancia_m_plaza": 258, "cant_plaza": 15, "costo_total": 925000, "dist_verde_final": 258, "apto_scoring": true, "segmento": "2amb", "costo_total_norm": 29.493087557603687, "distancia_m_subte_norm": 82.010582010582013, "dist_verde_final_norm": 75.311004784689004, "distancia_m_gym_norm": 82.650972364380749, "Score": 59.727707819591956, "REVISION": null, "FECHA_DETECCION": "2026-02-16" }, "geometry": { "type": "Point", "coordinates": [ -58.4576205, -34.5641067 ] } },
{ "type": "Feature", "properties": { "Portal": "argenprop", "Barrio": "Colegiales", "Tipo": "Departamento", "Titulo": "2 AMBIENTES CONTRAFRENTE", "Precio": 700000, "Expensas": 140000.0, "Direccion": "Avenida Lacroze 3375 , Piso 1", "Metros_Totales": null, "Ambientes": 2.0, "Dormitorios": 1.0, "Baños": null, "URL": "https://www.argenprop.com/departamento-en-alquiler-en-colegiales-2-ambientes--19112556", "Bajo_Precio": null, "Cocheras": 0, "Etiqueta_Destacado": null, "Porcentaje_Rebaja": null, "Metros_Cubiertos": 40.0, "Antiguedad": 35.0, "Descripcion_Breve": "Impecable departamento de 2 ambientes al contrafrente, ubicado en una de las zonas más buscadas de colegiales: av. Federico lacroze entre delgado y enrique martínez. Una unidad que combina luminosidad, silencio y una ubicación estratégica a pasos de plaza mafalda. 2 ambientes amplios y funcionales, contrafrente (mucha tranquilidad y excelente luz natural). Cocina independiente y de generosas dimensiones. Sector de lavadero aparte (independiente de la cocina). Baño completo en muy buen estado. Departamento de 35 años de antigüedad, muy bien mantenido. Apto profesional: ideal para consultorio, estudio o vivienda en el corazón de colegiales, con excelente conectividad y cercanía a espacios verdes y polos gastronómicos. Los requisitos son: tener demostracion de ingresos y una garantia propietaria de caba o un seguro de caucion de compañia de seguros. Whatsapp nuñez flavio e. Propiedades, matricula 1447 cucicba en servicios inmobiliarios, un estilo diferente. - Aviso legal: \"para los casos de alquiler de vivienda, el monto máximo de comisión que se le puede requerir a los propietarios será el equivalente al cuatro con quince centésimos por ciento (4,15%) del valor total del respectivo contrato. Se encuentra prohibido cobrar a los inquilinos que sean personas físicas comisiones inmobiliarias y gastos de gestoría de informes\". \"Las descripciones arquitectónicas y funcionales, valores de expensas, impuestos y servicios, fotos y medidas de los inmueble son aproximados, pueden no estar actualizados a la hora de la visualización de este aviso por lo cual pueden arrojar inexactitudes y discordancias con las que surgen de los las facturas, títulos y planos legales del inmueble. El interesado deberá realizar las verificaciones respectivas previamente a la realización de cualquier operación, requiriendo por sí o sus profesionales las copias necesarias de la documentación que corresponda.\" Matricula 1447 cucicba", "Visitas_Count": 500.0, "Visto_Estado": "Visto", "Fecha_Publicacion": null, "Inmobiliaria": null, "lat": -34.5795018, "lon": -58.4504975, "Barrio_Geo": "Colegiales", "snap_warning": false, "distancia_m_gym": 849, "cant_gym": 8, "distancia_m_subte": 893, "cant_subte": 5, "distancia_m_parque": 715, "cant_parque": 4, "distancia_m_plaza": 540, "cant_plaza": 14, "costo_total": 840000, "dist_verde_final": 540, "apto_scoring": true, "segmento": "2amb", "costo_total_norm": 45.161290322580648, "distancia_m_subte_norm": 52.751322751322746, "dist_verde_final_norm": 48.325358851674636, "distancia_m_gym_norm": 56.550665301944733, "Score": 49.210051254958479, "REVISION": null, "FECHA_DETECCION": "2026-02-26" }, "geometry": { "type": "Point", "coordinates": [ -58.4504975, -34.5795018 ] } },
{ "type": "Feature", "properties": { "Portal": "argenprop", "Barrio": "Belgrano", "Tipo": "Departamento", "Titulo": "DOS AMBIENTES super luminoso Belgrano Freire al 2400", "Precio": 680000, "Expensas": 105000.0, "Direccion": "Capitán General Ramón Freire 2400, Piso 3", "Metros_Totales": null, "Ambientes": 2.0, "Dormitorios": 1.0, "Baños": null, "URL": "https://www.argenprop.com/departamento-en-alquiler-en-belgrano-2-ambientes--15665129", "Bajo_Precio": null, "Cocheras": 0, "Etiqueta_Destacado": null, "Porcentaje_Rebaja": null, "Metros_Cubiertos": 51.0, "Antiguedad": 30.0, "Descripcion_Breve": "Departameto de dos ambientes , amplio. Super luminoso. Estado excelente. Ubicado en la calle freire al 2400 entre monroe y blanco encalada. Belgrano r pintado totalmente. Pisos de parquet. Living comedor con ventanal, balcón francés. Amplia cocina con mesa desayunador. Ventana al exterior. Lavadero separado . Conexión lavarropas. Ventana al exterior. Baño completo con ventana. Dormitorio con placar. Ventana al contrafrente. Ubicado a pasos de av monroe, medios de transporte. Cercanía estación tren belgrano r. A una cuadra de av balbín. De av cramer. A cuadras de av cabildo y subte d. Sin mascotas. Contactarse lares propiedades", "Visitas_Count": 2001.0, "Visto_Estado": "Visto", "Fecha_Publicacion": null, "Inmobiliaria": null, "lat": -34.5637699, "lon": -58.4671088, "Barrio_Geo": "Belgrano", "snap_warning": false, "distancia_m_gym": 876, "cant_gym": 4, "distancia_m_subte": 1200, "cant_subte": 3, "distancia_m_parque": 1825, "cant_parque": 1, "distancia_m_plaza": 367, "cant_plaza": 17, "costo_total": 785000, "dist_verde_final": 367, "apto_scoring": true, "segmento": "2amb", "costo_total_norm": 55.299539170506911, "distancia_m_subte_norm": 36.507936507936513, "dist_verde_final_norm": 64.880382775119614, "distancia_m_gym_norm": 55.168884339815762, "Score": 51.565161609589218, "REVISION": null, "FECHA_DETECCION": "2026-03-09" }, "geometry": { "type": "Point", "coordinates": [ -58.4671088, -34.5637699 ] } },
{ "type": "Feature", "properties": { "Portal": "argenprop", "Barrio": "Colegiales", "Tipo": "Departamento", "Titulo": "Colegiales sobre Av F. Lacroze 3500. A pasos de Av Álvarez Thomas. Excelente monoambiente contra frente vista abierta. Imperdible", "Precio": 480000, "Expensas": 190000.0, "Direccion": "Federico Lacroze 3500, Piso 7", "Metros_Totales": null, "Ambientes": null, "Dormitorios": null, "Baños": 1.0, "URL": "https://www.argenprop.com/departamento-en-alquiler-en-colegiales-1-ambiente--19067255", "Bajo_Precio": null, "Cocheras": 0, "Etiqueta_Destacado": null, "Porcentaje_Rebaja": null, "Metros_Cubiertos": 30.0, "Antiguedad": 5.0, "Descripcion_Breve": "Colegiales. Sobre av f lacroze 3500. A metros de av álvarez thomas excelente monoambiente contra frente con balcón vista abierta muy buen estado . Edificio con parrilla sumo duchas", "Visitas_Count": 720.0, "Visto_Estado": "Visto", "Fecha_Publicacion": null, "Inmobiliaria": null, "lat": -34.5804081, "lon": -58.4507058, "Barrio_Geo": "Colegiales", "snap_warning": false, "distancia_m_gym": 913, "cant_gym": 8, "distancia_m_subte": 814, "cant_subte": 4, "distancia_m_parque": 779, "cant_parque": 4, "distancia_m_plaza": 604, "cant_plaza": 14, "costo_total": 670000, "dist_verde_final": 604, "apto_scoring": true, "segmento": "sin_datos", "costo_total_norm": 63.373493975903614, "distancia_m_subte_norm": 57.626236335242062, "dist_verde_final_norm": 45.974955277280863, "distancia_m_gym_norm": 49.390243902439025, "Score": 56.771283936634134, "REVISION": null, "FECHA_DETECCION": "2026-02-22" }, "geometry": { "type": "Point", "coordinates": [ -58.4507058, -34.5804081 ] } },
{ "type": "Feature", "properties": { "Portal": "argenprop", "Barrio": "Belgrano", "Tipo": "Departamento", "Titulo": "AMPLIO Y LUMINOSO DEPARTAMENTO DE DOS AMBIENTES, FRENTE, CON BALCON VISTA A LA CIUDAD, IMPECABLE", "Precio": 650000, "Expensas": 145000.0, "Direccion": "Ciudad De La Paz 700, Piso 5", "Metros_Totales": null, "Ambientes": 2.0, "Dormitorios": 1.0, "Baños": 1.0, "URL": "https://www.argenprop.com/departamento-en-alquiler-en-belgrano-2-ambientes--10430860", "Bajo_Precio": null, "Cocheras": 0, "Etiqueta_Destacado": null, "Porcentaje_Rebaja": null, "Metros_Cubiertos": 3550.0, "Antiguedad": null, "Descripcion_Breve": "Impecable departamento al frente de dos ambientes, luminoso, balcon corrido con una amplia vista a la ciudad. Nota: “las medidas son aproximadas y orientativas. Las medidas exactas surgirían del título de propiedad\" sigma propiedades ® consultora - inmobiliaria - estudio jurídico telef: /2116 - wpp: lunes a viernes 9:30 a 12:30 y 15:00 a 18:00 titular: adrián giménez mat. Cucicba nro: 2682", "Visitas_Count": 200.0, "Visto_Estado": "Visto", "Fecha_Publicacion": null, "Inmobiliaria": null, "lat": -34.5715929, "lon": -58.4458255, "Barrio_Geo": "Colegiales", "snap_warning": false, "distancia_m_gym": 251, "cant_gym": 12, "distancia_m_subte": 202, "cant_subte": 5, "distancia_m_parque": 543, "cant_parque": 4, "distancia_m_plaza": 480, "cant_plaza": 16, "costo_total": 795000, "dist_verde_final": 480, "apto_scoring": true, "segmento": "2amb", "costo_total_norm": 53.456221198156683, "distancia_m_subte_norm": 89.312169312169317, "dist_verde_final_norm": 54.066985645933016, "distancia_m_gym_norm": 87.154554759467757, "Score": 67.704991878046854, "REVISION": "DESCARTADO", "FECHA_DETECCION": "2026-03-09" }, "geometry": { "type": "Point", "coordinates": [ -58.4458255, -34.5715929 ] } },
{ "type": "Feature", "properties": { "Portal": "argenprop", "Barrio": "Belgrano", "Tipo": "Departamento", "Titulo": "EXCELENTE 2 AMBIENTES EN BELGRANO R", "Precio": 700000, "Expensas": 78000.0, "Direccion": "Av Cramer 1900, Piso 4", "Metros_Totales": null, "Ambientes": 2.0, "Dormitorios": 1.0, "Baños": null, "URL": "https://www.argenprop.com/departamento-en-alquiler-en-belgrano-r-2-ambientes--18947271", "Bajo_Precio": null, "Cocheras": 0, "Etiqueta_Destacado": null, "Porcentaje_Rebaja": null, "Metros_Cubiertos": 49.0, "Antiguedad": 50.0, "Descripcion_Breve": "Departamento de 2 ambientes en alquiler - belgrano r excelente oportunidad sobre av. Cramer al 1900, en una de las zonas más buscadas y conectadas del barrio. Esta unidad destaca por su excepcional luminosidad natural y el impecable estado de sus terminaciones. Características principales: ambientes: living-comedor de generosas dimensiones con salida a balcón, orientado para aprovechar la luz del sol durante gran parte del día. Interiores: pisos de parquet recientemente pulidos y plastificados en toda la superficie social y privada. Dormitorio: cuenta con un amplio ventanal y un generoso placard de pared a pared con baulera superior, optimizando el espacio de guardado. Cocina independiente: funcional, con ventilación natural, mobiliario bajo mesada y cocina a gas en perfecto estado. Baño: completo, con bañera, bidet y revestimientos cerámicos. El departamento se entrega con equipo de aire acondicionado instalado y cuenta con una distribución que garantiza privacidad y confort térmico. Ubicación estratégica a pasos de centros comerciales, polos gastronómicos y diversos medios de transporte. Requisitos 1 mes de adleanto 1 mes de deposito garantia caba o seguro de caucion ingresos que tripliquen el valor del alquiler ajustes trimestral por ipc se acepta mascota pequeña", "Visitas_Count": 501.0, "Visto_Estado": "Visto", "Fecha_Publicacion": null, "Inmobiliaria": null, "lat": -34.5669946, "lon": -58.4597695, "Barrio_Geo": "Belgrano", "snap_warning": false, "distancia_m_gym": 519, "cant_gym": 8, "distancia_m_subte": 776, "cant_subte": 4, "distancia_m_parque": 1138, "cant_parque": 1, "distancia_m_plaza": 679, "cant_plaza": 18, "costo_total": 778000, "dist_verde_final": 679, "apto_scoring": true, "segmento": "2amb", "costo_total_norm": 56.589861751152078, "distancia_m_subte_norm": 58.941798941798936, "dist_verde_final_norm": 35.023923444976077, "distancia_m_gym_norm": 73.439099283520989, "Score": 54.667179000347822, "REVISION": "DESCARTADO", "FECHA_DETECCION": "2026-03-09" }, "geometry": { "type": "Point", "coordinates": [ -58.4597695, -34.5669946 ] } },
{ "type": "Feature", "properties": { "Portal": "argenprop", "Barrio": "Belgrano", "Tipo": "Departamento", "Titulo": "Excelente Monoambiente en L con Amenities", "Precio": 700000, "Expensas": 143200.0, "Direccion": "Antonio José De Sucre 2545 , Piso 3", "Metros_Totales": null, "Ambientes": null, "Dormitorios": null, "Baños": 1.0, "URL": "https://www.argenprop.com/departamento-en-alquiler-en-belgrano-1-ambiente--18670606", "Bajo_Precio": null, "Cocheras": 0, "Etiqueta_Destacado": null, "Porcentaje_Rebaja": null, "Metros_Cubiertos": 33.0, "Antiguedad": 12.0, "Descripcion_Breve": "Muy buen monoambiente en l, ubicado en el contrafrente con vista abierta a un amplio pulmón de manzana, lo que garantiza tranquilidad y muy buena luminosidad. El departamento cuenta con aire acondicionado frío-calor, cocina integrada y baño completo. Se encuentra en estado impecable y es apto profesional. El edificio ofrece excelentes amenities: solarium parrillas laundry ubicado en una zona residencial privilegiada, a solo una cuadra y media de av. Cabildo, con cercanía a múltiples medios de transporte, comercios y servicios. Detalles de la propiedad: superficie total: 35 m² superficie cubierta: 33 m² ambiente: 1 dormitorio: 1 baño: 1 antigüedad: 12 años expensas: $143.200 ideal para vivienda o uso profesional.", "Visitas_Count": 500.0, "Visto_Estado": "Visto", "Fecha_Publicacion": null, "Inmobiliaria": null, "lat": -34.5646144, "lon": -58.4565548, "Barrio_Geo": "Belgrano", "snap_warning": false, "distancia_m_gym": 110, "cant_gym": 8, "distancia_m_subte": 368, "cant_subte": 4, "distancia_m_parque": 1051, "cant_parque": 1, "distancia_m_plaza": 351, "cant_plaza": 14, "costo_total": 843200, "dist_verde_final": 351, "apto_scoring": true, "segmento": "sin_datos", "costo_total_norm": 21.638554216867462, "distancia_m_subte_norm": 80.84331077563769, "dist_verde_final_norm": 68.604651162790702, "distancia_m_gym_norm": 93.902439024390247, "Score": 56.019589054435457, "REVISION": null, "FECHA_DETECCION": "2026-02-16" }, "geometry": { "type": "Point", "coordinates": [ -58.4565548, -34.5646144 ] } },
{ "type": "Feature", "properties": { "Portal": "argenprop", "Barrio": "Belgrano", "Tipo": "Departamento", "Titulo": "Monoambiente a estrenar, Alquiler Belgrano.", "Precio": 650000, "Expensas": 191272.0, "Direccion": "Vidal 1900, Piso 5", "Metros_Totales": null, "Ambientes": null, "Dormitorios": null, "Baños": 1.0, "URL": "https://www.argenprop.com/departamento-en-alquiler-en-belgrano-1-ambiente--19116820", "Bajo_Precio": null, "Cocheras": 0, "Etiqueta_Destacado": null, "Porcentaje_Rebaja": null, "Metros_Cubiertos": 33.0, "Antiguedad": 0.0, "Descripcion_Breve": "[Mel-13765] guardia sábado y domingo de 15 a 19 hs. Excelente monoambiente funcional y luminoso en edificio a estrenar. Cocina integrada, aire acondicionado, luminarias, cortinas blackout y baño completo. Laundry y sum en subsuelo. Confort y diseño en un solo espacio. Requisitos: ingresos comprobables que tripliquen el valor del alquiler. Garantía propietaria de caba o seguro de caución. Contrato por 2 años. Ajuste trimestral por ipc. Para el ingreso: mes de adelanto y mes de depósito. Mascotas a evaluar. Ambientes: monoambiente (6.1x3) servicios: cloacas otros servicios: sum mel, 50 años concretando sueños nota importante/relevante: las descripciones, fotos, medidas del inmueble, precios, valores de expensas, impuestos y servicios son aproximados y meramente orientativos, y no obligan contractualmente a mel propiedades srl ni resultan vinculantes. Matriculados: julia mel matricula nº 52 maría eva parada matricula nº 251 raúl mel matricula nº 883", "Visitas_Count": 373.0, "Visto_Estado": "Visto", "Fecha_Publicacion": null, "Inmobiliaria": null, "lat": -34.5660351, "lon": -58.4588619, "Barrio_Geo": "Belgrano", "snap_warning": false, "distancia_m_gym": 412, "cant_gym": 8, "distancia_m_subte": 669, "cant_subte": 4, "distancia_m_parque": 1036, "cant_parque": 1, "distancia_m_plaza": 587, "cant_plaza": 16, "costo_total": 841272, "dist_verde_final": 587, "apto_scoring": true, "segmento": "sin_datos", "costo_total_norm": 22.10313253012049, "distancia_m_subte_norm": 65.174388339406562, "dist_verde_final_norm": 47.495527728085861, "distancia_m_gym_norm": 77.161862527716181, "Score": 45.608861312258952, "REVISION": null, "FECHA_DETECCION": "2026-02-16" }, "geometry": { "type": "Point", "coordinates": [ -58.4588619, -34.5660351 ] } },
{ "type": "Feature", "properties": { "Portal": "argenprop", "Barrio": "Belgrano", "Tipo": "Departamento", "Titulo": "Monoambiente con balcón y excelente ubicación", "Precio": 600000, "Expensas": 100000.0, "Direccion": "Amenábar 3100, Piso 4", "Metros_Totales": null, "Ambientes": null, "Dormitorios": null, "Baños": 1.0, "URL": "https://www.argenprop.com/departamento-en-alquiler-en-belgrano-1-ambiente--19132644", "Bajo_Precio": null, "Cocheras": 0, "Etiqueta_Destacado": null, "Porcentaje_Rebaja": null, "Metros_Cubiertos": 23.0, "Antiguedad": null, "Descripcion_Breve": "Ubicado en el 4 piso al frente, este comodísimo monoambiente divido muy lumínico, cuenta con un amplio balcón al frente con hermosas vistas verdes, baño completo, split frio/calor, cocina integrada y un gran placar. Zonas cercanas: esta propiedad se encuentra en una zonas mas cómodas de belgrano, con acceso fáciles a todos los medios de transporte. A dos cuadras de av. Cabido, subte linea d. A 6 cuadra de o' higgins, estación de tren linea mitre. Múltiples líneas de colectivos. Requisitos: - garantía propietaria de capital o de provincia de buenos aires. - Demostración de ingresos. No trabajamos con seguro de caucion", "Visitas_Count": 250.0, "Visto_Estado": "Visto", "Fecha_Publicacion": null, "Inmobiliaria": null, "lat": -34.5546382, "lon": -58.4664181, "Barrio_Geo": "Nuñez", "snap_warning": false, "distancia_m_gym": 784, "cant_gym": 7, "distancia_m_subte": 470, "cant_subte": 3, "distancia_m_parque": 1640, "cant_parque": 2, "distancia_m_plaza": 775, "cant_plaza": 14, "costo_total": 700000, "dist_verde_final": 775, "apto_scoring": true, "segmento": "sin_datos", "costo_total_norm": 56.144578313253014, "distancia_m_subte_norm": 75.533576262363354, "dist_verde_final_norm": 30.679785330948121, "distancia_m_gym_norm": 56.541019955654107, "Score": 56.907963265765254, "REVISION": null, "FECHA_DETECCION": "2026-03-09" }, "geometry": { "type": "Point", "coordinates": [ -58.4664181, -34.5546382 ] } },
{ "type": "Feature", "properties": { "Portal": "argenprop", "Barrio": "Belgrano", "Tipo": "Departamento", "Titulo": "Alquiler de depto 2 ambientes en Belgrano", "Precio": 506000, "Expensas": 240000.0, "Direccion": "SANTOS DUMONT 2400, Piso 2", "Metros_Totales": null, "Ambientes": 2.0, "Dormitorios": 1.0, "Baños": null, "URL": "https://www.argenprop.com/departamento-en-alquiler-en-belgrano-2-ambientes--18212643", "Bajo_Precio": null, "Cocheras": 0, "Etiqueta_Destacado": null, "Porcentaje_Rebaja": null, "Metros_Cubiertos": 32.0, "Antiguedad": 47.0, "Descripcion_Breve": "Sup total: 33.87 m2 excelente 2 ambientes. A media cuadra de avda. Cabildo, metrobus, subte línea d, variedad de rubros de comerciales. Living comedor con balcón francés. Dormitorio con placard. Pisos de parquet. Cocina independiente. Baño completo, ambos reciclados. Impecable estado de presentación. Es apto para profesionales. El edificio cuenta con grupo electrógeno, vigilancia, 2 porteros y llave electrónica de acceso. El valor de las expensas incluye aysa. Las medidas parciales, totales y de cada ambiente y la antigüedad del edificio expuestas aquí, en mails y whatsapp enviados, en nuestra web y demás sitios de publicación, son aproximados y al solo efecto orientativo; el monto expresado de expensas puede sufrir modificaciones importantes producto del crecimiento inflacionario. Dichas situaciones deberán ser confirmadas por la persona interesada con la documentación correspondiente, sin que ello comprometa contractualmente a cabildo 500 y a su matriculado. Las fotos no son vinculantes ni contractuales. Accesible. Para los casos de alquiler de vivienda, el monto máximo de comisión que se le puede requerir a los propietarios será el equivalente al cuatro con quince centésimos por ciento (4,15%) del valor total del respectivo contrato. Se encuentra prohibido cobrar a los inquilinos que sean personas físicas comisiones inmobiliarias y gastos de gestoría de informes. Matrícula 4285 ç propietario busca comprar depto 2 amb en palermo, belgrano. U$s 70 mil", "Visitas_Count": 200.0, "Visto_Estado": "Visto", "Fecha_Publicacion": null, "Inmobiliaria": null, "lat": -34.5735325, "lon": -58.4384687, "Barrio_Geo": "Palermo", "snap_warning": false, "distancia_m_gym": 894, "cant_gym": 14, "distancia_m_subte": 402, "cant_subte": 5, "distancia_m_parque": 1400, "cant_parque": 4, "distancia_m_plaza": 781, "cant_plaza": 15, "costo_total": 746000, "dist_verde_final": 781, "apto_scoring": true, "segmento": "2amb", "costo_total_norm": 62.488479262672811, "distancia_m_subte_norm": 78.730158730158735, "dist_verde_final_norm": 25.26315789473685, "distancia_m_gym_norm": 54.247697031729786, "Score": 59.091840606237092, "REVISION": "INTERES", "FECHA_DETECCION": "2026-03-09" }, "geometry": { "type": "Point", "coordinates": [ -58.4384687, -34.5735325 ] } },
{ "type": "Feature", "properties": { "Portal": "argenprop", "Barrio": "Belgrano", "Tipo": "Departamento", "Titulo": "BELGRANO ALQUILER-Amplio monoambientes al frente con balcón a mts plaza.", "Precio": 650000, "Expensas": 207322.0, "Direccion": "M Ugarte 1900, Piso 5", "Metros_Totales": null, "Ambientes": null, "Dormitorios": null, "Baños": 1.0, "URL": "https://www.argenprop.com/departamento-en-alquiler-en-belgrano--8431848", "Bajo_Precio": null, "Cocheras": 0, "Etiqueta_Destacado": null, "Porcentaje_Rebaja": null, "Metros_Cubiertos": 38.0, "Antiguedad": 8.0, "Descripcion_Breve": "Al frente con balcón corrido mono ambiente muy amplio cocina semi integrada .- Lujoso hall de entrada. Revestimientos cerámicos en piso y pared de primera calidad. Artefactos y griferías con cierre céramico de primera calidad. Muebles de cocina completos con mesada de granito. Carpinterías exteriores con hojas de aluminio. Frentes de placard corredizos con guía de aluminio e interiores completos. Instalación de agua caliente y calefacción central. Contrato 24 meses.Ajuste trimestral por ipc (indice precio al consumidor del indec) el locatario deberá justificar ingresos ( recibo de sueldo) y presentar un garante propietario con inmueble en caba, preferentemente familiar directo o seguro de caución. Para los casos de alquiler de vivienda en caba el monto máximo de comisión que se le puede requerir a los propietarios será el 4,15 % de valor total del respectivo contrato. Se encuentra prohibido cobrar a los inquilinos que sean personas físicas comisiones inmobiliarias. Consultas de lunes a viernes de 9 a 17 hs al o mensj al cucicba:matricula nº 72 eduardo j.Ambrosio", "Visitas_Count": 200.0, "Visto_Estado": "Visto", "Fecha_Publicacion": null, "Inmobiliaria": null, "lat": -34.553892, "lon": -58.456854, "Barrio_Geo": "Belgrano", "snap_warning": false, "distancia_m_gym": 881, "cant_gym": 8, "distancia_m_subte": 661, "cant_subte": 3, "distancia_m_parque": 1187, "cant_parque": 2, "distancia_m_plaza": 344, "cant_plaza": 13, "costo_total": 857322, "dist_verde_final": 344, "apto_scoring": true, "segmento": "sin_datos", "costo_total_norm": 18.235662650602407, "distancia_m_subte_norm": 65.590838105153566, "dist_verde_final_norm": 69.230769230769226, "distancia_m_gym_norm": 51.164079822616408, "Score": 45.934078320202524, "REVISION": null, "FECHA_DETECCION": "2026-03-09" }, "geometry": { "type": "Point", "coordinates": [ -58.456854, -34.553892 ] } },
{ "type": "Feature", "properties": { "Portal": "argenprop", "Barrio": "Belgrano", "Tipo": "Departamento", "Titulo": "DEPARTAMENTO 2 AMBIENTES - APTO PROFESIONAL - EXCELENTE UBICACIÓN", "Precio": 600000, "Expensas": 183000.0, "Direccion": "Juramento 2400, Piso 1", "Metros_Totales": null, "Ambientes": 2.0, "Dormitorios": 1.0, "Baños": null, "URL": "https://www.argenprop.com/departamento-en-alquiler-en-belgrano-2-ambientes--6375346", "Bajo_Precio": null, "Cocheras": 0, "Etiqueta_Destacado": null, "Porcentaje_Rebaja": null, "Metros_Cubiertos": 40.0, "Antiguedad": 40.0, "Descripcion_Breve": "Departamento de 2 ambientes interno, apto profesional, en ubicación estratégica a metros de av. Cabildo y juramento. Cuenta con living comedor, dormitorio con placard, cocina independiente, baño completo y lavadero. Pisos de parquet y puerta blindada. Medidas: living comedor: 3,20 x 4,00 m dormitorio: 3,20 x 3,00 m con placard cocina: 1,50 x 3,00 m superficie total: 40 m² las expensas incluyen el servicio de aysa. David peijovich propiedades c.U.C.I.C.B.A. Matrícula nº 5078 \"para los casos de alquiler de vivienda, el monto máximo de comisión que se le puede requerir a los propietarios será el equivalente al cuatro con quince centésimos por ciento (4,15%) del valor total del respectivo contrato. Se encuentra prohibido cobrar a los inquilinos que sean personas físicas comisiones inmobiliarias y gastos de gestoría de informes\". Inmueble no accesible para personas con discapacidad física ley 5115.", "Visitas_Count": 55.0, "Visto_Estado": "Visto", "Fecha_Publicacion": null, "Inmobiliaria": null, "lat": -34.5622643, "lon": -58.4568024, "Barrio_Geo": "Belgrano", "snap_warning": false, "distancia_m_gym": 242, "cant_gym": 8, "distancia_m_subte": 0, "cant_subte": 4, "distancia_m_parque": 1419, "cant_parque": 1, "distancia_m_plaza": 108, "cant_plaza": 13, "costo_total": 783000, "dist_verde_final": 108, "apto_scoring": true, "segmento": "2amb", "costo_total_norm": 55.668202764976961, "distancia_m_subte_norm": 100.0, "dist_verde_final_norm": 89.665071770334933, "distancia_m_gym_norm": 87.615148413510752, "Score": 78.961810301408846, "REVISION": null, "FECHA_DETECCION": "2026-03-01" }, "geometry": { "type": "Point", "coordinates": [ -58.4568024, -34.5622643 ] } },
{ "type": "Feature", "properties": { "Portal": "argenprop", "Barrio": "Belgrano", "Tipo": "Departamento", "Titulo": "2 ambientes 2do por escalera , bjas expensas", "Precio": 700000, "Expensas": 85000.0, "Direccion": "Crámer 2800, Piso 2", "Metros_Totales": null, "Ambientes": 2.0, "Dormitorios": 1.0, "Baños": null, "URL": "https://www.argenprop.com/departamento-en-alquiler-en-belgrano-r-2-ambientes--19181968", "Bajo_Precio": null, "Cocheras": 0, "Etiqueta_Destacado": null, "Porcentaje_Rebaja": null, "Metros_Cubiertos": 38.0, "Antiguedad": 50.0, "Descripcion_Breve": "A solo 4 de av cabildo subte \"d\" y el metrobus 2 ambientes bajas expensas 2do piso por escalera lateral muy luminoso", "Visitas_Count": 147.0, "Visto_Estado": "Visto", "Fecha_Publicacion": null, "Inmobiliaria": null, "lat": -34.5584922, "lon": -58.4665374, "Barrio_Geo": "Belgrano", "snap_warning": false, "distancia_m_gym": 707, "cant_gym": 4, "distancia_m_subte": 604, "cant_subte": 3, "distancia_m_parque": 1731, "cant_parque": 1, "distancia_m_plaza": 969, "cant_plaza": 17, "costo_total": 785000, "dist_verde_final": 969, "apto_scoring": true, "segmento": "2amb", "costo_total_norm": 55.299539170506911, "distancia_m_subte_norm": 68.042328042328052, "dist_verde_final_norm": 7.2727272727272805, "distancia_m_gym_norm": 63.817809621289662, "Score": 50.368840497575597, "REVISION": null, "FECHA_DETECCION": "2026-03-09" }, "geometry": { "type": "Point", "coordinates": [ -58.4665374, -34.5584922 ] } },
{ "type": "Feature", "properties": { "Portal": "argenprop", "Barrio": "Belgrano", "Tipo": "Departamento", "Titulo": "Av. Libertador al 5500 y José Hernández, Belgrano Barrancas. Amoblado y Equipado. Planta baja. Monoambiente Interno. Reciclado. 23 m2. Terraza común del edificio. Bajas expensas", "Precio": 490000, "Expensas": 65700.0, "Direccion": "Av. del Libertador 5500, Piso PB", "Metros_Totales": null, "Ambientes": null, "Dormitorios": null, "Baños": 1.0, "URL": "https://www.argenprop.com/departamento-en-alquiler-en-belgrano-barrancas-1-ambiente--12551161", "Bajo_Precio": null, "Cocheras": 0, "Etiqueta_Destacado": null, "Porcentaje_Rebaja": null, "Metros_Cubiertos": 23.0, "Antiguedad": 60.0, "Descripcion_Breve": "Av. Del libertador al 5500 y josé hernández, entre josé hernández y virrey del pino, belgrano. Barrancas de belgrano. Ver video. Planta baja. Monoambiente. Interno. Recién reciclado y pintado. Superficie total y cubierta 23 m2. Techos altos, no es caluroso. Pisos de parquet. Ambiente con placard muy grande, y amplio ventanal con balcón francés y salida al patio del edificio. Baño reciclado. Cocina también reciclada, chica. Tiene gas natural. Edificio de 23 unidades en total, planta baja y 2 pisos. Terraza muy grande del edificio de uso común con lavadero. No hay encargado viviendo en el edificio, viene alguien externo a limpiar. Antigüedad 60 años. Bajas expensas $65.700. Se alquila amoblado y equipado como se ve en las fotos. Lavarropas nuevo. No se alquila sin muebles. Alquiler $ 490,000 más expensas y servicios. Consultas y visitas (whatsapp). Zona muy segura. A 1 cuadra de la pampa. A 2 cuadras de barrancas de belgrano y de la estación belgrano del tren mitre. Muchas líneas de colectivos. Maximiliano sucksdorf servicios inmobiliarios - cucicba 8128 “ley 5859 - art. 5. Se encuentra prohibido cobrar comisiones inmobiliarias y gastos de gestoría de informes a los inquilinos que sean personas físicas. Para los casos de alquiler de vivienda, el monto máximo de comisión que se le puede requerir a los propietarios será el equivalente al cuatro con quince centésimos por ciento (4,15%) del valor total del respectivo contrato\".", "Visitas_Count": 120.0, "Visto_Estado": "Visto", "Fecha_Publicacion": null, "Inmobiliaria": null, "lat": -34.561876, "lon": -58.444125, "Barrio_Geo": "Belgrano", "snap_warning": false, "distancia_m_gym": 530, "cant_gym": 11, "distancia_m_subte": 888, "cant_subte": 3, "distancia_m_parque": 1426, "cant_parque": 2, "distancia_m_plaza": 105, "cant_plaza": 21, "costo_total": 555700, "dist_verde_final": 105, "apto_scoring": true, "segmento": "sin_datos", "costo_total_norm": 90.915662650602414, "distancia_m_subte_norm": 53.774076002082246, "dist_verde_final_norm": 90.608228980321996, "distancia_m_gym_norm": 70.620842572062088, "Score": 77.68221791413626, "REVISION": null, "FECHA_DETECCION": "2026-03-01" }, "geometry": { "type": "Point", "coordinates": [ -58.444125, -34.561876 ] } },
{ "type": "Feature", "properties": { "Portal": "argenprop", "Barrio": "Belgrano", "Tipo": "Departamento", "Titulo": "Departamento en alquiler en Belgrano con Laundry + Sum.", "Precio": 490000, "Expensas": 158238.0, "Direccion": "Superi 2500, Piso 6", "Metros_Totales": null, "Ambientes": null, "Dormitorios": null, "Baños": 1.0, "URL": "https://www.argenprop.com/departamento-en-alquiler-en-belgrano-1-ambiente--19010389", "Bajo_Precio": null, "Cocheras": 0, "Etiqueta_Destacado": null, "Porcentaje_Rebaja": null, "Metros_Cubiertos": null, "Antiguedad": 20.0, "Descripcion_Breve": "Monoambiente al frente con balcón, muy luminoso. Presenta aire acondicionado, estufa y placard, agua caliente central. Cocina y baño completo. Con conexión para lavarropas. Laundry + sum. Expensas: $158238 (incluye aysa), agip $ 17208. Contrato a 2 años ajuste trimestral por ipc el futuro locatario deberá presentar recibo de sueldo acorde al valor locativo a pagar y un garante familiar directo propietario y con recibo de sueldo no se aceptan mascotas consultas de lunes a viernes de 9 a 17 hs al o por msj al belta propiedades colegiados eduardo ambrosio matriculas 72 del colegio profesional inmobiliario ( cuciba)", "Visitas_Count": 100.0, "Visto_Estado": "Visto", "Fecha_Publicacion": null, "Inmobiliaria": null, "lat": -34.5643237, "lon": -58.4696029, "Barrio_Geo": "Coghlan", "snap_warning": false, "distancia_m_gym": 1005, "cant_gym": 3, "distancia_m_subte": 1500, "cant_subte": 3, "distancia_m_parque": 1643, "cant_parque": 1, "distancia_m_plaza": 228, "cant_plaza": 16, "costo_total": 648238, "dist_verde_final": 228, "apto_scoring": true, "segmento": "sin_datos", "costo_total_norm": 68.61734939759036, "distancia_m_subte_norm": 21.915668922436225, "dist_verde_final_norm": 79.606440071556349, "distancia_m_gym_norm": 44.290465631929045, "Score": 54.371975013271189, "REVISION": null, "FECHA_DETECCION": "2026-03-09" }, "geometry": { "type": "Point", "coordinates": [ -58.4696029, -34.5643237 ] } },
{ "type": "Feature", "properties": { "Portal": "argenprop", "Barrio": "Belgrano", "Tipo": "Departamento", "Titulo": "MONOAMBIENTE 41 m2 DIVISIBLE NUEVO DISEÑO BALCON FRENTE", "Precio": 600000, "Expensas": 120000.0, "Direccion": "Av Dr R Balbin 2300, Piso 6", "Metros_Totales": null, "Ambientes": null, "Dormitorios": null, "Baños": 1.0, "URL": "https://www.argenprop.com/departamento-en-alquiler-en-belgrano-r-1-ambiente--6116885", "Bajo_Precio": null, "Cocheras": 0, "Etiqueta_Destacado": null, "Porcentaje_Rebaja": null, "Metros_Cubiertos": 35.0, "Antiguedad": 12.0, "Descripcion_Breve": "Excelente monoambiente divisible todo al frente muy luminoso con balcón aterrazado de 3,60 x 1,80 sol buena vista. Aa frio calor ventanales con black out. Hall de entrada con placard baño completo cocina integrada equipada espacio para heladera grande mesada con hornallas eléctricas alacenas. Ambiente de 8 x 4,30. Casi esquina olazábal. 1 cuadra av. Crámer . 4 cuadras de plaza castelli ( estación tren belgrano r) zona residencial medios de transporte, colegios, zona gastronómica, supermercados. 6 cuadras av. Cabildo subte linea d. Contrato 2 años en pesos ipc abl electricidad visitas malvina mugica garante o seguro de caución", "Visitas_Count": 83.0, "Visto_Estado": "Visto", "Fecha_Publicacion": null, "Inmobiliaria": null, "lat": -34.5634198, "lon": -58.4640805, "Barrio_Geo": "Belgrano", "snap_warning": false, "distancia_m_gym": 781, "cant_gym": 5, "distancia_m_subte": 888, "cant_subte": 3, "distancia_m_parque": 1765, "cant_parque": 1, "distancia_m_plaza": 475, "cant_plaza": 17, "costo_total": 720000, "dist_verde_final": 475, "apto_scoring": true, "segmento": "sin_datos", "costo_total_norm": 51.325301204819276, "distancia_m_subte_norm": 53.774076002082246, "dist_verde_final_norm": 57.513416815742396, "distancia_m_gym_norm": 56.707317073170735, "Score": 53.835758353017937, "REVISION": null, "FECHA_DETECCION": "2026-02-16" }, "geometry": { "type": "Point", "coordinates": [ -58.4640805, -34.5634198 ] } },
{ "type": "Feature", "properties": { "Portal": "argenprop", "Barrio": "Belgrano", "Tipo": "Departamento", "Titulo": "APTO PROFESIONAL 2 AMBIENTES IMPECABLEA METROS BARRANCAS", "Precio": 700000, "Expensas": 130000.0, "Direccion": "Juramento 1900, Piso 7", "Metros_Totales": null, "Ambientes": 2.0, "Dormitorios": 1.0, "Baños": null, "URL": "https://www.argenprop.com/departamento-en-alquiler-en-belgrano-barrancas-2-ambientes--18712146", "Bajo_Precio": null, "Cocheras": 0, "Etiqueta_Destacado": null, "Porcentaje_Rebaja": null, "Metros_Cubiertos": 40.0, "Antiguedad": 50.0, "Descripcion_Breve": "Apto profesional, 2 ambientes lateral en torre muy luminoso, impecable estado, cocina y baño completos. Amplias medidas, pisos pulidos y plastificados, recien pintado. A metros de barrancas de belgrano/barrio chino, todos los medios de locomocion. Servicios individuales, calefon y placas radiantes. Contrato 24 meses con ajustes trimestrales por ipc/garantia familiar/demostracion de ingresos/mes de deposito/mes de aldelanto + expensas, servicios e impuestos. En caso de uso profesional el honorario sera del 5% + iva del montotoal del contrato para los casos de alquiler de vivienda, el monto máximo de comisión que se le puede requerir a los propietarios será el equivalente al cuatro con quince centésimos por ciento (4,15%) del valor total del respectivo contrato. Se encuentra prohibido cobrar a los inquilinos que sean personas físicas comisiones inmobiliarias y gastos de gestoría de informes", "Visitas_Count": 70.0, "Visto_Estado": "Visto", "Fecha_Publicacion": null, "Inmobiliaria": null, "lat": -34.5593599, "lon": -58.4519312, "Barrio_Geo": "Belgrano", "snap_warning": false, "distancia_m_gym": 91, "cant_gym": 11, "distancia_m_subte": 531, "cant_subte": 4, "distancia_m_parque": 1642, "cant_parque": 3, "distancia_m_plaza": 296, "cant_plaza": 20, "costo_total": 830000, "dist_verde_final": 296, "apto_scoring": true, "segmento": "2amb", "costo_total_norm": 47.004608294930875, "distancia_m_subte_norm": 71.904761904761898, "dist_verde_final_norm": 71.67464114832535, "distancia_m_gym_norm": 95.34288638689867, "Score": 64.242488757755865, "REVISION": null, "FECHA_DETECCION": "2026-03-01" }, "geometry": { "type": "Point", "coordinates": [ -58.4519312, -34.5593599 ] } },
{ "type": "Feature", "properties": { "Portal": "argenprop", "Barrio": "Belgrano", "Tipo": "Departamento", "Titulo": "EXCELENTE! LUMINOSO", "Precio": 700000, "Expensas": 240000.0, "Direccion": "Echeverria 2600, Piso 5", "Metros_Totales": null, "Ambientes": 2.0, "Dormitorios": 1.0, "Baños": 1.0, "URL": "https://www.argenprop.com/departamento-en-alquiler-en-belgrano-2-ambientes--19082198", "Bajo_Precio": null, "Cocheras": 0, "Etiqueta_Destacado": null, "Porcentaje_Rebaja": null, "Metros_Cubiertos": null, "Antiguedad": null, "Descripcion_Breve": "Echeverria 2680 - 5° \"a\" amplios 2 ambientes. Luminoso, al frente con balcón. Living comedor a balcón corrido. Dormitorio con placard. Baño completo. Amplia cocina independiente. Lavadero separado $700.000 + expensas $240.000 ajuste trimestral por ipc. Requisitos: garantia propietaria o por caución, nontala propiedades (comunicarse por whats)", "Visitas_Count": 720.0, "Visto_Estado": "Visto", "Fecha_Publicacion": null, "Inmobiliaria": null, "lat": -34.5641067, "lon": -58.4576205, "Barrio_Geo": "Belgrano", "snap_warning": false, "distancia_m_gym": 339, "cant_gym": 7, "distancia_m_subte": 340, "cant_subte": 4, "distancia_m_parque": 1120, "cant_parque": 1, "distancia_m_plaza": 258, "cant_plaza": 15, "costo_total": 940000, "dist_verde_final": 258, "apto_scoring": true, "segmento": "2amb", "costo_total_norm": 26.728110599078335, "distancia_m_subte_norm": 82.010582010582013, "dist_verde_final_norm": 75.311004784689004, "distancia_m_gym_norm": 82.650972364380749, "Score": 58.621717036181813, "REVISION": null, "FECHA_DETECCION": "2026-02-22" }, "geometry": { "type": "Point", "coordinates": [ -58.4576205, -34.5641067 ] } },
{ "type": "Feature", "properties": { "Portal": "argenprop", "Barrio": "Belgrano", "Tipo": "Departamento", "Titulo": "Departamento en alquiler en Belgrano", "Precio": 650000, "Expensas": 150000.0, "Direccion": "Av Rómulo Naon 2400, Piso 1", "Metros_Totales": null, "Ambientes": 2.0, "Dormitorios": 1.0, "Baños": 1.0, "URL": "https://www.argenprop.com/departamento-en-alquiler-en-belgrano-2-ambientes--18470827", "Bajo_Precio": null, "Cocheras": 0, "Etiqueta_Destacado": null, "Porcentaje_Rebaja": null, "Metros_Cubiertos": null, "Antiguedad": 15.0, "Descripcion_Breve": "Depto estilo loft 2 ambientes, luminoso. Piso primero, frente, dos baños, jacuzzi en la habitación, excelente ubicación, pileta y sum", "Visitas_Count": 720.0, "Visto_Estado": "Visto", "Fecha_Publicacion": null, "Inmobiliaria": null, "lat": -34.5674374, "lon": -58.4728136, "Barrio_Geo": "Villa Urquiza", "snap_warning": false, "distancia_m_gym": 1521, "cant_gym": 4, "distancia_m_subte": 1549, "cant_subte": 3, "distancia_m_parque": 1500, "cant_parque": 0, "distancia_m_plaza": 383, "cant_plaza": 16, "costo_total": 800000, "dist_verde_final": 383, "apto_scoring": true, "segmento": "2amb", "costo_total_norm": 52.534562211981566, "distancia_m_subte_norm": 18.042328042328037, "dist_verde_final_norm": 63.349282296650713, "distancia_m_gym_norm": 22.159672466734904, "Score": 41.312347003494672, "REVISION": null, "FECHA_DETECCION": "2026-03-09" }, "geometry": { "type": "Point", "coordinates": [ -58.4728136, -34.5674374 ] } },
{ "type": "Feature", "properties": { "Portal": "argenprop", "Barrio": "Belgrano", "Tipo": "Departamento", "Titulo": "1 Ámb de 43 m2 en Belgrano R", "Precio": 520000, "Expensas": 186000.0, "Direccion": "Avenida Cramer 2100, Piso 13", "Metros_Totales": null, "Ambientes": null, "Dormitorios": null, "Baños": 1.0, "URL": "https://www.argenprop.com/departamento-en-alquiler-en-belgrano-r-1-ambiente--18900889", "Bajo_Precio": null, "Cocheras": 0, "Etiqueta_Destacado": null, "Porcentaje_Rebaja": null, "Metros_Cubiertos": 37.0, "Antiguedad": 13.0, "Descripcion_Breve": "Monoambiente de 43 m2 sobre avenida cramer, contrafrente, muy luminoso, en perfecto estado de conservación. El.Edficio cuenta con laundry, sum y solárium. Requisitos. Mes de alquiler. Mes de deposito justificación de ingresos. Garantía de caba o seguro de caucion con confiar, o respaldar. Actualización trimestral. No se admiten mascotas, y solo apto para vivienda.", "Visitas_Count": 775.0, "Visto_Estado": "Visto", "Fecha_Publicacion": null, "Inmobiliaria": null, "lat": -34.5649418, "lon": -58.4613817, "Barrio_Geo": "Belgrano", "snap_warning": false, "distancia_m_gym": 762, "cant_gym": 7, "distancia_m_subte": 520, "cant_subte": 4, "distancia_m_parque": 1395, "cant_parque": 1, "distancia_m_plaza": 426, "cant_plaza": 18, "costo_total": 706000, "dist_verde_final": 426, "apto_scoring": true, "segmento": "sin_datos", "costo_total_norm": 54.69879518072289, "distancia_m_subte_norm": 72.930765226444564, "dist_verde_final_norm": 61.896243291592128, "distancia_m_gym_norm": 57.760532150776051, "Score": 61.914049513618551, "REVISION": null, "FECHA_DETECCION": "2026-03-01" }, "geometry": { "type": "Point", "coordinates": [ -58.4613817, -34.5649418 ] } },
{ "type": "Feature", "properties": { "Portal": "argenprop", "Barrio": "Belgrano", "Tipo": "Departamento", "Titulo": "Amoblado | Balcón Aterrazado | ALQUILER: $ 730.000 ó U$S 500. Expensas: $ 200.000.", "Precio": 730000, "Expensas": 200000.0, "Direccion": "Blanco Encalada 2900, Piso 5", "Metros_Totales": null, "Ambientes": null, "Dormitorios": null, "Baños": 1.0, "URL": "https://www.argenprop.com/departamento-en-alquiler-en-belgrano-1-ambiente--19001974", "Bajo_Precio": null, "Cocheras": 0, "Etiqueta_Destacado": null, "Porcentaje_Rebaja": null, "Metros_Cubiertos": 42.0, "Antiguedad": 18.0, "Descripcion_Breve": "Amoblado. Recién pintado. Aire acondicionado frío - calor. Balcón aterrazado piso 5° contrafrente muy luminoso y silencioso vista abierta. Cocina americana lavadero incorporado agua caliente central. Alquiler: $ 730.000 ó u$s 500 expensas: $ 200.000 medidas: -balcón aterrazado: 3,00 x 2,00 m -ambiente: 8,50 x 3,00 m síguenos en instagram: @arguellesasociadosinmobiliaria", "Visitas_Count": 7835.0, "Visto_Estado": "Visto", "Fecha_Publicacion": null, "Inmobiliaria": null, "lat": -34.56138, "lon": -58.4629031, "Barrio_Geo": "Belgrano", "snap_warning": false, "distancia_m_gym": 430, "cant_gym": 7, "distancia_m_subte": 793, "cant_subte": 3, "distancia_m_parque": 1676, "cant_parque": 1, "distancia_m_plaza": 453, "cant_plaza": 16, "costo_total": 930000, "dist_verde_final": 453, "apto_scoring": true, "segmento": "sin_datos", "costo_total_norm": 0.72289156626506212, "distancia_m_subte_norm": 58.719416970327956, "dist_verde_final_norm": 59.481216457960642, "distancia_m_gym_norm": 76.164079822616401, "Score": 37.417632991458177, "REVISION": null, "FECHA_DETECCION": "2026-02-16" }, "geometry": { "type": "Point", "coordinates": [ -58.4629031, -34.56138 ] } },
{ "type": "Feature", "properties": { "Portal": "argenprop", "Barrio": "Coghlan", "Tipo": "Departamento", "Titulo": "DEPARTAMENTO MELIAN Y MONROE AMBIENTE EXCELENTE EQUIPAMIENTO Y AMOBLADO FUNCIONAL", "Precio": 695000, "Expensas": 95000.0, "Direccion": "Avenida Melián 2400, Piso 1", "Metros_Totales": null, "Ambientes": null, "Dormitorios": 1.0, "Baños": null, "URL": "https://www.argenprop.com/departamento-en-alquiler-en-coghlan-1-ambiente--17950403", "Bajo_Precio": null, "Cocheras": 0, "Etiqueta_Destacado": null, "Porcentaje_Rebaja": null, "Metros_Cubiertos": 20.0, "Antiguedad": null, "Descripcion_Breve": "Ambiente amoblado funcionalmente cocina y baño reciclado vista a la calle esquina av. Monroe", "Visitas_Count": 32.0, "Visto_Estado": "Visto", "Fecha_Publicacion": null, "Inmobiliaria": null, "lat": -34.566244, "lon": -58.4705111, "Barrio_Geo": "Belgrano", "snap_warning": false, "distancia_m_gym": 1332, "cant_gym": 4, "distancia_m_subte": 1609, "cant_subte": 4, "distancia_m_parque": 1971, "cant_parque": 1, "distancia_m_plaza": 268, "cant_plaza": 15, "costo_total": 790000, "dist_verde_final": 268, "apto_scoring": true, "segmento": "sin_datos", "costo_total_norm": 34.4578313253012, "distancia_m_subte_norm": 16.24154086413327, "dist_verde_final_norm": 76.028622540250453, "distancia_m_gym_norm": 26.164079822616401, "Score": 36.477727279672195, "REVISION": null, "FECHA_DETECCION": "2026-03-01" }, "geometry": { "type": "Point", "coordinates": [ -58.4705111, -34.566244 ] } },
{ "type": "Feature", "properties": { "Portal": "argenprop", "Barrio": "Colegiales", "Tipo": "Departamento", "Titulo": "Alquiler de 2 ambientes con patio en PB! - Colegiales", "Precio": 700000, "Expensas": 150000.0, "Direccion": "Conesa 700", "Metros_Totales": null, "Ambientes": 2.0, "Dormitorios": 1.0, "Baños": null, "URL": "https://www.argenprop.com/departamento-en-alquiler-en-colegiales-2-ambientes--18947234", "Bajo_Precio": null, "Cocheras": 0, "Etiqueta_Destacado": null, "Porcentaje_Rebaja": null, "Metros_Cubiertos": 46.0, "Antiguedad": 40.0, "Descripcion_Breve": "Hermoso 2 amb en pb en inmejorable ubicacion! Conesa entre la av. Federico lacroze y teodoro garcía excelente ubicación sobre la calle conesa, a paso de la av. Federico lacroze, a 1 cuadra de la av. Crámer, a 5 cuadras de la av. Cabildo y a 5 cuadras de la av. Álvarez thomas. De muy fácil acceso por su cercanía a múltiples avenidas, y a solo 5 cuadras del subte líena d - estación olleros gran 2 ambientes cuenta con: - living comedor - cocina separada reciclada con artefacto de cocina a gas - habitación con buen placard - baño completo - patio interno con cerramiento para lavadero/espacio de guardado - no abona abl! - Apto mascota disponible", "Visitas_Count": 0.0, "Visto_Estado": "Visto", "Fecha_Publicacion": null, "Inmobiliaria": null, "lat": -34.5748554, "lon": -58.4479629, "Barrio_Geo": "Colegiales", "snap_warning": false, "distancia_m_gym": 345, "cant_gym": 11, "distancia_m_subte": 601, "cant_subte": 4, "distancia_m_parque": 638, "cant_parque": 3, "distancia_m_plaza": 321, "cant_plaza": 19, "costo_total": 850000, "dist_verde_final": 321, "apto_scoring": true, "segmento": "2amb", "costo_total_norm": 43.317972350230413, "distancia_m_subte_norm": 68.201058201058203, "dist_verde_final_norm": 69.282296650717697, "distancia_m_gym_norm": 82.343909928352105, "Score": 59.878356723388372, "REVISION": null, "FECHA_DETECCION": "2026-03-01" }, "geometry": { "type": "Point", "coordinates": [ -58.4479629, -34.5748554 ] } },
{ "type": "Feature", "properties": { "Portal": "argenprop", "Barrio": "Palermo", "Tipo": "Departamento", "Titulo": "Monoambiente Premium en Palermo – Balcón, Caldera Dual, Radiadores, Dvh, Pileta", "Precio": 770000, "Expensas": 163000.0, "Direccion": "Guatemala 5000, Piso 3", "Metros_Totales": null, "Ambientes": null, "Dormitorios": 1.0, "Baños": null, "URL": "https://www.argenprop.com/departamento-en-alquiler-en-palermo-soho-1-ambiente--19109771", "Bajo_Precio": null, "Cocheras": 0, "Etiqueta_Destacado": null, "Porcentaje_Rebaja": null, "Metros_Cubiertos": 34.0, "Antiguedad": 15.0, "Descripcion_Breve": "Monoambiente moderno y funcional, recién pintado y en excelente estado, ubicado en una de las mejores zonas de palermo, sobre cuadra tranquila y a pasos de todo: gastronomía, transporte, comercios y espacios verdes. Video completo:x3j_bpgk1gc?Feature=share edificio de 15 años de antigüedad, muy bien mantenido. El departamento se destaca por su calidad constructiva, confort térmico y detalles de diseño, ideal para quien busca vivir cómodo todo el año. Cuenta con 34 m² cubiertos + 5 m² de balcón, con excelente luz natural. Piso 3 con una vista abierta espectacular, hacia una manzana de construcciones bajas. La climatización es uno de sus grandes diferenciales: caldera dual para agua caliente y calefacción por radiadores (dos radiadores + toallero), con termostato inalámbrico programable, lo que permite regular fácilmente la temperatura y optimizar el consumo. Aberturas de doble vidrio hermético (dvh) con marco de pvc, que brindan aislamiento acústico y térmico. Puerta blindada con cerradura biométrica para mayor seguridad. El baño es amplio, con espejo con luz led y excelente iluminación. Posee además detector de monóxido de carbono. Balcón con plantas colgantes y enredadera, con sistema de riego automático, generando un espacio verde muy agradable. Se entrega con cortina roller doble (blackout + translúcida) ya encargada. Edificio moderno con pileta y sum con parrilla. Tiene tanto reja en la entrada como cerradura electrónica para máxima seguridad. Disponible para ingresar inmediatamente. Una opción ideal para quienes valoran el confort, la eficiencia y una ubicación privilegiada. Características • 34 m² cubiertos • 5 m² balcón • caldera dual • radiadores + toallero • termostato inalámbrico • aire acondicionado • aberturas dvh pvc • puerta blindada con cerradura biométrica • detector de monóxido • espejo led en baño • cortina roller doble instalada • balcón con riego automático • edificio con pileta y sum con parrilla requisitos de entrada • contrato tradicional (24 meses) • en pesos con ajuste trimestral según ipc caba o en usd con ajuste anual ipc usa • seguro de caución o garantía propietaria • ingresos comprobables • mes de alquiler adelantado • depósito en garantía", "Visitas_Count": 4739.0, "Visto_Estado": "Visto", "Fecha_Publicacion": null, "Inmobiliaria": null, "lat": -34.5842966, "lon": -58.4271856, "Barrio_Geo": "Palermo", "snap_warning": false, "distancia_m_gym": 262, "cant_gym": 15, "distancia_m_subte": 682, "cant_subte": 5, "distancia_m_parque": 333, "cant_parque": 3, "distancia_m_plaza": 361, "cant_plaza": 16, "costo_total": 933000, "dist_verde_final": 333, "apto_scoring": true, "segmento": "sin_datos", "costo_total_norm": 0.0, "distancia_m_subte_norm": 64.497657470067679, "dist_verde_final_norm": 70.21466905187836, "distancia_m_gym_norm": 85.476718403547665, "Score": 41.939902891750741, "REVISION": null, "FECHA_DETECCION": "2026-03-01" }, "geometry": { "type": "Point", "coordinates": [ -58.4271856, -34.5842966 ] } },
{ "type": "Feature", "properties": { "Portal": "cabaprop", "Barrio": "Belgrano", "Tipo": "Departamento", "Titulo": "Alquiler Departamento 2 Ambientes Belgrano Zona Barrancas", "Precio": 700000, "Expensas": 170000.0, "Direccion": "11 de Septiembre de 1888 al 1900", "Metros_Totales": 38.0, "Ambientes": 2.0, "Dormitorios": 1.0, "Baños": 1.0, "URL": "https://cabaprop.com.ar/propiedad/699e7ba376238456d4b81257/Alquiler-Departamento-2-Ambientes-Belgrano-Zona-Barrancas", "Bajo_Precio": null, "Cocheras": 0, "Etiqueta_Destacado": null, "Porcentaje_Rebaja": null, "Metros_Cubiertos": 38.0, "Antiguedad": null, "Descripcion_Breve": null, "Visitas_Count": null, "Visto_Estado": null, "Fecha_Publicacion": "25/2/2026", "Inmobiliaria": "Premium Brokers S.A.S.", "lat": -34.553638, "lon": -58.4554431, "Barrio_Geo": "Belgrano", "snap_warning": false, "distancia_m_gym": 824, "cant_gym": 8, "distancia_m_subte": 775, "cant_subte": 3, "distancia_m_parque": 1072, "cant_parque": 2, "distancia_m_plaza": 454, "cant_plaza": 13, "costo_total": 870000, "dist_verde_final": 454, "apto_scoring": true, "segmento": "2amb", "costo_total_norm": 39.63133640552995, "distancia_m_subte_norm": 58.994708994708994, "dist_verde_final_norm": 56.555023923444978, "distancia_m_gym_norm": 57.830092118730811, "Score": 50.64496125718675, "REVISION": null, "FECHA_DETECCION": "2026-02-26" }, "geometry": { "type": "Point", "coordinates": [ -58.4554431, -34.553638 ] } },
{ "type": "Feature", "properties": { "Portal": "cabaprop", "Barrio": "Belgrano", "Tipo": "Departamento", "Titulo": "Av Cabildo 1700, Departamento 2 Ambientes, Reciclado En Belgrano", "Precio": 650000, "Expensas": 230000.0, "Direccion": "Avenida Cabildo al 1700", "Metros_Totales": 40.0, "Ambientes": 2.0, "Dormitorios": 1.0, "Baños": 1.0, "URL": "https://cabaprop.com.ar/propiedad/698ff08c76238456d4ad3c18/Av-Cabildo-1700-Departamento-2-Ambientes-Reciclado-En-Belgrano", "Bajo_Precio": null, "Cocheras": 0, "Etiqueta_Destacado": null, "Porcentaje_Rebaja": null, "Metros_Cubiertos": 40.0, "Antiguedad": null, "Descripcion_Breve": null, "Visitas_Count": null, "Visto_Estado": null, "Fecha_Publicacion": "14/2/2026", "Inmobiliaria": "Jumo Inmobiliaria Montalto Propiedades", "lat": -34.5809427, "lon": -58.4443734, "Barrio_Geo": "Colegiales", "snap_warning": false, "distancia_m_gym": 141, "cant_gym": 7, "distancia_m_subte": 1253, "cant_subte": 4, "distancia_m_parque": 0, "cant_parque": 5, "distancia_m_plaza": 0, "cant_plaza": 15, "costo_total": 880000, "dist_verde_final": 0, "apto_scoring": true, "segmento": "2amb", "costo_total_norm": 37.78801843317973, "distancia_m_subte_norm": 33.703703703703695, "dist_verde_final_norm": 100.0, "distancia_m_gym_norm": 92.784032753326514, "Score": 54.50472175971565, "REVISION": null, "FECHA_DETECCION": "2026-03-09" }, "geometry": { "type": "Point", "coordinates": [ -58.4443734, -34.5809427 ] } },
{ "type": "Feature", "properties": { "Portal": "cabaprop", "Barrio": "Belgrano", "Tipo": "Departamento", "Titulo": "A mts Av. Cabildo. Amplio 2 amb", "Precio": 500000, "Expensas": 175000.0, "Direccion": "Iberá al 2300", "Metros_Totales": 40.0, "Ambientes": 2.0, "Dormitorios": 1.0, "Baños": 1.0, "URL": "https://cabaprop.com.ar/propiedad/698a23fd76238456d4a87cae/A-mts-Av-Cabildo-Amplio-2-amb", "Bajo_Precio": null, "Cocheras": 0, "Etiqueta_Destacado": null, "Porcentaje_Rebaja": null, "Metros_Cubiertos": 40.0, "Antiguedad": null, "Descripcion_Breve": null, "Visitas_Count": null, "Visto_Estado": null, "Fecha_Publicacion": "9/2/2026", "Inmobiliaria": "MARIA LUISA AS. INMOBILIARIO", "lat": -34.5614446, "lon": -58.4790336, "Barrio_Geo": "Coghlan", "snap_warning": false, "distancia_m_gym": 1954, "cant_gym": 1, "distancia_m_subte": 1775, "cant_subte": 1, "distancia_m_parque": 1399, "cant_parque": 1, "distancia_m_plaza": 640, "cant_plaza": 17, "costo_total": 675000, "dist_verde_final": 640, "apto_scoring": true, "segmento": "2amb", "costo_total_norm": 75.576036866359445, "distancia_m_subte_norm": 6.0846560846560749, "dist_verde_final_norm": 38.755980861244019, "distancia_m_gym_norm": 0.0, "Score": 39.807007744189406, "REVISION": "DESCARTADO", "FECHA_DETECCION": "2026-03-09" }, "geometry": { "type": "Point", "coordinates": [ -58.4790336, -34.5614446 ] } },
{ "type": "Feature", "properties": { "Portal": "cabaprop", "Barrio": "Belgrano", "Tipo": "Departamento", "Titulo": "Belgrano - 2 ambientes", "Precio": 700000, "Expensas": 150000.0, "Direccion": "Virrey del Pino al 2400", "Metros_Totales": 40.0, "Ambientes": 2.0, "Dormitorios": 1.0, "Baños": 1.0, "URL": "https://cabaprop.com.ar/propiedad/68e693b35f9b3aad852e622a/Belgrano---2-ambientes", "Bajo_Precio": null, "Cocheras": 0, "Etiqueta_Destacado": null, "Porcentaje_Rebaja": null, "Metros_Cubiertos": 40.0, "Antiguedad": null, "Descripcion_Breve": null, "Visitas_Count": null, "Visto_Estado": null, "Fecha_Publicacion": "8/10/2025", "Inmobiliaria": "INMOBICITY", "lat": -34.5691102, "lon": -58.4574832, "Barrio_Geo": "Belgrano", "snap_warning": false, "distancia_m_gym": 790, "cant_gym": 8, "distancia_m_subte": 581, "cant_subte": 4, "distancia_m_parque": 798, "cant_parque": 1, "distancia_m_plaza": 510, "cant_plaza": 18, "costo_total": 850000, "dist_verde_final": 510, "apto_scoring": true, "segmento": "2amb", "costo_total_norm": 43.317972350230413, "distancia_m_subte_norm": 69.259259259259267, "dist_verde_final_norm": 51.196172248803826, "distancia_m_gym_norm": 59.570112589559876, "Score": 54.301212426586694, "REVISION": null, "FECHA_DETECCION": "2026-02-19" }, "geometry": { "type": "Point", "coordinates": [ -58.4574832, -34.5691102 ] } },
{ "type": "Feature", "properties": { "Portal": "cabaprop", "Barrio": "Belgrano", "Tipo": "Departamento", "Titulo": "OPPEL | Departamento en Alquiler | BELGRANO Capital Federal | Cod: 942", "Precio": 600000, "Expensas": 176237.0, "Direccion": "AVENIDA LUIS MARIA CAMPOS al 1500", "Metros_Totales": 39.0, "Ambientes": 2.0, "Dormitorios": 1.0, "Baños": 1.0, "URL": "https://cabaprop.com.ar/propiedad/69842d0b76238456d4a421b5/OPPEL-Departamento-en-Alquiler-BELGRANO-Capital-Federal-Cod-942", "Bajo_Precio": null, "Cocheras": 0, "Etiqueta_Destacado": null, "Porcentaje_Rebaja": null, "Metros_Cubiertos": 36.0, "Antiguedad": null, "Descripcion_Breve": null, "Visitas_Count": null, "Visto_Estado": null, "Fecha_Publicacion": "5/2/2026", "Inmobiliaria": "OPPEL S.A.", "lat": -34.569028, "lon": -58.4367837, "Barrio_Geo": "Palermo", "snap_warning": false, "distancia_m_gym": 486, "cant_gym": 13, "distancia_m_subte": 923, "cant_subte": 5, "distancia_m_parque": 1622, "cant_parque": 3, "distancia_m_plaza": 768, "cant_plaza": 16, "costo_total": 776237, "dist_verde_final": 768, "apto_scoring": true, "segmento": "2amb", "costo_total_norm": 56.914838709677419, "distancia_m_subte_norm": 51.164021164021165, "dist_verde_final_norm": 26.507177033492823, "distancia_m_gym_norm": 75.127942681678604, "Score": 50.929371507943742, "REVISION": "VISTO", "FECHA_DETECCION": "2026-03-09" }, "geometry": { "type": "Point", "coordinates": [ -58.4367837, -34.569028 ] } },
{ "type": "Feature", "properties": { "Portal": "cabaprop", "Barrio": "Belgrano", "Tipo": "Departamento", "Titulo": "2 ambientes amplios muy luminosos, todo al frente.", "Precio": 725000, "Expensas": 240000.0, "Direccion": "Avenida Juramento al 2800", "Metros_Totales": 48.0, "Ambientes": 2.0, "Dormitorios": 1.0, "Baños": 1.0, "URL": "https://cabaprop.com.ar/propiedad/69696c81cc8f3498fae25a1f/2-ambientes-amplios-muy-luminosos-todo-al-frente", "Bajo_Precio": null, "Cocheras": 0, "Etiqueta_Destacado": null, "Porcentaje_Rebaja": null, "Metros_Cubiertos": 44.0, "Antiguedad": null, "Descripcion_Breve": null, "Visitas_Count": null, "Visto_Estado": null, "Fecha_Publicacion": "15/1/2026", "Inmobiliaria": "MORELLI & MORELLI BIENES RAICES", "lat": -34.5579805, "lon": -58.4499027, "Barrio_Geo": "Belgrano", "snap_warning": false, "distancia_m_gym": 127, "cant_gym": 11, "distancia_m_subte": 751, "cant_subte": 4, "distancia_m_parque": 1651, "cant_parque": 4, "distancia_m_plaza": 433, "cant_plaza": 19, "costo_total": 965000, "dist_verde_final": 433, "apto_scoring": true, "segmento": "2amb", "costo_total_norm": 22.119815668202776, "distancia_m_subte_norm": 60.264550264550266, "dist_verde_final_norm": 58.564593301435409, "distancia_m_gym_norm": 93.500511770726717, "Score": 47.990261184005945, "REVISION": null, "FECHA_DETECCION": "2026-02-16" }, "geometry": { "type": "Point", "coordinates": [ -58.4499027, -34.5579805 ] } },
{ "type": "Feature", "properties": { "Portal": "cabaprop", "Barrio": "Belgrano", "Tipo": "Departamento", "Titulo": "Departamento - Alquiler - Capital Federal", "Precio": 680000, "Expensas": 210000.0, "Direccion": "MOLDES al 1400", "Metros_Totales": 40.0, "Ambientes": 2.0, "Dormitorios": 1.0, "Baños": 1.0, "URL": "https://cabaprop.com.ar/propiedad/6958aaf6f2487d1dd4d04aac/Departamento---Alquiler---Capital-Federal", "Bajo_Precio": null, "Cocheras": 0, "Etiqueta_Destacado": null, "Porcentaje_Rebaja": null, "Metros_Cubiertos": 40.0, "Antiguedad": null, "Descripcion_Breve": null, "Visitas_Count": null, "Visto_Estado": null, "Fecha_Publicacion": "3/1/2026", "Inmobiliaria": "LUISIO ESTUDIO INMOBILIARIO", "lat": -34.5583948, "lon": -58.4639958, "Barrio_Geo": "Belgrano", "snap_warning": false, "distancia_m_gym": 401, "cant_gym": 6, "distancia_m_subte": 498, "cant_subte": 3, "distancia_m_parque": 1908, "cant_parque": 1, "distancia_m_plaza": 684, "cant_plaza": 17, "costo_total": 890000, "dist_verde_final": 684, "apto_scoring": true, "segmento": "2amb", "costo_total_norm": 35.944700460829495, "distancia_m_subte_norm": 73.650793650793645, "dist_verde_final_norm": 34.545454545454547, "distancia_m_gym_norm": 79.477993858751276, "Score": 51.330008574535924, "REVISION": null, "FECHA_DETECCION": "2026-02-16" }, "geometry": { "type": "Point", "coordinates": [ -58.4639958, -34.5583948 ] } },
{ "type": "Feature", "properties": { "Portal": "cabaprop", "Barrio": "Belgrano", "Tipo": "Departamento", "Titulo": "Departamento De 2 Amb. Balcon. Belgrano", "Precio": 600000, "Expensas": 190000.0, "Direccion": "Avenida Olazábal al 3000", "Metros_Totales": 38.0, "Ambientes": 2.0, "Dormitorios": 1.0, "Baños": 1.0, "URL": "https://cabaprop.com.ar/propiedad/6954a7db269e10adbfef14d9/Departamento-De-2-Amb-Balcon-Belgrano", "Bajo_Precio": null, "Cocheras": 0, "Etiqueta_Destacado": null, "Porcentaje_Rebaja": null, "Metros_Cubiertos": 38.0, "Antiguedad": null, "Descripcion_Breve": null, "Visitas_Count": null, "Visto_Estado": null, "Fecha_Publicacion": "31/12/2025", "Inmobiliaria": "MAGISTER PROPIEDADES DESDE 1978", "lat": -34.5658161, "lon": -58.467899, "Barrio_Geo": "Belgrano", "snap_warning": false, "distancia_m_gym": 1233, "cant_gym": 6, "distancia_m_subte": 1364, "cant_subte": 4, "distancia_m_parque": 1872, "cant_parque": 1, "distancia_m_plaza": 0, "cant_plaza": 17, "costo_total": 790000, "dist_verde_final": 0, "apto_scoring": true, "segmento": "2amb", "costo_total_norm": 54.377880184331794, "distancia_m_subte_norm": 27.830687830687822, "dist_verde_final_norm": 100.0, "distancia_m_gym_norm": 36.898669396110542, "Score": 53.790225362550117, "REVISION": "DESCARTADO", "FECHA_DETECCION": "2026-03-09" }, "geometry": { "type": "Point", "coordinates": [ -58.467899, -34.5658161 ] } },
{ "type": "Feature", "properties": { "Portal": "cabaprop", "Barrio": "Belgrano", "Tipo": "Departamento", "Titulo": "Alquiler Departamento 2 Ambientes Amoblado Belgrano R", "Precio": 780000, "Expensas": 260000.0, "Direccion": "Crámer al 1600", "Metros_Totales": 40.0, "Ambientes": 2.0, "Dormitorios": 1.0, "Baños": 1.0, "URL": "https://cabaprop.com.ar/propiedad/699e7e4e76238456d4b81ab7/Alquiler-Departamento-2-Ambientes-Amoblado-Belgrano-R", "Bajo_Precio": null, "Cocheras": 0, "Etiqueta_Destacado": null, "Porcentaje_Rebaja": null, "Metros_Cubiertos": 39.0, "Antiguedad": null, "Descripcion_Breve": null, "Visitas_Count": null, "Visto_Estado": null, "Fecha_Publicacion": "25/2/2026", "Inmobiliaria": "Brea Propiedades", "lat": -34.575268, "lon": -58.4068444, "Barrio_Geo": "Palermo", "snap_warning": false, "distancia_m_gym": 537, "cant_gym": 10, "distancia_m_subte": 1580, "cant_subte": 5, "distancia_m_parque": 1043, "cant_parque": 4, "distancia_m_plaza": 118, "cant_plaza": 38, "costo_total": 1040000, "dist_verde_final": 118, "apto_scoring": true, "segmento": "2amb", "costo_total_norm": 8.2949308755760285, "distancia_m_subte_norm": 16.402116402116405, "dist_verde_final_norm": 88.708133971291872, "distancia_m_gym_norm": 72.517911975434998, "Score": 33.232025262667207, "REVISION": null, "FECHA_DETECCION": "2026-02-26" }, "geometry": { "type": "Point", "coordinates": [ -58.4068444, -34.575268 ] } },
{ "type": "Feature", "properties": { "Portal": "cabaprop", "Barrio": "Belgrano", "Tipo": "Departamento", "Titulo": "ALQUILER DOS AMB. EN BELGRANO", "Precio": 650000, "Expensas": null, "Direccion": "AV. MONROE 2532", "Metros_Totales": 50.0, "Ambientes": 2.0, "Dormitorios": 1.0, "Baños": 1.0, "URL": "https://cabaprop.com.ar/propiedad/6942fa2e38bf638b63b81b12/ALQUILER-DOS-AMB-EN-BELGRANO", "Bajo_Precio": null, "Cocheras": 0, "Etiqueta_Destacado": null, "Porcentaje_Rebaja": null, "Metros_Cubiertos": 50.0, "Antiguedad": null, "Descripcion_Breve": null, "Visitas_Count": null, "Visto_Estado": null, "Fecha_Publicacion": "17/12/2025", "Inmobiliaria": "MEZZINA INMUEBLES", "lat": -34.5591459, "lon": -58.4612064, "Barrio_Geo": "Belgrano", "snap_warning": false, "distancia_m_gym": 0, "cant_gym": 6, "distancia_m_subte": 495, "cant_subte": 3, "distancia_m_parque": 1819, "cant_parque": 1, "distancia_m_plaza": 481, "cant_plaza": 19, "costo_total": 650000, "dist_verde_final": 481, "apto_scoring": false, "segmento": "2amb", "costo_total_norm": null, "distancia_m_subte_norm": null, "dist_verde_final_norm": null, "distancia_m_gym_norm": null, "Score": null, "REVISION": null, "FECHA_DETECCION": "2026-02-16" }, "geometry": { "type": "Point", "coordinates": [ -58.4612064, -34.5591459 ] } },
{ "type": "Feature", "properties": { "Portal": "cabaprop", "Barrio": "Belgrano", "Tipo": "Departamento", "Titulo": "OPPEL | Departamento en Alquiler | BELGRANO Capital Federal | Cod: 33721", "Precio": 450000, "Expensas": 93100.0, "Direccion": "MONROE al 2000", "Metros_Totales": 30.0, "Ambientes": 2.0, "Dormitorios": 1.0, "Baños": 1.0, "URL": "https://cabaprop.com.ar/propiedad/691ebf3138aa5fa46807b4b7/OPPEL-Departamento-en-Alquiler-BELGRANO-Capital-Federal-Cod-33721", "Bajo_Precio": null, "Cocheras": 0, "Etiqueta_Destacado": null, "Porcentaje_Rebaja": null, "Metros_Cubiertos": 30.0, "Antiguedad": null, "Descripcion_Breve": null, "Visitas_Count": null, "Visto_Estado": null, "Fecha_Publicacion": "20/11/2025", "Inmobiliaria": "OPPEL S.A.", "lat": -34.5636648, "lon": -58.4686216, "Barrio_Geo": "Coghlan", "snap_warning": false, "distancia_m_gym": 888, "cant_gym": 4, "distancia_m_subte": 1383, "cant_subte": 2, "distancia_m_parque": 1692, "cant_parque": 1, "distancia_m_plaza": 345, "cant_plaza": 17, "costo_total": 543100, "dist_verde_final": 345, "apto_scoring": true, "segmento": "2amb", "costo_total_norm": 99.889400921658989, "distancia_m_subte_norm": 26.825396825396837, "dist_verde_final_norm": 66.985645933014354, "distancia_m_gym_norm": 54.554759467758444, "Score": 66.855984549661372, "REVISION": "VISTO", "FECHA_DETECCION": "2026-03-09" }, "geometry": { "type": "Point", "coordinates": [ -58.4686216, -34.5636648 ] } },
{ "type": "Feature", "properties": { "Portal": "cabaprop", "Barrio": "Belgrano", "Tipo": "Departamento", "Titulo": "OPPEL | Departamento en Alquiler | BELGRANO Capital Federal | Cod: 8679", "Precio": 600000, "Expensas": 136902.0, "Direccion": "MIGUELETES al 1200", "Metros_Totales": 42.0, "Ambientes": 2.0, "Dormitorios": 1.0, "Baños": 1.0, "URL": "https://cabaprop.com.ar/propiedad/6916c3c7731c9068f15d1975/OPPEL-Departamento-en-Alquiler-BELGRANO-Capital-Federal-Cod-8679", "Bajo_Precio": null, "Cocheras": 0, "Etiqueta_Destacado": null, "Porcentaje_Rebaja": null, "Metros_Cubiertos": 36.0, "Antiguedad": null, "Descripcion_Breve": null, "Visitas_Count": null, "Visto_Estado": null, "Fecha_Publicacion": "14/11/2025", "Inmobiliaria": "OPPEL S.A.", "lat": -34.5607861, "lon": -58.442574, "Barrio_Geo": "Belgrano", "snap_warning": false, "distancia_m_gym": 516, "cant_gym": 10, "distancia_m_subte": 1083, "cant_subte": 3, "distancia_m_parque": 1620, "cant_parque": 3, "distancia_m_plaza": 241, "cant_plaza": 20, "costo_total": 736902, "dist_verde_final": 241, "apto_scoring": true, "segmento": "2amb", "costo_total_norm": 64.165529953917058, "distancia_m_subte_norm": 42.698412698412703, "dist_verde_final_norm": 76.937799043062199, "distancia_m_gym_norm": 73.592630501535311, "Score": 61.222558649856609, "REVISION": "DESCARTADO", "FECHA_DETECCION": "2026-03-09" }, "geometry": { "type": "Point", "coordinates": [ -58.442574, -34.5607861 ] } },
{ "type": "Feature", "properties": { "Portal": "cabaprop", "Barrio": "Palermo", "Tipo": "Departamento", "Titulo": "Departamento En Alquiler En Palermo, Capital Federal", "Precio": 650000, "Expensas": 91000.0, "Direccion": "Julián Álvarez al 2100", "Metros_Totales": 38.0, "Ambientes": 2.0, "Dormitorios": 1.0, "Baños": 1.0, "URL": "https://cabaprop.com.ar/propiedad/698c03a576238456d4aa3917/Departamento-En-Alquiler-En-Palermo-Capital-Federal", "Bajo_Precio": null, "Cocheras": 0, "Etiqueta_Destacado": null, "Porcentaje_Rebaja": null, "Metros_Cubiertos": 38.0, "Antiguedad": null, "Descripcion_Breve": null, "Visitas_Count": null, "Visto_Estado": null, "Fecha_Publicacion": "11/2/2026", "Inmobiliaria": "CADAHIA PROPIEDADES", "lat": -34.5934677, "lon": -58.4252163, "Barrio_Geo": "Palermo", "snap_warning": false, "distancia_m_gym": 571, "cant_gym": 15, "distancia_m_subte": 1343, "cant_subte": 7, "distancia_m_parque": 1602, "cant_parque": 2, "distancia_m_plaza": 621, "cant_plaza": 8, "costo_total": 741000, "dist_verde_final": 621, "apto_scoring": true, "segmento": "2amb", "costo_total_norm": 63.410138248847922, "distancia_m_subte_norm": 28.94179894179895, "dist_verde_final_norm": 40.574162679425839, "distancia_m_gym_norm": 70.777891504605947, "Score": 49.239216668424625, "REVISION": "DESCARTADO", "FECHA_DETECCION": "2026-03-09" }, "geometry": { "type": "Point", "coordinates": [ -58.4252163, -34.5934677 ] } },
{ "type": "Feature", "properties": { "Portal": "cabaprop", "Barrio": "Villa Urquiza", "Tipo": "Departamento", "Titulo": "DEPARTAMENTO 2 AMBIENTES - VILLA URQUIZA, CAPITAL FEDERAL", "Precio": 750000, "Expensas": 180000.0, "Direccion": "MILLER al 2200", "Metros_Totales": 55.0, "Ambientes": 2.0, "Dormitorios": 1.0, "Baños": 1.0, "URL": "https://cabaprop.com.ar/propiedad/6983a96b76238456d4a37571/DEPARTAMENTO-2-AMBIENTES---VILLA-URQUIZA-CAPITAL-FEDERAL", "Bajo_Precio": null, "Cocheras": 0, "Etiqueta_Destacado": null, "Porcentaje_Rebaja": null, "Metros_Cubiertos": 50.0, "Antiguedad": null, "Descripcion_Breve": null, "Visitas_Count": null, "Visto_Estado": null, "Fecha_Publicacion": "4/2/2026", "Inmobiliaria": "VEGA ORGANIZACION INMOBILIARIA", "lat": -34.5639811, "lon": -58.4873193, "Barrio_Geo": "Villa Urquiza", "snap_warning": false, "distancia_m_gym": 1764, "cant_gym": 1, "distancia_m_subte": 1582, "cant_subte": 2, "distancia_m_parque": 1423, "cant_parque": 1, "distancia_m_plaza": 499, "cant_plaza": 16, "costo_total": 930000, "dist_verde_final": 499, "apto_scoring": true, "segmento": "2amb", "costo_total_norm": 28.571428571428569, "distancia_m_subte_norm": 16.296296296296305, "dist_verde_final_norm": 52.248803827751196, "distancia_m_gym_norm": 9.7236438075742058, "Score": 27.73958546376798, "REVISION": null, "FECHA_DETECCION": "2026-02-16" }, "geometry": { "type": "Point", "coordinates": [ -58.4873193, -34.5639811 ] } },
{ "type": "Feature", "properties": { "Portal": "cabaprop", "Barrio": "Villa Urquiza", "Tipo": "Departamento", "Titulo": "Departamento De 2 Ambientes. Balcón. Villa Urquiza", "Precio": 680000, "Expensas": 140000.0, "Direccion": "Blanco Encalada al 5200", "Metros_Totales": 41.0, "Ambientes": 2.0, "Dormitorios": 1.0, "Baños": 1.0, "URL": "https://cabaprop.com.ar/propiedad/69a7a6035a63f17bb0dfe6ee/Departamento-De-2-Ambientes-Balcon-Villa-Urquiza", "Bajo_Precio": null, "Cocheras": 0, "Etiqueta_Destacado": null, "Porcentaje_Rebaja": null, "Metros_Cubiertos": 38.0, "Antiguedad": null, "Descripcion_Breve": null, "Visitas_Count": null, "Visto_Estado": null, "Fecha_Publicacion": "4/3/2026", "Inmobiliaria": "MAGISTER PROPIEDADES DESDE 1978", "lat": -34.5644484, "lon": -58.4679366, "Barrio_Geo": "Belgrano", "snap_warning": false, "distancia_m_gym": 995, "cant_gym": 4, "distancia_m_subte": 1326, "cant_subte": 3, "distancia_m_parque": 1800, "cant_parque": 1, "distancia_m_plaza": 242, "cant_plaza": 16, "costo_total": 820000, "dist_verde_final": 242, "apto_scoring": true, "segmento": "2amb", "costo_total_norm": 48.847926267281103, "distancia_m_subte_norm": 29.841269841269849, "dist_verde_final_norm": 76.84210526315789, "distancia_m_gym_norm": 49.078812691914017, "Score": 48.767853781116379, "REVISION": null, "FECHA_DETECCION": "2026-03-09" }, "geometry": { "type": "Point", "coordinates": [ -58.4679366, -34.5644484 ] } },
{ "type": "Feature", "properties": { "Portal": "cabaprop", "Barrio": "Villa Urquiza", "Tipo": "Departamento", "Titulo": "Alquiler Departamento 2 Ambientes en Villa Urquiza", "Precio": 650000, "Expensas": 180000.0, "Direccion": "Av. Congreso al 5000", "Metros_Totales": 32.0, "Ambientes": 2.0, "Dormitorios": 1.0, "Baños": 1.0, "URL": "https://cabaprop.com.ar/propiedad/69a713385a63f17bb0df4863/Alquiler-Departamento-2-Ambientes-en-Villa-Urquiza", "Bajo_Precio": null, "Cocheras": 0, "Etiqueta_Destacado": null, "Porcentaje_Rebaja": null, "Metros_Cubiertos": 30.0, "Antiguedad": null, "Descripcion_Breve": null, "Visitas_Count": null, "Visto_Estado": null, "Fecha_Publicacion": "3/3/2026", "Inmobiliaria": "ROBERTO GIL PROPIEDADES", "lat": -34.5653694, "lon": -58.4818025, "Barrio_Geo": "Villa Urquiza", "snap_warning": false, "distancia_m_gym": 1652, "cant_gym": 1, "distancia_m_subte": 1471, "cant_subte": 2, "distancia_m_parque": 1500, "cant_parque": 0, "distancia_m_plaza": 623, "cant_plaza": 16, "costo_total": 830000, "dist_verde_final": 623, "apto_scoring": true, "segmento": "2amb", "costo_total_norm": 47.004608294930875, "distancia_m_subte_norm": 22.169312169312178, "dist_verde_final_norm": 40.382775119617222, "distancia_m_gym_norm": 15.455475946775849, "Score": 35.074739587367034, "REVISION": null, "FECHA_DETECCION": "2026-03-09" }, "geometry": { "type": "Point", "coordinates": [ -58.4818025, -34.5653694 ] } },
{ "type": "Feature", "properties": { "Portal": "cabaprop", "Barrio": "Villa Urquiza", "Tipo": "Departamento", "Titulo": "Departamento 2 Ambientes Alquiler - Villa Urquiza", "Precio": 650000, "Expensas": 170000.0, "Direccion": "Avenida Olazábal al 4700", "Metros_Totales": 40.0, "Ambientes": 2.0, "Dormitorios": 1.0, "Baños": 1.0, "URL": "https://cabaprop.com.ar/propiedad/69a3b53176238456d4bce92f/Departamento-2-Ambientes-Alquiler---Villa-Urquiza", "Bajo_Precio": null, "Cocheras": 0, "Etiqueta_Destacado": null, "Porcentaje_Rebaja": null, "Metros_Cubiertos": 36.0, "Antiguedad": null, "Descripcion_Breve": null, "Visitas_Count": null, "Visto_Estado": null, "Fecha_Publicacion": "1/3/2026", "Inmobiliaria": "DIC PROPIEDADES", "lat": -34.5658161, "lon": -58.467899, "Barrio_Geo": "Belgrano", "snap_warning": false, "distancia_m_gym": 1233, "cant_gym": 6, "distancia_m_subte": 1364, "cant_subte": 4, "distancia_m_parque": 1872, "cant_parque": 1, "distancia_m_plaza": 0, "cant_plaza": 17, "costo_total": 820000, "dist_verde_final": 0, "apto_scoring": true, "segmento": "2amb", "costo_total_norm": 48.847926267281103, "distancia_m_subte_norm": 27.830687830687822, "dist_verde_final_norm": 100.0, "distancia_m_gym_norm": 36.898669396110542, "Score": 51.578243795729847, "REVISION": null, "FECHA_DETECCION": "2026-03-01" }, "geometry": { "type": "Point", "coordinates": [ -58.467899, -34.5658161 ] } },
{ "type": "Feature", "properties": { "Portal": "cabaprop", "Barrio": "Belgrano", "Tipo": "Departamento", "Titulo": "EXCELENTE 2 AMBIENTES EQUIPADO", "Precio": 750000, "Expensas": 132000.0, "Direccion": "SOLDADO DE LA INDEEPENDENCIA al 1000", "Metros_Totales": 34.0, "Ambientes": 2.0, "Dormitorios": 1.0, "Baños": 1.0, "URL": "https://cabaprop.com.ar/propiedad/69312ecbc105ae8ac6559969/EXCELENTE-2-AMBIENTES-EQUIPADO", "Bajo_Precio": null, "Cocheras": 0, "Etiqueta_Destacado": null, "Porcentaje_Rebaja": null, "Metros_Cubiertos": 34.0, "Antiguedad": null, "Descripcion_Breve": null, "Visitas_Count": null, "Visto_Estado": null, "Fecha_Publicacion": "4/12/2025", "Inmobiliaria": "LUISIO ESTUDIO INMOBILIARIO", "lat": -34.5659499, "lon": -58.4371908, "Barrio_Geo": "Palermo", "snap_warning": false, "distancia_m_gym": 118, "cant_gym": 10, "distancia_m_subte": 983, "cant_subte": 4, "distancia_m_parque": 1682, "cant_parque": 1, "distancia_m_plaza": 400, "cant_plaza": 19, "costo_total": 882000, "dist_verde_final": 400, "apto_scoring": true, "segmento": "2amb", "costo_total_norm": 37.419354838709673, "distancia_m_subte_norm": 47.989417989417994, "dist_verde_final_norm": 61.722488038277511, "distancia_m_gym_norm": 93.961105424769698, "Score": 51.105175482441737, "REVISION": null, "FECHA_DETECCION": "2026-03-09" }, "geometry": { "type": "Point", "coordinates": [ -58.4371908, -34.5659499 ] } },
{ "type": "Feature", "properties": { "Portal": "cabaprop", "Barrio": "Belgrano", "Tipo": "Departamento", "Titulo": "GRAN 2 AMBIENTES - Av Cabildo y Jorge Newbery - Con lavadero", "Precio": 750000, "Expensas": 120000.0, "Direccion": "Avenida Cabildo al 400", "Metros_Totales": 43.0, "Ambientes": 2.0, "Dormitorios": 1.0, "Baños": 1.0, "URL": "https://cabaprop.com.ar/propiedad/699f493176238456d4b8a389/GRAN-2-AMBIENTES---Av-Cabildo-y-Jorge-Newbery---Con-lavadero", "Bajo_Precio": null, "Cocheras": 0, "Etiqueta_Destacado": null, "Porcentaje_Rebaja": null, "Metros_Cubiertos": 43.0, "Antiguedad": null, "Descripcion_Breve": null, "Visitas_Count": null, "Visto_Estado": null, "Fecha_Publicacion": "25/2/2026", "Inmobiliaria": "CHAMINAUD PROPIEDADES", "lat": -34.559164, "lon": -58.4590202, "Barrio_Geo": "Belgrano", "snap_warning": false, "distancia_m_gym": 238, "cant_gym": 6, "distancia_m_subte": 381, "cant_subte": 4, "distancia_m_parque": 1801, "cant_parque": 1, "distancia_m_plaza": 464, "cant_plaza": 17, "costo_total": 870000, "dist_verde_final": 464, "apto_scoring": true, "segmento": "2amb", "costo_total_norm": 39.63133640552995, "distancia_m_subte_norm": 79.841269841269849, "dist_verde_final_norm": 55.598086124401917, "distancia_m_gym_norm": 87.819856704196525, "Score": 59.706518409892972, "REVISION": null, "FECHA_DETECCION": "2026-02-26" }, "geometry": { "type": "Point", "coordinates": [ -58.4590202, -34.559164 ] } },
{ "type": "Feature", "properties": { "Portal": "cabaprop", "Barrio": "Belgrano", "Tipo": "Departamento", "Titulo": "Departamento En Alquiler En Belgrano", "Precio": 600000, "Expensas": 183000.0, "Direccion": "Avenida Juramento al 2400", "Metros_Totales": 40.0, "Ambientes": 2.0, "Dormitorios": 1.0, "Baños": 1.0, "URL": "https://cabaprop.com.ar/propiedad/69a503e05a63f17bb0dd0fa5/Departamento-En-Alquiler-En-Belgrano", "Bajo_Precio": null, "Cocheras": 0, "Etiqueta_Destacado": null, "Porcentaje_Rebaja": null, "Metros_Cubiertos": 40.0, "Antiguedad": null, "Descripcion_Breve": null, "Visitas_Count": null, "Visto_Estado": null, "Fecha_Publicacion": "2/3/2026", "Inmobiliaria": "DAVID PEIJOVICH PROPIEDADES", "lat": -34.5579805, "lon": -58.4499027, "Barrio_Geo": "Belgrano", "snap_warning": false, "distancia_m_gym": 127, "cant_gym": 11, "distancia_m_subte": 751, "cant_subte": 4, "distancia_m_parque": 1651, "cant_parque": 4, "distancia_m_plaza": 433, "cant_plaza": 19, "costo_total": 783000, "dist_verde_final": 433, "apto_scoring": true, "segmento": "2amb", "costo_total_norm": 55.668202764976961, "distancia_m_subte_norm": 60.264550264550266, "dist_verde_final_norm": 58.564593301435409, "distancia_m_gym_norm": 93.500511770726717, "Score": 61.409616022715618, "REVISION": null, "FECHA_DETECCION": "2026-03-09" }, "geometry": { "type": "Point", "coordinates": [ -58.4499027, -34.5579805 ] } },
{ "type": "Feature", "properties": { "Portal": "cabaprop", "Barrio": "Belgrano", "Tipo": "Departamento", "Titulo": "Departamento en alquiler en Belgrano", "Precio": 700000, "Expensas": 118500.0, "Direccion": "Arcos al 2700", "Metros_Totales": 34.0, "Ambientes": 2.0, "Dormitorios": 1.0, "Baños": 1.0, "URL": "https://cabaprop.com.ar/propiedad/69a5f8885a63f17bb0de4d01/Departamento-en-alquiler-en-Belgrano", "Bajo_Precio": null, "Cocheras": 0, "Etiqueta_Destacado": null, "Porcentaje_Rebaja": null, "Metros_Cubiertos": 33.0, "Antiguedad": null, "Descripcion_Breve": null, "Visitas_Count": null, "Visto_Estado": null, "Fecha_Publicacion": "2/3/2026", "Inmobiliaria": "PERALTA MARIA PROPIEDADES", "lat": -34.553544, "lon": -58.4598157, "Barrio_Geo": "Nuñez", "snap_warning": false, "distancia_m_gym": 801, "cant_gym": 9, "distancia_m_subte": 332, "cant_subte": 3, "distancia_m_parque": 1314, "cant_parque": 1, "distancia_m_plaza": 221, "cant_plaza": 13, "costo_total": 818500, "dist_verde_final": 221, "apto_scoring": true, "segmento": "2amb", "costo_total_norm": 49.124423963133644, "distancia_m_subte_norm": 82.43386243386243, "dist_verde_final_norm": 78.851674641148321, "distancia_m_gym_norm": 59.007164790174002, "Score": 66.05097972265925, "REVISION": null, "FECHA_DETECCION": "2026-03-09" }, "geometry": { "type": "Point", "coordinates": [ -58.4598157, -34.553544 ] } },
{ "type": "Feature", "properties": { "Portal": "cabaprop", "Barrio": "Colegiales", "Tipo": "Departamento", "Titulo": "Alquiler PH Comercial Oficina Profesional en Colegiales", "Precio": 700000, "Expensas": null, "Direccion": "CONESA al 1000", "Metros_Totales": 80.0, "Ambientes": 2.0, "Dormitorios": 1.0, "Baños": 1.0, "URL": "https://cabaprop.com.ar/propiedad/68ba7941a06a9d959d34bb02/Alquiler-PH-Comercial-Oficina-Profesional-en-Colegiales", "Bajo_Precio": null, "Cocheras": 0, "Etiqueta_Destacado": null, "Porcentaje_Rebaja": null, "Metros_Cubiertos": 38.0, "Antiguedad": null, "Descripcion_Breve": null, "Visitas_Count": null, "Visto_Estado": null, "Fecha_Publicacion": "5/9/2025", "Inmobiliaria": "MENASCHES PROPIEDADES", "lat": -34.5634914, "lon": -58.4639676, "Barrio_Geo": "Belgrano", "snap_warning": false, "distancia_m_gym": 781, "cant_gym": 5, "distancia_m_subte": 888, "cant_subte": 3, "distancia_m_parque": 1765, "cant_parque": 1, "distancia_m_plaza": 475, "cant_plaza": 17, "costo_total": 700000, "dist_verde_final": 475, "apto_scoring": false, "segmento": "2amb", "costo_total_norm": null, "distancia_m_subte_norm": null, "dist_verde_final_norm": null, "distancia_m_gym_norm": null, "Score": null, "REVISION": "DESCARTADO", "FECHA_DETECCION": "2026-03-09" }, "geometry": { "type": "Point", "coordinates": [ -58.4639676, -34.5634914 ] } },
{ "type": "Feature", "properties": { "Portal": "cabaprop", "Barrio": "Colegiales", "Tipo": "Departamento", "Titulo": "OPPEL | Departamento en Alquiler | COLEGIALES Capital Federal | Cod: 9033614", "Precio": 750000, "Expensas": 140560.0, "Direccion": "14 DE JULIO al 1300", "Metros_Totales": 47.0, "Ambientes": 3.0, "Dormitorios": 2.0, "Baños": 1.0, "URL": "https://cabaprop.com.ar/propiedad/691d5b19fe12b64f3bc43639/OPPEL-Departamento-en-Alquiler-COLEGIALES-Capital-Federal-Cod-9033614", "Bajo_Precio": null, "Cocheras": 0, "Etiqueta_Destacado": null, "Porcentaje_Rebaja": null, "Metros_Cubiertos": 45.0, "Antiguedad": null, "Descripcion_Breve": null, "Visitas_Count": null, "Visto_Estado": null, "Fecha_Publicacion": "19/11/2025", "Inmobiliaria": "OPPEL S.A.", "lat": -34.5828967, "lon": -58.4619668, "Barrio_Geo": "Villa Ortuzar", "snap_warning": false, "distancia_m_gym": 374, "cant_gym": 4, "distancia_m_subte": 541, "cant_subte": 4, "distancia_m_parque": 614, "cant_parque": 3, "distancia_m_plaza": 242, "cant_plaza": 12, "costo_total": 890560, "dist_verde_final": 242, "apto_scoring": true, "segmento": "3amb", "costo_total_norm": 38.224435836805689, "distancia_m_subte_norm": 73.067915690866514, "dist_verde_final_norm": 73.406593406593402, "distancia_m_gym_norm": 76.220053238686774, "Score": 59.513473047169583, "REVISION": null, "FECHA_DETECCION": "2026-02-16" }, "geometry": { "type": "Point", "coordinates": [ -58.4619668, -34.5828967 ] } },
{ "type": "Feature", "properties": { "Portal": "cabaprop", "Barrio": "Colegiales", "Tipo": "Departamento", "Titulo": "Alquiler Departamento 2 Ambientes En Muy Buena Ubicacion", "Precio": 570000, "Expensas": 70000.0, "Direccion": "Maure al 2500", "Metros_Totales": 36.0, "Ambientes": 2.0, "Dormitorios": 1.0, "Baños": 1.0, "URL": "https://cabaprop.com.ar/propiedad/6961d252cc8f3498fad52143/Alquiler-Departamento-2-Ambientes-En-Muy-Buena-Ubicacion", "Bajo_Precio": null, "Cocheras": 0, "Etiqueta_Destacado": null, "Porcentaje_Rebaja": null, "Metros_Cubiertos": 36.0, "Antiguedad": null, "Descripcion_Breve": null, "Visitas_Count": null, "Visto_Estado": null, "Fecha_Publicacion": "10/1/2026", "Inmobiliaria": "Gaed Negocios Inmobiliarios", "lat": -34.5756382, "lon": -58.4458981, "Barrio_Geo": "Colegiales", "snap_warning": false, "distancia_m_gym": 536, "cant_gym": 10, "distancia_m_subte": 792, "cant_subte": 4, "distancia_m_parque": 779, "cant_parque": 5, "distancia_m_plaza": 130, "cant_plaza": 14, "costo_total": 640000, "dist_verde_final": 130, "apto_scoring": true, "segmento": "2amb", "costo_total_norm": 82.027649769585253, "distancia_m_subte_norm": 58.095238095238095, "dist_verde_final_norm": 87.559808612440193, "distancia_m_gym_norm": 72.569089048106449, "Score": 75.008501963704205, "REVISION": "DESCARTADO", "FECHA_DETECCION": "2026-03-09" }, "geometry": { "type": "Point", "coordinates": [ -58.4458981, -34.5756382 ] } },
{ "type": "Feature", "properties": { "Portal": "cabaprop", "Barrio": "Coghlan", "Tipo": "Departamento", "Titulo": "melián 3258 9 lat. todo sol! 2 ambientes equipado impecable alquiler 2 años", "Precio": 590000, "Expensas": 150000.0, "Direccion": "Avenida Melián al 3200", "Metros_Totales": 34.0, "Ambientes": 2.0, "Dormitorios": 1.0, "Baños": 1.0, "URL": "https://cabaprop.com.ar/propiedad/67e097aa110d588a9eff7a2c/melian-3258-9-lat-todo-sol-2-ambientes-equipado-impecable-alquiler-2-anos", "Bajo_Precio": null, "Cocheras": 0, "Etiqueta_Destacado": null, "Porcentaje_Rebaja": null, "Metros_Cubiertos": 34.0, "Antiguedad": null, "Descripcion_Breve": null, "Visitas_Count": null, "Visto_Estado": null, "Fecha_Publicacion": "23/3/2025", "Inmobiliaria": "RITA ALVARADO", "lat": -34.5589667, "lon": -58.4768996, "Barrio_Geo": "Coghlan", "snap_warning": false, "distancia_m_gym": 1711, "cant_gym": 1, "distancia_m_subte": 1532, "cant_subte": 1, "distancia_m_parque": 979, "cant_parque": 2, "distancia_m_plaza": 864, "cant_plaza": 16, "costo_total": 740000, "dist_verde_final": 864, "apto_scoring": true, "segmento": "2amb", "costo_total_norm": 63.594470046082954, "distancia_m_subte_norm": 18.941798941798936, "dist_verde_final_norm": 17.320574162679421, "distancia_m_gym_norm": 12.436028659160698, "Score": 35.828045399424816, "REVISION": "DESCARTADO", "FECHA_DETECCION": "2026-03-09" }, "geometry": { "type": "Point", "coordinates": [ -58.4768996, -34.5589667 ] } },
{ "type": "Feature", "properties": { "Portal": "cabaprop", "Barrio": "Coghlan", "Tipo": "Departamento", "Titulo": "Amoblado", "Precio": 670000, "Expensas": 115000.0, "Direccion": "Manuel Ugarte al 3800", "Metros_Totales": 38.0, "Ambientes": 2.0, "Dormitorios": 1.0, "Baños": 1.0, "URL": "https://cabaprop.com.ar/propiedad/696714c9cc8f3498fadd03c0/Amoblado", "Bajo_Precio": null, "Cocheras": 0, "Etiqueta_Destacado": null, "Porcentaje_Rebaja": null, "Metros_Cubiertos": 40.0, "Antiguedad": null, "Descripcion_Breve": null, "Visitas_Count": null, "Visto_Estado": null, "Fecha_Publicacion": "14/1/2026", "Inmobiliaria": "GRUPO MEGA COGHLAN", "lat": -34.557876, "lon": -58.4650545, "Barrio_Geo": "Belgrano", "snap_warning": false, "distancia_m_gym": 501, "cant_gym": 6, "distancia_m_subte": 398, "cant_subte": 3, "distancia_m_parque": 1938, "cant_parque": 1, "distancia_m_plaza": 763, "cant_plaza": 16, "costo_total": 785000, "dist_verde_final": 763, "apto_scoring": true, "segmento": "2amb", "costo_total_norm": 55.299539170506911, "distancia_m_subte_norm": 78.941798941798936, "dist_verde_final_norm": 26.985645933014354, "distancia_m_gym_norm": 74.360286591606965, "Score": 58.635513196506011, "REVISION": "VISTO", "FECHA_DETECCION": "2026-03-09" }, "geometry": { "type": "Point", "coordinates": [ -58.4650545, -34.557876 ] } },
{ "type": "Feature", "properties": { "Portal": "cabaprop", "Barrio": "Coghlan", "Tipo": "Departamento", "Titulo": "Departamento - Alquiler - Capital Federal", "Precio": 780000, "Expensas": 138000.0, "Direccion": "PEREZ, ROQUE al 3100", "Metros_Totales": 55.0, "Ambientes": 2.0, "Dormitorios": 1.0, "Baños": 1.0, "URL": "https://cabaprop.com.ar/propiedad/69857e1c76238456d4a54f71/Departamento---Alquiler---Capital-Federal", "Bajo_Precio": null, "Cocheras": 0, "Etiqueta_Destacado": null, "Porcentaje_Rebaja": null, "Metros_Cubiertos": 39.0, "Antiguedad": null, "Descripcion_Breve": null, "Visitas_Count": null, "Visto_Estado": null, "Fecha_Publicacion": "6/2/2026", "Inmobiliaria": "LUISIO ESTUDIO INMOBILIARIO", "lat": -34.5548021, "lon": -58.4787706, "Barrio_Geo": "Saavedra", "snap_warning": false, "distancia_m_gym": 1782, "cant_gym": 3, "distancia_m_subte": 1890, "cant_subte": 1, "distancia_m_parque": 400, "cant_parque": 2, "distancia_m_plaza": 980, "cant_plaza": 13, "costo_total": 918000, "dist_verde_final": 400, "apto_scoring": true, "segmento": "2amb", "costo_total_norm": 30.78341013824884, "distancia_m_subte_norm": 0.0, "dist_verde_final_norm": 61.722488038277511, "distancia_m_gym_norm": 8.8024564994882297, "Score": 25.538107312903865, "REVISION": null, "FECHA_DETECCION": "2026-03-09" }, "geometry": { "type": "Point", "coordinates": [ -58.4787706, -34.5548021 ] } },
{ "type": "Feature", "properties": { "Portal": "cabaprop", "Barrio": "Coghlan", "Tipo": "Departamento", "Titulo": "DEPARTAMENTO 2 AMBIENTES - COGHLAN, CAPITAL FEDERAL", "Precio": 650000, "Expensas": 130000.0, "Direccion": "Romulo Naon al 2400", "Metros_Totales": 43.0, "Ambientes": 2.0, "Dormitorios": 1.0, "Baños": 1.0, "URL": "https://cabaprop.com.ar/propiedad/6990c67c76238456d4adb7b3/DEPARTAMENTO-2-AMBIENTES---COGHLAN-CAPITAL-FEDERAL", "Bajo_Precio": null, "Cocheras": 0, "Etiqueta_Destacado": null, "Porcentaje_Rebaja": null, "Metros_Cubiertos": 43.0, "Antiguedad": null, "Descripcion_Breve": null, "Visitas_Count": null, "Visto_Estado": null, "Fecha_Publicacion": "14/2/2026", "Inmobiliaria": "ASHARDJIAN INMOBILIARIA SA", "lat": -34.5617765, "lon": -58.4774768, "Barrio_Geo": "Coghlan", "snap_warning": false, "distancia_m_gym": 1785, "cant_gym": 1, "distancia_m_subte": 1607, "cant_subte": 1, "distancia_m_parque": 1418, "cant_parque": 1, "distancia_m_plaza": 419, "cant_plaza": 17, "costo_total": 780000, "dist_verde_final": 419, "apto_scoring": true, "segmento": "2amb", "costo_total_norm": 56.221198156682028, "distancia_m_subte_norm": 14.973544973544975, "dist_verde_final_norm": 59.904306220095691, "distancia_m_gym_norm": 8.6489252814738933, "Score": 39.82629652690283, "REVISION": "DESCARTADO", "FECHA_DETECCION": "2026-03-09" }, "geometry": { "type": "Point", "coordinates": [ -58.4774768, -34.5617765 ] } },
{ "type": "Feature", "properties": { "Portal": "cabaprop", "Barrio": "Belgrano", "Tipo": "Departamento", "Titulo": "2 AMBIENTES", "Precio": 550000, "Expensas": 170000.0, "Direccion": "Mariscal Antonio José de Sucre al 2500", "Metros_Totales": 45.0, "Ambientes": 2.0, "Dormitorios": 1.0, "Baños": 1.0, "URL": "https://cabaprop.com.ar/propiedad/683756dc49e063da3e06fee4/2-AMBIENTES", "Bajo_Precio": null, "Cocheras": 0, "Etiqueta_Destacado": null, "Porcentaje_Rebaja": null, "Metros_Cubiertos": 45.0, "Antiguedad": null, "Descripcion_Breve": null, "Visitas_Count": null, "Visto_Estado": null, "Fecha_Publicacion": "28/5/2025", "Inmobiliaria": "ESTUDIO BARCAN & ASOCIADOS", "lat": -34.5649478, "lon": -58.4568066, "Barrio_Geo": "Belgrano", "snap_warning": false, "distancia_m_gym": 211, "cant_gym": 8, "distancia_m_subte": 469, "cant_subte": 4, "distancia_m_parque": 992, "cant_parque": 1, "distancia_m_plaza": 386, "cant_plaza": 14, "costo_total": 720000, "dist_verde_final": 386, "apto_scoring": true, "segmento": "2amb", "costo_total_norm": 67.281105990783402, "distancia_m_subte_norm": 75.18518518518519, "dist_verde_final_norm": 63.062200956937801, "distancia_m_gym_norm": 89.201637666325482, "Score": 71.000601909889042, "REVISION": "INTERES", "FECHA_DETECCION": "2026-03-09" }, "geometry": { "type": "Point", "coordinates": [ -58.4568066, -34.5649478 ] } },
{ "type": "Feature", "properties": { "Portal": "cabaprop", "Barrio": "Palermo", "Tipo": "Departamento", "Titulo": "2 ambientes en Palermo", "Precio": 580000, "Expensas": 80000.0, "Direccion": "General Lucio Norberto Mansilla al 3700", "Metros_Totales": 35.0, "Ambientes": 2.0, "Dormitorios": 1.0, "Baños": 1.0, "URL": "https://cabaprop.com.ar/propiedad/69aac1a25a63f17bb0e2af15/2-ambientes-en-Palermo", "Bajo_Precio": null, "Cocheras": 0, "Etiqueta_Destacado": null, "Porcentaje_Rebaja": null, "Metros_Cubiertos": 35.0, "Antiguedad": null, "Descripcion_Breve": null, "Visitas_Count": null, "Visto_Estado": null, "Fecha_Publicacion": "6/3/2026", "Inmobiliaria": "CASEBONNE PROPIEDADES", "lat": -34.5930917, "lon": -58.4115663, "Barrio_Geo": "Recoleta", "snap_warning": false, "distancia_m_gym": 206, "cant_gym": 14, "distancia_m_subte": 535, "cant_subte": 11, "distancia_m_parque": 1444, "cant_parque": 2, "distancia_m_plaza": 604, "cant_plaza": 24, "costo_total": 660000, "dist_verde_final": 604, "apto_scoring": true, "segmento": "2amb", "costo_total_norm": 78.341013824884797, "distancia_m_subte_norm": 71.693121693121697, "dist_verde_final_norm": 42.200956937799042, "distancia_m_gym_norm": 89.457523029682704, "Score": 70.230285728418508, "REVISION": null, "FECHA_DETECCION": "2026-03-09" }, "geometry": { "type": "Point", "coordinates": [ -58.4115663, -34.5930917 ] } },
{ "type": "Feature", "properties": { "Portal": "cabaprop", "Barrio": "Palermo", "Tipo": "Departamento", "Titulo": "Alquiler Departamento 2 Ambientes Palermo", "Precio": 600000, "Expensas": 150000.0, "Direccion": "Charcas al 5200", "Metros_Totales": 38.0, "Ambientes": 2.0, "Dormitorios": 1.0, "Baños": 1.0, "URL": "https://cabaprop.com.ar/propiedad/69a979e45a63f17bb0e1a94e/Alquiler-Departamento-2-Ambientes-Palermo", "Bajo_Precio": null, "Cocheras": 0, "Etiqueta_Destacado": null, "Porcentaje_Rebaja": null, "Metros_Cubiertos": 38.0, "Antiguedad": null, "Descripcion_Breve": null, "Visitas_Count": null, "Visto_Estado": null, "Fecha_Publicacion": "5/3/2026", "Inmobiliaria": "Ileana Rodriguez Propiedades", "lat": -34.5872757, "lon": -58.4182875, "Barrio_Geo": "Palermo", "snap_warning": false, "distancia_m_gym": 687, "cant_gym": 12, "distancia_m_subte": 431, "cant_subte": 8, "distancia_m_parque": 1119, "cant_parque": 3, "distancia_m_plaza": 378, "cant_plaza": 18, "costo_total": 750000, "dist_verde_final": 378, "apto_scoring": true, "segmento": "2amb", "costo_total_norm": 61.751152073732719, "distancia_m_subte_norm": 77.195767195767189, "dist_verde_final_norm": 63.827751196172251, "distancia_m_gym_norm": 64.841351074718531, "Score": 67.108876334929548, "REVISION": null, "FECHA_DETECCION": "2026-03-09" }, "geometry": { "type": "Point", "coordinates": [ -58.4182875, -34.5872757 ] } },
{ "type": "Feature", "properties": { "Portal": "cabaprop", "Barrio": "Palermo", "Tipo": "Departamento", "Titulo": "2 Amb - Araoz 2200 - Palermo - Piso Alto", "Precio": 550000, "Expensas": 200000.0, "Direccion": "Charcas al 3800", "Metros_Totales": 36.0, "Ambientes": 2.0, "Dormitorios": 1.0, "Baños": 1.0, "URL": "https://cabaprop.com.ar/propiedad/699f543c76238456d4b8aeeb/2-Amb---Araoz-2200---Palermo---Piso-Alto", "Bajo_Precio": null, "Cocheras": 0, "Etiqueta_Destacado": null, "Porcentaje_Rebaja": null, "Metros_Cubiertos": 36.0, "Antiguedad": null, "Descripcion_Breve": null, "Visitas_Count": null, "Visto_Estado": null, "Fecha_Publicacion": "25/2/2026", "Inmobiliaria": "GUIMAT PROPIEDADES", "lat": -34.5872757, "lon": -58.4182875, "Barrio_Geo": "Palermo", "snap_warning": false, "distancia_m_gym": 687, "cant_gym": 12, "distancia_m_subte": 431, "cant_subte": 8, "distancia_m_parque": 1119, "cant_parque": 3, "distancia_m_plaza": 378, "cant_plaza": 18, "costo_total": 750000, "dist_verde_final": 378, "apto_scoring": true, "segmento": "2amb", "costo_total_norm": 61.751152073732719, "distancia_m_subte_norm": 77.195767195767189, "dist_verde_final_norm": 63.827751196172251, "distancia_m_gym_norm": 64.841351074718531, "Score": 67.108876334929548, "REVISION": null, "FECHA_DETECCION": "2026-02-26" }, "geometry": { "type": "Point", "coordinates": [ -58.4182875, -34.5872757 ] } },
{ "type": "Feature", "properties": { "Portal": "cabaprop", "Barrio": "Palermo", "Tipo": "Departamento", "Titulo": "Departamento De 2 Ambientes En Alquiler En Palermo", "Precio": 500000, "Expensas": 100000.0, "Direccion": "Malabia al 2100", "Metros_Totales": 40.0, "Ambientes": 2.0, "Dormitorios": 1.0, "Baños": 1.0, "URL": "https://cabaprop.com.ar/propiedad/699d210676238456d4b6e049/Departamento-De-2-Ambientes-En-Alquiler-En-Palermo", "Bajo_Precio": null, "Cocheras": 0, "Etiqueta_Destacado": null, "Porcentaje_Rebaja": null, "Metros_Cubiertos": 38.0, "Antiguedad": null, "Descripcion_Breve": null, "Visitas_Count": null, "Visto_Estado": null, "Fecha_Publicacion": "24/2/2026", "Inmobiliaria": "MIGLIORISI INMOBILIARIA", "lat": -34.5929311, "lon": -58.4303302, "Barrio_Geo": "Palermo", "snap_warning": false, "distancia_m_gym": 239, "cant_gym": 16, "distancia_m_subte": 1094, "cant_subte": 5, "distancia_m_parque": 1578, "cant_parque": 2, "distancia_m_plaza": 616, "cant_plaza": 6, "costo_total": 600000, "dist_verde_final": 616, "apto_scoring": true, "segmento": "2amb", "costo_total_norm": 89.400921658986178, "distancia_m_subte_norm": 42.116402116402121, "dist_verde_final_norm": 41.052631578947377, "distancia_m_gym_norm": 87.768679631525075, "Score": 65.382683577457101, "REVISION": "DESCARTADO", "FECHA_DETECCION": "2026-03-09" }, "geometry": { "type": "Point", "coordinates": [ -58.4303302, -34.5929311 ] } },
{ "type": "Feature", "properties": { "Portal": "cabaprop", "Barrio": "Palermo", "Tipo": "Departamento", "Titulo": "Departamento - Alquiler - Capital Federal", "Precio": 650000, "Expensas": 100000.0, "Direccion": "JERONIMO SALGUERO al 2300", "Metros_Totales": 33.0, "Ambientes": 2.0, "Dormitorios": 1.0, "Baños": 1.0, "URL": "https://cabaprop.com.ar/propiedad/698eb7c776238456d4ac993c/Departamento---Alquiler---Capital-Federal", "Bajo_Precio": null, "Cocheras": 0, "Etiqueta_Destacado": null, "Porcentaje_Rebaja": null, "Metros_Cubiertos": 33.0, "Antiguedad": null, "Descripcion_Breve": null, "Visitas_Count": null, "Visto_Estado": null, "Fecha_Publicacion": "13/2/2026", "Inmobiliaria": "LEPORE", "lat": -34.5871631, "lon": -58.4134268, "Barrio_Geo": "Palermo", "snap_warning": false, "distancia_m_gym": 266, "cant_gym": 11, "distancia_m_subte": 247, "cant_subte": 8, "distancia_m_parque": 813, "cant_parque": 2, "distancia_m_plaza": 456, "cant_plaza": 24, "costo_total": 750000, "dist_verde_final": 456, "apto_scoring": true, "segmento": "2amb", "costo_total_norm": 61.751152073732719, "distancia_m_subte_norm": 86.931216931216937, "dist_verde_final_norm": 56.363636363636367, "distancia_m_gym_norm": 86.386898669396118, "Score": 70.691243048525052, "REVISION": null, "FECHA_DETECCION": "2026-03-01" }, "geometry": { "type": "Point", "coordinates": [ -58.4134268, -34.5871631 ] } },
{ "type": "Feature", "properties": { "Portal": "cabaprop", "Barrio": "Belgrano", "Tipo": "Departamento", "Titulo": "OPPEL | Departamento en Alquiler | BELGRANO Capital Federal | Cod: 33586", "Precio": 650000, "Expensas": 63691.0, "Direccion": "AMENABAR al 3800", "Metros_Totales": 42.0, "Ambientes": 3.0, "Dormitorios": 2.0, "Baños": 1.0, "URL": "https://cabaprop.com.ar/propiedad/689d7ab5fe498ea260fa3714/OPPEL-Departamento-en-Alquiler-BELGRANO-Capital-Federal-Cod-33586", "Bajo_Precio": null, "Cocheras": 0, "Etiqueta_Destacado": null, "Porcentaje_Rebaja": null, "Metros_Cubiertos": 42.0, "Antiguedad": null, "Descripcion_Breve": null, "Visitas_Count": null, "Visto_Estado": null, "Fecha_Publicacion": "14/8/2025", "Inmobiliaria": "OPPEL S.A.", "lat": -34.5631307, "lon": -58.4585576, "Barrio_Geo": "Belgrano", "snap_warning": false, "distancia_m_gym": 453, "cant_gym": 7, "distancia_m_subte": 211, "cant_subte": 4, "distancia_m_parque": 1249, "cant_parque": 1, "distancia_m_plaza": 129, "cant_plaza": 16, "costo_total": 713691, "dist_verde_final": 129, "apto_scoring": true, "segmento": "3amb", "costo_total_norm": 100.0, "distancia_m_subte_norm": 98.829039812646371, "dist_verde_final_norm": 85.824175824175825, "distancia_m_gym_norm": 69.210292812777283, "Score": 93.734576389906806, "REVISION": "DESCARTADO", "FECHA_DETECCION": "2026-03-09" }, "geometry": { "type": "Point", "coordinates": [ -58.4585576, -34.5631307 ] } },
{ "type": "Feature", "properties": { "Portal": "cabaprop", "Barrio": "Belgrano", "Tipo": "Departamento", "Titulo": "Departamento 2 Ambientes Amueblado Excelente Estado", "Precio": 650000, "Expensas": null, "Direccion": "Virrey Loreto al 2500", "Metros_Totales": 37.0, "Ambientes": 2.0, "Dormitorios": 1.0, "Baños": 1.0, "URL": "https://cabaprop.com.ar/propiedad/698d525176238456d4ab5db9/Departamento-2-Ambientes-Amueblado-Excelente-Estado", "Bajo_Precio": null, "Cocheras": 0, "Etiqueta_Destacado": null, "Porcentaje_Rebaja": null, "Metros_Cubiertos": 37.0, "Antiguedad": null, "Descripcion_Breve": null, "Visitas_Count": null, "Visto_Estado": null, "Fecha_Publicacion": "12/2/2026", "Inmobiliaria": "ROMAN CIFRE PROPIEDADES", "lat": -34.5712006, "lon": -58.4529459, "Barrio_Geo": "Colegiales", "snap_warning": false, "distancia_m_gym": 620, "cant_gym": 12, "distancia_m_subte": 949, "cant_subte": 3, "distancia_m_parque": 328, "cant_parque": 2, "distancia_m_plaza": 426, "cant_plaza": 20, "costo_total": 650000, "dist_verde_final": 328, "apto_scoring": false, "segmento": "2amb", "costo_total_norm": null, "distancia_m_subte_norm": null, "dist_verde_final_norm": null, "distancia_m_gym_norm": null, "Score": null, "REVISION": null, "FECHA_DETECCION": "2026-02-16" }, "geometry": { "type": "Point", "coordinates": [ -58.4529459, -34.5712006 ] } },
{ "type": "Feature", "properties": { "Portal": "cabaprop", "Barrio": "Villa Urquiza", "Tipo": "Departamento", "Titulo": "Departamento 2 ambientes, al frente, con balcón, living con salida a balcón, cocina competa independiente , lavadero, baño completo , dormitorio con p", "Precio": 580000, "Expensas": 90000.0, "Direccion": "Bauness al 2300", "Metros_Totales": 40.0, "Ambientes": 2.0, "Dormitorios": 1.0, "Baños": 1.0, "URL": "https://cabaprop.com.ar/propiedad/6917835f731c9068f15dff51/Departamento-2-ambientes-al-frente-con-balcon-living-con-salida-a-balcon-cocina-competa-independiente-lavadero-bano-completo-dormitorio-con-p", "Bajo_Precio": null, "Cocheras": 0, "Etiqueta_Destacado": null, "Porcentaje_Rebaja": null, "Metros_Cubiertos": 38.0, "Antiguedad": null, "Descripcion_Breve": null, "Visitas_Count": null, "Visto_Estado": null, "Fecha_Publicacion": "14/11/2025", "Inmobiliaria": "Oliveri Propiedades", "lat": -34.5841597, "lon": -58.4800169, "Barrio_Geo": "Parque Chas", "snap_warning": false, "distancia_m_gym": 205, "cant_gym": 6, "distancia_m_subte": 694, "cant_subte": 4, "distancia_m_parque": 1358, "cant_parque": 1, "distancia_m_plaza": 132, "cant_plaza": 11, "costo_total": 670000, "dist_verde_final": 132, "apto_scoring": true, "segmento": "2amb", "costo_total_norm": 76.497695852534562, "distancia_m_subte_norm": 63.280423280423278, "dist_verde_final_norm": 87.368421052631575, "distancia_m_gym_norm": 89.50870010235414, "Score": 76.007759545902545, "REVISION": "DESCARTADO", "FECHA_DETECCION": "2026-03-09" }, "geometry": { "type": "Point", "coordinates": [ -58.4800169, -34.5841597 ] } },
{ "type": "Feature", "properties": { "Portal": "cabaprop", "Barrio": "Belgrano", "Tipo": "Departamento", "Titulo": "DEPARTAMENTO 2 AMBIENTES - BELGRANO, CAPITAL FEDERAL", "Precio": 550000, "Expensas": 180000.0, "Direccion": "Palpa al 23000", "Metros_Totales": 38.0, "Ambientes": 2.0, "Dormitorios": 1.0, "Baños": 1.0, "URL": "https://cabaprop.com.ar/propiedad/69abac535a63f17bb0e37d98/DEPARTAMENTO-2-AMBIENTES---BELGRANO-CAPITAL-FEDERAL", "Bajo_Precio": null, "Cocheras": 0, "Etiqueta_Destacado": null, "Porcentaje_Rebaja": null, "Metros_Cubiertos": 38.0, "Antiguedad": null, "Descripcion_Breve": null, "Visitas_Count": null, "Visto_Estado": null, "Fecha_Publicacion": "7/3/2026", "Inmobiliaria": "D´ANTONIO", "lat": -34.5769671, "lon": -58.4515094, "Barrio_Geo": "Colegiales", "snap_warning": false, "distancia_m_gym": 917, "cant_gym": 10, "distancia_m_subte": 1197, "cant_subte": 4, "distancia_m_parque": 775, "cant_parque": 4, "distancia_m_plaza": 749, "cant_plaza": 14, "costo_total": 730000, "dist_verde_final": 749, "apto_scoring": true, "segmento": "2amb", "costo_total_norm": 65.437788018433181, "distancia_m_subte_norm": 36.666666666666671, "dist_verde_final_norm": 28.325358851674636, "distancia_m_gym_norm": 53.070624360286587, "Score": 48.147249413736859, "REVISION": null, "FECHA_DETECCION": "2026-03-09" }, "geometry": { "type": "Point", "coordinates": [ -58.4515094, -34.5769671 ] } },
{ "type": "Feature", "properties": { "Portal": "cabaprop", "Barrio": "Belgrano", "Tipo": "Departamento", "Titulo": "DEPARTAMENTO 2 AMBIENTES - BELGRANO, CAPITAL FEDERAL", "Precio": 500000, "Expensas": 258000.0, "Direccion": "Av. Cramer al 16000", "Metros_Totales": 435.0, "Ambientes": 2.0, "Dormitorios": 1.0, "Baños": 1.0, "URL": "https://cabaprop.com.ar/propiedad/69abaae25a63f17bb0e37839/DEPARTAMENTO-2-AMBIENTES---BELGRANO-CAPITAL-FEDERAL", "Bajo_Precio": null, "Cocheras": 0, "Etiqueta_Destacado": null, "Porcentaje_Rebaja": null, "Metros_Cubiertos": 4028.0, "Antiguedad": null, "Descripcion_Breve": null, "Visitas_Count": null, "Visto_Estado": null, "Fecha_Publicacion": "7/3/2026", "Inmobiliaria": "D´ANTONIO", "lat": -34.5556688, "lon": -58.4691901, "Barrio_Geo": "Nuñez", "snap_warning": false, "distancia_m_gym": 1067, "cant_gym": 5, "distancia_m_subte": 752, "cant_subte": 2, "distancia_m_parque": 1407, "cant_parque": 1, "distancia_m_plaza": 1045, "cant_plaza": 14, "costo_total": 758000, "dist_verde_final": 1045, "apto_scoring": true, "segmento": "2amb", "costo_total_norm": 60.276497695852534, "distancia_m_subte_norm": 60.211640211640209, "dist_verde_final_norm": 0.0, "distancia_m_gym_norm": 45.394063459570113, "Score": 46.713497487790086, "REVISION": null, "FECHA_DETECCION": "2026-03-09" }, "geometry": { "type": "Point", "coordinates": [ -58.4691901, -34.5556688 ] } },
{ "type": "Feature", "properties": { "Portal": "cabaprop", "Barrio": "Belgrano", "Tipo": "Departamento", "Titulo": "Alquiler 2 Amb Contrafrente Balcon c/Lavadero Belgrano", "Precio": 790000, "Expensas": 125000.0, "Direccion": "CIUDAD DE LA PAZ al 2400", "Metros_Totales": 44.0, "Ambientes": 2.0, "Dormitorios": 1.0, "Baños": 1.0, "URL": "https://cabaprop.com.ar/propiedad/69a673a15a63f17bb0df0083/Alquiler-2-Amb-Contrafrente-Balcon-c-Lavadero-Belgrano", "Bajo_Precio": null, "Cocheras": 0, "Etiqueta_Destacado": null, "Porcentaje_Rebaja": null, "Metros_Cubiertos": 37.0, "Antiguedad": null, "Descripcion_Breve": null, "Visitas_Count": null, "Visto_Estado": null, "Fecha_Publicacion": "3/3/2026", "Inmobiliaria": "MENASCHES PROPIEDADES", "lat": -34.5628825, "lon": -58.4574497, "Barrio_Geo": "Belgrano", "snap_warning": false, "distancia_m_gym": 352, "cant_gym": 8, "distancia_m_subte": 110, "cant_subte": 4, "distancia_m_parque": 1309, "cant_parque": 1, "distancia_m_plaza": 218, "cant_plaza": 15, "costo_total": 915000, "dist_verde_final": 218, "apto_scoring": true, "segmento": "2amb", "costo_total_norm": 31.336405529953907, "distancia_m_subte_norm": 94.179894179894177, "dist_verde_final_norm": 79.138755980861248, "distancia_m_gym_norm": 81.985670419651996, "Score": 64.814848704087268, "REVISION": null, "FECHA_DETECCION": "2026-03-09" }, "geometry": { "type": "Point", "coordinates": [ -58.4574497, -34.5628825 ] } },
{ "type": "Feature", "properties": { "Portal": "cabaprop", "Barrio": "Villa Urquiza", "Tipo": "Departamento", "Titulo": "Departamento 2 Apto Profesional Al Frente En Villa Urquiza", "Precio": 650000, "Expensas": 200000.0, "Direccion": "Doctor Pedro Ignacio Rivera al 5400", "Metros_Totales": 40.0, "Ambientes": 2.0, "Dormitorios": 1.0, "Baños": 1.0, "URL": "https://cabaprop.com.ar/propiedad/69a3b05276238456d4bcd677/Departamento-2-Apto-Profesional-Al-Frente-En-Villa-Urquiza", "Bajo_Precio": null, "Cocheras": 0, "Etiqueta_Destacado": null, "Porcentaje_Rebaja": null, "Metros_Cubiertos": 40.0, "Antiguedad": null, "Descripcion_Breve": null, "Visitas_Count": null, "Visto_Estado": null, "Fecha_Publicacion": "1/3/2026", "Inmobiliaria": "HAKIM PROPIEDADES", "lat": -34.5675325, "lon": -58.4797887, "Barrio_Geo": "Villa Urquiza", "snap_warning": false, "distancia_m_gym": 1347, "cant_gym": 1, "distancia_m_subte": 1185, "cant_subte": 3, "distancia_m_parque": 1500, "cant_parque": 0, "distancia_m_plaza": 325, "cant_plaza": 15, "costo_total": 850000, "dist_verde_final": 325, "apto_scoring": true, "segmento": "2amb", "costo_total_norm": 43.317972350230413, "distancia_m_subte_norm": 37.301587301587304, "dist_verde_final_norm": 68.899521531100476, "distancia_m_gym_norm": 31.06448311156602, "Score": 45.404017747945062, "REVISION": null, "FECHA_DETECCION": "2026-03-01" }, "geometry": { "type": "Point", "coordinates": [ -58.4797887, -34.5675325 ] } },
{ "type": "Feature", "properties": { "Portal": "cabaprop", "Barrio": "Villa Urquiza", "Tipo": "Departamento", "Titulo": "Alquiler 2 Amb Contrafrente Balcon Luminoso Villa Urquiza", "Precio": 680000, "Expensas": 110500.0, "Direccion": "CULLEN al 5000", "Metros_Totales": 37.0, "Ambientes": 2.0, "Dormitorios": 1.0, "Baños": 1.0, "URL": "https://cabaprop.com.ar/propiedad/699fdc3a76238456d4b9a802/Alquiler-2-Amb-Contrafrente-Balcon-Luminoso-Villa-Urquiza", "Bajo_Precio": null, "Cocheras": 0, "Etiqueta_Destacado": null, "Porcentaje_Rebaja": null, "Metros_Cubiertos": 35.0, "Antiguedad": null, "Descripcion_Breve": null, "Visitas_Count": null, "Visto_Estado": null, "Fecha_Publicacion": "26/2/2026", "Inmobiliaria": "MENASCHES PROPIEDADES", "lat": -34.5746697, "lon": -58.4911794, "Barrio_Geo": "Villa Urquiza", "snap_warning": false, "distancia_m_gym": 1240, "cant_gym": 2, "distancia_m_subte": 556, "cant_subte": 3, "distancia_m_parque": 1932, "cant_parque": 2, "distancia_m_plaza": 495, "cant_plaza": 17, "costo_total": 790500, "dist_verde_final": 495, "apto_scoring": true, "segmento": "2amb", "costo_total_norm": 54.285714285714285, "distancia_m_subte_norm": 70.582010582010582, "dist_verde_final_norm": 52.631578947368425, "distancia_m_gym_norm": 36.54042988741044, "Score": 57.069247667103618, "REVISION": "INTERES", "FECHA_DETECCION": "2026-03-09" }, "geometry": { "type": "Point", "coordinates": [ -58.4911794, -34.5746697 ] } },
{ "type": "Feature", "properties": { "Portal": "cabaprop", "Barrio": "Villa Urquiza", "Tipo": "Departamento", "Titulo": "Departamento De 2 Ambientes En Alquiler De Villa Urquiza", "Precio": 580000, "Expensas": 130000.0, "Direccion": "Nahuel Huapi al 4900", "Metros_Totales": 40.0, "Ambientes": 2.0, "Dormitorios": 1.0, "Baños": 1.0, "URL": "https://cabaprop.com.ar/propiedad/699fbbe676238456d4b94247/Departamento-De-2-Ambientes-En-Alquiler-De-Villa-Urquiza", "Bajo_Precio": null, "Cocheras": 0, "Etiqueta_Destacado": null, "Porcentaje_Rebaja": null, "Metros_Cubiertos": 40.0, "Antiguedad": null, "Descripcion_Breve": null, "Visitas_Count": null, "Visto_Estado": null, "Fecha_Publicacion": "26/2/2026", "Inmobiliaria": "HAKIM PROPIEDADES", "lat": -34.5707404, "lon": -58.4879633, "Barrio_Geo": "Villa Urquiza", "snap_warning": false, "distancia_m_gym": 1057, "cant_gym": 2, "distancia_m_subte": 509, "cant_subte": 3, "distancia_m_parque": 1500, "cant_parque": 0, "distancia_m_plaza": 192, "cant_plaza": 17, "costo_total": 710000, "dist_verde_final": 192, "apto_scoring": true, "segmento": "2amb", "costo_total_norm": 69.124423963133637, "distancia_m_subte_norm": 73.068783068783063, "dist_verde_final_norm": 81.626794258373209, "distancia_m_gym_norm": 45.905834186284544, "Score": 70.486346776191482, "REVISION": "VISTO", "FECHA_DETECCION": "2026-03-09" }, "geometry": { "type": "Point", "coordinates": [ -58.4879633, -34.5707404 ] } },
{ "type": "Feature", "properties": { "Portal": "cabaprop", "Barrio": "Villa Urquiza", "Tipo": "Departamento", "Titulo": "DEPARTAMENTO 2 AMBIENTES - VILLA URQUIZA, CAPITAL FEDERAL", "Precio": 650000, "Expensas": 190000.0, "Direccion": "AIZPURUA al 2900", "Metros_Totales": 5574.0, "Ambientes": 2.0, "Dormitorios": 1.0, "Baños": 1.0, "URL": "https://cabaprop.com.ar/propiedad/6998b06876238456d4b36d67/DEPARTAMENTO-2-AMBIENTES---VILLA-URQUIZA-CAPITAL-FEDERAL", "Bajo_Precio": null, "Cocheras": 0, "Etiqueta_Destacado": null, "Porcentaje_Rebaja": null, "Metros_Cubiertos": 4514.0, "Antiguedad": null, "Descripcion_Breve": null, "Visitas_Count": null, "Visto_Estado": null, "Fecha_Publicacion": "20/2/2026", "Inmobiliaria": "VEGA ORGANIZACION INMOBILIARIA", "lat": -34.5720675, "lon": -58.5001544, "Barrio_Geo": "Villa Urquiza", "snap_warning": false, "distancia_m_gym": 1110, "cant_gym": 2, "distancia_m_subte": 1743, "cant_subte": 1, "distancia_m_parque": 1136, "cant_parque": 3, "distancia_m_plaza": 552, "cant_plaza": 8, "costo_total": 840000, "dist_verde_final": 552, "apto_scoring": true, "segmento": "2amb", "costo_total_norm": 45.161290322580648, "distancia_m_subte_norm": 7.7777777777777715, "dist_verde_final_norm": 47.177033492822964, "distancia_m_gym_norm": 43.193449334698052, "Score": 34.152601094399991, "REVISION": null, "FECHA_DETECCION": "2026-02-22" }, "geometry": { "type": "Point", "coordinates": [ -58.5001544, -34.5720675 ] } },
{ "type": "Feature", "properties": { "Portal": "cabaprop", "Barrio": "Palermo", "Tipo": "Departamento", "Titulo": "Alquiler Dos Ambientes En Palermo", "Precio": 670000, "Expensas": 201000.0, "Direccion": "Avenida Cerviño al 3500", "Metros_Totales": 36.0, "Ambientes": 2.0, "Dormitorios": 1.0, "Baños": 1.0, "URL": "https://cabaprop.com.ar/propiedad/69840b6376238456d4a3b88c/Alquiler-Dos-Ambientes-En-Palermo", "Bajo_Precio": null, "Cocheras": 0, "Etiqueta_Destacado": null, "Porcentaje_Rebaja": null, "Metros_Cubiertos": 30.0, "Antiguedad": null, "Descripcion_Breve": null, "Visitas_Count": null, "Visto_Estado": null, "Fecha_Publicacion": "5/2/2026", "Inmobiliaria": "RGM REAL ESTATE\t", "lat": -34.5781719, "lon": -58.4147287, "Barrio_Geo": "Palermo", "snap_warning": false, "distancia_m_gym": 1018, "cant_gym": 11, "distancia_m_subte": 924, "cant_subte": 4, "distancia_m_parque": 988, "cant_parque": 4, "distancia_m_plaza": 301, "cant_plaza": 32, "costo_total": 871000, "dist_verde_final": 301, "apto_scoring": true, "segmento": "2amb", "costo_total_norm": 39.447004608294932, "distancia_m_subte_norm": 51.111111111111114, "dist_verde_final_norm": 71.196172248803833, "distancia_m_gym_norm": 47.901740020470825, "Score": 50.141543628459154, "REVISION": null, "FECHA_DETECCION": "2026-02-16" }, "geometry": { "type": "Point", "coordinates": [ -58.4147287, -34.5781719 ] } },
{ "type": "Feature", "properties": { "Portal": "cabaprop", "Barrio": "Palermo", "Tipo": "Departamento", "Titulo": "Departamento En Palermo 2 Ambientes Con Balcón", "Precio": 730000, "Expensas": 340000.0, "Direccion": "Gorriti al 3600", "Metros_Totales": 45.0, "Ambientes": 2.0, "Dormitorios": 1.0, "Baños": 1.0, "URL": "https://cabaprop.com.ar/propiedad/6986aedf76238456d4a61a40/Departamento-En-Palermo-2-Ambientes-Con-Balcon", "Bajo_Precio": null, "Cocheras": 0, "Etiqueta_Destacado": null, "Porcentaje_Rebaja": null, "Metros_Cubiertos": 36.0, "Antiguedad": null, "Descripcion_Breve": null, "Visitas_Count": null, "Visto_Estado": null, "Fecha_Publicacion": "7/2/2026", "Inmobiliaria": "CIFRE PROFESIONALES INMOBILIARIOS", "lat": -34.5903206, "lon": -58.4297553, "Barrio_Geo": "Palermo", "snap_warning": false, "distancia_m_gym": 745, "cant_gym": 16, "distancia_m_subte": 1467, "cant_subte": 6, "distancia_m_parque": 1066, "cant_parque": 3, "distancia_m_plaza": 605, "cant_plaza": 9, "costo_total": 1070000, "dist_verde_final": 605, "apto_scoring": true, "segmento": "2amb", "costo_total_norm": 2.7649769585253381, "distancia_m_subte_norm": 22.38095238095238, "dist_verde_final_norm": 42.105263157894733, "distancia_m_gym_norm": 61.873080859774824, "Score": 22.42863721525228, "REVISION": null, "FECHA_DETECCION": "2026-02-26" }, "geometry": { "type": "Point", "coordinates": [ -58.4297553, -34.5903206 ] } },
{ "type": "Feature", "properties": { "Portal": "cabaprop", "Barrio": "Palermo", "Tipo": "Departamento", "Titulo": "CERVIÑO 4400", "Precio": 650000, "Expensas": 120000.0, "Direccion": "Cerviño 4400", "Metros_Totales": 38.0, "Ambientes": 2.0, "Dormitorios": 1.0, "Baños": 1.0, "URL": "https://cabaprop.com.ar/propiedad/698b3cfb76238456d4a98004/CERVINO-4400", "Bajo_Precio": null, "Cocheras": 0, "Etiqueta_Destacado": null, "Porcentaje_Rebaja": null, "Metros_Cubiertos": 38.0, "Antiguedad": null, "Descripcion_Breve": null, "Visitas_Count": null, "Visto_Estado": null, "Fecha_Publicacion": "10/2/2026", "Inmobiliaria": "ESCALADA PROPIEDADES", "lat": -34.5763658, "lon": -58.4197145, "Barrio_Geo": "Palermo", "snap_warning": false, "distancia_m_gym": 532, "cant_gym": 9, "distancia_m_subte": 669, "cant_subte": 4, "distancia_m_parque": 1324, "cant_parque": 3, "distancia_m_plaza": 103, "cant_plaza": 23, "costo_total": 770000, "dist_verde_final": 103, "apto_scoring": true, "segmento": "2amb", "costo_total_norm": 58.064516129032256, "distancia_m_subte_norm": 64.603174603174608, "dist_verde_final_norm": 90.143540669856463, "distancia_m_gym_norm": 72.773797338792221, "Score": 67.912846700415798, "REVISION": "DESCARTADO", "FECHA_DETECCION": "2026-03-09" }, "geometry": { "type": "Point", "coordinates": [ -58.4197145, -34.5763658 ] } },
{ "type": "Feature", "properties": { "Portal": "cabaprop", "Barrio": "Parque Chas", "Tipo": "Departamento", "Titulo": "Excelente Dpto 2 Amb con Balcón", "Precio": 750000, "Expensas": 217000.0, "Direccion": "Bucarelli al 1200", "Metros_Totales": 44.0, "Ambientes": 2.0, "Dormitorios": 1.0, "Baños": 1.0, "URL": "https://cabaprop.com.ar/propiedad/69a70f085a63f17bb0df45f7/Excelente-Dpto-2-Amb-con-Balcon", "Bajo_Precio": null, "Cocheras": 0, "Etiqueta_Destacado": null, "Porcentaje_Rebaja": null, "Metros_Cubiertos": 42.0, "Antiguedad": null, "Descripcion_Breve": null, "Visitas_Count": null, "Visto_Estado": null, "Fecha_Publicacion": "3/3/2026", "Inmobiliaria": "MGM NEGOCIOS INMOBILIARIOS", "lat": -34.5770643, "lon": -58.4869507, "Barrio_Geo": "Villa Urquiza", "snap_warning": false, "distancia_m_gym": 739, "cant_gym": 3, "distancia_m_subte": 441, "cant_subte": 3, "distancia_m_parque": 1500, "cant_parque": 0, "distancia_m_plaza": 589, "cant_plaza": 15, "costo_total": 967000, "dist_verde_final": 589, "apto_scoring": true, "segmento": "2amb", "costo_total_norm": 21.751152073732712, "distancia_m_subte_norm": 76.666666666666671, "dist_verde_final_norm": 43.63636363636364, "distancia_m_gym_norm": 62.180143295803482, "Score": 46.645747886346165, "REVISION": null, "FECHA_DETECCION": "2026-03-09" }, "geometry": { "type": "Point", "coordinates": [ -58.4869507, -34.5770643 ] } },
{ "type": "Feature", "properties": { "Portal": "cabaprop", "Barrio": "Recoleta", "Tipo": "Departamento", "Titulo": "Alquiler Departamento 2 Ambientes Excelente Conectividad", "Precio": 650000, "Expensas": 150000.0, "Direccion": "Avenida Pueyrredón al 1700", "Metros_Totales": 35.0, "Ambientes": 2.0, "Dormitorios": 1.0, "Baños": 1.0, "URL": "https://cabaprop.com.ar/propiedad/69a909955a63f17bb0e17577/Alquiler-Departamento-2-Ambientes-Excelente-Conectividad", "Bajo_Precio": null, "Cocheras": 0, "Etiqueta_Destacado": null, "Porcentaje_Rebaja": null, "Metros_Cubiertos": 35.0, "Antiguedad": null, "Descripcion_Breve": null, "Visitas_Count": null, "Visto_Estado": null, "Fecha_Publicacion": "5/3/2026", "Inmobiliaria": "FAURO PROPIEDADES", "lat": -34.5809427, "lon": -58.4443734, "Barrio_Geo": "Colegiales", "snap_warning": false, "distancia_m_gym": 141, "cant_gym": 7, "distancia_m_subte": 1253, "cant_subte": 4, "distancia_m_parque": 0, "cant_parque": 5, "distancia_m_plaza": 0, "cant_plaza": 15, "costo_total": 800000, "dist_verde_final": 0, "apto_scoring": true, "segmento": "2amb", "costo_total_norm": 52.534562211981566, "distancia_m_subte_norm": 33.703703703703695, "dist_verde_final_norm": 100.0, "distancia_m_gym_norm": 92.784032753326514, "Score": 60.403339271236383, "REVISION": null, "FECHA_DETECCION": "2026-03-09" }, "geometry": { "type": "Point", "coordinates": [ -58.4443734, -34.5809427 ] } },
{ "type": "Feature", "properties": { "Portal": "cabaprop", "Barrio": "Villa Ortuzar", "Tipo": "Departamento", "Titulo": "ALQUILER 2 AMBIENTES CERCANÍA SUBTE B COCINA SEPARADA", "Precio": 550000, "Expensas": 107000.0, "Direccion": "ALVAREZ THOMAS, AVDA. al 2100", "Metros_Totales": 32.0, "Ambientes": 2.0, "Dormitorios": 1.0, "Baños": 1.0, "URL": "https://cabaprop.com.ar/propiedad/693280acc105ae8ac657160c/ALQUILER-2-AMBIENTES-CERCANIA-SUBTE-B-COCINA-SEPARADA", "Bajo_Precio": null, "Cocheras": 0, "Etiqueta_Destacado": null, "Porcentaje_Rebaja": null, "Metros_Cubiertos": 32.0, "Antiguedad": null, "Descripcion_Breve": null, "Visitas_Count": null, "Visto_Estado": null, "Fecha_Publicacion": "5/12/2025", "Inmobiliaria": "PABLO FONTANA PROPIEDADES", "lat": -34.578703, "lon": -58.4646661, "Barrio_Geo": "Villa Ortuzar", "snap_warning": false, "distancia_m_gym": 344, "cant_gym": 5, "distancia_m_subte": 699, "cant_subte": 5, "distancia_m_parque": 1137, "cant_parque": 3, "distancia_m_plaza": 476, "cant_plaza": 19, "costo_total": 657000, "dist_verde_final": 476, "apto_scoring": true, "segmento": "2amb", "costo_total_norm": 78.894009216589865, "distancia_m_subte_norm": 63.015873015873012, "dist_verde_final_norm": 54.449760765550238, "distancia_m_gym_norm": 82.395087001023541, "Score": 69.591826444610248, "REVISION": "VISTO", "FECHA_DETECCION": "2026-03-09" }, "geometry": { "type": "Point", "coordinates": [ -58.4646661, -34.578703 ] } },
{ "type": "Feature", "properties": { "Portal": "cabaprop", "Barrio": "Recoleta", "Tipo": "Departamento", "Titulo": "Alquiler de Departamento en Recoleta", "Precio": 750000, "Expensas": 110000.0, "Direccion": "José León Pagano al 2700", "Metros_Totales": 38.0, "Ambientes": 2.0, "Dormitorios": 1.0, "Baños": 1.0, "URL": "https://cabaprop.com.ar/propiedad/6961035bcc8f3498fad44244/Alquiler-de-Departamento-en-Recoleta", "Bajo_Precio": null, "Cocheras": 0, "Etiqueta_Destacado": null, "Porcentaje_Rebaja": null, "Metros_Cubiertos": 38.0, "Antiguedad": null, "Descripcion_Breve": null, "Visitas_Count": null, "Visto_Estado": null, "Fecha_Publicacion": "9/1/2026", "Inmobiliaria": "Gustavo Amabile Propiedades", "lat": -34.5836713, "lon": -58.3999568, "Barrio_Geo": "Recoleta", "snap_warning": false, "distancia_m_gym": 751, "cant_gym": 14, "distancia_m_subte": 558, "cant_subte": 7, "distancia_m_parque": 869, "cant_parque": 2, "distancia_m_plaza": 163, "cant_plaza": 36, "costo_total": 860000, "dist_verde_final": 163, "apto_scoring": true, "segmento": "2amb", "costo_total_norm": 41.474654377880185, "distancia_m_subte_norm": 70.476190476190482, "dist_verde_final_norm": 84.401913875598083, "distancia_m_gym_norm": 61.566018423746158, "Score": 60.769703511503451, "REVISION": null, "FECHA_DETECCION": "2026-02-16" }, "geometry": { "type": "Point", "coordinates": [ -58.3999568, -34.5836713 ] } },
{ "type": "Feature", "properties": { "Portal": "cabaprop", "Barrio": "Recoleta", "Tipo": "Departamento", "Titulo": "Departamento En Alquiler En Recoleta", "Precio": 500000, "Expensas": 240000.0, "Direccion": "Presidente José Evaristo Uriburu al 1600", "Metros_Totales": 40.0, "Ambientes": 2.0, "Dormitorios": 1.0, "Baños": 1.0, "URL": "https://cabaprop.com.ar/propiedad/69685e9acc8f3498fadfd788/Departamento-En-Alquiler-En-Recoleta", "Bajo_Precio": null, "Cocheras": 0, "Etiqueta_Destacado": null, "Porcentaje_Rebaja": null, "Metros_Cubiertos": 40.0, "Antiguedad": null, "Descripcion_Breve": null, "Visitas_Count": null, "Visto_Estado": null, "Fecha_Publicacion": "15/1/2026", "Inmobiliaria": "MARIO COSTA PROPIEDADES", "lat": -34.5994189, "lon": -58.3988339, "Barrio_Geo": "Recoleta", "snap_warning": false, "distancia_m_gym": 269, "cant_gym": 17, "distancia_m_subte": 141, "cant_subte": 18, "distancia_m_parque": 1500, "cant_parque": 0, "distancia_m_plaza": 269, "cant_plaza": 24, "costo_total": 740000, "dist_verde_final": 269, "apto_scoring": true, "segmento": "2amb", "costo_total_norm": 63.594470046082954, "distancia_m_subte_norm": 92.539682539682545, "dist_verde_final_norm": 74.258373205741634, "distancia_m_gym_norm": 86.233367451381781, "Score": 76.674704166624451, "REVISION": "DESCARTADO", "FECHA_DETECCION": "2026-03-09" }, "geometry": { "type": "Point", "coordinates": [ -58.3988339, -34.5994189 ] } },
{ "type": "Feature", "properties": { "Portal": "cabaprop", "Barrio": "Recoleta", "Tipo": "Departamento", "Titulo": "Departamento En Alquiler En Recoleta", "Precio": 780000, "Expensas": 160000.0, "Direccion": "Avenida Callao al 2000", "Metros_Totales": 35.0, "Ambientes": 2.0, "Dormitorios": 1.0, "Baños": 1.0, "URL": "https://cabaprop.com.ar/propiedad/699dbc9e76238456d4b74917/Departamento-En-Alquiler-En-Recoleta", "Bajo_Precio": null, "Cocheras": 0, "Etiqueta_Destacado": null, "Porcentaje_Rebaja": null, "Metros_Cubiertos": 35.0, "Antiguedad": null, "Descripcion_Breve": null, "Visitas_Count": null, "Visto_Estado": null, "Fecha_Publicacion": "24/2/2026", "Inmobiliaria": "AGEO PROPIEDADES", "lat": -34.5980424, "lon": -58.3931261, "Barrio_Geo": "Recoleta", "snap_warning": false, "distancia_m_gym": 394, "cant_gym": 17, "distancia_m_subte": 103, "cant_subte": 22, "distancia_m_parque": 1707, "cant_parque": 1, "distancia_m_plaza": 283, "cant_plaza": 29, "costo_total": 940000, "dist_verde_final": 283, "apto_scoring": true, "segmento": "2amb", "costo_total_norm": 26.728110599078335, "distancia_m_subte_norm": 94.550264550264558, "dist_verde_final_norm": 72.918660287081337, "distancia_m_gym_norm": 79.836233367451385, "Score": 61.623678998872109, "REVISION": null, "FECHA_DETECCION": "2026-02-27" }, "geometry": { "type": "Point", "coordinates": [ -58.3931261, -34.5980424 ] } },
{ "type": "Feature", "properties": { "Portal": "cabaprop", "Barrio": "Recoleta", "Tipo": "Departamento", "Titulo": "Ya Reservado. Recoleta - Alquiler 2 Ambientes A Estrenar - Frente A Recoleta Mall", "Precio": 750000, "Expensas": 170000.0, "Direccion": "Avenida General Las Heras al 1600", "Metros_Totales": 38.0, "Ambientes": 2.0, "Dormitorios": 1.0, "Baños": 1.0, "URL": "https://cabaprop.com.ar/propiedad/69a8f7a65a63f17bb0e13937/Ya-Reservado-Recoleta---Alquiler-2-Ambientes-A-Estrenar---Frente-A-Recoleta-Mall", "Bajo_Precio": null, "Cocheras": 0, "Etiqueta_Destacado": null, "Porcentaje_Rebaja": null, "Metros_Cubiertos": 35.0, "Antiguedad": null, "Descripcion_Breve": null, "Visitas_Count": null, "Visto_Estado": null, "Fecha_Publicacion": "5/3/2026", "Inmobiliaria": "Osvaldo Arruti Propiedades", "lat": -34.575268, "lon": -58.4068444, "Barrio_Geo": "Palermo", "snap_warning": false, "distancia_m_gym": 537, "cant_gym": 10, "distancia_m_subte": 1580, "cant_subte": 5, "distancia_m_parque": 1043, "cant_parque": 4, "distancia_m_plaza": 118, "cant_plaza": 38, "costo_total": 920000, "dist_verde_final": 118, "apto_scoring": true, "segmento": "2amb", "costo_total_norm": 30.414746543778804, "distancia_m_subte_norm": 16.402116402116405, "dist_verde_final_norm": 88.708133971291872, "distancia_m_gym_norm": 72.517911975434998, "Score": 42.079951529948318, "REVISION": null, "FECHA_DETECCION": "2026-03-09" }, "geometry": { "type": "Point", "coordinates": [ -58.4068444, -34.575268 ] } },
{ "type": "Feature", "properties": { "Portal": "argenprop", "Barrio": "Colegiales", "Tipo": "Departamento", "Titulo": "Departamento Monoambiente en alquiler - 1 Baño - Colegiales", "Precio": 500000, "Expensas": 180000.0, "Direccion": "Crámer e/ Teodoro Garcia Y Palpa", "Metros_Totales": null, "Ambientes": null, "Dormitorios": null, "Baños": 1.0, "URL": "https://www.argenprop.com/departamento-en-alquiler-en-colegiales-1-ambiente--19082685", "Bajo_Precio": null, "Cocheras": 0, "Etiqueta_Destacado": null, "Porcentaje_Rebaja": null, "Metros_Cubiertos": 25.0, "Antiguedad": 40.0, "Descripcion_Breve": "_ Departamento monoambiente en alquiler ubicado sobre calle crámer entre teodoro garcia y palpa (colegiales, ciudad autónoma de buenos aires). Desarrollado en segundo piso por ascensor, con disposición frente y orientación al norte. _ El mismo posee cocina equipada con muebles sobre y bajo mesada, un espacio principal con espacios de guardado empotrados y un baño completo. Luminoso, cuenta con muy buena ventilación natural. _ La propiedad tiene una superficie total de aproximadamente 25mts2 cubiertos. _ Las expensas al día 21/02/2026 son de aproximadamente $180.000. Yacoub | construimos confianza innovación | calidad | sustentabilidad | diseño 70 mil metros cuadrados | 23 torres la información descripta en el presente aviso es meramente orientativa y no forma parte de ningún tipo de documentación contractual. Los datos enunciados fueron proporcionados por los propietarios y pueden arrojar inexactitudes, las superficies definitivas surgirán del título de propiedad del inmueble referido. Se deja constancia de que los valores y/o expensas pueden estar sujetas a verificación o ajuste. Lo que estás buscando lo tenemos | estés donde estés vendemos en todos lados.", "Visitas_Count": 0.0, "Visto_Estado": "Visto", "Fecha_Publicacion": null, "Inmobiliaria": null, "lat": -34.573097, "lon": -58.448289, "Barrio_Geo": "Colegiales", "snap_warning": false, "distancia_m_gym": 320, "cant_gym": 9, "distancia_m_subte": 584, "cant_subte": 5, "distancia_m_parque": 601, "cant_parque": 2, "distancia_m_plaza": 351, "cant_plaza": 20, "costo_total": 680000, "dist_verde_final": 351, "apto_scoring": true, "segmento": "sin_datos", "costo_total_norm": 60.963855421686745, "distancia_m_subte_norm": 69.599167100468506, "dist_verde_final_norm": 68.604651162790702, "distancia_m_gym_norm": 82.261640798226168, "Score": 67.21238661119601, "REVISION": null, "FECHA_DETECCION": "2026-03-01" }, "geometry": { "type": "Point", "coordinates": [ -58.448289, -34.573097 ] } },
{ "type": "Feature", "properties": { "Portal": "argenprop", "Barrio": "Palermo", "Tipo": "Departamento", "Titulo": "Excelente departamento en Palermo - Frente - Listo para habitar", "Precio": 700000, "Expensas": 150000.0, "Direccion": "Charcas 3600", "Metros_Totales": null, "Ambientes": null, "Dormitorios": 1.0, "Baños": 1.0, "URL": "https://www.argenprop.com/departamento-en-alquiler-en-palermo-2-ambientes--19138935", "Bajo_Precio": null, "Cocheras": 0, "Etiqueta_Destacado": null, "Porcentaje_Rebaja": null, "Metros_Cubiertos": 35.0, "Antiguedad": null, "Descripcion_Breve": "Departamento planta baja al frente en pleno palermo inmejorable zona con todos los medios de transporte, educación y esparcimiento a disposición. Se encuentra a pasos de la plaza güemes en el barrio de palermo viejo, cercano a av. Santa fe y el subte línea d. El departamento consta de un living con cocina comedor completa, dormitorio con placard y generoso espacio de guardado, y baño completo. Cuenta con conexión para lavarropas. Excelente estado, listo para habitar! *Se solicita demostración de ingresos personales y garantía propietaria o garantes con ingresos demostrables.", "Visitas_Count": 3404.0, "Visto_Estado": "Visto", "Fecha_Publicacion": null, "Inmobiliaria": null, "lat": -34.5890414, "lon": -58.4161518, "Barrio_Geo": "Palermo", "snap_warning": false, "distancia_m_gym": 433, "cant_gym": 12, "distancia_m_subte": 598, "cant_subte": 8, "distancia_m_parque": 1163, "cant_parque": 3, "distancia_m_plaza": 131, "cant_plaza": 18, "costo_total": 850000, "dist_verde_final": 131, "apto_scoring": true, "segmento": "sin_datos", "costo_total_norm": 20.0, "distancia_m_subte_norm": 68.870380010411239, "dist_verde_final_norm": 88.282647584973162, "distancia_m_gym_norm": 75.99778270509978, "Score": 53.917421790627984, "REVISION": null, "FECHA_DETECCION": "2026-03-09" }, "geometry": { "type": "Point", "coordinates": [ -58.4161518, -34.5890414 ] } },
{ "type": "Feature", "properties": { "Portal": "argenprop", "Barrio": "Colegiales", "Tipo": "Departamento", "Titulo": "ALQUILER 2 AMBIENTES COLEGIALES", "Precio": 530000, "Expensas": 194000.0, "Direccion": "VIDAL 1500, Piso 0", "Metros_Totales": null, "Ambientes": 2.0, "Dormitorios": 1.0, "Baños": null, "URL": "https://www.argenprop.com/departamento-en-alquiler-en-colegiales-2-ambientes--19089983", "Bajo_Precio": null, "Cocheras": 0, "Etiqueta_Destacado": null, "Porcentaje_Rebaja": null, "Metros_Cubiertos": 30.0, "Antiguedad": 46.0, "Descripcion_Breve": "Alquiler 2 ambientes colegiales muy luminoso cómodo y luminoso departamento de 2 ambientes, ubicado en segundo piso al contrafrente, lo que garantiza tranquilidad y excelente ingreso de luz natural. La unidad cuenta con: • living-comedor con cocina integrada, equipada con alacenas y bajo mesada, práctica y funcional. • Dormitorio con placard empotrado y aire acondicionado frío. • Baño completo en excelente estado. Se alquila totalmente amoblado y equipado, listo para ingresar: - somier de 2 plazas con mesas de luz - sillón cama de 3 cuerpos - mesa y barra con 4 banquetas - heladera y microondas - escritorio con silla - ventilador y dos estufas eléctricas - 2 almohadas - 2 sillas plegables ideal para quienes buscan un espacio funcional, cómodo y listo para habitar, en un entorno tranquilo del barrio de colegiales. Todas las propiedades que figuran en esta publicación se encuentran a cargo del profesional matriculado eleonora soledad medeot minujen, matrícula cucicba 6867 / cmcpdjlm 682 por lo tanto la intermediación y la conclusión de las operaciones serán llevadas exclusivamente por él. Las medidas son aproximadas, las reales surgen del título o plano de mensura. Cada oficina es de propiedad y operación independiente. Eleonora soledad medeot minujen matrícula cucicba 6867 / cmcpdjlm 682 todas las propiedades que figuran en esta publicación se encuentran a cargo del profesional matriculado eleonora soledad medeot minujen, matrícula cucicba 6867 / cmcpdjlm 682 por lo tanto la intermediación y la conclusión de las operaciones serán llevadas exclusivamente por él. En cumplimiento de la ley 10.973 de la provincia de buenos aires, ley nacional 25.028, ley nacional 20.266, ley 22.802 de lealtad comercial, ley 24.240 de defensa al consumidor, las normas del código civil y comercial de la nación y constitucionales, los asesores o agentes no ejercen el corretaje inmobiliario. Todas las operaciones inmobiliarias son objeto de intermediación y conclusión por parte del martillero y corredor colegiado, cuyos datos se exhiben en el nombre de la inmobiliaria. Ley 5115: excepto que en la descripción de la propiedad se indique lo contrario, el edificio puede no contar con rampa para personas con movilidad reducida, y no ser accesible para personas con discapacidades físicas. Venta sujeta a la obtención del coti por parte del propietario. Las medidas son aproximadas, las reales surgen del título o plano de mensura. Las reservas se toman exclusivamente en la inmobiliaria con el matriculado cucicba 6867 / cmcpdjlm 682", "Visitas_Count": 0.0, "Visto_Estado": "Visto", "Fecha_Publicacion": null, "Inmobiliaria": null, "lat": -34.5693499, "lon": -58.4555594, "Barrio_Geo": "Colegiales", "snap_warning": false, "distancia_m_gym": 848, "cant_gym": 8, "distancia_m_subte": 575, "cant_subte": 3, "distancia_m_parque": 567, "cant_parque": 1, "distancia_m_plaza": 279, "cant_plaza": 18, "costo_total": 724000, "dist_verde_final": 279, "apto_scoring": true, "segmento": "2amb", "costo_total_norm": 66.543778801843317, "distancia_m_subte_norm": 69.576719576719569, "dist_verde_final_norm": 73.301435406698559, "distancia_m_gym_norm": 56.601842374616176, "Score": 67.810998712554522, "REVISION": null, "FECHA_DETECCION": "2026-03-01" }, "geometry": { "type": "Point", "coordinates": [ -58.4555594, -34.5693499 ] } },
{ "type": "Feature", "properties": { "Portal": "argenprop", "Barrio": "Palermo", "Tipo": "Departamento", "Titulo": "Departamento en alquiler en Botanico", "Precio": 650000, "Expensas": 220000.0, "Direccion": "Avenida General Las Heras 3700, Piso 4", "Metros_Totales": null, "Ambientes": null, "Dormitorios": null, "Baños": 1.0, "URL": "https://www.argenprop.com/departamento-en-alquiler-en-botanico-2-ambientes--19090232", "Bajo_Precio": null, "Cocheras": 0, "Etiqueta_Destacado": null, "Porcentaje_Rebaja": null, "Metros_Cubiertos": 36.0, "Antiguedad": 15.0, "Descripcion_Breve": "Coqueto y moderno departamento.- Juvenil.- Ideal pareja joven.-Vista al contrafrente con jardin.- Silencioso.- Pileta", "Visitas_Count": 3461.0, "Visto_Estado": "Visto", "Fecha_Publicacion": null, "Inmobiliaria": null, "lat": -34.582149, "lon": -58.4110874, "Barrio_Geo": "Palermo", "snap_warning": false, "distancia_m_gym": 711, "cant_gym": 11, "distancia_m_subte": 567, "cant_subte": 7, "distancia_m_parque": 280, "cant_parque": 3, "distancia_m_plaza": 199, "cant_plaza": 38, "costo_total": 870000, "dist_verde_final": 199, "apto_scoring": true, "segmento": "sin_datos", "costo_total_norm": 15.180722891566262, "distancia_m_subte_norm": 70.484122852680898, "dist_verde_final_norm": 82.200357781753127, "distancia_m_gym_norm": 60.587583148558757, "Score": 49.716355883637277, "REVISION": null, "FECHA_DETECCION": "2026-03-01" }, "geometry": { "type": "Point", "coordinates": [ -58.4110874, -34.582149 ] } },
{ "type": "Feature", "properties": { "Portal": "argenprop", "Barrio": "Colegiales", "Tipo": "Departamento", "Titulo": "ALQUILER RESIDENCIAL 2 AMB. COLEGIALES A ESTRENAR", "Precio": 700000, "Expensas": 128000.0, "Direccion": "Avenida Jorge Newbery 2800", "Metros_Totales": null, "Ambientes": 2.0, "Dormitorios": 1.0, "Baños": null, "URL": "https://www.argenprop.com/departamento-en-alquiler-en-colegiales-2-ambientes--19071694", "Bajo_Precio": null, "Cocheras": 0, "Etiqueta_Destacado": null, "Porcentaje_Rebaja": null, "Metros_Cubiertos": 42.0, "Antiguedad": 46.0, "Descripcion_Breve": "Corredor responsable: osvaldo gonzález cpi 7287 / cmpdjlp 7244 - contacto: gleixis ortega mota alquiler residencial 2 amb. Colegiales a estrenar alquiler de departamento dos ambientes en colegiales luminoso impecable totalmente reciclado características del departamento: -1 dormitorio -baño completo totalmente reciclado -cocina -área lavadero separada -living/comedor requisitos del alquiler: -precio mensual 700.000$ -depósito en garantía equivalente a un mes de alquiler. -Garantía: seguro de caución o garantía propietaria caba familiar directo. -Tiempo mínimo de contrato de un dos años. Disclaimer legal: * \\\"las medidas son orientativas y las definitivas son las que surgen de la escritura\\\". * \\\"La descripción del inmueble, servicios y medidas pueden no ajustarse a sus características y medidas reales y/o actuales. Los datos pueden no estar actualizados a la hora de la visualización del aviso. Pueden existir inexactitudes, producto del paso del tiempo. Previo a cualquier operación, el interesado deberá verificar la veracidad de la información, requiriendo las copias necesarias de la documentación para los casos de alquiler de vivienda, el monto máximo de comisión que se le puede requerir a los propietarios será el equivalente al cuatro con quince centésimos por ciento (4,15%) del valor total del respectivo contrato. Se encuentra prohibido cobrar a los inquilinos que sean personas físicas comisiones inmobiliarias y gastos de gestoría de informes. Rau s.R.L. No ejerce el corretaje inmobiliario. El presente sitio web es una plataforma en donde cada oficina inmobiliaria independiente que contrata los servicios re/max puede publicar las propiedades a su cargo. Cada oficina es de propiedad y gestión independiente, por lo que rau s.R.L. No interviene en los datos de la publicación, en la operación inmobiliaria, ni en la confección y/o firma del boleto de compraventa y/o escritura y/o contrato de alquiler. En cumplimiento de las leyes vigentes que regulan el corretaje inmobiliario, ley nacional 25.028, ley 22.802 de lealtad comercial, ley 24.240 de defensa al consumidor, las normas del código civil y comercial de la nación y constitucionales, los agentes/gestores no ejercen el corretaje inmobiliario. Todas las operaciones inmobiliarias son objeto de intermediación y conclusión por parte del corredor público inmobiliario colegiado a cargo de la publicación, cuyos datos se exhiben en la presente. La presente publicación describe las características esenciales del inmueble, debiéndose consultar al corredor público inmobiliario responsable de la operación por la eventual actualización de las medidas, descripciones arquitectónicas y funcionales, valores de expensas, servicios, impuestos, precios y demás información, cuyos valores son aproximados. Para los casos de alquiler de vivienda, el monto máximo de comisión que se le puede requerir a los propietarios será el equivalente al cuatro con quince centésimos por ciento (4,15%) del valor total del respectivo contrato. Se encuentra prohibido cobrar a los inquilinos que sean personas físicas comisiones inmobiliarias y gastos de gestoría de informes. El inmueble no es accesible para personas con discapacidades físicas.", "Visitas_Count": 0.0, "Visto_Estado": "Visto", "Fecha_Publicacion": null, "Inmobiliaria": null, "lat": -34.5752545, "lon": -58.4436524, "Barrio_Geo": "Palermo", "snap_warning": false, "distancia_m_gym": 636, "cant_gym": 9, "distancia_m_subte": 983, "cant_subte": 4, "distancia_m_parque": 842, "cant_parque": 5, "distancia_m_plaza": 161, "cant_plaza": 9, "costo_total": 828000, "dist_verde_final": 161, "apto_scoring": true, "segmento": "2amb", "costo_total_norm": 47.373271889400925, "distancia_m_subte_norm": 47.989417989417994, "dist_verde_final_norm": 84.593301435406701, "distancia_m_gym_norm": 67.451381780962123, "Score": 57.009932617763326, "REVISION": null, "FECHA_DETECCION": "2026-03-01" }, "geometry": { "type": "Point", "coordinates": [ -58.4436524, -34.5752545 ] } },
{ "type": "Feature", "properties": { "Portal": "argenprop", "Barrio": "Colegiales", "Tipo": "Departamento", "Titulo": "Departamento en Belgrano", "Precio": 750000, "Expensas": 200000.0, "Direccion": "Virrey del Pino al 2800", "Metros_Totales": null, "Ambientes": 2.0, "Dormitorios": 1.0, "Baños": 1.0, "URL": "https://www.argenprop.com/departamento-en-alquiler-en-colegiales-2-ambientes--19163464", "Bajo_Precio": null, "Cocheras": 0, "Etiqueta_Destacado": null, "Porcentaje_Rebaja": null, "Metros_Cubiertos": null, "Antiguedad": 15.0, "Descripcion_Breve": "Departamento de 2 ambientes apto profesional en alquiler ubicado al contra frente con doble circulación de aire posee 2 ingresos amplio living comedor balcón muy luminoso cocina con espacio para lavarropa dormitorio con placard empotrado baño completo no se aceptan mascotas", "Visitas_Count": 0.0, "Visto_Estado": "Visto", "Fecha_Publicacion": null, "Inmobiliaria": null, "lat": -34.5691102, "lon": -58.4574832, "Barrio_Geo": "Belgrano", "snap_warning": false, "distancia_m_gym": 790, "cant_gym": 8, "distancia_m_subte": 581, "cant_subte": 4, "distancia_m_parque": 798, "cant_parque": 1, "distancia_m_plaza": 510, "cant_plaza": 18, "costo_total": 950000, "dist_verde_final": 510, "apto_scoring": true, "segmento": "2amb", "costo_total_norm": 24.884792626728114, "distancia_m_subte_norm": 69.259259259259267, "dist_verde_final_norm": 51.196172248803826, "distancia_m_gym_norm": 59.570112589559876, "Score": 46.927940537185776, "REVISION": null, "FECHA_DETECCION": "2026-03-09" }, "geometry": { "type": "Point", "coordinates": [ -58.4574832, -34.5691102 ] } },
{ "type": "Feature", "properties": { "Portal": "argenprop", "Barrio": "Colegiales", "Tipo": "Departamento", "Titulo": "Colegiales 3 ambientes muy luminoso", "Precio": 750000, "Expensas": 240000.0, "Direccion": "General Enrique Martínez 1200, Piso 8", "Metros_Totales": null, "Ambientes": 3.0, "Dormitorios": 2.0, "Baños": 1.0, "URL": "https://www.argenprop.com/departamento-en-alquiler-en-colegiales-3-ambientes--18729077", "Bajo_Precio": null, "Cocheras": 0, "Etiqueta_Destacado": null, "Porcentaje_Rebaja": null, "Metros_Cubiertos": null, "Antiguedad": 25.0, "Descripcion_Breve": "Colegiales depto lateral abierto vista abierta 60m2 edificio con jardines al ingresar nos recibe un hall de entrada de 3.20 x 1.00 que tiene una despensa (o baulera) de 1.20 x 1.10 ideal para almacenamiento o guardado. La cocina 3.60 x 1.50 con lavadero de 1.5 x 1.00 con ventanas al lateral muy luminoso y ventilado. El living comedor es hermoso y amplio 4.00 x 4.00 con todos los pisos recién plastificados, tiene un balcón cerrado de 3.00 x 1.50 el hall de distribución de 2.20 x 1.00 nos lleva al sector mas intimo, el baño con bañera de 1.90 x 1.40 y 2 dormitorios, uno de ellos de 3.50 x 2.20 con placard y el 2do dormitorio principal de 4.20 x 3.20 con placard. Un depto muy cómodo para disfrutar en un barrio de entorno familiar. Los requisitos son: 1 mes de deposito, 1 mes de alquiler por adelantado, garantia propietaria o seguro de caucion fin aer , recibos de sueldo. Las especificaciones y medidas, así como se expresan son informativas, a solo efecto orientativos. Los datos definitivos son los que surgirán del título de propiedad y de los comprobantes respectivos. Para los casos de alquiler de vivienda, el monto máximo de comisión que se le puede requerir a los propietarios será el equivalente a 4.15 % (cuatro con quince por ciento del monto total del respectivo contrato) se encuentra prohibido cobrar comisiones inmobiliarias y gastos de gestoría de informes a inquilinos, en caso de ser personas físicas. Adm. Ing marcelo fridman propiedades marcelo gabriel fridman matricula corredor inmobiliario nro. 1982 t i f 75 colegio unico de corredores inmobiliarios de la ciudad de buenos aires (cucicba)", "Visitas_Count": 0.0, "Visto_Estado": "Visto", "Fecha_Publicacion": null, "Inmobiliaria": null, "lat": -34.5760274, "lon": -58.4577363, "Barrio_Geo": "Colegiales", "snap_warning": false, "distancia_m_gym": 896, "cant_gym": 7, "distancia_m_subte": 1477, "cant_subte": 5, "distancia_m_parque": 1065, "cant_parque": 4, "distancia_m_plaza": 149, "cant_plaza": 19, "costo_total": 990000, "dist_verde_final": 149, "apto_scoring": true, "segmento": "3amb", "costo_total_norm": 3.4927298827490603, "distancia_m_subte_norm": 0.0, "dist_verde_final_norm": 83.626373626373635, "distancia_m_gym_norm": 29.90239574090505, "Score": 21.112606252464857, "REVISION": null, "FECHA_DETECCION": "2026-03-01" }, "geometry": { "type": "Point", "coordinates": [ -58.4577363, -34.5760274 ] } },
{ "type": "Feature", "properties": { "Portal": "argenprop", "Barrio": "Colegiales", "Tipo": "Departamento", "Titulo": "ALQUILER DEPARTAMENTO MONOAMBIENTE COLEGIALES", "Precio": 750000, "Expensas": 72137.0, "Direccion": "Virrey Loreto 3500", "Metros_Totales": null, "Ambientes": null, "Dormitorios": 1.0, "Baños": null, "URL": "https://www.argenprop.com/departamento-en-alquiler-en-colegiales-1-ambiente--19182461", "Bajo_Precio": null, "Cocheras": 0, "Etiqueta_Destacado": null, "Porcentaje_Rebaja": null, "Metros_Cubiertos": 37.0, "Antiguedad": 2.0, "Descripcion_Breve": "Corredor responsable: power bienes raíces s.R.L. - Sabrina cocconi cpi 6800 / cmcpsi 6258 - contacto: edgardo klachko moderno y luminoso monoambiente a estrenar ubicado en un 5º piso al frente, con excelente orientación y balcón propio. El departamento se destaca por su diseño funcional, con ambientes bien aprovechados, terminaciones de calidad y amplios ventanales que brindan luz natural durante todo el día. Cuenta con: ambiente integrado con distribución versátil cocina eléctrica con muebles bajo mesada y alacenas baño completo con griferías y sanitarios de primera línea balcón al frente ideal para disfrutar del aire libre con split frío/calor, agua caliente individual edificio moderno con detalles de categoría ubicado en pleno barrio de colegiales, a metros de medios de transporte, zona comercial, espacios verdes y polo gastronómico. Ideal para vivienda o uso profesional. Aceptan mascotas. ¡Listo para ingresar, no te lo pierdas! Rau s.R.L. No ejerce el corretaje inmobiliario. El presente sitio web es una plataforma en donde cada oficina inmobiliaria independiente que contrata los servicios re/max puede publicar las propiedades a su cargo. Cada oficina es de propiedad y gestión independiente, por lo que rau s.R.L. No interviene en los datos de la publicación, en la operación inmobiliaria, ni en la confección y/o firma del boleto de compraventa y/o escritura y/o contrato de alquiler. En cumplimiento de las leyes vigentes que regulan el corretaje inmobiliario, ley nacional 25.028, ley 22.802 de lealtad comercial, ley 24.240 de defensa al consumidor, las normas del código civil y comercial de la nación y constitucionales, los agentes/gestores no ejercen el corretaje inmobiliario. Todas las operaciones inmobiliarias son objeto de intermediación y conclusión por parte del corredor público inmobiliario colegiado a cargo de la publicación, cuyos datos se exhiben en la presente. La presente publicación describe las características esenciales del inmueble, debiéndose consultar al corredor público inmobiliario responsable de la operación por la eventual actualización de las medidas, descripciones arquitectónicas y funcionales, valores de expensas, servicios, impuestos, precios y demás información, cuyos valores son aproximados. Para los casos de alquiler de vivienda, el monto máximo de comisión que se le puede requerir a los propietarios será el equivalente al cuatro con quince centésimos por ciento (4,15%) del valor total del respectivo contrato. Se encuentra prohibido cobrar a los inquilinos que sean personas físicas comisiones inmobiliarias y gastos de gestoría de informes. El inmueble no es accesible para personas con discapacidades físicas.", "Visitas_Count": 0.0, "Visto_Estado": "Visto", "Fecha_Publicacion": null, "Inmobiliaria": null, "lat": -34.5771468, "lon": -58.457604, "Barrio_Geo": "Colegiales", "snap_warning": false, "distancia_m_gym": 808, "cant_gym": 7, "distancia_m_subte": 1294, "cant_subte": 6, "distancia_m_parque": 1098, "cant_parque": 4, "distancia_m_plaza": 102, "cant_plaza": 17, "costo_total": 822137, "dist_verde_final": 102, "apto_scoring": true, "segmento": "sin_datos", "costo_total_norm": 26.713975903614468, "distancia_m_subte_norm": 32.639250390421665, "dist_verde_final_norm": 90.876565295169939, "distancia_m_gym_norm": 55.210643015521065, "Score": 44.173742839158386, "REVISION": null, "FECHA_DETECCION": "2026-03-01" }, "geometry": { "type": "Point", "coordinates": [ -58.457604, -34.5771468 ] } },
{ "type": "Feature", "properties": { "Portal": "argenprop", "Barrio": "Palermo", "Tipo": "Departamento", "Titulo": "SINCLAIR AL 3000 - IMPECABLE 32 M2 TODO SOL APTO PROFESIONAL BAÑO Y COCINA COMPLETOS", "Precio": 500000, "Expensas": 136900.0, "Direccion": "SINCLAIR al 3000 6°", "Metros_Totales": null, "Ambientes": 2.0, "Dormitorios": 1.0, "Baños": null, "URL": "https://www.argenprop.com/departamento-en-alquiler-en-palermo-2-ambientes--18094217", "Bajo_Precio": null, "Cocheras": 0, "Etiqueta_Destacado": null, "Porcentaje_Rebaja": null, "Metros_Cubiertos": 32.0, "Antiguedad": 40.0, "Descripcion_Breve": "2 ambientes. Contrafrente. 32 m2. Impecable. Todo sol. Apto profesional. Baño y cocina completos. Placard. Servicios individuales. Aire acondicionado. Pisos de parquet. Edificio de 7 pisos, 4 por piso, ascensor. Expensas: $ 136.900.- Abl: $ 10.115.- Aysa: $ 21.386.- Entre av. Cerviño y demaria (a 2 cuadras de av. Del libertador - a 4 cuadras de av. Santa fe, subte linea d y metrobus) palermo para los casos de alquiler de vivienda, el monto máximo de comisión que se le puede requerir a los propietarios será el equivalente al cuatro con quince centésimos por ciento (4,15%) del valor total del respectivo contrato. Se encuentra prohibido cobrar a los inquilinos que sean personas físicas comisiones inmobiliarias y gastos de gestoría de informes. Alejandro ibañez - cucicba 1534 *fichabrick=1037805*", "Visitas_Count": 4744.0, "Visto_Estado": "Visto", "Fecha_Publicacion": null, "Inmobiliaria": null, "lat": -34.5739588, "lon": -58.422908, "Barrio_Geo": "Palermo", "snap_warning": false, "distancia_m_gym": 381, "cant_gym": 10, "distancia_m_subte": 635, "cant_subte": 4, "distancia_m_parque": 1235, "cant_parque": 3, "distancia_m_plaza": 362, "cant_plaza": 23, "costo_total": 636900, "dist_verde_final": 362, "apto_scoring": true, "segmento": "2amb", "costo_total_norm": 82.599078341013822, "distancia_m_subte_norm": 66.402116402116405, "dist_verde_final_norm": 65.358851674641159, "distancia_m_gym_norm": 80.501535312180138, "Score": 74.082190123186692, "REVISION": null, "FECHA_DETECCION": "2026-03-01" }, "geometry": { "type": "Point", "coordinates": [ -58.422908, -34.5739588 ] } },
{ "type": "Feature", "properties": { "Portal": "cabaprop", "Barrio": "Parque Chas", "Tipo": "Departamento", "Titulo": "Departamento Moderno 2 Ambientes Luminoso Balcon. Parque Chas", "Precio": 740000, "Expensas": 151000.0, "Direccion": "Viaducto Chorroarín al 400", "Metros_Totales": 39.0, "Ambientes": 2.0, "Dormitorios": 1.0, "Baños": 1.0, "URL": "https://cabaprop.com.ar/propiedad/699e6baf76238456d4b7e22f/Departamento-Moderno-2-Ambientes-Luminoso-Balcon-Parque-Chas", "Bajo_Precio": null, "Cocheras": 0, "Etiqueta_Destacado": null, "Porcentaje_Rebaja": null, "Metros_Cubiertos": 37.0, "Antiguedad": null, "Descripcion_Breve": null, "Visitas_Count": null, "Visto_Estado": null, "Fecha_Publicacion": "25/2/2026", "Inmobiliaria": "MAGISTER PROPIEDADES DESDE 1978", "lat": -34.5899915, "lon": -58.4740645, "Barrio_Geo": "Parque Chas", "snap_warning": false, "distancia_m_gym": 636, "cant_gym": 6, "distancia_m_subte": 1049, "cant_subte": 3, "distancia_m_parque": 513, "cant_parque": 2, "distancia_m_plaza": 1012, "cant_plaza": 12, "costo_total": 891000, "dist_verde_final": 513, "apto_scoring": true, "segmento": "2amb", "costo_total_norm": 35.760368663594463, "distancia_m_subte_norm": 44.4973544973545, "dist_verde_final_norm": 50.909090909090907, "distancia_m_gym_norm": 67.451381780962123, "Score": 44.580310174558527, "REVISION": null, "FECHA_DETECCION": "2026-03-09" }, "geometry": { "type": "Point", "coordinates": [ -58.4740645, -34.5899915 ] } },
{ "type": "Feature", "properties": { "Portal": "argenprop", "Barrio": "Palermo", "Tipo": "Departamento", "Titulo": "Departamento en alquiler en Palermo Hollywood", "Precio": 500000, "Expensas": null, "Direccion": "Humboldt 1800, Piso 2", "Metros_Totales": null, "Ambientes": null, "Dormitorios": null, "Baños": 1.0, "URL": "https://www.argenprop.com/departamento-en-alquiler-en-palermo-hollywood-1-ambiente--19175049", "Bajo_Precio": null, "Cocheras": 0, "Etiqueta_Destacado": null, "Porcentaje_Rebaja": null, "Metros_Cubiertos": 30.0, "Antiguedad": 15.0, "Descripcion_Breve": "Muy lindo y cómodo monoambiente en palermo hollywood. En segundo piso, con vigilancia, pileta y sum. En el valor de expensas esta in incluida el agua, agua caliente, y laundry. Se alquila sin muebles. Por mobiliario hablar.", "Visitas_Count": 3644.0, "Visto_Estado": "Visto", "Fecha_Publicacion": null, "Inmobiliaria": null, "lat": -34.5839503, "lon": -58.4344942, "Barrio_Geo": "Palermo", "snap_warning": false, "distancia_m_gym": 260, "cant_gym": 11, "distancia_m_subte": 1163, "cant_subte": 4, "distancia_m_parque": 555, "cant_parque": 3, "distancia_m_plaza": 826, "cant_plaza": 14, "costo_total": 500000, "dist_verde_final": 555, "apto_scoring": false, "segmento": "sin_datos", "costo_total_norm": null, "distancia_m_subte_norm": null, "dist_verde_final_norm": null, "distancia_m_gym_norm": null, "Score": null, "REVISION": null, "FECHA_DETECCION": "2026-03-09" }, "geometry": { "type": "Point", "coordinates": [ -58.4344942, -34.5839503 ] } },
{ "type": "Feature", "properties": { "Portal": "cabaprop", "Barrio": "Palermo", "Tipo": "Departamento", "Titulo": "Departamento De 2 Ambientes En Alquiler En Palermo", "Precio": 600000, "Expensas": 200000.0, "Direccion": "José A. Cabrera al 3800", "Metros_Totales": 55.0, "Ambientes": 2.0, "Dormitorios": 1.0, "Baños": 1.0, "URL": "https://cabaprop.com.ar/propiedad/6971a124cc8f3498faf3e1a5/Departamento-De-2-Ambientes-En-Alquiler-En-Palermo", "Bajo_Precio": null, "Cocheras": 0, "Etiqueta_Destacado": null, "Porcentaje_Rebaja": null, "Metros_Cubiertos": 36.0, "Antiguedad": null, "Descripcion_Breve": null, "Visitas_Count": null, "Visto_Estado": null, "Fecha_Publicacion": "22/1/2026", "Inmobiliaria": "MIGLIORISI INMOBILIARIA", "lat": -34.5929542, "lon": -58.4280602, "Barrio_Geo": "Palermo", "snap_warning": false, "distancia_m_gym": 235, "cant_gym": 18, "distancia_m_subte": 1360, "cant_subte": 6, "distancia_m_parque": 1576, "cant_parque": 2, "distancia_m_plaza": 615, "cant_plaza": 7, "costo_total": 800000, "dist_verde_final": 615, "apto_scoring": true, "segmento": "2amb", "costo_total_norm": 52.534562211981566, "distancia_m_subte_norm": 28.042328042328052, "dist_verde_final_norm": 41.148325358851679, "distancia_m_gym_norm": 87.973387922210847, "Score": 46.453527161482462, "REVISION": "DESCARTADO", "FECHA_DETECCION": "2026-03-09" }, "geometry": { "type": "Point", "coordinates": [ -58.4280602, -34.5929542 ] } },
{ "type": "Feature", "properties": { "Portal": "cabaprop", "Barrio": "Palermo", "Tipo": "Departamento", "Titulo": "DEPARTAMENTO 2 AMBIENTES EN PALERMO AMOBLADO AL FRENTE CON BALCON", "Precio": 750000, "Expensas": 250000.0, "Direccion": "Charcas al 3300", "Metros_Totales": 49.0, "Ambientes": 2.0, "Dormitorios": 1.0, "Baños": 1.0, "URL": "https://cabaprop.com.ar/propiedad/695c19cbf2487d1dd4d2ea48/DEPARTAMENTO-2-AMBIENTES-EN-PALERMO-AMOBLADO-AL-FRENTE-CON-BALCON", "Bajo_Precio": null, "Cocheras": 0, "Etiqueta_Destacado": null, "Porcentaje_Rebaja": null, "Metros_Cubiertos": 45.0, "Antiguedad": null, "Descripcion_Breve": null, "Visitas_Count": null, "Visto_Estado": null, "Fecha_Publicacion": "5/1/2026", "Inmobiliaria": "JT INMOBILIARIA ", "lat": -34.5872757, "lon": -58.4182875, "Barrio_Geo": "Palermo", "snap_warning": false, "distancia_m_gym": 687, "cant_gym": 12, "distancia_m_subte": 431, "cant_subte": 8, "distancia_m_parque": 1119, "cant_parque": 3, "distancia_m_plaza": 378, "cant_plaza": 18, "costo_total": 1000000, "dist_verde_final": 378, "apto_scoring": true, "segmento": "2amb", "costo_total_norm": 15.668202764976954, "distancia_m_subte_norm": 77.195767195767189, "dist_verde_final_norm": 63.827751196172251, "distancia_m_gym_norm": 64.841351074718531, "Score": 48.675696611427242, "REVISION": null, "FECHA_DETECCION": "2026-02-17" }, "geometry": { "type": "Point", "coordinates": [ -58.4182875, -34.5872757 ] } },
{ "type": "Feature", "properties": { "Portal": "cabaprop", "Barrio": "Villa Urquiza", "Tipo": "Departamento", "Titulo": "Departamento - Villa Urquiza", "Precio": 700000, "Expensas": 210560.0, "Direccion": "Cullen al 4800", "Metros_Totales": 50.0, "Ambientes": 2.0, "Dormitorios": 1.0, "Baños": 1.0, "URL": "https://cabaprop.com.ar/propiedad/699688f276238456d4b192b3/Departamento---Villa-Urquiza", "Bajo_Precio": null, "Cocheras": 0, "Etiqueta_Destacado": null, "Porcentaje_Rebaja": null, "Metros_Cubiertos": 45.0, "Antiguedad": null, "Descripcion_Breve": null, "Visitas_Count": null, "Visto_Estado": null, "Fecha_Publicacion": "19/2/2026", "Inmobiliaria": "ZUKER SERVICIOS INMOBILIRIOS", "lat": -34.5746697, "lon": -58.4911794, "Barrio_Geo": "Villa Urquiza", "snap_warning": false, "distancia_m_gym": 1240, "cant_gym": 2, "distancia_m_subte": 556, "cant_subte": 3, "distancia_m_parque": 1932, "cant_parque": 2, "distancia_m_plaza": 495, "cant_plaza": 17, "costo_total": 910560, "dist_verde_final": 495, "apto_scoring": true, "segmento": "2amb", "costo_total_norm": 32.154838709677421, "distancia_m_subte_norm": 70.582010582010582, "dist_verde_final_norm": 52.631578947368425, "distancia_m_gym_norm": 36.54042988741044, "Score": 48.216897436688875, "REVISION": null, "FECHA_DETECCION": "2026-02-19" }, "geometry": { "type": "Point", "coordinates": [ -58.4911794, -34.5746697 ] } },
{ "type": "Feature", "properties": { "Portal": "cabaprop", "Barrio": "Villa Urquiza", "Tipo": "Departamento", "Titulo": "En Alquiler Departamento De 2 Ambientes Villa Urquiza", "Precio": 650000, "Expensas": 61000.0, "Direccion": "Avenida Olazábal al 5300", "Metros_Totales": 36.0, "Ambientes": 2.0, "Dormitorios": 1.0, "Baños": 1.0, "URL": "https://cabaprop.com.ar/propiedad/698eac4576238456d4ac8685/En-Alquiler-Departamento-De-2-Ambientes-Villa-Urquiza", "Bajo_Precio": null, "Cocheras": 0, "Etiqueta_Destacado": null, "Porcentaje_Rebaja": null, "Metros_Cubiertos": 36.0, "Antiguedad": null, "Descripcion_Breve": null, "Visitas_Count": null, "Visto_Estado": null, "Fecha_Publicacion": "13/2/2026", "Inmobiliaria": "GRUPO MEGA COLEGIALES", "lat": -34.5658161, "lon": -58.467899, "Barrio_Geo": "Belgrano", "snap_warning": false, "distancia_m_gym": 1233, "cant_gym": 6, "distancia_m_subte": 1364, "cant_subte": 4, "distancia_m_parque": 1872, "cant_parque": 1, "distancia_m_plaza": 0, "cant_plaza": 17, "costo_total": 711000, "dist_verde_final": 0, "apto_scoring": true, "segmento": "2amb", "costo_total_norm": 68.940092165898619, "distancia_m_subte_norm": 27.830687830687822, "dist_verde_final_norm": 100.0, "distancia_m_gym_norm": 36.898669396110542, "Score": 59.615110155176851, "REVISION": "VISTO", "FECHA_DETECCION": "2026-03-09" }, "geometry": { "type": "Point", "coordinates": [ -58.467899, -34.5658161 ] } },
{ "type": "Feature", "properties": { "Portal": "cabaprop", "Barrio": "Villa Urquiza", "Tipo": "Departamento", "Titulo": "Departamento - Alquiler - Capital Federal", "Precio": 650000, "Expensas": 150000.0, "Direccion": "ALVARES THOMAS al 3000", "Metros_Totales": 42.0, "Ambientes": 2.0, "Dormitorios": 1.0, "Baños": 1.0, "URL": "https://cabaprop.com.ar/propiedad/6982db02e093840dd614ac83/Departamento---Alquiler---Capital-Federal", "Bajo_Precio": null, "Cocheras": 0, "Etiqueta_Destacado": null, "Porcentaje_Rebaja": null, "Metros_Cubiertos": 42.0, "Antiguedad": null, "Descripcion_Breve": null, "Visitas_Count": null, "Visto_Estado": null, "Fecha_Publicacion": "4/2/2026", "Inmobiliaria": "MEZADURIAN NEGOCIOS INMOBILIARIOS", "lat": -34.578703, "lon": -58.4646661, "Barrio_Geo": "Villa Ortuzar", "snap_warning": false, "distancia_m_gym": 344, "cant_gym": 5, "distancia_m_subte": 699, "cant_subte": 5, "distancia_m_parque": 1137, "cant_parque": 3, "distancia_m_plaza": 476, "cant_plaza": 19, "costo_total": 800000, "dist_verde_final": 476, "apto_scoring": true, "segmento": "2amb", "costo_total_norm": 52.534562211981566, "distancia_m_subte_norm": 63.015873015873012, "dist_verde_final_norm": 54.449760765550238, "distancia_m_gym_norm": 82.395087001023541, "Score": 59.048047642766925, "REVISION": null, "FECHA_DETECCION": "2026-02-26" }, "geometry": { "type": "Point", "coordinates": [ -58.4646661, -34.578703 ] } },
{ "type": "Feature", "properties": { "Portal": "cabaprop", "Barrio": "Villa Urquiza", "Tipo": "Departamento", "Titulo": "Excelente Semipiso 2 amb al frente gran luminosidad!", "Precio": 700000, "Expensas": 120000.0, "Direccion": "TALAVERA al 5800", "Metros_Totales": 45.0, "Ambientes": 2.0, "Dormitorios": 1.0, "Baños": 1.0, "URL": "https://cabaprop.com.ar/propiedad/69a9155c5a63f17bb0e18b5f/Excelente-Semipiso-2-amb-al-frente-gran-luminosidad", "Bajo_Precio": null, "Cocheras": 0, "Etiqueta_Destacado": null, "Porcentaje_Rebaja": null, "Metros_Cubiertos": 42.0, "Antiguedad": null, "Descripcion_Breve": null, "Visitas_Count": null, "Visto_Estado": null, "Fecha_Publicacion": "5/3/2026", "Inmobiliaria": "FIGUEROA HERMIDA PROPIEDADES SRL", "lat": -34.5855523, "lon": -58.4412499, "Barrio_Geo": "Palermo", "snap_warning": false, "distancia_m_gym": 423, "cant_gym": 9, "distancia_m_subte": 954, "cant_subte": 4, "distancia_m_parque": 679, "cant_parque": 4, "distancia_m_plaza": 679, "cant_plaza": 12, "costo_total": 820000, "dist_verde_final": 679, "apto_scoring": true, "segmento": "2amb", "costo_total_norm": 48.847926267281103, "distancia_m_subte_norm": 49.523809523809526, "dist_verde_final_norm": 35.023923444976077, "distancia_m_gym_norm": 78.352098259979527, "Score": 49.236307879048468, "REVISION": null, "FECHA_DETECCION": "2026-03-09" }, "geometry": { "type": "Point", "coordinates": [ -58.4412499, -34.5855523 ] } },
{ "type": "Feature", "properties": { "Portal": "cabaprop", "Barrio": "Villa Urquiza", "Tipo": "Departamento", "Titulo": "Departamento De 3 Ambientes En Alquiler", "Precio": 750000, "Expensas": 130000.0, "Direccion": "Avenida de los Incas al 4000", "Metros_Totales": 50.0, "Ambientes": 3.0, "Dormitorios": 2.0, "Baños": 1.0, "URL": "https://cabaprop.com.ar/propiedad/6982ba70e093840dd614485f/Departamento-De-3-Ambientes-En-Alquiler", "Bajo_Precio": null, "Cocheras": 0, "Etiqueta_Destacado": null, "Porcentaje_Rebaja": null, "Metros_Cubiertos": 50.0, "Antiguedad": null, "Descripcion_Breve": null, "Visitas_Count": null, "Visto_Estado": null, "Fecha_Publicacion": "4/2/2026", "Inmobiliaria": "CIFRE PROFESIONALES INMOBILIARIOS", "lat": -34.5794477, "lon": -58.4711312, "Barrio_Geo": "Villa Ortuzar", "snap_warning": false, "distancia_m_gym": 813, "cant_gym": 6, "distancia_m_subte": 381, "cant_subte": 5, "distancia_m_parque": 1379, "cant_parque": 2, "distancia_m_plaza": 735, "cant_plaza": 17, "costo_total": 880000, "dist_verde_final": 735, "apto_scoring": true, "segmento": "3amb", "costo_total_norm": 41.912758592988695, "distancia_m_subte_norm": 85.558157689305233, "dist_verde_final_norm": 19.230769230769226, "distancia_m_gym_norm": 37.267080745341616, "Score": 50.005412664675056, "REVISION": null, "FECHA_DETECCION": "2026-02-16" }, "geometry": { "type": "Point", "coordinates": [ -58.4711312, -34.5794477 ] } },
{ "type": "Feature", "properties": { "Portal": "cabaprop", "Barrio": "Villa Urquiza", "Tipo": "Departamento", "Titulo": "Departamento 2 Ambientes en Alquiler - Villa Urquiza", "Precio": 650000, "Expensas": 150000.0, "Direccion": "Dr. Pedro Ignacio Rivera 5088, C1431 Cdad. Autónoma de Buenos Aires, Argentina0", "Metros_Totales": 47.0, "Ambientes": 2.0, "Dormitorios": 1.0, "Baños": 1.0, "URL": "https://cabaprop.com.ar/propiedad/6981e9f3e093840dd6138c88/Departamento-2-Ambientes-en-Alquiler---Villa-Urquiza", "Bajo_Precio": null, "Cocheras": 0, "Etiqueta_Destacado": null, "Porcentaje_Rebaja": null, "Metros_Cubiertos": 44.0, "Antiguedad": null, "Descripcion_Breve": null, "Visitas_Count": null, "Visto_Estado": null, "Fecha_Publicacion": "3/2/2026", "Inmobiliaria": "JARZ PROPIEDADES", "lat": -34.5722701, "lon": -58.4884536, "Barrio_Geo": "Villa Urquiza", "snap_warning": false, "distancia_m_gym": 1049, "cant_gym": 2, "distancia_m_subte": 366, "cant_subte": 3, "distancia_m_parque": 1500, "cant_parque": 0, "distancia_m_plaza": 172, "cant_plaza": 17, "costo_total": 800000, "dist_verde_final": 172, "apto_scoring": true, "segmento": "2amb", "costo_total_norm": 52.534562211981566, "distancia_m_subte_norm": 80.634920634920633, "dist_verde_final_norm": 83.540669856459331, "distancia_m_gym_norm": 46.315250767656089, "Score": 66.543960123326301, "REVISION": "VISTO", "FECHA_DETECCION": "2026-03-09" }, "geometry": { "type": "Point", "coordinates": [ -58.4884536, -34.5722701 ] } },
{ "type": "Feature", "properties": { "Portal": "cabaprop", "Barrio": "Villa Urquiza", "Tipo": "Departamento", "Titulo": "Departamento 2 Ambientes En Alquiler Villa Urquiza", "Precio": 700000, "Expensas": 196000.0, "Direccion": "Avenida Álvarez Thomas al 2800", "Metros_Totales": 46.0, "Ambientes": 2.0, "Dormitorios": 1.0, "Baños": 1.0, "URL": "https://cabaprop.com.ar/propiedad/6965bf6dcc8f3498fad9bc52/Departamento-2-Ambientes-En-Alquiler-Villa-Urquiza", "Bajo_Precio": null, "Cocheras": 0, "Etiqueta_Destacado": null, "Porcentaje_Rebaja": null, "Metros_Cubiertos": 36.0, "Antiguedad": null, "Descripcion_Breve": null, "Visitas_Count": null, "Visto_Estado": null, "Fecha_Publicacion": "13/1/2026", "Inmobiliaria": "Grupo Mega ", "lat": -34.578703, "lon": -58.4646661, "Barrio_Geo": "Villa Ortuzar", "snap_warning": false, "distancia_m_gym": 344, "cant_gym": 5, "distancia_m_subte": 699, "cant_subte": 5, "distancia_m_parque": 1137, "cant_parque": 3, "distancia_m_plaza": 476, "cant_plaza": 19, "costo_total": 896000, "dist_verde_final": 476, "apto_scoring": true, "segmento": "2amb", "costo_total_norm": 34.838709677419359, "distancia_m_subte_norm": 63.015873015873012, "dist_verde_final_norm": 54.449760765550238, "distancia_m_gym_norm": 82.395087001023541, "Score": 51.969706628942042, "REVISION": null, "FECHA_DETECCION": "2026-02-16" }, "geometry": { "type": "Point", "coordinates": [ -58.4646661, -34.578703 ] } },
{ "type": "Feature", "properties": { "Portal": "cabaprop", "Barrio": "Villa Urquiza", "Tipo": "Departamento", "Titulo": "Departamento 2 Ambientes Con Espacio Guardacoche", "Precio": 750000, "Expensas": 230000.0, "Direccion": "Cullen al 5300", "Metros_Totales": 46.0, "Ambientes": 2.0, "Dormitorios": 1.0, "Baños": 1.0, "URL": "https://cabaprop.com.ar/propiedad/6965ba1fcc8f3498fad9a30c/Departamento-2-Ambientes-Con-Espacio-Guardacoche", "Bajo_Precio": null, "Cocheras": 0, "Etiqueta_Destacado": null, "Porcentaje_Rebaja": null, "Metros_Cubiertos": 37.0, "Antiguedad": null, "Descripcion_Breve": null, "Visitas_Count": null, "Visto_Estado": null, "Fecha_Publicacion": "13/1/2026", "Inmobiliaria": "VALJOR PROPIEDADES", "lat": -34.5746697, "lon": -58.4911794, "Barrio_Geo": "Villa Urquiza", "snap_warning": false, "distancia_m_gym": 1240, "cant_gym": 2, "distancia_m_subte": 556, "cant_subte": 3, "distancia_m_parque": 1932, "cant_parque": 2, "distancia_m_plaza": 495, "cant_plaza": 17, "costo_total": 980000, "dist_verde_final": 495, "apto_scoring": true, "segmento": "2amb", "costo_total_norm": 19.354838709677423, "distancia_m_subte_norm": 70.582010582010582, "dist_verde_final_norm": 52.631578947368425, "distancia_m_gym_norm": 36.54042988741044, "Score": 43.096897436688877, "REVISION": null, "FECHA_DETECCION": "2026-02-16" }, "geometry": { "type": "Point", "coordinates": [ -58.4911794, -34.5746697 ] } },
{ "type": "Feature", "properties": { "Portal": "cabaprop", "Barrio": "Villa Urquiza", "Tipo": "Departamento", "Titulo": "DEPARTAMENTO", "Precio": 540000, "Expensas": null, "Direccion": "Avenida Monroe al 4500", "Metros_Totales": 37.0, "Ambientes": 2.0, "Dormitorios": 1.0, "Baños": 1.0, "URL": "https://cabaprop.com.ar/propiedad/69555ab6269e10adbfefc043/DEPARTAMENTO", "Bajo_Precio": null, "Cocheras": 0, "Etiqueta_Destacado": null, "Porcentaje_Rebaja": null, "Metros_Cubiertos": 37.0, "Antiguedad": null, "Descripcion_Breve": null, "Visitas_Count": null, "Visto_Estado": null, "Fecha_Publicacion": "31/12/2025", "Inmobiliaria": "HUGUET PROPIEDADES", "lat": -34.5636648, "lon": -58.4686216, "Barrio_Geo": "Coghlan", "snap_warning": false, "distancia_m_gym": 888, "cant_gym": 4, "distancia_m_subte": 1383, "cant_subte": 2, "distancia_m_parque": 1692, "cant_parque": 1, "distancia_m_plaza": 345, "cant_plaza": 17, "costo_total": 540000, "dist_verde_final": 345, "apto_scoring": false, "segmento": "2amb", "costo_total_norm": null, "distancia_m_subte_norm": null, "dist_verde_final_norm": null, "distancia_m_gym_norm": null, "Score": null, "REVISION": "DESCARTADO", "FECHA_DETECCION": "2026-03-09" }, "geometry": { "type": "Point", "coordinates": [ -58.4686216, -34.5636648 ] } },
{ "type": "Feature", "properties": { "Portal": "cabaprop", "Barrio": "Villa Urquiza", "Tipo": "Departamento", "Titulo": "Departamento - Alquiler - Capital Federal", "Precio": 750000, "Expensas": 250000.0, "Direccion": "AV OLAZABAL al 5200", "Metros_Totales": 60.0, "Ambientes": 3.0, "Dormitorios": 2.0, "Baños": 1.0, "URL": "https://cabaprop.com.ar/propiedad/6942458638bf638b63b73c70/Departamento---Alquiler---Capital-Federal", "Bajo_Precio": null, "Cocheras": 0, "Etiqueta_Destacado": null, "Porcentaje_Rebaja": null, "Metros_Cubiertos": 56.0, "Antiguedad": null, "Descripcion_Breve": null, "Visitas_Count": null, "Visto_Estado": null, "Fecha_Publicacion": "17/12/2025", "Inmobiliaria": "MEZADURIAN NEGOCIOS INMOBILIARIOS", "lat": -34.5658161, "lon": -58.467899, "Barrio_Geo": "Belgrano", "snap_warning": false, "distancia_m_gym": 1233, "cant_gym": 6, "distancia_m_subte": 1364, "cant_subte": 4, "distancia_m_parque": 1872, "cant_parque": 1, "distancia_m_plaza": 0, "cant_plaza": 17, "costo_total": 1000000, "dist_verde_final": 0, "apto_scoring": true, "segmento": "3amb", "costo_total_norm": 0.0, "distancia_m_subte_norm": 8.8212334113973441, "dist_verde_final_norm": 100.0, "distancia_m_gym_norm": 0.0, "Score": 22.646370023419202, "REVISION": null, "FECHA_DETECCION": "2026-02-27" }, "geometry": { "type": "Point", "coordinates": [ -58.467899, -34.5658161 ] } },
{ "type": "Feature", "properties": { "Portal": "cabaprop", "Barrio": "Villa Urquiza", "Tipo": "Departamento", "Titulo": "Departamento - Alquiler - Capital Federal", "Precio": 750000, "Expensas": 157000.0, "Direccion": "Av. Olazabal al 4600", "Metros_Totales": 46.0, "Ambientes": 2.0, "Dormitorios": 1.0, "Baños": 1.0, "URL": "https://cabaprop.com.ar/propiedad/693a598e38bf638b63aad82a/Departamento---Alquiler---Capital-Federal", "Bajo_Precio": null, "Cocheras": 0, "Etiqueta_Destacado": null, "Porcentaje_Rebaja": null, "Metros_Cubiertos": 42.0, "Antiguedad": null, "Descripcion_Breve": null, "Visitas_Count": null, "Visto_Estado": null, "Fecha_Publicacion": "11/12/2025", "Inmobiliaria": "G.O. Propiedades ", "lat": -34.5658161, "lon": -58.467899, "Barrio_Geo": "Belgrano", "snap_warning": false, "distancia_m_gym": 1233, "cant_gym": 6, "distancia_m_subte": 1364, "cant_subte": 4, "distancia_m_parque": 1872, "cant_parque": 1, "distancia_m_plaza": 0, "cant_plaza": 17, "costo_total": 907000, "dist_verde_final": 0, "apto_scoring": true, "segmento": "2amb", "costo_total_norm": 32.811059907834107, "distancia_m_subte_norm": 27.830687830687822, "dist_verde_final_norm": 100.0, "distancia_m_gym_norm": 36.898669396110542, "Score": 45.163497251951043, "REVISION": null, "FECHA_DETECCION": "2026-02-16" }, "geometry": { "type": "Point", "coordinates": [ -58.467899, -34.5658161 ] } },
{ "type": "Feature", "properties": { "Portal": "cabaprop", "Barrio": "Palermo", "Tipo": "Departamento", "Titulo": "Cerviño 4400", "Precio": 650000, "Expensas": 120000.0, "Direccion": "Avenida Cerviño al 4400", "Metros_Totales": 38.0, "Ambientes": 2.0, "Dormitorios": 1.0, "Baños": 1.0, "URL": "https://cabaprop.com.ar/propiedad/698bfef876238456d4aa29ae/Cervino-4400", "Bajo_Precio": null, "Cocheras": 0, "Etiqueta_Destacado": null, "Porcentaje_Rebaja": null, "Metros_Cubiertos": 38.0, "Antiguedad": null, "Descripcion_Breve": null, "Visitas_Count": null, "Visto_Estado": null, "Fecha_Publicacion": "11/2/2026", "Inmobiliaria": "ESCALADA PROPIEDADES", "lat": -34.5781719, "lon": -58.4147287, "Barrio_Geo": "Palermo", "snap_warning": false, "distancia_m_gym": 1018, "cant_gym": 11, "distancia_m_subte": 924, "cant_subte": 4, "distancia_m_parque": 988, "cant_parque": 4, "distancia_m_plaza": 301, "cant_plaza": 32, "costo_total": 770000, "dist_verde_final": 301, "apto_scoring": true, "segmento": "2amb", "costo_total_norm": 58.064516129032256, "distancia_m_subte_norm": 51.111111111111114, "dist_verde_final_norm": 71.196172248803833, "distancia_m_gym_norm": 47.901740020470825, "Score": 57.588548236754086, "REVISION": "DESCARTADO", "FECHA_DETECCION": "2026-03-09" }, "geometry": { "type": "Point", "coordinates": [ -58.4147287, -34.5781719 ] } },
{ "type": "Feature", "properties": { "Portal": "cabaprop", "Barrio": "Villa Urquiza", "Tipo": "Departamento", "Titulo": "Alquiler 2 Ambientes, Lateral", "Precio": 600000, "Expensas": 150000.0, "Direccion": "Barzana al 1800", "Metros_Totales": 40.0, "Ambientes": 2.0, "Dormitorios": 1.0, "Baños": 1.0, "URL": "https://cabaprop.com.ar/propiedad/69a8f6d85a63f17bb0e1369f/Alquiler-2-Ambientes-Lateral", "Bajo_Precio": null, "Cocheras": 0, "Etiqueta_Destacado": null, "Porcentaje_Rebaja": null, "Metros_Cubiertos": 38.0, "Antiguedad": null, "Descripcion_Breve": null, "Visitas_Count": null, "Visto_Estado": null, "Fecha_Publicacion": "5/3/2026", "Inmobiliaria": "HAKIM PROPIEDADES", "lat": -34.584769, "lon": -58.4833919, "Barrio_Geo": "Parque Chas", "snap_warning": false, "distancia_m_gym": 459, "cant_gym": 6, "distancia_m_subte": 967, "cant_subte": 4, "distancia_m_parque": 1297, "cant_parque": 1, "distancia_m_plaza": 298, "cant_plaza": 10, "costo_total": 750000, "dist_verde_final": 298, "apto_scoring": true, "segmento": "2amb", "costo_total_norm": 61.751152073732719, "distancia_m_subte_norm": 48.835978835978835, "dist_verde_final_norm": 71.483253588516746, "distancia_m_gym_norm": 76.509723643807575, "Score": 61.298877562370848, "REVISION": null, "FECHA_DETECCION": "2026-03-09" }, "geometry": { "type": "Point", "coordinates": [ -58.4833919, -34.584769 ] } },
{ "type": "Feature", "properties": { "Portal": "cabaprop", "Barrio": "Villa Urquiza", "Tipo": "Departamento", "Titulo": "Villa Urquiza, Alquiler 2 ambientes, Olazabal y Alv. Thomas.", "Precio": 600000, "Expensas": 110000.0, "Direccion": "Av. Olazabal al 4500", "Metros_Totales": 36.0, "Ambientes": 2.0, "Dormitorios": 1.0, "Baños": 1.0, "URL": "https://cabaprop.com.ar/propiedad/698d659776238456d4ab9064/Villa-Urquiza-Alquiler-2-ambientes-Olazabal-y-Alv-Thomas", "Bajo_Precio": null, "Cocheras": 0, "Etiqueta_Destacado": null, "Porcentaje_Rebaja": null, "Metros_Cubiertos": 36.0, "Antiguedad": null, "Descripcion_Breve": null, "Visitas_Count": null, "Visto_Estado": null, "Fecha_Publicacion": "12/2/2026", "Inmobiliaria": "ENRIQUE CANNONE PROPIEDADES", "lat": -34.5658161, "lon": -58.467899, "Barrio_Geo": "Belgrano", "snap_warning": false, "distancia_m_gym": 1233, "cant_gym": 6, "distancia_m_subte": 1364, "cant_subte": 4, "distancia_m_parque": 1872, "cant_parque": 1, "distancia_m_plaza": 0, "cant_plaza": 17, "costo_total": 710000, "dist_verde_final": 0, "apto_scoring": true, "segmento": "2amb", "costo_total_norm": 69.124423963133637, "distancia_m_subte_norm": 27.830687830687822, "dist_verde_final_norm": 100.0, "distancia_m_gym_norm": 36.898669396110542, "Score": 59.688842874070858, "REVISION": "DESCARTADO", "FECHA_DETECCION": "2026-03-09" }, "geometry": { "type": "Point", "coordinates": [ -58.467899, -34.5658161 ] } },
{ "type": "Feature", "properties": { "Portal": "cabaprop", "Barrio": "Villa Urquiza", "Tipo": "Departamento", "Titulo": "Departamento En Villa Urquiza", "Precio": 600000, "Expensas": null, "Direccion": "Blanco Encalada al 5400", "Metros_Totales": 38.0, "Ambientes": 2.0, "Dormitorios": 1.0, "Baños": 1.0, "URL": "https://cabaprop.com.ar/propiedad/69aa481b5a63f17bb0e241b5/Departamento-En-Villa-Urquiza", "Bajo_Precio": null, "Cocheras": 0, "Etiqueta_Destacado": null, "Porcentaje_Rebaja": null, "Metros_Cubiertos": 38.0, "Antiguedad": null, "Descripcion_Breve": null, "Visitas_Count": null, "Visto_Estado": null, "Fecha_Publicacion": "6/3/2026", "Inmobiliaria": "VALJOR PROPIEDADES", "lat": -34.5644484, "lon": -58.4679366, "Barrio_Geo": "Belgrano", "snap_warning": false, "distancia_m_gym": 995, "cant_gym": 4, "distancia_m_subte": 1326, "cant_subte": 3, "distancia_m_parque": 1800, "cant_parque": 1, "distancia_m_plaza": 242, "cant_plaza": 16, "costo_total": 600000, "dist_verde_final": 242, "apto_scoring": false, "segmento": "2amb", "costo_total_norm": null, "distancia_m_subte_norm": null, "dist_verde_final_norm": null, "distancia_m_gym_norm": null, "Score": null, "REVISION": null, "FECHA_DETECCION": "2026-03-09" }, "geometry": { "type": "Point", "coordinates": [ -58.4679366, -34.5644484 ] } },
{ "type": "Feature", "properties": { "Portal": "cabaprop", "Barrio": "Palermo", "Tipo": "Departamento", "Titulo": "Departamento dos ambientes lateral Palermo Soho", "Precio": 600000, "Expensas": 164000.0, "Direccion": "Malabia al 1600", "Metros_Totales": 35.0, "Ambientes": 2.0, "Dormitorios": 1.0, "Baños": 1.0, "URL": "https://cabaprop.com.ar/propiedad/696e78f3cc8f3498faed7a2d/Departamento-dos-ambientes-lateral-Palermo-Soho", "Bajo_Precio": null, "Cocheras": 0, "Etiqueta_Destacado": null, "Porcentaje_Rebaja": null, "Metros_Cubiertos": 35.0, "Antiguedad": null, "Descripcion_Breve": null, "Visitas_Count": null, "Visto_Estado": null, "Fecha_Publicacion": "19/1/2026", "Inmobiliaria": "French & Asociados Brokers Inmobiliarios", "lat": -34.575268, "lon": -58.4068444, "Barrio_Geo": "Palermo", "snap_warning": false, "distancia_m_gym": 537, "cant_gym": 10, "distancia_m_subte": 1580, "cant_subte": 5, "distancia_m_parque": 1043, "cant_parque": 4, "distancia_m_plaza": 118, "cant_plaza": 38, "costo_total": 764000, "dist_verde_final": 118, "apto_scoring": true, "segmento": "2amb", "costo_total_norm": 59.170506912442391, "distancia_m_subte_norm": 16.402116402116405, "dist_verde_final_norm": 88.708133971291872, "distancia_m_gym_norm": 72.517911975434998, "Score": 53.582255677413755, "REVISION": "DESCARTADO", "FECHA_DETECCION": "2026-03-09" }, "geometry": { "type": "Point", "coordinates": [ -58.4068444, -34.575268 ] } },
{ "type": "Feature", "properties": { "Portal": "cabaprop", "Barrio": "Parque Chas", "Tipo": "Departamento", "Titulo": "1 Amb Amplio Cocina Placard Aire Acond Cerca Subte B", "Precio": 450000, "Expensas": 138000.0, "Direccion": "Bauness al 1200", "Metros_Totales": 33.0, "Ambientes": 2.0, "Dormitorios": 1.0, "Baños": 1.0, "URL": "https://cabaprop.com.ar/propiedad/69aa489f5a63f17bb0e24388/1-Amb-Amplio-Cocina-Placard-Aire-Acond-Cerca-Subte-B", "Bajo_Precio": null, "Cocheras": 0, "Etiqueta_Destacado": null, "Porcentaje_Rebaja": null, "Metros_Cubiertos": 33.0, "Antiguedad": null, "Descripcion_Breve": null, "Visitas_Count": null, "Visto_Estado": null, "Fecha_Publicacion": "6/3/2026", "Inmobiliaria": "ESTUDIO MÓNACO PROPIEDADES", "lat": -34.5841597, "lon": -58.4800169, "Barrio_Geo": "Parque Chas", "snap_warning": false, "distancia_m_gym": 205, "cant_gym": 6, "distancia_m_subte": 694, "cant_subte": 4, "distancia_m_parque": 1358, "cant_parque": 1, "distancia_m_plaza": 132, "cant_plaza": 11, "costo_total": 588000, "dist_verde_final": 132, "apto_scoring": true, "segmento": "2amb", "costo_total_norm": 91.612903225806448, "distancia_m_subte_norm": 63.280423280423278, "dist_verde_final_norm": 87.368421052631575, "distancia_m_gym_norm": 89.50870010235414, "Score": 82.053842495211299, "REVISION": null, "FECHA_DETECCION": "2026-03-09" }, "geometry": { "type": "Point", "coordinates": [ -58.4800169, -34.5841597 ] } },
{ "type": "Feature", "properties": { "Portal": "cabaprop", "Barrio": "Palermo", "Tipo": "Departamento", "Titulo": "Departamento en alquiler en Palermo", "Precio": 750000, "Expensas": 120000.0, "Direccion": "Bonpland al 2400", "Metros_Totales": 40.0, "Ambientes": 2.0, "Dormitorios": 1.0, "Baños": 1.0, "URL": "https://cabaprop.com.ar/propiedad/693c41e338bf638b63ae0c55/Departamento-en-alquiler-en-Palermo", "Bajo_Precio": null, "Cocheras": 0, "Etiqueta_Destacado": null, "Porcentaje_Rebaja": null, "Metros_Cubiertos": 40.0, "Antiguedad": null, "Descripcion_Breve": null, "Visitas_Count": null, "Visto_Estado": null, "Fecha_Publicacion": "12/12/2025", "Inmobiliaria": "COBAS PROPIEDADES", "lat": -34.5841174, "lon": -58.4382581, "Barrio_Geo": "Palermo", "snap_warning": false, "distancia_m_gym": 508, "cant_gym": 10, "distancia_m_subte": 1201, "cant_subte": 4, "distancia_m_parque": 789, "cant_parque": 4, "distancia_m_plaza": 789, "cant_plaza": 10, "costo_total": 870000, "dist_verde_final": 789, "apto_scoring": true, "segmento": "2amb", "costo_total_norm": 39.63133640552995, "distancia_m_subte_norm": 36.455026455026449, "dist_verde_final_norm": 24.497607655502392, "distancia_m_gym_norm": 74.002047082906856, "Score": 39.088768738111078, "REVISION": null, "FECHA_DETECCION": "2026-02-27" }, "geometry": { "type": "Point", "coordinates": [ -58.4382581, -34.5841174 ] } },
{ "type": "Feature", "properties": { "Portal": "cabaprop", "Barrio": "Palermo", "Tipo": "Departamento", "Titulo": "OPPEL | Departamento en Alquiler | PALERMO Capital Federal | Cod: 33778", "Precio": 620000, "Expensas": 95315.0, "Direccion": "URIARTE al 2100", "Metros_Totales": 42.0, "Ambientes": 2.0, "Dormitorios": 1.0, "Baños": 1.0, "URL": "https://cabaprop.com.ar/propiedad/695df1deeb643cad555ebb7c/OPPEL-Departamento-en-Alquiler-PALERMO-Capital-Federal-Cod-33778", "Bajo_Precio": null, "Cocheras": 0, "Etiqueta_Destacado": null, "Porcentaje_Rebaja": null, "Metros_Cubiertos": 35.0, "Antiguedad": null, "Descripcion_Breve": null, "Visitas_Count": null, "Visto_Estado": null, "Fecha_Publicacion": "7/1/2026", "Inmobiliaria": "OPPEL S.A.", "lat": -34.5867416, "lon": -58.4310539, "Barrio_Geo": "Palermo", "snap_warning": false, "distancia_m_gym": 599, "cant_gym": 9, "distancia_m_subte": 1123, "cant_subte": 5, "distancia_m_parque": 530, "cant_parque": 3, "distancia_m_plaza": 695, "cant_plaza": 15, "costo_total": 715315, "dist_verde_final": 530, "apto_scoring": true, "segmento": "2amb", "costo_total_norm": 68.144700460829498, "distancia_m_subte_norm": 40.582010582010582, "dist_verde_final_norm": 49.282296650717704, "distancia_m_gym_norm": 69.344933469805525, "Score": 56.22343603605907, "REVISION": "DESCARTADO", "FECHA_DETECCION": "2026-03-09" }, "geometry": { "type": "Point", "coordinates": [ -58.4310539, -34.5867416 ] } },
{ "type": "Feature", "properties": { "Portal": "argenprop", "Barrio": "Coghlan", "Tipo": "Departamento", "Titulo": "2 AMB. tipo PH con terraza excelente ubicacion 3 piso x escalera", "Precio": 650000, "Expensas": 78000.0, "Direccion": "Doctor Pedro Ignacio Rivera 4100, Piso 3", "Metros_Totales": null, "Ambientes": 2.0, "Dormitorios": null, "Baños": null, "URL": "https://www.argenprop.com/departamento-en-alquiler-en-coghlan-2-ambientes--19178408", "Bajo_Precio": null, "Cocheras": 0, "Etiqueta_Destacado": null, "Porcentaje_Rebaja": null, "Metros_Cubiertos": 35.0, "Antiguedad": 50.0, "Descripcion_Breve": "2 amb. Tipo ph con terraza y lavadero en el mismo piso excelente ubicacion 3 piso x escalera requisitos: demostracion de ingresos , garantia propietaria o caucion . 1 mes deposito 1 mes x adelantado gastos de informes", "Visitas_Count": 18.0, "Visto_Estado": "Visto", "Fecha_Publicacion": null, "Inmobiliaria": null, "lat": -34.5665428, "lon": -58.4778975, "Barrio_Geo": "Villa Urquiza", "snap_warning": false, "distancia_m_gym": 1555, "cant_gym": 1, "distancia_m_subte": 1393, "cant_subte": 2, "distancia_m_parque": 1500, "cant_parque": 0, "distancia_m_plaza": 324, "cant_plaza": 15, "costo_total": 728000, "dist_verde_final": 324, "apto_scoring": true, "segmento": "2amb", "costo_total_norm": 65.806451612903231, "distancia_m_subte_norm": 26.296296296296291, "dist_verde_final_norm": 68.995215311004785, "distancia_m_gym_norm": 20.419651995905824, "Score": 50.052477795841725, "REVISION": null, "FECHA_DETECCION": "2026-03-09" }, "geometry": { "type": "Point", "coordinates": [ -58.4778975, -34.5665428 ] } },
{ "type": "Feature", "properties": { "Portal": "argenprop", "Barrio": "Coghlan", "Tipo": "Departamento", "Titulo": "Departamento de 2 Ambientes, super Luminoso, muy buen estado", "Precio": 530000, "Expensas": 160000.0, "Direccion": "Avenida Melián 3200, Piso 5", "Metros_Totales": null, "Ambientes": 2.0, "Dormitorios": 1.0, "Baños": null, "URL": "https://www.argenprop.com/departamento-en-alquiler-en-coghlan-2-ambientes--18547565", "Bajo_Precio": null, "Cocheras": 0, "Etiqueta_Destacado": null, "Porcentaje_Rebaja": null, "Metros_Cubiertos": 33.0, "Antiguedad": 65.0, "Descripcion_Breve": "[Arieltrigo-18] hermoso departamento de 2 ambientes, lateral en quinto piso. Unidad súper luminosa, todos los ambientes ventilados y con luz. Pisos de parquet, cocina con descarga para lavarropas, alacena y muebles bajo mesada, dormitorio con placard y ventilador de techo. A metros de av. Dr. Ricardo balbín y 3 de av. Congreso. Barrio coghlan melián al 3200 entre tamborini y manuela pedraza medidas aproximadas: living: 4.00 x 3.00 dormitorio c/ placard: 4.40 x 3.00 cocina: 2.00 x 1.50 baño: 2.00 x 1.50 superficie total aproximada 33 m² estado general: muy bueno. Requisitos: contrato x 2 años con ajuste trimestral, x ipc un mes de depósito (dolar billete) + 1 mes de adelanto. Seguro de caución. Recibos de sueldo. Certificación de firmas. - Honorarios: según ley 5859 se encuentra prohibido cobrar comisiones inmobiliarias y gastos de gestoría de informes a los inquilinos que sean personas físicas. Para los casos de alquiler de vivienda, el monto máximo de comisión que se le puede requerir a los propietarios será el equivalente al cuatro con quince centésimos por ciento (4,15%) del valor total del respectivo contrato se visita con entrevista coordinada con anticipación información adicional: tipo de vista: vista ciudad tipo de piso: parquet agua caliente ascensor ascensores principales calefón gas natural muebles de cocina abl gas natural rentas ascensor características y servicios del edificio: tipo de frente: ladrillo longitud de frente: 16.23 m2 longitud de fondo: 46.27 m2 tipo de vista: vista ciudad abl agua corriente cocina conmutador electricidad gas natural servicios: gas depósito (meses): 1 impuestos a cargo de: inquilino agua a cargo de: inquilino", "Visitas_Count": 14.0, "Visto_Estado": "Visto", "Fecha_Publicacion": null, "Inmobiliaria": null, "lat": -34.5591037, "lon": -58.4769008, "Barrio_Geo": "Coghlan", "snap_warning": false, "distancia_m_gym": 1711, "cant_gym": 1, "distancia_m_subte": 1532, "cant_subte": 1, "distancia_m_parque": 979, "cant_parque": 2, "distancia_m_plaza": 864, "cant_plaza": 16, "costo_total": 690000, "dist_verde_final": 864, "apto_scoring": true, "segmento": "2amb", "costo_total_norm": 72.811059907834107, "distancia_m_subte_norm": 18.941798941798936, "dist_verde_final_norm": 17.320574162679421, "distancia_m_gym_norm": 12.436028659160698, "Score": 39.514681344125279, "REVISION": null, "FECHA_DETECCION": "2026-03-09" }, "geometry": { "type": "Point", "coordinates": [ -58.4769008, -34.5591037 ] } },
{ "type": "Feature", "properties": { "Portal": "argenprop", "Barrio": "Coghlan", "Tipo": "Departamento", "Titulo": "AMOBLADO", "Precio": 670000, "Expensas": 115000.0, "Direccion": "Ugarte 3800", "Metros_Totales": null, "Ambientes": 2.0, "Dormitorios": 1.0, "Baños": null, "URL": "https://www.argenprop.com/departamento-en-alquiler-en-coghlan-2-ambientes--17354573", "Bajo_Precio": null, "Cocheras": 0, "Etiqueta_Destacado": null, "Porcentaje_Rebaja": null, "Metros_Cubiertos": 40.0, "Antiguedad": 35.0, "Descripcion_Breve": "Departamento amoblado, lateral 2 ambientes excelente estado, cocina lavadero independiente. Aire acondicionado requisitos: seguro de caución o garantía inmueble + justificación de ingresos, al momento de la firma del contrato se abona mes adelantado + mes de deposito servicios: cloacas, gas otros servicios: amueblado depósito (meses): 1 impuestos a cargo de: inquilino agua a cargo de: inquilino corredor inmobiliario responsable lic. Gabriela n. Lassig cpi 5530 nota: la información gráfica y escrita contenida en el presente aviso es meramente orientativa y no compromete contractualmente a nuestra empresa. Las medidas y superficies definitivas surgirán del título de propiedad del inmueble referido. El valor del inmueble indicado en el presente puede ser modificado sin previo aviso. Ley 5115: excepto que en la descripción de la propiedad se indique lo contrario, el edificio puede no contar con rampa para personas con movilidad reducida, y no ser accesible para personas con discapacidades físicas.- Ley 5859 para los casos de alquiler de vivienda, el monto máximo de comisión que se le puede requerir a los propietarios será el equivalente al cuatro con quince centésimos por ciento (4,15%) del valor total del respectivo contrato. Se encuentra prohibido cobrar a los inquilinos que sean personas físicas, comisiones inmobiliarias y gastos de gestoría de informes", "Visitas_Count": 1.0, "Visto_Estado": "Visto", "Fecha_Publicacion": null, "Inmobiliaria": null, "lat": -34.5637575, "lon": -58.4757322, "Barrio_Geo": "Coghlan", "snap_warning": false, "distancia_m_gym": 1642, "cant_gym": 1, "distancia_m_subte": 1636, "cant_subte": 2, "distancia_m_parque": 1669, "cant_parque": 1, "distancia_m_plaza": 168, "cant_plaza": 16, "costo_total": 785000, "dist_verde_final": 168, "apto_scoring": true, "segmento": "2amb", "costo_total_norm": 55.299539170506911, "distancia_m_subte_norm": 13.439153439153444, "dist_verde_final_norm": 83.923444976076553, "distancia_m_gym_norm": 15.96724667349028, "Score": 44.532975362513135, "REVISION": null, "FECHA_DETECCION": "2026-03-01" }, "geometry": { "type": "Point", "coordinates": [ -58.4757322, -34.5637575 ] } },
{ "type": "Feature", "properties": { "Portal": "argenprop", "Barrio": "Parque Chas", "Tipo": "Departamento", "Titulo": "Departamento en alquiler en Parque Chas", "Precio": 500000, "Expensas": 110000.0, "Direccion": "LLERENA 3100, Piso 2", "Metros_Totales": null, "Ambientes": null, "Dormitorios": null, "Baños": 1.0, "URL": "https://www.argenprop.com/departamento-en-alquiler-en-parque-chas-1-ambiente--18810308", "Bajo_Precio": null, "Cocheras": 0, "Etiqueta_Destacado": null, "Porcentaje_Rebaja": null, "Metros_Cubiertos": 25.0, "Antiguedad": 10.0, "Descripcion_Breve": "Descripción departamento disponible en alquiler en parque chas, ubicado en un edificio de cuatro pisos con ascensor. La propiedad se orienta hacia el norte, lo que favorece la entrada de luz natural. El espacio principal incluye una cocina equipada y un baño completo. Además, el departamento cuenta con una baulera para almacenamiento adicional. El edificio admite mascotas y no dispone de cochera ni jardín. Entre las áreas comunes destaca una amplia terraza accesible para todos los residentes, equipada con sectores para parrilla, sum y baño con ducha. La expensa mensual es de 100.000 ars. Fianza: seguro de caucion , garantia ya o respaldar transportes cercanos colectivos: 80, 87, 111, 113, 123, 133 trenes: pedro arata (urquiza) datos útiles barrio: parque chas comuna: comuna 15 área hospitalaria: htal. Dr. E. Tornú comisaría comunal: 15 comisaría vecinal: 15c distrito escolar: distrito escolar xiv código postal: 1427", "Visitas_Count": 0.0, "Visto_Estado": "Visto", "Fecha_Publicacion": null, "Inmobiliaria": null, "lat": -34.5893557, "lon": -58.4797849, "Barrio_Geo": "Parque Chas", "snap_warning": false, "distancia_m_gym": 140, "cant_gym": 6, "distancia_m_subte": 1126, "cant_subte": 4, "distancia_m_parque": 702, "cant_parque": 1, "distancia_m_plaza": 458, "cant_plaza": 8, "costo_total": 610000, "dist_verde_final": 458, "apto_scoring": true, "segmento": "sin_datos", "costo_total_norm": 77.831325301204828, "distancia_m_subte_norm": 41.384695471108799, "dist_verde_final_norm": 59.033989266547401, "distancia_m_gym_norm": 92.239467849223942, "Score": 64.578683400046444, "REVISION": null, "FECHA_DETECCION": "2026-03-01" }, "geometry": { "type": "Point", "coordinates": [ -58.4797849, -34.5893557 ] } },
{ "type": "Feature", "properties": { "Portal": "argenprop", "Barrio": "Palermo", "Tipo": "Departamento", "Titulo": "Luminoso departamento de 2 ambientes lateral abierto, living comedor, domitorio y cocina externos.", "Precio": 550000, "Expensas": 160000.0, "Direccion": "Jorge L Borges 2400, Piso 5", "Metros_Totales": null, "Ambientes": 2.0, "Dormitorios": 1.0, "Baños": null, "URL": "https://www.argenprop.com/departamento-en-alquiler-en-botanico-2-ambientes--11402443", "Bajo_Precio": null, "Cocheras": 0, "Etiqueta_Destacado": null, "Porcentaje_Rebaja": null, "Metros_Cubiertos": 39.0, "Antiguedad": 44.0, "Descripcion_Breve": "Luminoso departamento de 2 ambientes lateral abierto, living comedor, dormitorio y cocina externos muy bien ventilados, pisos de parquet en sus dos ambientes, cocina con espacio para lavarropas, baño completo con bañera y placard ubicado en distribución central y pequeño balcón lateral en living comedor para ventilación y luz. Ubicado a 180 de jardín botánico y subte línea \"d\" estación plaza italia. Medida de los ambientes: living comedor 4.00 x 3.30 dormitorio 3.20 x 3.00 cocina con espacio para lavarropas 2.50 x 1.70 baño completo con bañera 2 x 1. La unidad funciona con electricidad, no cuenta con suministro de gas requisitos: garantía preferentemente propietaria de caba familiar directo, ingresos personales verificables, o con seguro de caucion respaldar o afianzar se ingresa con mes de adelanto y mes de depósito. Contrato x 1 año con incremento cada 3meses por ipc visitar con personal de la firma.", "Visitas_Count": 100.0, "Visto_Estado": "Visto", "Fecha_Publicacion": null, "Inmobiliaria": null, "lat": -34.5828341, "lon": -58.4220939, "Barrio_Geo": "Palermo", "snap_warning": false, "distancia_m_gym": 655, "cant_gym": 12, "distancia_m_subte": 266, "cant_subte": 6, "distancia_m_parque": 987, "cant_parque": 3, "distancia_m_plaza": 317, "cant_plaza": 22, "costo_total": 710000, "dist_verde_final": 317, "apto_scoring": true, "segmento": "2amb", "costo_total_norm": 69.124423963133637, "distancia_m_subte_norm": 85.925925925925924, "dist_verde_final_norm": 69.665071770334933, "distancia_m_gym_norm": 66.479017400204711, "Score": 74.008463457118694, "REVISION": null, "FECHA_DETECCION": "2026-03-01" }, "geometry": { "type": "Point", "coordinates": [ -58.4220939, -34.5828341 ] } },
{ "type": "Feature", "properties": { "Portal": "argenprop", "Barrio": "Palermo", "Tipo": "Departamento", "Titulo": "Dos ambientes. Muy luminoso. Lavadero independiente. Servicios individuales, splitt. Apto profesional", "Precio": 750000, "Expensas": 104000.0, "Direccion": "Avenida Raúl Scalabrini Ortiz 1900, Piso 5", "Metros_Totales": null, "Ambientes": 2.0, "Dormitorios": 1.0, "Baños": null, "URL": "https://www.argenprop.com/departamento-en-alquiler-en-palermo-2-ambientes--15224637", "Bajo_Precio": null, "Cocheras": 0, "Etiqueta_Destacado": null, "Porcentaje_Rebaja": null, "Metros_Cubiertos": 40.0, "Antiguedad": 50.0, "Descripcion_Breve": "Dos ambientes. Muy luminoso. Lavadero independiente. Servicios individuales. Aire acondicionado. Dos ascensores. Expensas $104.000 contrato por 24 meses con ajuste cuatrimestral por el ipc. Cucicba 5463", "Visitas_Count": 100.0, "Visto_Estado": "Visto", "Fecha_Publicacion": null, "Inmobiliaria": null, "lat": -34.5890158, "lon": -58.4223418, "Barrio_Geo": "Palermo", "snap_warning": false, "distancia_m_gym": 924, "cant_gym": 14, "distancia_m_subte": 721, "cant_subte": 7, "distancia_m_parque": 969, "cant_parque": 3, "distancia_m_plaza": 338, "cant_plaza": 8, "costo_total": 854000, "dist_verde_final": 338, "apto_scoring": true, "segmento": "2amb", "costo_total_norm": 42.58064516129032, "distancia_m_subte_norm": 61.851851851851855, "dist_verde_final_norm": 67.655502392344488, "distancia_m_gym_norm": 52.712384851586492, "Score": 54.390152583699233, "REVISION": null, "FECHA_DETECCION": "2026-03-01" }, "geometry": { "type": "Point", "coordinates": [ -58.4223418, -34.5890158 ] } },
{ "type": "Feature", "properties": { "Portal": "argenprop", "Barrio": "Palermo", "Tipo": "Departamento", "Titulo": "Botanico Bonito 2 ambientes c/Balcòn corrido", "Precio": 750000, "Expensas": 150000.0, "Direccion": "John F Kennedy ( Ex Darregueyra) 2800, Piso 4", "Metros_Totales": null, "Ambientes": 2.0, "Dormitorios": 1.0, "Baños": null, "URL": "https://www.argenprop.com/departamento-en-alquiler-en-botanico-2-ambientes--19105170", "Bajo_Precio": null, "Cocheras": 0, "Etiqueta_Destacado": null, "Porcentaje_Rebaja": null, "Metros_Cubiertos": 39.0, "Antiguedad": 45.0, "Descripcion_Breve": "Edificio en excelente ubicaciòn a 1 cuadra de libertador embajada de eeuu, frente a plaza martìn de alzaga y av. Sarmiento, restaurantes, cafes, supermercados, etc excelente entorno. Departamento al contrafrente con balcòn corrido, living y cocina con salida a balcòn, placards en pasillo de distribuciòn y dormitorio de piso a techo, baño completo, amplio living comedor. Tiene un mobiliario que consiste en: sommier 2 plazas, heladera. Requisitos: seguro de alquiler o garantia propietaria.", "Visitas_Count": 100.0, "Visto_Estado": "Visto", "Fecha_Publicacion": null, "Inmobiliaria": null, "lat": -34.5745313, "lon": -58.418461, "Barrio_Geo": "Palermo", "snap_warning": false, "distancia_m_gym": 658, "cant_gym": 10, "distancia_m_subte": 911, "cant_subte": 4, "distancia_m_parque": 1243, "cant_parque": 4, "distancia_m_plaza": 127, "cant_plaza": 26, "costo_total": 900000, "dist_verde_final": 127, "apto_scoring": true, "segmento": "2amb", "costo_total_norm": 34.10138248847926, "distancia_m_subte_norm": 51.798941798941797, "dist_verde_final_norm": 87.846889952153106, "distancia_m_gym_norm": 66.325486182190389, "Score": 53.382162143723903, "REVISION": null, "FECHA_DETECCION": "2026-02-26" }, "geometry": { "type": "Point", "coordinates": [ -58.418461, -34.5745313 ] } },
{ "type": "Feature", "properties": { "Portal": "argenprop", "Barrio": "Palermo", "Tipo": "Departamento", "Titulo": "Alquiler 2 ambientes Palermo a 2 cuadras de subte D Alto Palermo", "Precio": 630000, "Expensas": 150000.0, "Direccion": "Vidt 1900, Piso 2", "Metros_Totales": null, "Ambientes": 2.0, "Dormitorios": 1.0, "Baños": null, "URL": "https://www.argenprop.com/departamento-en-alquiler-en-palermo-2-ambientes--19184301", "Bajo_Precio": null, "Cocheras": 0, "Etiqueta_Destacado": null, "Porcentaje_Rebaja": null, "Metros_Cubiertos": 40.0, "Antiguedad": 50.0, "Descripcion_Breve": "En alquiler 2 ambientes a 2 cuadras de alto palermo y estación de subte d bulnes", "Visitas_Count": 100.0, "Visto_Estado": "Visto", "Fecha_Publicacion": null, "Inmobiliaria": null, "lat": -34.5900245, "lon": -58.4150143, "Barrio_Geo": "Palermo", "snap_warning": false, "distancia_m_gym": 314, "cant_gym": 12, "distancia_m_subte": 515, "cant_subte": 9, "distancia_m_parque": 1268, "cant_parque": 3, "distancia_m_plaza": 174, "cant_plaza": 17, "costo_total": 780000, "dist_verde_final": 174, "apto_scoring": true, "segmento": "2amb", "costo_total_norm": 56.221198156682028, "distancia_m_subte_norm": 72.751322751322746, "dist_verde_final_norm": 83.349282296650713, "distancia_m_gym_norm": 83.930399181166834, "Score": 69.376772465516467, "REVISION": null, "FECHA_DETECCION": "2026-03-09" }, "geometry": { "type": "Point", "coordinates": [ -58.4150143, -34.5900245 ] } },
{ "type": "Feature", "properties": { "Portal": "argenprop", "Barrio": "Palermo", "Tipo": "Departamento", "Titulo": "Departamento Monoambiente con Balcón Al Frente, Muy Luminoso - Amenities", "Precio": 600000, "Expensas": 150000.0, "Direccion": "Soler 5800", "Metros_Totales": null, "Ambientes": null, "Dormitorios": null, "Baños": 1.0, "URL": "https://www.argenprop.com/departamento-en-alquiler-en-palermo-1-ambiente--19109792", "Bajo_Precio": null, "Cocheras": 0, "Etiqueta_Destacado": null, "Porcentaje_Rebaja": null, "Metros_Cubiertos": 28.0, "Antiguedad": 2.0, "Descripcion_Breve": "Espectacular departamento monoambiente, muy moderno, con balcón al frente y vista abierta. Muy luminoso. Apto vivienda y apto profesional. Ubicado en inmejorable zona, a 3 cuadras de la avenida santa fe, rodeado de boutiques, bares y restaurantes y cerca de variedad de medios de transporte. Hall de ingreso con placard, ambiente de 3.45 x 5.45 m con salida a balcón y cocina integrada, baño con ducha. Todo eléctrico. Se admiten mascotas pequeñas. El departamento cuenta con conexión para lavarropas. El edificio tiene seguridad \"prosegur\" 24hs, y amenities en terraza: sum, parrilla, solarium. Servicios: expensas $ 150.000.- (Aysa incluido); abl $ 7.500.- Martínez crouzel propiedades. Mat. Cucicba 6179. Todos los derechos reservados. Ley 5859 \"para los casos de alquiler de vivienda, el monto máximo de comisión que se le puede requerir a los propietarios será el equivalente al cuatro con quince centésimos por ciento (4,15%) del valor total del respectivo contrato. Se encuentra prohibido cobrar a los inquilinos que sean personas físicas comisiones inmobiliarias\".", "Visitas_Count": 83.0, "Visto_Estado": "Visto", "Fecha_Publicacion": null, "Inmobiliaria": null, "lat": -34.5793001, "lon": -58.4348171, "Barrio_Geo": "Palermo", "snap_warning": false, "distancia_m_gym": 496, "cant_gym": 11, "distancia_m_subte": 637, "cant_subte": 5, "distancia_m_parque": 579, "cant_parque": 4, "distancia_m_plaza": 728, "cant_plaza": 15, "costo_total": 750000, "dist_verde_final": 579, "apto_scoring": true, "segmento": "sin_datos", "costo_total_norm": 44.096385542168669, "distancia_m_subte_norm": 66.840187402394577, "dist_verde_final_norm": 48.211091234347045, "distancia_m_gym_norm": 72.505543237250549, "Score": 54.583383008180313, "REVISION": null, "FECHA_DETECCION": "2026-02-26" }, "geometry": { "type": "Point", "coordinates": [ -58.4348171, -34.5793001 ] } },
{ "type": "Feature", "properties": { "Portal": "argenprop", "Barrio": "Palermo", "Tipo": "PH", "Titulo": "Departamento tipo casa en alquiler en Palermo", "Precio": 680000, "Expensas": 180000.0, "Direccion": "Avenida Raúl Scalabrini Ortiz 2300, Piso PB", "Metros_Totales": null, "Ambientes": null, "Dormitorios": 2.0, "Baños": null, "URL": "https://www.argenprop.com/ph-en-alquiler-en-palermo-3-ambientes--18971312", "Bajo_Precio": null, "Cocheras": 0, "Etiqueta_Destacado": null, "Porcentaje_Rebaja": null, "Metros_Cubiertos": 53.0, "Antiguedad": 65.0, "Descripcion_Breve": "Muy buen estado gral. Cocina y baño modernos. Techos altos. Muy buen estado gral. Pisos de parquet. Conexión para lavarropas. Se hace parque con expensas incluiidas en $880.000.- Adicional abl, aysa , edenor y metrogas. Excelente ubicación, a pasos subte d, jardín botánico y av santa fe. Para agendar entrevista comunicarse exclusivamente por telef :", "Visitas_Count": 5.0, "Visto_Estado": "Visto", "Fecha_Publicacion": null, "Inmobiliaria": null, "lat": -34.5869045, "lon": -58.4190363, "Barrio_Geo": "Palermo", "snap_warning": false, "distancia_m_gym": 793, "cant_gym": 12, "distancia_m_subte": 325, "cant_subte": 6, "distancia_m_parque": 1174, "cant_parque": 3, "distancia_m_plaza": 478, "cant_plaza": 17, "costo_total": 860000, "dist_verde_final": 478, "apto_scoring": true, "segmento": "sin_datos", "costo_total_norm": 17.590361445783131, "distancia_m_subte_norm": 83.081728266527847, "dist_verde_final_norm": 57.245080500894453, "distancia_m_gym_norm": 56.04212860310421, "Score": 49.01389201876092, "REVISION": null, "FECHA_DETECCION": "2026-02-16" }, "geometry": { "type": "Point", "coordinates": [ -58.4190363, -34.5869045 ] } },
{ "type": "Feature", "properties": { "Portal": "argenprop", "Barrio": "Parque Chas", "Tipo": "Departamento", "Titulo": "MONOAMBIENTE MUY LUMINOSO SUM Y PARRILLA", "Precio": 500000, "Expensas": 170000.0, "Direccion": "Llerena 3100 , Piso 4", "Metros_Totales": null, "Ambientes": null, "Dormitorios": null, "Baños": 1.0, "URL": "https://www.argenprop.com/departamento-en-alquiler-en-parque-chas-1-ambiente--19009586", "Bajo_Precio": null, "Cocheras": 0, "Etiqueta_Destacado": null, "Porcentaje_Rebaja": null, "Metros_Cubiertos": 40.0, "Antiguedad": null, "Descripcion_Breve": "[Miguelriv-144] monoambiente muy luminoso sum y parrilla aysa incluida en las expensas a mts av chorroarin y clubes depósito (meses): 1 impuestos a cargo de: inquilino agua a cargo de: inquilino matricula cucicba 271 \"para los casos de alquiler de vivienda, el monto máximo de comisión que se le puede requerir a los propietarios será el equivalente al cuatro con quince centésimos por ciento (4,15%) del valor total del respectivo contrato. Se encuentra prohibido cobrar a los inquilinos que sean personas físicas comisiones inmobiliarias y gastos de gestoría de informes\" ley 5115: excepto que en la descripción de la propiedad se indique lo contrario, el edificio puede no contar con rampa para personas con movilidad reducida, y no ser accesible para personas con discapacidades físicas.- - .", "Visitas_Count": 0.0, "Visto_Estado": "Visto", "Fecha_Publicacion": null, "Inmobiliaria": null, "lat": -34.5893557, "lon": -58.4797849, "Barrio_Geo": "Parque Chas", "snap_warning": false, "distancia_m_gym": 140, "cant_gym": 6, "distancia_m_subte": 1126, "cant_subte": 4, "distancia_m_parque": 702, "cant_parque": 1, "distancia_m_plaza": 458, "cant_plaza": 8, "costo_total": 670000, "dist_verde_final": 458, "apto_scoring": true, "segmento": "sin_datos", "costo_total_norm": 63.373493975903614, "distancia_m_subte_norm": 41.384695471108799, "dist_verde_final_norm": 59.033989266547401, "distancia_m_gym_norm": 92.239467849223942, "Score": 58.795550869925968, "REVISION": null, "FECHA_DETECCION": "2026-03-01" }, "geometry": { "type": "Point", "coordinates": [ -58.4797849, -34.5893557 ] } },
{ "type": "Feature", "properties": { "Portal": "argenprop", "Barrio": "Palermo", "Tipo": "PH", "Titulo": "ALQUILER DEPARTAMENTO AL FRENTE EN PALERMO", "Precio": 750000, "Expensas": 20000.0, "Direccion": "Coronel Niceto Vega 5700", "Metros_Totales": null, "Ambientes": 2.0, "Dormitorios": 1.0, "Baños": null, "URL": "https://www.argenprop.com/ph-en-alquiler-en-palermo-2-ambientes--19021876", "Bajo_Precio": null, "Cocheras": 0, "Etiqueta_Destacado": null, "Porcentaje_Rebaja": null, "Metros_Cubiertos": 3619.0, "Antiguedad": 56.0, "Descripcion_Breve": "Corredor responsable: ariel champanier cucicba 4330 / andrea berré cmcpsi 6763 - contacto: cristhian brittes alquiler departamento 2 ambientes al frente en palermo departamento de 2 ambientes en buen estado, ubicado en av. Coronel niceto vega 5725, primer piso por escalera, en el barrio de palermo, dentro del distrito audiovisual, una de las zonas con mayor crecimiento y demanda de la ciudad de buenos aires la unidad cuenta con 36,19 m² cubiertos, destacándose por su muy buena luminosidad natural y ventilación, ya que todos sus ambientes ventilan al frente sobre av. Niceto vega, con orientación noroeste. Medidas por ambiente hall de entrada: 2,78 x 1,90 ? 5,28 m² living-comedor: 5,63 x 2,34 ? 13,17 m² cocina: 2,40 x 1,86 ? 4,46 m² dormitorio: 3,34 x 2,21 ? 7,38 m² baño: 2,28 x 1,62 ? 3,69 m² el living-comedor es amplio, cómodo y funcional, con una distribución que permite un excelente aprovechamiento del espacio y buena circulación. La cocina integrada se presenta en correcto estado, con muebles bajo mesada y alacenas, y una barra desayunadora que aporta funcionalidad y delimita el ambiente de manera práctica. El dormitorio es independiente, cuenta con placard empotrado y equipo de aire acondicionado, ofreciendo un espacio confortable y bien aprovechado. El baño es completo, con bañera y ventana de ventilación natural, lo que garantiza buena iluminación y aireación. El edificio es de baja altura, con pocas unidades funcionales, brindando un entorno tranquilo y de fácil acceso. En cuanto a su ubicación, se encuentra estratégicamente situado sobre una de las arterias principales de palermo, con excelente conectividad y cercanía a múltiples medios de transporte: múltiples líneas de colectivos: 34, 39, 93, 108, 111, 140, 151, 166 y 168, con rápida conexión a distintos puntos de la ciudad. La zona cuenta con una amplia oferta de comercios de cercanía, supermercados, farmacias, bancos y centros educativos, además de una destacada propuesta gastronómica y cultural, propia del entorno de palermo. Asimismo, se encuentra próximo a espacios verdes y áreas recreativas, ideales para actividades al aire libre, y cercano a centros de salud y dependencias policiales, aportando mayor tranquilidad al entorno. Una propiedad funcional, luminosa y bien ubicada, ideal para vivienda, en uno de los barrios más buscados de la ciudad de buenos aires. Rau s.R.L. No ejerce el corretaje inmobiliario. El presente sitio web es una plataforma en donde cada oficina inmobiliaria independiente que contrata los servicios re/max puede publicar las propiedades a su cargo. Cada oficina es de propiedad y gestión independiente, por lo que rau s.R.L. No interviene en los datos de la publicación, en la operación inmobiliaria, ni en la confección y/o firma del boleto de compraventa y/o escritura y/o contrato de alquiler. En cumplimiento de las leyes vigentes que regulan el corretaje inmobiliario, ley nacional 25.028, ley 22.802 de lealtad comercial, ley 24.240 de defensa al consumidor, las normas del código civil y comercial de la nación y constitucionales, los agentes/gestores no ejercen el corretaje inmobiliario. Todas las operaciones inmobiliarias son objeto de intermediación y conclusión por parte del corredor público inmobiliario colegiado a cargo de la publicación, cuyos datos se exhiben en la presente. La presente publicación describe las características esenciales del inmueble, debiéndose consultar al corredor público inmobiliario responsable de la operación por la eventual actualización de las medidas, descripciones arquitectónicas y funcionales, valores de expensas, servicios, impuestos, precios y demás información, cuyos valores son aproximados. Para los casos de alquiler de vivienda, el monto máximo de comisión que se le puede requerir a los propietarios será el equivalente al cuatro con quince centésimos por ciento (4,15%) del valor total del respectivo contrato. Se encuentra prohibido cobrar a los inquilinos que sean personas físicas comisiones inmobiliarias y gastos de gestoría de informes. El inmueble no es accesible para personas con discapacidades físicas.", "Visitas_Count": 0.0, "Visto_Estado": "Visto", "Fecha_Publicacion": null, "Inmobiliaria": null, "lat": -34.5861992, "lon": -58.4403477, "Barrio_Geo": "Palermo", "snap_warning": false, "distancia_m_gym": 549, "cant_gym": 9, "distancia_m_subte": 916, "cant_subte": 5, "distancia_m_parque": 807, "cant_parque": 4, "distancia_m_plaza": 807, "cant_plaza": 10, "costo_total": 770000, "dist_verde_final": 807, "apto_scoring": true, "segmento": "2amb", "costo_total_norm": 58.064516129032256, "distancia_m_subte_norm": 51.534391534391531, "dist_verde_final_norm": 22.775119617224888, "distancia_m_gym_norm": 71.903787103377681, "Score": 50.431526545713112, "REVISION": "DESCARTADO", "FECHA_DETECCION": "2026-03-09" }, "geometry": { "type": "Point", "coordinates": [ -58.4403477, -34.5861992 ] } },
{ "type": "Feature", "properties": { "Portal": "argenprop", "Barrio": "Parque Chas", "Tipo": "Departamento", "Titulo": "Depto monoambiente con balcon", "Precio": 550000, "Expensas": 120000.0, "Direccion": "Av. Los Incas 5400, Piso 4", "Metros_Totales": null, "Ambientes": null, "Dormitorios": null, "Baños": 1.0, "URL": "https://www.argenprop.com/departamento-en-alquiler-en-parque-chas-1-ambiente--15330337", "Bajo_Precio": null, "Cocheras": 0, "Etiqueta_Destacado": null, "Porcentaje_Rebaja": null, "Metros_Cubiertos": 30.0, "Antiguedad": null, "Descripcion_Breve": "Excelente monoambiente luminoso con amplio balcón al frente, cuenta con placard de piso a techo con interiores completos y cocina integrada con espacio para lavarropas y heladera. Transportes cercanos colectivos 80, 87, 110, 111, 123 y a pocas cuadras del subte línea b los requisitos de ingreso son garantia caba o y demostracion de ingresos acorde al valor del alquiler. Para programar una visita comunicarse al .", "Visitas_Count": 221.0, "Visto_Estado": "Visto", "Fecha_Publicacion": null, "Inmobiliaria": null, "lat": -34.5881928, "lon": -58.4830977, "Barrio_Geo": "Parque Chas", "snap_warning": false, "distancia_m_gym": 493, "cant_gym": 7, "distancia_m_subte": 1130, "cant_subte": 4, "distancia_m_parque": 1099, "cant_parque": 1, "distancia_m_plaza": 69, "cant_plaza": 7, "costo_total": 670000, "dist_verde_final": 69, "apto_scoring": true, "segmento": "sin_datos", "costo_total_norm": 63.373493975903614, "distancia_m_subte_norm": 41.17647058823529, "dist_verde_final_norm": 93.828264758497312, "distancia_m_gym_norm": 72.671840354767184, "Score": 63.73517575400821, "REVISION": null, "FECHA_DETECCION": "2026-02-16" }, "geometry": { "type": "Point", "coordinates": [ -58.4830977, -34.5881928 ] } },
{ "type": "Feature", "properties": { "Portal": "argenprop", "Barrio": "Parque Chas", "Tipo": "Departamento", "Titulo": "HERMOSO MONOAMBIENTE A ESTRENAR CON BALCON LUMINOSO IMPECABLE A CUADRAS DE FACULTAD AGRONOMIA", "Precio": 490000, "Expensas": 120000.0, "Direccion": "CAMPILLO 3000", "Metros_Totales": null, "Ambientes": null, "Dormitorios": null, "Baños": 1.0, "URL": "https://www.argenprop.com/departamento-en-alquiler-en-parque-chas-1-ambiente--18985199", "Bajo_Precio": null, "Cocheras": 0, "Etiqueta_Destacado": null, "Porcentaje_Rebaja": null, "Metros_Cubiertos": 30.0, "Antiguedad": 0.0, "Descripcion_Breve": "Edificio a estrenar monoambiente cocina integrada conexion lavarropa - balcon aterrazado contrato 2 años ajuste trimestral ipc garantia caba familiar y recibo d sueldo tambien acepta cercanias: hospital tornú hospital de veterinaria facultad de agronomia uba club arquitectura subte b", "Visitas_Count": 10.0, "Visto_Estado": "Visto", "Fecha_Publicacion": null, "Inmobiliaria": null, "lat": -34.5893453, "lon": -58.477439, "Barrio_Geo": "Parque Chas", "snap_warning": false, "distancia_m_gym": 137, "cant_gym": 5, "distancia_m_subte": 1111, "cant_subte": 3, "distancia_m_parque": 675, "cant_parque": 2, "distancia_m_plaza": 679, "cant_plaza": 8, "costo_total": 610000, "dist_verde_final": 675, "apto_scoring": true, "segmento": "sin_datos", "costo_total_norm": 77.831325301204828, "distancia_m_subte_norm": 42.165538781884436, "dist_verde_final_norm": 39.624329159212877, "distancia_m_gym_norm": 92.405764966740577, "Score": 60.947634083563898, "REVISION": null, "FECHA_DETECCION": "2026-03-01" }, "geometry": { "type": "Point", "coordinates": [ -58.477439, -34.5893453 ] } },
{ "type": "Feature", "properties": { "Portal": "argenprop", "Barrio": "Parque Chas", "Tipo": "Departamento", "Titulo": "Departamento - Parque Chas", "Precio": 550000, "Expensas": 131384.0, "Direccion": "Av. De Los Incas al 5000", "Metros_Totales": null, "Ambientes": null, "Dormitorios": null, "Baños": 1.0, "URL": "https://www.argenprop.com/departamento-en-alquiler-en-parque-chas-1-ambiente--19091755", "Bajo_Precio": null, "Cocheras": 0, "Etiqueta_Destacado": null, "Porcentaje_Rebaja": null, "Metros_Cubiertos": 25.0, "Antiguedad": 3.0, "Descripcion_Breve": "Monoambiente minimalista con balcón contrafrente muy buenos detalles de arquitectura y buen gusto. Muy luminoso. Las fotos del aviso son las del 3c. La cocina es integrada tiene mármol negro, muebles de alto y bajo mesada, campana extractora de acero inoxidable, el baño totalmente equipado con cabina de ducha armada con blinduch. Aire acondicionado frio calor, portero visor. Totalmente eléctrico, cocina indesit, termotanque ariston. Tiene instaladas las cortinas y la iluminación. El costo total es: alquiler + expensas + abl. Se debe contratar un seguro contra incendio. Superficie: cubierta: 25.57 mts. + Balcon: 2.77 mts. totales= 28.34 mts se deja aclarado que el valor de la publicación es sin equipamiento el precio varia para el caso de alquilarse equipado. Las condiciones de la locación. Seguro de caución o garantía propietaria, ingresos comprobables. Indexación trimestral por ipc (indice de precios al consumidor) dos años de contrato. Valor de la locación sin equipamiento: 3 \"c\" contrafrente $ 550000 2 \"a\" frente $ 550000 deposito: u$s 450 valor de la locación con equipamiento: 3\"c\" contrafrente $ 700000 2\"a\" frente $ 700000 deposito: u$ 1000 el equipamiento incluye: tv, frigobar, cama, taburetes, mesa de luz. Legal ley 5859 - caba para los casos de alquiler de vivienda, el monto máximo de comisión que se le puede requerir a los propietarios será el equivalente al cuatro con quince centésimos por ciento (4.15%) del valor total del respectivo contrato. Se encuentra prohibido cobrar a los inquilinos que sean personas físicas comisiones inmobiliarias y gastos de gestoría de informes. Las medidas son aproximadas y a los fines orientativos las reales surgirán del titulo de propiedad respectivo.", "Visitas_Count": 9.0, "Visto_Estado": "Visto", "Fecha_Publicacion": null, "Inmobiliaria": null, "lat": -34.5794477, "lon": -58.4711312, "Barrio_Geo": "Villa Ortuzar", "snap_warning": false, "distancia_m_gym": 813, "cant_gym": 6, "distancia_m_subte": 381, "cant_subte": 5, "distancia_m_parque": 1379, "cant_parque": 2, "distancia_m_plaza": 735, "cant_plaza": 17, "costo_total": 681384, "dist_verde_final": 735, "apto_scoring": true, "segmento": "sin_datos", "costo_total_norm": 60.63036144578313, "distancia_m_subte_norm": 80.166579906298807, "dist_verde_final_norm": 34.257602862254018, "distancia_m_gym_norm": 54.933481152993345, "Score": 60.646987237953027, "REVISION": null, "FECHA_DETECCION": "2026-02-23" }, "geometry": { "type": "Point", "coordinates": [ -58.4711312, -34.5794477 ] } },
{ "type": "Feature", "properties": { "Portal": "argenprop", "Barrio": "Parque Chas", "Tipo": "Departamento", "Titulo": "Monoambiente / ALQUILER / Parque Chas / Muy Luminoso c/ Balcón!", "Precio": 550000, "Expensas": 180000.0, "Direccion": "Av. de los Incas y Barzana 4°", "Metros_Totales": null, "Ambientes": null, "Dormitorios": null, "Baños": 1.0, "URL": "https://www.argenprop.com/departamento-en-alquiler-en-parque-chas-1-ambiente--19120790", "Bajo_Precio": null, "Cocheras": 0, "Etiqueta_Destacado": null, "Porcentaje_Rebaja": null, "Metros_Cubiertos": 32.0, "Antiguedad": 10.0, "Descripcion_Breve": "Monoambiente al frente listo para habitar luz natural y distribución inteligente en un espacio que se adapta a tu estilo de vida. Ambiente amplio con cocina integrada, funcional y moderna. Baño completo. Muy luminoso. Apto profesional. Ubicado en una zona con excelente conectividad: a 6 cuadras de av. Triunvirato y a solo 2 de av. De los constituyentes. Ideal para primera vivienda o inversión. Coordiná tu visita y conocelo en persona. *Se deja constancia que las medidas (tanto totales como parciales), superficies, m2 y proporciones indicadas en el presente son aproximadas y sujetas a verificación, variación y/o ajuste. El precio de la presente operación y/o de las expensas aquí indicadas están sujetos a modificación sin previo aviso. David melamud propiedades matricula cucicba 7794", "Visitas_Count": 1.0, "Visto_Estado": "Visto", "Fecha_Publicacion": null, "Inmobiliaria": null, "lat": -34.5868552, "lon": -58.4816859, "Barrio_Geo": "Parque Chas", "snap_warning": false, "distancia_m_gym": 279, "cant_gym": 6, "distancia_m_subte": 916, "cant_subte": 4, "distancia_m_parque": 1020, "cant_parque": 1, "distancia_m_plaza": 281, "cant_plaza": 9, "costo_total": 730000, "dist_verde_final": 281, "apto_scoring": true, "segmento": "sin_datos", "costo_total_norm": 48.915662650602407, "distancia_m_subte_norm": 52.316501821967726, "dist_verde_final_norm": 74.865831842576029, "distancia_m_gym_norm": 84.534368070953434, "Score": 58.687818782441838, "REVISION": null, "FECHA_DETECCION": "2026-02-27" }, "geometry": { "type": "Point", "coordinates": [ -58.4816859, -34.5868552 ] } },
{ "type": "Feature", "properties": { "Portal": "argenprop", "Barrio": "Parque Chas", "Tipo": "Departamento", "Titulo": "Alquiler Departamento Monoambiente en Parque Chas. Amueblado", "Precio": 480000, "Expensas": 190000.0, "Direccion": "Arismendi al 2500", "Metros_Totales": null, "Ambientes": null, "Dormitorios": null, "Baños": 1.0, "URL": "https://www.argenprop.com/departamento-en-alquiler-en-parque-chas-1-ambiente--19132504", "Bajo_Precio": null, "Cocheras": 0, "Etiqueta_Destacado": null, "Porcentaje_Rebaja": null, "Metros_Cubiertos": 38.0, "Antiguedad": 8.0, "Descripcion_Breve": "Hermoso monoambiente equipado con muebles, salvo heladera. Propiedad de 38mt totales, el placard hace a su vez de división de ambiente. Cuenta además con: cama doble, juego de comedor, sillón cama, cocina separada por desayunador, mueble de guardado, baño completo, equipo de aire frío/ calor, cortinas tipo roller y blacaut y balcón con vista abierta. El edificio es todo eléctrico y cuenta con sum equipado con cocina y parrilla con mucho espacio para reuniones y gran terraza. Muy buena ubicación, a una cuadra y media de subte línea b requisitos para ingresar: contrato por dos años con ajustes trimestral mediante índice ipc un mes de depósito - antiguedad laboral mayor a un año - ingresos demostrables que tripliquen el monto de alquiler - seguro de caución o garantía propietaria familiar directo. Mascota, se acepta solo gatos lindo, cómodo y luminoso. Esta propiedad posee acceso para personas con movilidad reducida (ley 5115) piva servicios inmobiliarios. Cucicba n7764 / cmcpdjlp n7464", "Visitas_Count": 1.0, "Visto_Estado": "Visto", "Fecha_Publicacion": null, "Inmobiliaria": null, "lat": -34.5850581, "lon": -58.4771439, "Barrio_Geo": "Parque Chas", "snap_warning": false, "distancia_m_gym": 312, "cant_gym": 6, "distancia_m_subte": 587, "cant_subte": 4, "distancia_m_parque": 1212, "cant_parque": 2, "distancia_m_plaza": 377, "cant_plaza": 13, "costo_total": 670000, "dist_verde_final": 377, "apto_scoring": true, "segmento": "sin_datos", "costo_total_norm": 63.373493975903614, "distancia_m_subte_norm": 69.442998438313381, "dist_verde_final_norm": 66.279069767441854, "distancia_m_gym_norm": 82.705099778270508, "Score": 67.708621053170887, "REVISION": null, "FECHA_DETECCION": "2026-03-09" }, "geometry": { "type": "Point", "coordinates": [ -58.4771439, -34.5850581 ] } },
{ "type": "Feature", "properties": { "Portal": "argenprop", "Barrio": "Parque Chas", "Tipo": "Departamento", "Titulo": "Departamento en Alquiler en Parque Chas, Capital Federal, Buenos Aires", "Precio": 780000, "Expensas": 130000.0, "Direccion": "Andonaegui 1200", "Metros_Totales": null, "Ambientes": null, "Dormitorios": 1.0, "Baños": 1.0, "URL": "https://www.argenprop.com/departamento-en-alquiler-en-parque-chas-2-ambientes--18791173", "Bajo_Precio": null, "Cocheras": 0, "Etiqueta_Destacado": null, "Porcentaje_Rebaja": null, "Metros_Cubiertos": null, "Antiguedad": 8.0, "Descripcion_Breve": "Departamento amoblado en alquiler – parque chas departamento amoblado de 38 m² ubicado en el barrio de parque chas, una zona residencial tranquila y con excelente conectividad. La propiedad cuenta con un ambiente bien distribuido, muy luminoso, totalmente equipado y listo para habitar. Cocina completa con buen espacio de guardado y baño en excelente estado. El edificio ofrece pileta, un diferencial que suma calidad de vida y confort. Ubicación estratégica, cercana a avenidas principales, transporte público, comercios y servicios. No acepta mascotas. . Ricardo douer propiedades cucicba n°9007. - Mat.", "Visitas_Count": 0.0, "Visto_Estado": "Visto", "Fecha_Publicacion": null, "Inmobiliaria": null, "lat": -34.5886007, "lon": -58.4786504, "Barrio_Geo": "Parque Chas", "snap_warning": false, "distancia_m_gym": 0, "cant_gym": 5, "distancia_m_subte": 1023, "cant_subte": 4, "distancia_m_parque": 812, "cant_parque": 1, "distancia_m_plaza": 582, "cant_plaza": 8, "costo_total": 910000, "dist_verde_final": 582, "apto_scoring": true, "segmento": "sin_datos", "costo_total_norm": 5.5421686746988001, "distancia_m_subte_norm": 46.746486205101512, "dist_verde_final_norm": 47.942754919499109, "distancia_m_gym_norm": 100.0, "Score": 35.829364315309796, "REVISION": null, "FECHA_DETECCION": "2026-03-09" }, "geometry": { "type": "Point", "coordinates": [ -58.4786504, -34.5886007 ] } },
{ "type": "Feature", "properties": { "Portal": "argenprop", "Barrio": "Recoleta", "Tipo": "Departamento", "Titulo": "Departamento monoambiente en Recoleta, Beruti y Azcuenaga", "Precio": 500000, "Expensas": 100000.0, "Direccion": "Beruti 2300", "Metros_Totales": null, "Ambientes": null, "Dormitorios": null, "Baños": 1.0, "URL": "https://www.argenprop.com/departamento-en-alquiler-en-recoleta-1-ambiente--19004134", "Bajo_Precio": null, "Cocheras": 0, "Etiqueta_Destacado": null, "Porcentaje_Rebaja": null, "Metros_Cubiertos": 29.0, "Antiguedad": 50.0, "Descripcion_Breve": "Departamento monoambiente en alquiler sobre calle beruti y azcuénaga, en pleno recoleta caba. Ubicado al frente, con excelente ventilación cruzada y muy buena luminosidad. Acepta mascota (un perro/gato). Plazo de contraro: 2 años ajuste: trimestral por ipc. Cuenta con cocina equipada con estantería sobre y bajo mesada, espacio principal con placard empotrado y baño completo con conexión para lavarropas o bidet (opcional). Dispone de aire acondicionado y termotanque eletrico. En entrepiso se diseño un espacio para colocar un colchon de 2 plazas (1.40x1.90) con un espacio tipo bulera en el cabezal de la cama, se accede por escalera (mueble movil con espacio de guardado). La unidad se entrega con piso de parquet hidrolaqueado a nuevo y recién pintada", "Visitas_Count": 370.0, "Visto_Estado": "Visto", "Fecha_Publicacion": null, "Inmobiliaria": null, "lat": -34.5934133, "lon": -58.3993214, "Barrio_Geo": "Recoleta", "snap_warning": false, "distancia_m_gym": 562, "cant_gym": 17, "distancia_m_subte": 444, "cant_subte": 14, "distancia_m_parque": 1542, "cant_parque": 2, "distancia_m_plaza": 526, "cant_plaza": 32, "costo_total": 600000, "dist_verde_final": 526, "apto_scoring": true, "segmento": "sin_datos", "costo_total_norm": 80.240963855421683, "distancia_m_subte_norm": 76.88703800104112, "dist_verde_final_norm": 52.951699463327373, "distancia_m_gym_norm": 68.847006651884698, "Score": 72.637537500334972, "REVISION": null, "FECHA_DETECCION": "2026-03-01" }, "geometry": { "type": "Point", "coordinates": [ -58.3993214, -34.5934133 ] } },
{ "type": "Feature", "properties": { "Portal": "argenprop", "Barrio": "Palermo", "Tipo": "PH", "Titulo": "ALQUILER PH 2 AMBIENTES ESCRITORIO PALERMO", "Precio": 760000, "Expensas": 50000.0, "Direccion": "Santos Dumont 2400", "Metros_Totales": null, "Ambientes": 2.0, "Dormitorios": 1.0, "Baños": null, "URL": "https://www.argenprop.com/ph-en-alquiler-en-palermo-2-ambientes--19140814", "Bajo_Precio": null, "Cocheras": 0, "Etiqueta_Destacado": null, "Porcentaje_Rebaja": null, "Metros_Cubiertos": 43.0, "Antiguedad": 16.0, "Descripcion_Breve": "Corredor responsable: graciela menazzi cmcpdjlm 841 / cpi 6344 - contacto: valeria macucho departamento en alquiler 2 ambientes palermo capital federal descripción general departamento en planta baja ubicado en zona estratégica de palermo, con una superficie total de 43 m² construidos sobre un terreno de 47 m². Propiedad diseñada para profesionales, con distribución funcional y excelente aprovechamiento del espacio. Características principales • distribución interior optimizada con 2 ambientes • superficie cubierta de 43 m² • refaccionado • estado general muy bueno • clasificación: apto profesional y vivienda distribución interior • habitación principal de 3,85 x 3,37 m con pisos de cerámico • entrepiso de madera de 3,36 x 2 m • cocina equipada de 1,70 x 2 m con espacio para termotanque y heladera • baño completo actualizado de 1,65 x 2 m • patio cubierto de 3,52 x 1,89 m • ventilación a pasillo en ambientes principales servicios e infraestructura • servicios disponibles: electricidad, agua, gas, desagüe cloacal • parte de un conjunto de 12 unidades funcionales • pasillo ancho y luminoso • vecindad agradable ubicación y conectividad • barrio: palermo • comuna: comuna 14 • ubicación: santos dumont transporte público colectivos: 15, 29, 39, 41, 55, 57, 59, 60, 64, 67, 68, 95, 118, 152, 161, 194 subte: estación ministro carranza (línea d) tren: estación ministro carranza (línea mitre) condiciones de alquiler • valor de expensas: 50.000 requisitos: • un mes de adelanto • un mes en depósito de garantía • seguro de caución propiedad ideal para profesionales que buscan funcionalidad, ubicación estratégica y confort en uno de los barrios más dinámicos de buenos aires. Rau s.R.L. No ejerce el corretaje inmobiliario. El presente sitio web es una plataforma en donde cada oficina inmobiliaria independiente que contrata los servicios re/max puede publicar las propiedades a su cargo. Cada oficina es de propiedad y gestión independiente, por lo que rau s.R.L. No interviene en los datos de la publicación, en la operación inmobiliaria, ni en la confección y/o firma del boleto de compraventa y/o escritura y/o contrato de alquiler. En cumplimiento de las leyes vigentes que regulan el corretaje inmobiliario, ley nacional 25.028, ley 22.802 de lealtad comercial, ley 24.240 de defensa al consumidor, las normas del código civil y comercial de la nación y constitucionales, los agentes/gestores no ejercen el corretaje inmobiliario. Todas las operaciones inmobiliarias son objeto de intermediación y conclusión por parte del corredor público inmobiliario colegiado a cargo de la publicación, cuyos datos se exhiben en la presente. La presente publicación describe las características esenciales del inmueble, debiéndose consultar al corredor público inmobiliario responsable de la operación por la eventual actualización de las medidas, descripciones arquitectónicas y funcionales, valores de expensas, servicios, impuestos, precios y demás información, cuyos valores son aproximados. El inmueble es accesible para personas con discapacidades físicas.", "Visitas_Count": 0.0, "Visto_Estado": "Visto", "Fecha_Publicacion": null, "Inmobiliaria": null, "lat": -34.5735325, "lon": -58.4384687, "Barrio_Geo": "Palermo", "snap_warning": false, "distancia_m_gym": 894, "cant_gym": 14, "distancia_m_subte": 402, "cant_subte": 5, "distancia_m_parque": 1400, "cant_parque": 4, "distancia_m_plaza": 781, "cant_plaza": 15, "costo_total": 810000, "dist_verde_final": 781, "apto_scoring": true, "segmento": "2amb", "costo_total_norm": 50.691244239631338, "distancia_m_subte_norm": 78.730158730158735, "dist_verde_final_norm": 25.26315789473685, "distancia_m_gym_norm": 54.247697031729786, "Score": 54.372946597020508, "REVISION": null, "FECHA_DETECCION": "2026-03-09" }, "geometry": { "type": "Point", "coordinates": [ -58.4384687, -34.5735325 ] } },
{ "type": "Feature", "properties": { "Portal": "argenprop", "Barrio": "Parque Chas", "Tipo": "Departamento", "Titulo": "Monoambiente Alquiler Parque Chas a Estrenar", "Precio": 580000, "Expensas": 72000.0, "Direccion": "Arismendi 2700", "Metros_Totales": null, "Ambientes": null, "Dormitorios": null, "Baños": 1.0, "URL": "https://www.argenprop.com/departamento-en-alquiler-en-parque-chas-1-ambiente--19071633", "Bajo_Precio": null, "Cocheras": 0, "Etiqueta_Destacado": null, "Porcentaje_Rebaja": null, "Metros_Cubiertos": 29.0, "Antiguedad": 0.0, "Descripcion_Breve": "Corredor responsable: martin macagno cucicba 6267 / cmcpdjlm 821 - contacto: benjamin navarro alquiler de monoambiente a estrenar en parque chas, capital federal un refugio urbano con diseño inteligente en el corazón de parque chas, se encuentra este monoambiente de 29 m² que representa la perfecta fusión entre funcionalidad y estilo de vida moderno. Ubicación estratégica * emplazado sobre calle arismendi, en el tercer piso de un edificio contemporáneo. * A solo 350 metros del subte b, estación los incas. * Orientación al contrafrente que garantiza luminosidad y tranquilidad. Distribución inteligente el espacio ha sido diseñado con precisión milimétrica, optimizando cada metro cuadrado: * ambiente integrado con placard. * Cocina equipada con artefactos a gas. * Baño completo con ducha moderna. * Aire acondicionado frio - calor. * Terraza común que expande tus posibilidades de descanso. Amenities que mejoran tu calidad de vida * solarium con hidromasaje para desconectar. * Laundry. * Ascensor. * Sum con parrilla, heladera y cocina. Características técnicas * superficie total: 29 m² * estado: a estrenar * año de construcción: 2026 * servicios: electricidad, agua y gas * piso: 3ro de un edificio de 5 pisos rau s.R.L. No ejerce el corretaje inmobiliario. El presente sitio web es una plataforma en donde cada oficina inmobiliaria independiente que contrata los servicios re/max puede publicar las propiedades a su cargo. Cada oficina es de propiedad y gestión independiente, por lo que rau s.R.L. No interviene en los datos de la publicación, en la operación inmobiliaria, ni en la confección y/o firma del boleto de compraventa y/o escritura y/o contrato de alquiler. En cumplimiento de las leyes vigentes que regulan el corretaje inmobiliario, ley nacional 25.028, ley 22.802 de lealtad comercial, ley 24.240 de defensa al consumidor, las normas del código civil y comercial de la nación y constitucionales, los agentes/gestores no ejercen el corretaje inmobiliario. Todas las operaciones inmobiliarias son objeto de intermediación y conclusión por parte del corredor público inmobiliario colegiado a cargo de la publicación, cuyos datos se exhiben en la presente. La presente publicación describe las características esenciales del inmueble, debiéndose consultar al corredor público inmobiliario responsable de la operación por la eventual actualización de las medidas, descripciones arquitectónicas y funcionales, valores de expensas, servicios, impuestos, precios y demás información, cuyos valores son aproximados. Para los casos de alquiler de vivienda, el monto máximo de comisión que se le puede requerir a los propietarios será el equivalente al cuatro con quince centésimos por ciento (4,15%) del valor total del respectivo contrato. Se encuentra prohibido cobrar a los inquilinos que sean personas físicas comisiones inmobiliarias y gastos de gestoría de informes. El inmueble no es accesible para personas con discapacidades físicas.", "Visitas_Count": 0.0, "Visto_Estado": "Visto", "Fecha_Publicacion": null, "Inmobiliaria": null, "lat": -34.5850581, "lon": -58.4771439, "Barrio_Geo": "Parque Chas", "snap_warning": false, "distancia_m_gym": 312, "cant_gym": 6, "distancia_m_subte": 587, "cant_subte": 4, "distancia_m_parque": 1212, "cant_parque": 2, "distancia_m_plaza": 377, "cant_plaza": 13, "costo_total": 652000, "dist_verde_final": 377, "apto_scoring": true, "segmento": "sin_datos", "costo_total_norm": 67.710843373493987, "distancia_m_subte_norm": 69.442998438313381, "dist_verde_final_norm": 66.279069767441854, "distancia_m_gym_norm": 82.705099778270508, "Score": 69.443560812207025, "REVISION": null, "FECHA_DETECCION": "2026-03-09" }, "geometry": { "type": "Point", "coordinates": [ -58.4771439, -34.5850581 ] } },
{ "type": "Feature", "properties": { "Portal": "argenprop", "Barrio": "Recoleta", "Tipo": "Departamento", "Titulo": "MONOAMBIENTE GRANDE LUMINOSO ALQUILER EN RECOLETA", "Precio": 500000, "Expensas": 180000.0, "Direccion": "VICENTE LOPEZ 1800, Piso 3", "Metros_Totales": null, "Ambientes": null, "Dormitorios": null, "Baños": 1.0, "URL": "https://www.argenprop.com/departamento-en-alquiler-en-recoleta-1-ambiente--18472220", "Bajo_Precio": null, "Cocheras": 0, "Etiqueta_Destacado": null, "Porcentaje_Rebaja": null, "Metros_Cubiertos": 38.0, "Antiguedad": 49.0, "Descripcion_Breve": "Monoambiente muy amplio al frente, divisible, en piso 3. Bonita vista a copa de árboles. Placard de 4 puertas. Cocina separada. Anafe a gas de dos hornallas. Espacio bajo mesada para heladera. Baño completo con bañera y ventana. Se entrega recién pintado. Ubicación y conectividad: inmejorable ubicación en el barrio de recoleta, a una cuadra del shopping recoleta mall, con su oferta comercial y gastronómica. A pasos del cementerio de la recoleta y plaza francia. Cercano al parque thays y a la facultad de derecho. A 5 cuadras de la estación las heras de la línea h del subte, con conexión a otras líneas y puntos de la ciudad. A una cuadra de av. Las heras y a 6 de av. Santa fe, con varias líneas de colectivos. Requisitos: un mes de depósito, mes de ingreso, garante con propiedad en caba o provincia de buenos aires, o seguro del tipo / garantía ya. Importante: se alquila bajo la modalidad \"paquete\", $680.000, que incluye expensas, aysa y abl.", "Visitas_Count": 400.0, "Visto_Estado": "Visto", "Fecha_Publicacion": null, "Inmobiliaria": null, "lat": -34.5910377, "lon": -58.3908537, "Barrio_Geo": "Recoleta", "snap_warning": false, "distancia_m_gym": 507, "cant_gym": 15, "distancia_m_subte": 774, "cant_subte": 13, "distancia_m_parque": 768, "cant_parque": 2, "distancia_m_plaza": 264, "cant_plaza": 35, "costo_total": 680000, "dist_verde_final": 264, "apto_scoring": true, "segmento": "sin_datos", "costo_total_norm": 60.963855421686745, "distancia_m_subte_norm": 59.708485163977095, "dist_verde_final_norm": 76.386404293381034, "distancia_m_gym_norm": 71.895787139689574, "Score": 64.764947290512993, "REVISION": null, "FECHA_DETECCION": "2026-03-01" }, "geometry": { "type": "Point", "coordinates": [ -58.3908537, -34.5910377 ] } },
{ "type": "Feature", "properties": { "Portal": "argenprop", "Barrio": "Recoleta", "Tipo": "Departamento", "Titulo": "AVENIDA SANTA FE 2800 - Departamento 2 ambientes en alquiler apto vivienda o uso profesional", "Precio": 700000, "Expensas": 178000.0, "Direccion": "AVENIDA SANTA FE 2800, Piso 3", "Metros_Totales": null, "Ambientes": 2.0, "Dormitorios": 1.0, "Baños": 1.0, "URL": "https://www.argenprop.com/departamento-en-alquiler-en-recoleta-2-ambientes--19069920", "Bajo_Precio": null, "Cocheras": 0, "Etiqueta_Destacado": null, "Porcentaje_Rebaja": null, "Metros_Cubiertos": null, "Antiguedad": 50.0, "Descripcion_Breve": "Avenida santa fe 2800 - departamento 2 ambientes apto vivienda o uso profesional descripción: departamento en alquiler de 2 ambientes ubicado sobre avenida santa fe al 2800 con disposición lateral.La unidad ofrece una distribución funcional y confortable, con living comedor , cocina independiente, dormitorio muy espacioso, placard en el hall y baño completo. Ambientes cómodos, bien aprovechados y con gran potencial para adaptarse a distintas necesidades. Pisos recién pulidos y plastificados. Superficie total 37, 63 m2 apto profesional 2 equipos de aire acondicionado expensas $178.000 rodeado de comercios, servicios, espacios verdes y con excelente conectividad a múltiples medios de transporte. Condiciones de alquiler: no se aceptan mascotas ingresos comprobables garantía familiar directo en caba o seguro de caución contrato por 2 años incremento cuatrimestral según índice ipc liliana echagüe estudio inmobiliario mat cucicba 6633", "Visitas_Count": 480.0, "Visto_Estado": "Visto", "Fecha_Publicacion": null, "Inmobiliaria": null, "lat": -34.5927567, "lon": -58.4061797, "Barrio_Geo": "Recoleta", "snap_warning": false, "distancia_m_gym": 283, "cant_gym": 15, "distancia_m_subte": 138, "cant_subte": 13, "distancia_m_parque": 1415, "cant_parque": 2, "distancia_m_plaza": 592, "cant_plaza": 31, "costo_total": 878000, "dist_verde_final": 592, "apto_scoring": true, "segmento": "2amb", "costo_total_norm": 38.156682027649765, "distancia_m_subte_norm": 92.698412698412696, "dist_verde_final_norm": 43.349282296650713, "distancia_m_gym_norm": 85.516888433981578, "Score": 60.293741923312012, "REVISION": null, "FECHA_DETECCION": "2026-03-01" }, "geometry": { "type": "Point", "coordinates": [ -58.4061797, -34.5927567 ] } },
{ "type": "Feature", "properties": { "Portal": "argenprop", "Barrio": "Villa Urquiza", "Tipo": "Departamento", "Titulo": "Amplio 2 ambientes en una excelente ubicación", "Precio": 530000, "Expensas": 130000.0, "Direccion": "Juramento 4900", "Metros_Totales": null, "Ambientes": 2.0, "Dormitorios": 1.0, "Baños": 1.0, "URL": "https://www.argenprop.com/departamento-en-alquiler-en-villa-urquiza-2-ambientes--19118508", "Bajo_Precio": null, "Cocheras": 0, "Etiqueta_Destacado": null, "Porcentaje_Rebaja": null, "Metros_Cubiertos": 40.0, "Antiguedad": null, "Descripcion_Breve": "Amplio y hermoso 2 ambientes en excelente ubicación luminoso - expensas : sup.: 40m2 servicios individuales cocina con lavadero independiente baño completo excelente ubicación - cercanía subte b", "Visitas_Count": 70.0, "Visto_Estado": "Visto", "Fecha_Publicacion": null, "Inmobiliaria": null, "lat": -34.5765143, "lon": -58.4804296, "Barrio_Geo": "Villa Urquiza", "snap_warning": false, "distancia_m_gym": 0, "cant_gym": 5, "distancia_m_subte": 131, "cant_subte": 4, "distancia_m_parque": 1500, "cant_parque": 0, "distancia_m_plaza": 654, "cant_plaza": 15, "costo_total": 660000, "dist_verde_final": 654, "apto_scoring": true, "segmento": "2amb", "costo_total_norm": 78.341013824884797, "distancia_m_subte_norm": 93.068783068783063, "dist_verde_final_norm": 37.416267942583737, "distancia_m_gym_norm": 100.0, "Score": 76.740294039105592, "REVISION": "INTERES", "FECHA_DETECCION": "2026-03-09" }, "geometry": { "type": "Point", "coordinates": [ -58.4804296, -34.5765143 ] } },
{ "type": "Feature", "properties": { "Portal": "argenprop", "Barrio": "Villa Urquiza", "Tipo": "Departamento", "Titulo": "Amplio monoambiente con amenities", "Precio": 730000, "Expensas": 175000.0, "Direccion": "MONROE 3600, Piso 3", "Metros_Totales": null, "Ambientes": null, "Dormitorios": null, "Baños": 1.0, "URL": "https://www.argenprop.com/departamento-en-alquiler-en-villa-urquiza-1-ambiente--18938616", "Bajo_Precio": null, "Cocheras": 0, "Etiqueta_Destacado": null, "Porcentaje_Rebaja": null, "Metros_Cubiertos": 43.0, "Antiguedad": 8.0, "Descripcion_Breve": "Amplio monoambiente en alquiler con balcon y amenities descripcion amplisimo y muy luminoso monoambiente en alquiler ubicado sobre avenida monroe, en el barrio de villa urquiza, dentro de un edificio moderno que ofrece una completa propuesta de amenities, entre los que se destacan un amplio sum con cocina y baño, terraza con parrillas, piscina, solarium y servicio de laundry. La unidad cuenta con una superficie total de 49 m², de los cuales 43 m² son cubiertos, lo que permite una distribucion comoda y funcional, ideal para quienes buscan amplitud en un monoambiente. El edificio posee aproximadamente ocho años de antigüedad y cuenta con dos ascensores modernos, brindando comodidad y calidad en cada detalle. El departamento se destaca por su gran ventanal de hojas corredizas que brinda una excelente entrada de luz natural durante todo el dia y permite el acceso a un balcon al frente, con vista abierta. El ambiente principal es amplio y versatil, con pisos de porcelanato y espacio suficiente para sectorizar area de estar, comedor y dormitorio. La cocina se encuentra integrada, equipada con muebles bajo mesada y alacenas, mesada de granito, horno a gas natural y conexion para lavarropas. Cuenta ademas con placard de generosas dimensiones con puertas corredizas y un baño completo con bañera. La unidad dispone de aire acondicionado frio/calor. Ubicacion excelente ubicacion sobre av. Monroe, entre melian y washington, en villa urquiza a pocas cuadras de av. Olazabal y av. Congreso. Zona con comercios, supermercados, restaurantes, cafes, parques y cercania al hospital pirovano. Medios de transporte colectivos: 19, 41, 67, 76, 107, 114, 133, 169 tren: estacion coghlan - linea mitre contactanos / 5215 whatsapp: av. Mosconi 3467 - villa devoto - caba cucicba m.N. 7317 - werba inmuebles se deja constancia que las medidas publicadas son aproximadas y a solo efecto orientativo. Las reales surgiran del titulo de propiedad respectivo. El precio puede ser modificado sin previo aviso. Fotos de caracter no contractual. Ley 5115: la propiedad es apta para personas con discapacidad. Para los casos de alquiler de vivienda, el monto máximo de comisión que se le puede requerir a los propietarios será el equivalente al cuatro con quince centésimos por ciento (4,15%) del valor total del respectivo contrato. Se encuentra prohibido cobrar a los inquilinos que sean personas físicas comisiones inmobiliarias y gastos de gestoría de informes. Aviso legal: las descripciones, fotos, renders, medidas, condiciones, valores de expensas, servicios e impuestos son aproximados. El interesado debera realizar las verificaciones respectivas previamente a la realizacion de cualquier operacion. Werba inmuebles queda a su entera disposicion para brindarle toda la informacion requerida.", "Visitas_Count": 60.0, "Visto_Estado": "Visto", "Fecha_Publicacion": null, "Inmobiliaria": null, "lat": -34.5654826, "lon": -58.4711632, "Barrio_Geo": "Belgrano", "snap_warning": false, "distancia_m_gym": 1209, "cant_gym": 4, "distancia_m_subte": 1687, "cant_subte": 4, "distancia_m_parque": 1848, "cant_parque": 1, "distancia_m_plaza": 322, "cant_plaza": 15, "costo_total": 905000, "dist_verde_final": 322, "apto_scoring": true, "segmento": "sin_datos", "costo_total_norm": 6.7469879518072275, "distancia_m_subte_norm": 12.181155648099946, "dist_verde_final_norm": 71.198568872987479, "distancia_m_gym_norm": 32.982261640798228, "Score": 23.891081813830198, "REVISION": null, "FECHA_DETECCION": "2026-02-16" }, "geometry": { "type": "Point", "coordinates": [ -58.4711632, -34.5654826 ] } },
{ "type": "Feature", "properties": { "Portal": "argenprop", "Barrio": "Villa Urquiza", "Tipo": "Departamento", "Titulo": "MONOAMBIENTE 40 mt BALCÓN PILETA SUM PARRILLAS LAUNDRY SUBTE", "Precio": 520000, "Expensas": 200000.0, "Direccion": "Olazabal 5400 , Piso 2", "Metros_Totales": null, "Ambientes": null, "Dormitorios": null, "Baños": 1.0, "URL": "https://www.argenprop.com/departamento-en-alquiler-en-villa-urquiza-1-ambiente--18933406", "Bajo_Precio": null, "Cocheras": 0, "Etiqueta_Destacado": null, "Porcentaje_Rebaja": null, "Metros_Cubiertos": 36.0, "Antiguedad": 12.0, "Descripcion_Breve": "Monoambiente de 40 mts. cocina equipada con desayunador. Balcón aterrazado. Baño completo. Aire acondicionado pileta en un hermoso fondo. Sum. Laundry. Terraza con parrillas. Olazábal y altolaguirre. Cerca del subte estación rosas y tren. Apto profesional el propietario no acepta mascotas. No es negociable condiciones: mes adelantado. 2 meses de depósito. Recibos de ingresos que tripliquen el importe a abonar. Garantía propietaria de caba (solo de caba) o . Contrato: 2 años. Actualización: trimestral ipc ambientes: pileta salón usos múltiples servicios: cloacas, gas otros servicios: balcón terraza, sum, sauna, portero visor depósito (meses): 1 impuestos a cargo de: inquilino agua a cargo de: inquilino", "Visitas_Count": 51.0, "Visto_Estado": "Visto", "Fecha_Publicacion": null, "Inmobiliaria": null, "lat": -34.5786176, "lon": -58.4893493, "Barrio_Geo": "Villa Urquiza", "snap_warning": false, "distancia_m_gym": 1031, "cant_gym": 3, "distancia_m_subte": 727, "cant_subte": 3, "distancia_m_parque": 1500, "cant_parque": 0, "distancia_m_plaza": 879, "cant_plaza": 14, "costo_total": 720000, "dist_verde_final": 879, "apto_scoring": true, "segmento": "sin_datos", "costo_total_norm": 51.325301204819276, "distancia_m_subte_norm": 62.155127537740761, "dist_verde_final_norm": 21.37745974955277, "distancia_m_gym_norm": 42.849223946784917, "Score": 47.737073087838979, "REVISION": null, "FECHA_DETECCION": "2026-02-16" }, "geometry": { "type": "Point", "coordinates": [ -58.4893493, -34.5786176 ] } },
{ "type": "Feature", "properties": { "Portal": "argenprop", "Barrio": "Villa Urquiza", "Tipo": "Departamento", "Titulo": "Excelente Depto 2 Amb Cfte con Balcon", "Precio": 680000, "Expensas": 100000.0, "Direccion": "Andonaegui 2500", "Metros_Totales": null, "Ambientes": 2.0, "Dormitorios": 1.0, "Baños": null, "URL": "https://www.argenprop.com/departamento-en-alquiler-en-villa-urquiza-2-ambientes--19131467", "Bajo_Precio": null, "Cocheras": 0, "Etiqueta_Destacado": null, "Porcentaje_Rebaja": null, "Metros_Cubiertos": 30.0, "Antiguedad": 19.0, "Descripcion_Breve": "Piramide propiedades alquila en villa urquiza - excelente departamento de 2 ambientes - al contra frente con balcon - todo externo - luminoso y ventilado - con 30 m2 cubiertos y 33 m2 totales - en muy buenas condiciones y excelente estado general de mantenimiento - cuenta con; living comedor con ventanal frances y split de f/c, cocina incorporada con horno a gas - dormitorio con placard, calefactor tiro balanceado a gas y ventanal a balcon, balcon con termo tanque a gas e instalaciones para lavarropas, baño completo. Se entrega recien pintado. Se alquila para 1 o 2 personas - no se admiten mascotas - se solicita garantia propietaria de caba e ingresos comprobables con recibo de sueldo acordes al alquiler + gastos mensuales - alquiler inicial $680.000 + expensas 2/26 $100.00 (aysa incluida) + agip $13.000. - Contrato de 24 meses - ajuste cada 3 meses - indice ipc - deposito u$ 700 condiciones de accesibilidad (ley 5115): acceso principal: apto - ascensores: 1 apto - depto: no apto “para los casos de alquiler de vivienda, el monto máximo de comisión que se le puede requerir a los propietarios será el equivalente al cuatro con quince centésimos por ciento (4,15%) del valor total del respectivo contrato. Se encuentra prohibido cobrar a los inquilinos que sean personas físicas comisiones inmobiliarias y gastos de gestoría de informes”. Por consultas e informes: mauro ursino (cucicba 338)", "Visitas_Count": 51.0, "Visto_Estado": "Visto", "Fecha_Publicacion": null, "Inmobiliaria": null, "lat": -34.5756318, "lon": -58.4905539, "Barrio_Geo": "Villa Urquiza", "snap_warning": false, "distancia_m_gym": 1153, "cant_gym": 2, "distancia_m_subte": 469, "cant_subte": 3, "distancia_m_parque": 1500, "cant_parque": 0, "distancia_m_plaza": 530, "cant_plaza": 15, "costo_total": 780000, "dist_verde_final": 530, "apto_scoring": true, "segmento": "2amb", "costo_total_norm": 56.221198156682028, "distancia_m_subte_norm": 75.18518518518519, "dist_verde_final_norm": 49.282296650717704, "distancia_m_gym_norm": 40.992835209825998, "Score": 58.999777669354515, "REVISION": null, "FECHA_DETECCION": "2026-03-09" }, "geometry": { "type": "Point", "coordinates": [ -58.4905539, -34.5756318 ] } },
{ "type": "Feature", "properties": { "Portal": "argenprop", "Barrio": "Villa Ortuzar", "Tipo": "Departamento", "Titulo": "Alquiler departamento 2 ambientes con balcón, cocina y lavadero, Villa Ortuzar. E-FURIO.", "Precio": 650000, "Expensas": 170000.0, "Direccion": "AV ALVAREZ THOMAS al 1500", "Metros_Totales": null, "Ambientes": 2.0, "Dormitorios": 1.0, "Baños": null, "URL": "https://www.argenprop.com/departamento-en-alquiler-en-villa-ortuzar-2-ambientes--19001935", "Bajo_Precio": null, "Cocheras": 0, "Etiqueta_Destacado": null, "Porcentaje_Rebaja": null, "Metros_Cubiertos": 40.0, "Antiguedad": 35.0, "Descripcion_Breve": "Recibidor al ingresar al inmueble. Cocina independiente con artefacto de cocina a gas, calefón, mesada, bajo mesada y alacenas. Lavadero separado con pileta de lavadero, conexión para lavarropas, sogas para colgar ropa y gran ventana. Living-comedor con balcón a contrafrente. Armario de guardado en hall de distribución. Baño completo con bañadera. Habitación con ventana a contrafrente y placard embutido de dos cuerpos. Pisos de parquet. En las fotos se visualiza sectores de parquet levantados en living-comedor que están siendo re-colocados por la administración debido a un trabajo que han realizado. El inmueble se entrega con estos re-colocados. Las expensas incluyen aysa. Ubicado al limite entre colegiales y villa ortuzar, a dos cuadras de la plaza 25 de agosto, dos cuadras de av de los incas, y 6 cuadras de la estacion de subte linea b villa ortuzar y a 7 cuadras del cementerio aleman, britanico y de chacarita. *Para los casos de alquiler de vivienda, el monto máximo de comisión que se le puede requerir a los propietarios será el equivalente al cuatro con quince centésimos por ciento (4,15%) del valor total del respectivo contrato. Se encuentra prohibido cobrar a los inquilinos que sean personas físicas comisiones inmobiliarias y gastos de gestoría de informes. *Se deja constancia que las medidas y superficies indicados son aproximados y al sólo efecto orientativo. Las medidas reales surgirán del título de propiedad respectivo. Las medidas parciales y/o de los ambientes y el valor consignado de expensas mensuales está sujeto a verificación y/o ajuste. Fotos de carácter no contractual. El precio del inmueble puede ser modificado sin previo aviso. E furio srl - div. Servicios inmobiliarios enrique d. Furio c.U.C.I.C.B.A mat. No 439", "Visitas_Count": 35.0, "Visto_Estado": "Visto", "Fecha_Publicacion": null, "Inmobiliaria": null, "lat": -34.578703, "lon": -58.4646661, "Barrio_Geo": "Villa Ortuzar", "snap_warning": false, "distancia_m_gym": 344, "cant_gym": 5, "distancia_m_subte": 699, "cant_subte": 5, "distancia_m_parque": 1137, "cant_parque": 3, "distancia_m_plaza": 476, "cant_plaza": 19, "costo_total": 820000, "dist_verde_final": 476, "apto_scoring": true, "segmento": "2amb", "costo_total_norm": 48.847926267281103, "distancia_m_subte_norm": 63.015873015873012, "dist_verde_final_norm": 54.449760765550238, "distancia_m_gym_norm": 82.395087001023541, "Score": 57.573393264886739, "REVISION": "DESCARTADO", "FECHA_DETECCION": "2026-03-09" }, "geometry": { "type": "Point", "coordinates": [ -58.4646661, -34.578703 ] } },
{ "type": "Feature", "properties": { "Portal": "argenprop", "Barrio": "Villa Ortuzar", "Tipo": "Departamento", "Titulo": "Alquiler 2 amb por escalera en Villa Ortuzar", "Precio": 450000, "Expensas": 92500.0, "Direccion": "Tronador 1400", "Metros_Totales": null, "Ambientes": 2.0, "Dormitorios": 1.0, "Baños": null, "URL": "https://www.argenprop.com/departamento-en-alquiler-en-villa-ortuzar-2-ambientes--19116575", "Bajo_Precio": null, "Cocheras": 0, "Etiqueta_Destacado": null, "Porcentaje_Rebaja": null, "Metros_Cubiertos": 3037.0, "Antiguedad": 63.0, "Descripcion_Breve": "Corredor responsable: veronica grela reina cucicba 4731 / cmcpsi 6470 - contacto: nicolas isaac 2 ambientes en villa ortúzar, a pasos de belgrano r – bajas expensas muy lindo y funcional departamento ubicado sobre tronador al 1400, en una de las mejores zonas de villa ortúzar, prácticamente pegado a belgrano r. Se trata de un entorno residencial tranquilo, con lindas casas alrededor y excelente conectividad. La unidad está en un segundo piso por escalera (sin ascensor) y se destaca por su distribución cómoda y bien aprovechada. Al ingresar encontramos un living-comedor con cocina semi integrada mediante barra desayunadora, que aporta mayor amplitud visual y un uso práctico del espacio. Cuenta con un dormitorio con placard empotrado, baño completo con ventilación natural (un diferencial muy valorado) y disposición interna, ideal para quienes priorizan silencio y descanso. El edificio dispone de terraza de uso común para colgado de ropa y mantiene expensas bajas, lo que ayuda a optimizar el costo mensual. Ubicación estratégica: a media cuadra de av. De los incas a 1 cuadra y media de av. Álvarez thomas a 4 cuadras y media de av. Forest rápido acceso a múltiples medios de transporte una opción muy atractiva para quienes buscan su primer alquiler, estudiantes o personas que valoren una zona residencial bien conectada. Rau s.R.L. No ejerce el corretaje inmobiliario. El presente sitio web es una plataforma en donde cada oficina inmobiliaria independiente que contrata los servicios re/max puede publicar las propiedades a su cargo. Cada oficina es de propiedad y gestión independiente, por lo que rau s.R.L. No interviene en los datos de la publicación, en la operación inmobiliaria, ni en la confección y/o firma del boleto de compraventa y/o escritura y/o contrato de alquiler. En cumplimiento de las leyes vigentes que regulan el corretaje inmobiliario, ley nacional 25.028, ley 22.802 de lealtad comercial, ley 24.240 de defensa al consumidor, las normas del código civil y comercial de la nación y constitucionales, los agentes/gestores no ejercen el corretaje inmobiliario. Todas las operaciones inmobiliarias son objeto de intermediación y conclusión por parte del corredor público inmobiliario colegiado a cargo de la publicación, cuyos datos se exhiben en la presente. La presente publicación describe las características esenciales del inmueble, debiéndose consultar al corredor público inmobiliario responsable de la operación por la eventual actualización de las medidas, descripciones arquitectónicas y funcionales, valores de expensas, servicios, impuestos, precios y demás información, cuyos valores son aproximados. Para los casos de alquiler de vivienda, el monto máximo de comisión que se le puede requerir a los propietarios será el equivalente al cuatro con quince centésimos por ciento (4,15%) del valor total del respectivo contrato. Se encuentra prohibido cobrar a los inquilinos que sean personas físicas comisiones inmobiliarias y gastos de gestoría de informes. El inmueble no es accesible para personas con discapacidades físicas.", "Visitas_Count": 0.0, "Visto_Estado": "Visto", "Fecha_Publicacion": null, "Inmobiliaria": null, "lat": -34.5783494, "lon": -58.4661704, "Barrio_Geo": "Villa Ortuzar", "snap_warning": false, "distancia_m_gym": 521, "cant_gym": 6, "distancia_m_subte": 653, "cant_subte": 4, "distancia_m_parque": 1215, "cant_parque": 1, "distancia_m_plaza": 653, "cant_plaza": 18, "costo_total": 542500, "dist_verde_final": 653, "apto_scoring": true, "segmento": "2amb", "costo_total_norm": 100.0, "distancia_m_subte_norm": 65.449735449735442, "dist_verde_final_norm": 37.511961722488039, "distancia_m_gym_norm": 73.336745138178088, "Score": 74.470987493236052, "REVISION": "DESCARTADO", "FECHA_DETECCION": "2026-03-09" }, "geometry": { "type": "Point", "coordinates": [ -58.4661704, -34.5783494 ] } },
{ "type": "Feature", "properties": { "Portal": "argenprop", "Barrio": "Recoleta", "Tipo": "Departamento", "Titulo": "Muy luminoso en excepcional ubicación", "Precio": 750000, "Expensas": 160000.0, "Direccion": "Av. Pueyrredón 2400, Piso 9", "Metros_Totales": null, "Ambientes": 2.0, "Dormitorios": 1.0, "Baños": null, "URL": "https://www.argenprop.com/departamento-en-alquiler-en-recoleta-2-ambientes--19147896", "Bajo_Precio": null, "Cocheras": 0, "Etiqueta_Destacado": null, "Porcentaje_Rebaja": null, "Metros_Cubiertos": 32.0, "Antiguedad": 50.0, "Descripcion_Breve": "Dos ambientes internos a amplio pozo de luz, muy luminoso. Impecable, cocina y baño completo de época, en inmejorable ubicación.", "Visitas_Count": 1.0, "Visto_Estado": "Visto", "Fecha_Publicacion": null, "Inmobiliaria": null, "lat": -34.586348, "lon": -58.3953241, "Barrio_Geo": "Recoleta", "snap_warning": false, "distancia_m_gym": 1171, "cant_gym": 13, "distancia_m_subte": 239, "cant_subte": 8, "distancia_m_parque": 790, "cant_parque": 2, "distancia_m_plaza": 177, "cant_plaza": 31, "costo_total": 910000, "dist_verde_final": 177, "apto_scoring": true, "segmento": "2amb", "costo_total_norm": 32.258064516129039, "distancia_m_subte_norm": 87.354497354497354, "dist_verde_final_norm": 83.062200956937801, "distancia_m_gym_norm": 40.071647901740015, "Score": 59.729179994362383, "REVISION": null, "FECHA_DETECCION": "2026-03-09" }, "geometry": { "type": "Point", "coordinates": [ -58.3953241, -34.586348 ] } },
{ "type": "Feature", "properties": { "Portal": "argenprop", "Barrio": "Parque Chas", "Tipo": "Departamento", "Titulo": "ALQUILER MONOAMBIENTE Sum Parrilla Parque Chas", "Precio": 650000, "Expensas": 106000.0, "Direccion": "Arismendi 2600", "Metros_Totales": null, "Ambientes": null, "Dormitorios": null, "Baños": 1.0, "URL": "https://www.argenprop.com/departamento-en-alquiler-en-parque-chas-1-ambiente--19082447", "Bajo_Precio": null, "Cocheras": 0, "Etiqueta_Destacado": null, "Porcentaje_Rebaja": null, "Metros_Cubiertos": 33.0, "Antiguedad": 10.0, "Descripcion_Breve": "Corredor responsable: claudio rudecindo cmcpsi 6807 / cristian arnal ponti cpi 3570 - contacto: liliana zelerteins monoambiente en alquiler 36m² parque chas capital federal un refugio urbano te espera en el corazón de parque chas, donde cada metro cuadrado cuenta una historia de confort y diseño inteligente. Este monoambiente de 36 m² es más que un espacio, es tu nuevo punto de encuentro con la vida moderna. Ubicado estratégicamente sobre arismendi, en el piso 4 de un edificio contemporáneo construido en 2016, este departamento es un lienzo en blanco para tus proyectos y sueños. Su distribución optimizada combina funcionalidad y estética en un ambiente diáfano que respira amplitud. La cocina, completamente equipada, integra horno y muebles de bajo mesada que maximizan el espacio. Un baño completo y un balcón te permiten disfrutar de la privacidad y la conexión con el exterior. El split frío/calor garantiza tu confort en cualquier estación. Placard de 1 puerta con cajonera y estantes las amenities del edificio potencian tu experiencia de vida: laundry con máquinas de lavar y secar, salón de usos múltiples con parrilla, portón automático y ascensor que simplifican tu rutina diaria. Espacio para lavaropa en el departamento ideal para profesionales que buscan un espacio propio en uno de los barrios más dinámicos de capital federal. Un monoambiente que no solo es un lugar para vivir, sino un espacio para crecer. Superficie total: 36 m² (33 m² cubiertos, 3 m² semicubiertos) ubicación: parque chas, sobre arismendi año de construcción: 2016 consultá y descubrí tu nuevo hogar. Rau s.R.L. No ejerce el corretaje inmobiliario. El presente sitio web es una plataforma en donde cada oficina inmobiliaria independiente que contrata los servicios re/max puede publicar las propiedades a su cargo. Cada oficina es de propiedad y gestión independiente, por lo que rau s.R.L. No interviene en los datos de la publicación, en la operación inmobiliaria, ni en la confección y/o firma del boleto de compraventa y/o escritura y/o contrato de alquiler. En cumplimiento de las leyes vigentes que regulan el corretaje inmobiliario, ley nacional 25.028, ley 22.802 de lealtad comercial, ley 24.240 de defensa al consumidor, las normas del código civil y comercial de la nación y constitucionales, los agentes/gestores no ejercen el corretaje inmobiliario. Todas las operaciones inmobiliarias son objeto de intermediación y conclusión por parte del corredor público inmobiliario colegiado a cargo de la publicación, cuyos datos se exhiben en la presente. La presente publicación describe las características esenciales del inmueble, debiéndose consultar al corredor público inmobiliario responsable de la operación por la eventual actualización de las medidas, descripciones arquitectónicas y funcionales, valores de expensas, servicios, impuestos, precios y demás información, cuyos valores son aproximados. Para los casos de alquiler de vivienda, el monto máximo de comisión que se le puede requerir a los propietarios será el equivalente al cuatro con quince centésimos por ciento (4,15%) del valor total del respectivo contrato. Se encuentra prohibido cobrar a los inquilinos que sean personas físicas comisiones inmobiliarias y gastos de gestoría de informes. El inmueble no es accesible para personas con discapacidades físicas.", "Visitas_Count": 0.0, "Visto_Estado": "Visto", "Fecha_Publicacion": null, "Inmobiliaria": null, "lat": -34.5839686, "lon": -58.4756756, "Barrio_Geo": "Parque Chas", "snap_warning": false, "distancia_m_gym": 480, "cant_gym": 6, "distancia_m_subte": 418, "cant_subte": 4, "distancia_m_parque": 1330, "cant_parque": 2, "distancia_m_plaza": 348, "cant_plaza": 13, "costo_total": 756000, "dist_verde_final": 348, "apto_scoring": true, "segmento": "sin_datos", "costo_total_norm": 42.650602409638552, "distancia_m_subte_norm": 78.240499739718899, "dist_verde_final_norm": 68.872987477638645, "distancia_m_gym_norm": 73.392461197339244, "Score": 61.646234501032751, "REVISION": null, "FECHA_DETECCION": "2026-03-09" }, "geometry": { "type": "Point", "coordinates": [ -58.4756756, -34.5839686 ] } },
{ "type": "Feature", "properties": { "Portal": "argenprop", "Barrio": "Parque Chas", "Tipo": "Departamento", "Titulo": "Alquiler Departamento Paque Chas AMOBLADO", "Precio": 750000, "Expensas": 55000.0, "Direccion": "Llerena 2400", "Metros_Totales": null, "Ambientes": null, "Dormitorios": 1.0, "Baños": null, "URL": "https://www.argenprop.com/departamento-en-alquiler-en-parque-chas-1-ambiente--19122510", "Bajo_Precio": null, "Cocheras": 0, "Etiqueta_Destacado": null, "Porcentaje_Rebaja": null, "Metros_Cubiertos": 42.0, "Antiguedad": 26.0, "Descripcion_Breve": "Corredor responsable: maria montserrat vera csi 5971 / gustavo alejandro browarski cpi 1674 - contacto: candela pomposo alquiler amoblado impecable monoambiente en alquiler, excelente ubicación y estado del depto.luminoso y amplio. Cocina integrada, living comedor con pisos de madera. Placard con interiores. Balcón con vista al frente. Baño completo. Cocina eléctrica y acondicionamiento térmico por aire frio/calor. Alquiler anual con aumentos trimestrales. Mes de adelanto. Mes de depósito en garantía. Garantía propietaria o seguro de caución (garantor/garantina). Disponible para visitar antes del 20/2 / después del 20/3. Rau s.R.L. No ejerce el corretaje inmobiliario. El presente sitio web es una plataforma en donde cada oficina inmobiliaria independiente que contrata los servicios re/max puede publicar las propiedades a su cargo. Cada oficina es de propiedad y gestión independiente, por lo que rau s.R.L. No interviene en los datos de la publicación, en la operación inmobiliaria, ni en la confección y/o firma del boleto de compraventa y/o escritura y/o contrato de alquiler. En cumplimiento de las leyes vigentes que regulan el corretaje inmobiliario, ley nacional 25.028, ley 22.802 de lealtad comercial, ley 24.240 de defensa al consumidor, las normas del código civil y comercial de la nación y constitucionales, los agentes/gestores no ejercen el corretaje inmobiliario. Todas las operaciones inmobiliarias son objeto de intermediación y conclusión por parte del corredor público inmobiliario colegiado a cargo de la publicación, cuyos datos se exhiben en la presente. La presente publicación describe las características esenciales del inmueble, debiéndose consultar al corredor público inmobiliario responsable de la operación por la eventual actualización de las medidas, descripciones arquitectónicas y funcionales, valores de expensas, servicios, impuestos, precios y demás información, cuyos valores son aproximados. Para los casos de alquiler de vivienda, el monto máximo de comisión que se le puede requerir a los propietarios será el equivalente al cuatro con quince centésimos por ciento (4,15%) del valor total del respectivo contrato. Se encuentra prohibido cobrar a los inquilinos que sean personas físicas comisiones inmobiliarias y gastos de gestoría de informes. El inmueble no es accesible para personas con discapacidades físicas.", "Visitas_Count": 0.0, "Visto_Estado": "Visto", "Fecha_Publicacion": null, "Inmobiliaria": null, "lat": -34.5833929, "lon": -58.4730048, "Barrio_Geo": "Parque Chas", "snap_warning": false, "distancia_m_gym": 762, "cant_gym": 6, "distancia_m_subte": 261, "cant_subte": 5, "distancia_m_parque": 1362, "cant_parque": 2, "distancia_m_plaza": 661, "cant_plaza": 14, "costo_total": 805000, "dist_verde_final": 661, "apto_scoring": true, "segmento": "sin_datos", "costo_total_norm": 30.843373493975903, "distancia_m_subte_norm": 86.413326392503905, "dist_verde_final_norm": 40.876565295169939, "distancia_m_gym_norm": 57.760532150776051, "Score": 52.212713589453124, "REVISION": null, "FECHA_DETECCION": "2026-03-01" }, "geometry": { "type": "Point", "coordinates": [ -58.4730048, -34.5833929 ] } },
{ "type": "Feature", "properties": { "Portal": "argenprop", "Barrio": "Parque Chas", "Tipo": "Departamento", "Titulo": "Departamento de 2 ambientes con balcón en alquiler en Parque Chas", "Precio": 650000, "Expensas": 130000.0, "Direccion": "Andonaegui al 1000", "Metros_Totales": null, "Ambientes": 2.0, "Dormitorios": 1.0, "Baños": null, "URL": "https://www.argenprop.com/departamento-en-alquiler-en-parque-chas-2-ambientes--19142643", "Bajo_Precio": null, "Cocheras": 0, "Etiqueta_Destacado": null, "Porcentaje_Rebaja": null, "Metros_Cubiertos": 38.0, "Antiguedad": 7.0, "Descripcion_Breve": "Departamento en alquiler de 2 ambientes al frente con balcón corrido. Parque chas living comedor con cocina incorporada y ventanal de acceso al balcón. Amplia cocina con muebles completos y conexión para lavarropas de carga frontal. Dormitorio con placard con interior y ventanal de ingreso al balcón. Baño completo. 2 equipos de aire acondicionado fío / calor. Transportes cercanos colectivos: 111, 113, 123, 133 trenes: pedro arata (urquiza) * no es apto para mascotas. Información importante - los ajustes cuatrimestrales por ipc - contrato de locación por 24 meses. Los importes publicados de impuestos, tasas y servicios, son orientativos y los mismos serán determinados por los entes correspondientes. Comprobantes a disposición del oferente. Para los casos de alquiler de vivienda, el monto máximo de comisión que se le puede requerir a los propietarios será el equivalente al cuatro con quince centésimos por ciento (4,15%) del valor total del respectivo contrato de locación. Importante atención: no se solicitará adelantos mediante transferencia bancaria ni por ningún medio electrónico sin haber visitado previamente el inmueble con con personal ésta firma. Bajo ningún concepto. C.U.C.I.C.B.A. 2244", "Visitas_Count": 0.0, "Visto_Estado": "Visto", "Fecha_Publicacion": null, "Inmobiliaria": null, "lat": -34.5761962, "lon": -58.4899789, "Barrio_Geo": "Villa Urquiza", "snap_warning": false, "distancia_m_gym": 1092, "cant_gym": 3, "distancia_m_subte": 408, "cant_subte": 3, "distancia_m_parque": 1500, "cant_parque": 0, "distancia_m_plaza": 566, "cant_plaza": 15, "costo_total": 780000, "dist_verde_final": 566, "apto_scoring": true, "segmento": "2amb", "costo_total_norm": 56.221198156682028, "distancia_m_subte_norm": 78.412698412698404, "dist_verde_final_norm": 45.837320574162675, "distancia_m_gym_norm": 44.114636642784035, "Score": 59.591216565593264, "REVISION": null, "FECHA_DETECCION": "2026-03-09" }, "geometry": { "type": "Point", "coordinates": [ -58.4899789, -34.5761962 ] } },
{ "type": "Feature", "properties": { "Portal": "argenprop", "Barrio": "Parque Chas", "Tipo": "Departamento", "Titulo": "2 ambientes nuevo con balcón a la calle", "Precio": 650000, "Expensas": 195000.0, "Direccion": "Arismendi 2400", "Metros_Totales": null, "Ambientes": 2.0, "Dormitorios": 1.0, "Baños": null, "URL": "https://www.argenprop.com/departamento-en-alquiler-en-parque-chas-2-ambientes--19169931", "Bajo_Precio": null, "Cocheras": 0, "Etiqueta_Destacado": null, "Porcentaje_Rebaja": null, "Metros_Cubiertos": 33.0, "Antiguedad": 9.0, "Descripcion_Breve": "Corredor responsable: diego josé muiños cmcpsi 5352/ cristian javier alonso cucicba 6252 - contacto: vanina agudo departamento 2 ambientes en alquiler parque chas capital federal departamento de 38 m² ubicado en zona residencial de parque chas, sobre calle arismendi. Propiedad moderna construida en 2017, distribuida estratégicamente en dos ambientes con excelente aprovechamiento del espacio. Características principales: departamento de frente con orientación norte, apto profesional, permite mascotas y habilitado para uso turístico. Cuenta con una superficie total de 38 m², de los cuales 33 m² son cubiertos y 5 m² semicubiertos. Distribución interior con baño completo equipado con bañera y bidet, cocina funcional y una habitación con placard. Dispone de balcón y terraza, ofreciendo espacios exteriores para disfrute y conexión con el entorno. El edificio presenta amenities de alto valor: pileta, solarium, ascensor con portón automático. Servicios completos de electricidad, agua, gas, internet, telefonía y televisión por cable/satelital. Ubicación estratégica a una cuadra de avenida de los incas, con múltiples opciones de transporte público: líneas de colectivo 71, 80, 87, 90, 93, 108, 111, 113, 123, 127, 133, 140 y 176. Estación de subte los incas (línea b) en proximidad inmediata. Zona verde, tranquila y altamente conectada. Ideal para profesionales que valoran comodidad y funcionalidad. Requisitos de alquiler: mes de adelanto, mes de depósito y seguro de caución. Rau s.R.L. No ejerce el corretaje inmobiliario. El presente sitio web es una plataforma en donde cada oficina inmobiliaria independiente que contrata los servicios re/max puede publicar las propiedades a su cargo. Cada oficina es de propiedad y gestión independiente, por lo que rau s.R.L. No interviene en los datos de la publicación, en la operación inmobiliaria, ni en la confección y/o firma del boleto de compraventa y/o escritura y/o contrato de alquiler. En cumplimiento de las leyes vigentes que regulan el corretaje inmobiliario, ley nacional 25.028, ley 22.802 de lealtad comercial, ley 24.240 de defensa al consumidor, las normas del código civil y comercial de la nación y constitucionales, los agentes/gestores no ejercen el corretaje inmobiliario. Todas las operaciones inmobiliarias son objeto de intermediación y conclusión por parte del corredor público inmobiliario colegiado a cargo de la publicación, cuyos datos se exhiben en la presente. La presente publicación describe las características esenciales del inmueble, debiéndose consultar al corredor público inmobiliario responsable de la operación por la eventual actualización de las medidas, descripciones arquitectónicas y funcionales, valores de expensas, servicios, impuestos, precios y demás información, cuyos valores son aproximados. Para los casos de alquiler de vivienda, el monto máximo de comisión que se le puede requerir a los propietarios será el equivalente al cuatro con quince centésimos por ciento (4,15%) del valor total del respectivo contrato. Se encuentra prohibido cobrar a los inquilinos que sean personas físicas comisiones inmobiliarias y gastos de gestoría de informes. El inmueble es accesible para personas con discapacidades físicas.", "Visitas_Count": 0.0, "Visto_Estado": "Visto", "Fecha_Publicacion": null, "Inmobiliaria": null, "lat": -34.5824589, "lon": -58.4736115, "Barrio_Geo": "Parque Chas", "snap_warning": false, "distancia_m_gym": 762, "cant_gym": 6, "distancia_m_subte": 133, "cant_subte": 5, "distancia_m_parque": 1341, "cant_parque": 2, "distancia_m_plaza": 533, "cant_plaza": 16, "costo_total": 845000, "dist_verde_final": 533, "apto_scoring": true, "segmento": "2amb", "costo_total_norm": 44.23963133640553, "distancia_m_subte_norm": 92.962962962962962, "dist_verde_final_norm": 48.995215311004777, "distancia_m_gym_norm": 61.003070624360284, "Score": 61.484091548088095, "REVISION": null, "FECHA_DETECCION": "2026-02-16" }, "geometry": { "type": "Point", "coordinates": [ -58.4736115, -34.5824589 ] } },
{ "type": "Feature", "properties": { "Portal": "argenprop", "Barrio": "Recoleta", "Tipo": "Departamento", "Titulo": "Departamento de dos ambientes en alquiler en Recoleta", "Precio": 680000, "Expensas": 250000.0, "Direccion": "Azcuenaga al 1000", "Metros_Totales": null, "Ambientes": 2.0, "Dormitorios": null, "Baños": 1.0, "URL": "https://www.argenprop.com/departamento-en-alquiler-en-recoleta-2-ambientes--18231757", "Bajo_Precio": null, "Cocheras": 0, "Etiqueta_Destacado": null, "Porcentaje_Rebaja": null, "Metros_Cubiertos": 48.0, "Antiguedad": 40.0, "Descripcion_Breve": "Departamento ubicado a mts de av santa fe ,en el corazon del barrio de recoleta con excelente conectividad con todas las lineas de colectivos y a mts de las principales lineas de subtes .Edificio de categoria con 2 ascensores ,prinicipal y de servicio. Caracteristicas :2 ambientes amplios con cocina independiente con una superficie total de 48 mts 2 .Buenos ventanales para todos los ambientes que permiten que los espacios tengan luz y sean ventilados .Piso de madera en excelente estado ,cocina reciclada con espacio y conexion para lavarropas y tender .Baño completo con bañera en suite .Es un hermoso dos ambientes que ofrece un espacio acogedor ,ideal para aquellos que buscan vivir en recoleta por ser un punto estrategico de la ciudad .Servicios centrales de calefaccion por radiadores y agua caliente central del edificio .Ventilador de techo en living y dormitorio y aire acondicionado el el dormitorio .En el ultimo piso posee un gran sum para disfrutar que cuenta con parrilla ,sillas ,mesas ,heladera con freezer ,calefaccion ,aire acondicionado y un baño . Requisitos :seguro de caucion argifianza ,deposito un mes y medio ,1 mes adelantado . Leandro maioli mat.3312 \"m&amp;m desarrollos inmobiliarios en una empresa líder en el sector con una trayectoria de 30 años. La empresa se caracteriza por sus diseños contemporáneos y la creatividad a la hora de adaptar los proyectos a las necesidades actuales de los consumidores. La empresa tiene desarrollos por más de 260.000 metros de obra, y ya ha entregado más de 1500 departamentos en más de 50 edificios.\" Matricula cucicba. 3312", "Visitas_Count": 4500.0, "Visto_Estado": "Visto", "Fecha_Publicacion": null, "Inmobiliaria": null, "lat": -34.5972901, "lon": -58.4004675, "Barrio_Geo": "Recoleta", "snap_warning": false, "distancia_m_gym": 408, "cant_gym": 19, "distancia_m_subte": 414, "cant_subte": 19, "distancia_m_parque": 1932, "cant_parque": 1, "distancia_m_plaza": 408, "cant_plaza": 27, "costo_total": 930000, "dist_verde_final": 408, "apto_scoring": true, "segmento": "2amb", "costo_total_norm": 28.571428571428569, "distancia_m_subte_norm": 78.095238095238102, "dist_verde_final_norm": 60.956937799043068, "distancia_m_gym_norm": 79.119754350051181, "Score": 54.960505851956597, "REVISION": null, "FECHA_DETECCION": "2026-03-01" }, "geometry": { "type": "Point", "coordinates": [ -58.4004675, -34.5972901 ] } },
{ "type": "Feature", "properties": { "Portal": "argenprop", "Barrio": "Recoleta", "Tipo": "Departamento", "Titulo": "Monoambiente Excelente ubicación", "Precio": 500000, "Expensas": 134000.0, "Direccion": "Rodriguez Pena 1500, Piso 4", "Metros_Totales": null, "Ambientes": null, "Dormitorios": null, "Baños": 1.0, "URL": "https://www.argenprop.com/departamento-en-alquiler-en-recoleta-1-ambiente--19132767", "Bajo_Precio": null, "Cocheras": 0, "Etiqueta_Destacado": null, "Porcentaje_Rebaja": null, "Metros_Cubiertos": 25.0, "Antiguedad": 60.0, "Descripcion_Breve": "[Fogola-1219] @ coordinar visitas directamente al whatsapp (mje. De texto): (lf) @ monoambiente, a la calle, aire acondicionado, calefacción, heladera, artefactos luminicos en todas las bocas, recien pintado, excelente ubicación. @ Contrato 24 meses * forma de pago: mensual: $500,000 * alquiler ajustable cuatrimestralmente con icl * impuestos, servicios y expensas a cargo locatario. @ Para firmar contrato garantía inmueble de la caba o seguro de alquiler (fiancor o respaldar o ) + $1,395,000 = (1º mes de alquiler + deposito en garantía + gastos de certificados y certificaciones ]. @ Aviso legal: las descripciones arquitectónicas y funcionales, valores de expensas, impuestos, servicios, fotos y medidas de este inmueble son aproximados. Los datos fueron proporcionados por el propietario y pueden no estar actualizados a la hora de la visualización de este aviso por lo cual pueden arrojar inexactitudes y discordancias con las que surgen de los las facturas, títulos y planos del inmueble. El interesado deberá realizar las verificaciones respectivas previamente a la realización de cualquier operación, requiriendo las copias necesarias de la documentación que corresponda. Servicios: cloacas, gas depósito (meses): 1 impuestos a cargo de: inquilino agua a cargo de: inquilino call-center: ) palermo nuevo: avellaneda centro: fort lauderdale: (+1-", "Visitas_Count": 305.0, "Visto_Estado": "Visto", "Fecha_Publicacion": null, "Inmobiliaria": null, "lat": -34.5925721, "lon": -58.3910597, "Barrio_Geo": "Recoleta", "snap_warning": false, "distancia_m_gym": 308, "cant_gym": 14, "distancia_m_subte": 813, "cant_subte": 14, "distancia_m_parque": 1026, "cant_parque": 1, "distancia_m_plaza": 221, "cant_plaza": 38, "costo_total": 634000, "dist_verde_final": 221, "apto_scoring": true, "segmento": "sin_datos", "costo_total_norm": 72.048192771084331, "distancia_m_subte_norm": 57.678292555960439, "dist_verde_final_norm": 80.232558139534888, "distancia_m_gym_norm": 82.926829268292678, "Score": 70.461959429958114, "REVISION": null, "FECHA_DETECCION": "2026-03-09" }, "geometry": { "type": "Point", "coordinates": [ -58.3910597, -34.5925721 ] } },
{ "type": "Feature", "properties": { "Portal": "argenprop", "Barrio": "Recoleta", "Tipo": "Departamento", "Titulo": "DUENA ALQUILA Hermoso monoambiente Recoleta, frente, todo luz, anafe eléctrico a nuevo. Ap. Profesional. 1 cuadra Av Santa Fe. 2 Facultad Medicina y Económicas.Kitchenette..", "Precio": 490000, "Expensas": 110000.0, "Direccion": "Marcelo Torcuato De Alvear 1900, Piso 6", "Metros_Totales": null, "Ambientes": null, "Dormitorios": null, "Baños": null, "URL": "https://www.argenprop.com/departamento-en-alquiler-en-recoleta-1-ambiente--16619681", "Bajo_Precio": null, "Cocheras": 0, "Etiqueta_Destacado": null, "Porcentaje_Rebaja": null, "Metros_Cubiertos": 23.0, "Antiguedad": 45.0, "Descripcion_Breve": "Hermoso monoambiente zona recoleta. Al frente con mucha luz, piso 6º. Reciclado a nuevo. Baño completo, ducha por termotanque y anafe eléctrico. Heladera bajo mesada. Impecable. Apto profesional., 1 cuadra av santa fe y av callao. A 2 cuadras de facultad de medicina y 3 de economía. Todo en color blanco. Kitchenette completa. Se requiere garantia propietaria caba o provincia de buenos aires. 1 mes deposito dolares + 1 mes adelantado, alquiler en pesos.", "Visitas_Count": 3055.0, "Visto_Estado": "Visto", "Fecha_Publicacion": null, "Inmobiliaria": null, "lat": -34.5973302, "lon": -58.3946367, "Barrio_Geo": "Recoleta", "snap_warning": false, "distancia_m_gym": 162, "cant_gym": 18, "distancia_m_subte": 403, "cant_subte": 20, "distancia_m_parque": 1679, "cant_parque": 1, "distancia_m_plaza": 271, "cant_plaza": 29, "costo_total": 600000, "dist_verde_final": 271, "apto_scoring": true, "segmento": "sin_datos", "costo_total_norm": 80.240963855421683, "distancia_m_subte_norm": 79.021343050494536, "dist_verde_final_norm": 75.760286225402496, "distancia_m_gym_norm": 91.019955654101992, "Score": 80.056841267807727, "REVISION": null, "FECHA_DETECCION": "2026-03-09" }, "geometry": { "type": "Point", "coordinates": [ -58.3946367, -34.5973302 ] } },
{ "type": "Feature", "properties": { "Portal": "argenprop", "Barrio": "Recoleta", "Tipo": "Departamento", "Titulo": "Dueño alquila luminoso monoambiente en Recoleta", "Precio": 500000, "Expensas": 90000.0, "Direccion": "Agüero 1900, Piso 7", "Metros_Totales": null, "Ambientes": null, "Dormitorios": null, "Baños": null, "URL": "https://www.argenprop.com/departamento-en-alquiler-en-recoleta-1-ambiente--18773142", "Bajo_Precio": null, "Cocheras": 0, "Etiqueta_Destacado": null, "Porcentaje_Rebaja": null, "Metros_Cubiertos": 20.0, "Antiguedad": null, "Descripcion_Breve": "Hermoso monoambiente lleno de luz, con dos ventanas, piso de parquet y placard. 20m2 en piso 7mo. En recoleta, a 3 cuadras de av. Santa fe y de la estación agüero del subte d; y a 4 cuadras de av. Las heras y de la biblioteca nacional. Es dueño directo. Interesados escribir por whatsapp.", "Visitas_Count": 1723.0, "Visto_Estado": "Visto", "Fecha_Publicacion": null, "Inmobiliaria": null, "lat": -34.5895755, "lon": -58.4045265, "Barrio_Geo": "Recoleta", "snap_warning": false, "distancia_m_gym": 595, "cant_gym": 14, "distancia_m_subte": 348, "cant_subte": 11, "distancia_m_parque": 1054, "cant_parque": 2, "distancia_m_plaza": 615, "cant_plaza": 34, "costo_total": 590000, "dist_verde_final": 615, "apto_scoring": true, "segmento": "sin_datos", "costo_total_norm": 82.650602409638552, "distancia_m_subte_norm": 81.884435190005206, "dist_verde_final_norm": 44.991055456171736, "distancia_m_gym_norm": 67.017738359201772, "Score": 73.325556448011511, "REVISION": null, "FECHA_DETECCION": "2026-03-01" }, "geometry": { "type": "Point", "coordinates": [ -58.4045265, -34.5895755 ] } },
{ "type": "Feature", "properties": { "Portal": "argenprop", "Barrio": "Recoleta", "Tipo": "Departamento", "Titulo": "DUEÑO ALQUILA, 2 ambientes, zona privilegiada Recoleta apto profesional.", "Precio": 600000, "Expensas": 180000.0, "Direccion": "Juncal 1600, Piso 4", "Metros_Totales": null, "Ambientes": 2.0, "Dormitorios": 1.0, "Baños": null, "URL": "https://www.argenprop.com/departamento-en-alquiler-en-recoleta-2-ambientes--5335421", "Bajo_Precio": null, "Cocheras": 0, "Etiqueta_Destacado": null, "Porcentaje_Rebaja": null, "Metros_Cubiertos": 30.0, "Antiguedad": 50.0, "Descripcion_Breve": "El departamento se encuentra en una de las mejores zonas de recoleta, esta orientado al contra frente con vista al pulmón de manzana verde y amplio. Dormitorio amplio con aire acondicionado; cuenta con amplio y moderno placar de 2 puertas corredizas de espejos. Kitchenette integrada al living comedor, con anafe 2 hornallas, mesada, mueble bajo mesada con espacio para heladera bajo mesada y mueble sobre mesada. Amplio baño completo, con espacio para lavarropa. Agua caliente y calefacción central el edificio cuenta con amplios espacios de circulación. Se entrega sin muebles. El precio del alquiler incluye el impuesto abl. Por cuenta del inquilina serán los servicios de agua y luz, y las expensas requisitos para el alquiler: .- Garantía preferentemente de capital .- 2 meses deposito .- Mes de alquiler pago adelantado", "Visitas_Count": 1479.0, "Visto_Estado": "Visto", "Fecha_Publicacion": null, "Inmobiliaria": null, "lat": -34.5943913, "lon": -58.389964, "Barrio_Geo": "Recoleta", "snap_warning": false, "distancia_m_gym": 276, "cant_gym": 16, "distancia_m_subte": 875, "cant_subte": 21, "distancia_m_parque": 1248, "cant_parque": 1, "distancia_m_plaza": 0, "cant_plaza": 37, "costo_total": 780000, "dist_verde_final": 0, "apto_scoring": true, "segmento": "2amb", "costo_total_norm": 56.221198156682028, "distancia_m_subte_norm": 53.703703703703702, "dist_verde_final_norm": 100.0, "distancia_m_gym_norm": 85.875127942681672, "Score": 67.18710316805209, "REVISION": null, "FECHA_DETECCION": "2026-03-01" }, "geometry": { "type": "Point", "coordinates": [ -58.389964, -34.5943913 ] } },
{ "type": "Feature", "properties": { "Portal": "argenprop", "Barrio": "Recoleta", "Tipo": "Departamento", "Titulo": "Contrafrente vista abierta a jardines", "Precio": 500000, "Expensas": 219000.0, "Direccion": "Avenida Del Libertador 700, Piso 6", "Metros_Totales": null, "Ambientes": null, "Dormitorios": 1.0, "Baños": 1.0, "URL": "https://www.argenprop.com/departamento-en-alquiler-en-recoleta-1-ambiente--19028932", "Bajo_Precio": null, "Cocheras": 0, "Etiqueta_Destacado": null, "Porcentaje_Rebaja": null, "Metros_Cubiertos": 35.0, "Antiguedad": null, "Descripcion_Breve": "Recoleta - av libertador 700 - 6° monoambiente dividido por un panel - inmejorable ubicación, al lado del shopping \"patio bullrich\" - edificio apto profesional - vigilancia 24 hs. Dormitorio con cama matrimonial. Aire acondicionado. Placard. Baño completo con bañera. Contrafrente luminoso y vista abierta a jardines. Kitchinette al estar/living con mesa y 4 sillas. Ventanal. Servicios centrales. Solarium. Laundry en entrepiso con máquinas de lavar y usar con fichas. Listo para ser ocupado solo por 2 adultos maximo $500.000 ajustes cuatrimestrales condiciones: justificativos de ingresos comprobables 1 garantia de capital sin gravámenes. O seguro de caución garantia ya. . Concretar entrevistas sabriles propiedades", "Visitas_Count": 720.0, "Visto_Estado": "Visto", "Fecha_Publicacion": null, "Inmobiliaria": null, "lat": -34.5880569, "lon": -58.383554, "Barrio_Geo": "Retiro", "snap_warning": false, "distancia_m_gym": 1269, "cant_gym": 9, "distancia_m_subte": 903, "cant_subte": 8, "distancia_m_parque": 448, "cant_parque": 1, "distancia_m_plaza": 693, "cant_plaza": 34, "costo_total": 719000, "dist_verde_final": 448, "apto_scoring": true, "segmento": "sin_datos", "costo_total_norm": 51.566265060240966, "distancia_m_subte_norm": 52.993232691306616, "dist_verde_final_norm": 59.928443649373882, "distancia_m_gym_norm": 29.656319290465632, "Score": 51.475796490409721, "REVISION": null, "FECHA_DETECCION": "2026-03-01" }, "geometry": { "type": "Point", "coordinates": [ -58.383554, -34.5880569 ] } },
{ "type": "Feature", "properties": { "Portal": "argenprop", "Barrio": "Recoleta", "Tipo": "Departamento", "Titulo": "Monoambiente de 40 m² con balcón – Recoleta", "Precio": 629000, "Expensas": 159000.0, "Direccion": "Laprida 2000, Piso 7", "Metros_Totales": null, "Ambientes": null, "Dormitorios": null, "Baños": 1.0, "URL": "https://www.argenprop.com/departamento-en-alquiler-en-recoleta-1-ambiente--19109257", "Bajo_Precio": null, "Cocheras": 0, "Etiqueta_Destacado": null, "Porcentaje_Rebaja": null, "Metros_Cubiertos": 36.0, "Antiguedad": 20.0, "Descripcion_Breve": "Monoambiente de 40 m² con balcón recoleta monoambiente amplio y luminoso de 40 m², ubicado en laprida al 2000, recoleta, a solo 3 cuadras de av. Las heras, en una zona residencial tranquila y muy bien conectada. El ambiente cuenta con placard de guardado, salida a balcón, vista abierta y excelente entrada de luz natural. Pisos de madera flotante y muy buen estado general. Cocina integrada, moderna, con muebles completos bajo mesada y alacenas, mesada amplia, cocina eléctrica y termotanque eléctrico. Baño completo, con ducha, bidet, vanitory con bacha de apoyo y revestimientos modernos. Placard de guardado aire acondicionado split balcón cómodo muy luminoso listo para habitar requisitos mes de depósito mes adelantado garantía propietaria caba o garantía de caución }demostración de ingresos", "Visitas_Count": 500.0, "Visto_Estado": "Visto", "Fecha_Publicacion": null, "Inmobiliaria": null, "lat": -34.5877165, "lon": -58.4001143, "Barrio_Geo": "Recoleta", "snap_warning": false, "distancia_m_gym": 892, "cant_gym": 16, "distancia_m_subte": 305, "cant_subte": 9, "distancia_m_parque": 942, "cant_parque": 2, "distancia_m_plaza": 226, "cant_plaza": 34, "costo_total": 788000, "dist_verde_final": 226, "apto_scoring": true, "segmento": "sin_datos", "costo_total_norm": 34.939759036144579, "distancia_m_subte_norm": 84.122852680895363, "dist_verde_final_norm": 79.78533094812164, "distancia_m_gym_norm": 50.554323725055433, "Score": 60.225257980856313, "REVISION": null, "FECHA_DETECCION": "2026-02-26" }, "geometry": { "type": "Point", "coordinates": [ -58.4001143, -34.5877165 ] } },
{ "type": "Feature", "properties": { "Portal": "argenprop", "Barrio": "Recoleta", "Tipo": "Departamento", "Titulo": "Amplio depto de 2 ambientes al contrafrente con balcón y cocina separada", "Precio": 750000, "Expensas": 170000.0, "Direccion": "Presidente José Evaristo Uriburu 1200, Piso 2", "Metros_Totales": null, "Ambientes": 2.0, "Dormitorios": 1.0, "Baños": null, "URL": "https://www.argenprop.com/departamento-en-alquiler-en-recoleta-2-ambientes--18669710", "Bajo_Precio": null, "Cocheras": 0, "Etiqueta_Destacado": null, "Porcentaje_Rebaja": null, "Metros_Cubiertos": 50.0, "Antiguedad": 35.0, "Descripcion_Breve": "Requisitos para ingresar: seguro de caucion o premium group, demostración de ingresos en blanco que superen los $ 2.500.000, 2 años de contrato, aumento cada 3 meses por icl, se acepta mascota chica (perro o gato), el pago es del 1 al 5 en efectivo, se pide contratar un seguro contra incendios, 1 mes de deposito y adelantado para ingresar. Amplio living comedor de 5.50 x 3 con un espacio extra de 2.60 x 2.50 en una esquina, cocina de 4.30 x 1.50 con muebles bajo mesada, alacenas, conexion para lavarropas, artefacto de cocina y calefon a gas. Balcon de 4 x 1 con pileta de lavar que podemos acceder desde la cocina o desde el living comedor. Hall de distribución con placard que distribuye el dormitorio de 3.10 x 2.90 que también cuenta con placard y el baño completo con bañera. Excelente ubicación a tan solo 1 cuadra de la av. Santa fe y a solo 4 del subte d estación pueyrredon, de la av. Pueyrredon, de la av. Callao y del shopping de recoleta. Consultas propato propiedades para obtener más información o coordinar una visita, no dude en comunicarse con nosotros! • Whatsapp: 113284.3177 • teléfono: 114521.5616 • instagram: @propatopropiedades • tiktok: @propatopropiedades somos una inmobiliaria abocada al rubro hace más de 35 años brindando verdadera atención personalizada, con local propio a la calle en juramento 4904, corazón de villa urquiza. Matrícula cucicba n°1891 la información contenida en este aviso es meramente orientativa y no tiene carácter contractual. Las medidas, superficies, valores de expensas, tasas y servicios son aproximados y están sujetos a verificación y/o modificación sin previo aviso. Las dimensiones exactas y demás datos precisos surgirán del título de propiedad del inmueble.", "Visitas_Count": 4.0, "Visto_Estado": "Visto", "Fecha_Publicacion": null, "Inmobiliaria": null, "lat": -34.5942008, "lon": -58.3983247, "Barrio_Geo": "Recoleta", "snap_warning": false, "distancia_m_gym": 340, "cant_gym": 18, "distancia_m_subte": 479, "cant_subte": 17, "distancia_m_parque": 1499, "cant_parque": 2, "distancia_m_plaza": 556, "cant_plaza": 35, "costo_total": 920000, "dist_verde_final": 556, "apto_scoring": true, "segmento": "2amb", "costo_total_norm": 30.414746543778804, "distancia_m_subte_norm": 74.656084656084658, "dist_verde_final_norm": 46.794258373205743, "distancia_m_gym_norm": 82.599795291709313, "Score": 52.181555218149008, "REVISION": null, "FECHA_DETECCION": "2026-03-01" }, "geometry": { "type": "Point", "coordinates": [ -58.3983247, -34.5942008 ] } },
{ "type": "Feature", "properties": { "Portal": "argenprop", "Barrio": "Recoleta", "Tipo": "Departamento", "Titulo": "Departamento en Recoleta", "Precio": 500000, "Expensas": 145000.0, "Direccion": "Laprida al 1700", "Metros_Totales": null, "Ambientes": null, "Dormitorios": null, "Baños": 1.0, "URL": "https://www.argenprop.com/departamento-en-alquiler-en-recoleta-1-ambiente--19106045", "Bajo_Precio": null, "Cocheras": 0, "Etiqueta_Destacado": null, "Porcentaje_Rebaja": null, "Metros_Cubiertos": 30.0, "Antiguedad": 30.0, "Descripcion_Breve": "Alquiler monoambiente en recoleta este luminoso departamento ofrece un amplio balcón aterrazado al frente, ideal para disfrutar del aire libre para quienes buscan comodidad y ubicación estratégica. Ubicado en una zona privilegiada, está cercano a medios de transporte públicos y zonas comerciales, hospitales y bancos. Con vista despejada y abierta.Cuenta con un espacio kitchenette con puertas. Dispone de un cómodo placard y un baño completo. Equipado con aire acondicionado frío/calor. En muy buen estado! Servicios: agua corriente, cloaca, gas natural, electricidad y pavimento. Para más información y visitas, comuníquese al / o por whatsapp al / . Yacopino inmobiliarias, sucursal barrio norte, matrícula cucicba 5810. Nota: no apto para personas con movilidad reducida. Yacopino inmobiliarias mas de 95 años de honestidad profesional", "Visitas_Count": 2.0, "Visto_Estado": "Visto", "Fecha_Publicacion": null, "Inmobiliaria": null, "lat": -34.5809427, "lon": -58.4443734, "Barrio_Geo": "Colegiales", "snap_warning": false, "distancia_m_gym": 141, "cant_gym": 7, "distancia_m_subte": 1253, "cant_subte": 4, "distancia_m_parque": 0, "cant_parque": 5, "distancia_m_plaza": 0, "cant_plaza": 15, "costo_total": 645000, "dist_verde_final": 0, "apto_scoring": true, "segmento": "sin_datos", "costo_total_norm": 69.397590361445779, "distancia_m_subte_norm": 34.773555439875068, "dist_verde_final_norm": 100.0, "distancia_m_gym_norm": 92.184035476718407, "Score": 67.409506324212671, "REVISION": null, "FECHA_DETECCION": "2026-03-09" }, "geometry": { "type": "Point", "coordinates": [ -58.4443734, -34.5809427 ] } },
{ "type": "Feature", "properties": { "Portal": "argenprop", "Barrio": "Recoleta", "Tipo": "Departamento", "Titulo": "Departamento en Alquiler en Recoleta", "Precio": 470000, "Expensas": 250000.0, "Direccion": "Av Del Libertador 700, Piso 6", "Metros_Totales": null, "Ambientes": null, "Dormitorios": null, "Baños": null, "URL": "https://www.argenprop.com/departamento-en-alquiler-en-recoleta-1-ambiente--18331120", "Bajo_Precio": null, "Cocheras": 0, "Etiqueta_Destacado": null, "Porcentaje_Rebaja": null, "Metros_Cubiertos": 30.0, "Antiguedad": 35.0, "Descripcion_Breve": "Impecable monoambiente amoblado, generoso en medidas, vista, estado y calidad de edificio en av libertador al 700, al lado de patio bullrich monoambiente de 30m2 capacidad 2 personas totalmente y siempre muy luminoso edificio de categoría y con vigilancia las 24 hs, solarium, laundry. Honorarios de gestión a cargo del propietario. A los precios indicados debe sumarse únicamente el costo de gastos privativos del inquilino tales como, luz, gas, internet, abl y aysa días y horarios de visitas a combinar", "Visitas_Count": 1.0, "Visto_Estado": "Visto", "Fecha_Publicacion": null, "Inmobiliaria": null, "lat": -34.5880569, "lon": -58.383554, "Barrio_Geo": "Retiro", "snap_warning": false, "distancia_m_gym": 1269, "cant_gym": 9, "distancia_m_subte": 903, "cant_subte": 8, "distancia_m_parque": 448, "cant_parque": 1, "distancia_m_plaza": 693, "cant_plaza": 34, "costo_total": 720000, "dist_verde_final": 448, "apto_scoring": true, "segmento": "sin_datos", "costo_total_norm": 51.325301204819276, "distancia_m_subte_norm": 52.993232691306616, "dist_verde_final_norm": 59.928443649373882, "distancia_m_gym_norm": 29.656319290465632, "Score": 51.379410948241045, "REVISION": null, "FECHA_DETECCION": "2026-03-01" }, "geometry": { "type": "Point", "coordinates": [ -58.383554, -34.5880569 ] } },
{ "type": "Feature", "properties": { "Portal": "argenprop", "Barrio": "Recoleta", "Tipo": "Departamento", "Titulo": "2 ambientes / alquiler / recoleta / apto profesional", "Precio": 530000, "Expensas": 100000.0, "Direccion": "Ayacucho y Pacheco de Melo", "Metros_Totales": null, "Ambientes": 2.0, "Dormitorios": 1.0, "Baños": 1.0, "URL": "https://www.argenprop.com/departamento-en-alquiler-en-recoleta-2-ambientes--18611907", "Bajo_Precio": null, "Cocheras": 0, "Etiqueta_Destacado": null, "Porcentaje_Rebaja": null, "Metros_Cubiertos": null, "Antiguedad": 45.0, "Descripcion_Breve": "Dos ambientes en la mejor zona de recoleta excelente distribución de dos ambientes. Apto profesional dormitorio con placar. Baño con ducha. Cocina electrica calefacción por aire acondicionado. Agua caliente central apto profesional inmejorable ubicacion, a una cuadra de av. Callao, entre pacheco de melo y av. Las heras requisitos para alquilar - garantia propietaria de cap. Fed. - Comprobante de ingresos *se deja constancia que las medidas (tanto totales como parciales), superficies, m2 y proporciones indicadas en el presente son aproximadas y sujetas a verificación, variación y/o ajuste. El precio de la presente operación y/o de las expensas aquí indicadas están sujetos a modificación sin previo aviso. David melamud propiedades matricula cucicba 7794", "Visitas_Count": 1.0, "Visto_Estado": "Visto", "Fecha_Publicacion": null, "Inmobiliaria": null, "lat": -34.5918035, "lon": -58.3939098, "Barrio_Geo": "Recoleta", "snap_warning": false, "distancia_m_gym": 380, "cant_gym": 17, "distancia_m_subte": 657, "cant_subte": 14, "distancia_m_parque": 903, "cant_parque": 2, "distancia_m_plaza": 397, "cant_plaza": 33, "costo_total": 630000, "dist_verde_final": 397, "apto_scoring": true, "segmento": "2amb", "costo_total_norm": 83.870967741935488, "distancia_m_subte_norm": 65.238095238095241, "dist_verde_final_norm": 62.009569377990431, "distancia_m_gym_norm": 80.552712384851588, "Score": 73.577000782286021, "REVISION": null, "FECHA_DETECCION": "2026-03-01" }, "geometry": { "type": "Point", "coordinates": [ -58.3939098, -34.5918035 ] } },
{ "type": "Feature", "properties": { "Portal": "zonaprop", "Barrio": "Belgrano", "Tipo": "Departamento", "Titulo": "Departamento Dos Ambientes con Cochera y Amenities - Belgrano - Excelente departamento nuevo, de categoría y único, con cochera incluida, ubicado al frente con amplio balcón corrido. Diseño moderno, excelente calidad constructiva y terminaciones premium. Ideal para quienes buscan confort, estilo y calidad de vida. DescripciónLuminoso living-comedor con salida a balcón corrido. Dormitorio con amplio placard. Baño completo. Cocina americana equipada con muebles de excelente calidad y cocina a gas en acero inoxidable. El departamento se encuentra recién pintado, en estado impecable, con muy buena luz natural y excelente distribución. Equipamiento• Aire acondicionado split en living-comedor. • Muebles de cocina de primera línea. • Cocina a gas en acero inoxidable. • Cochera incluida. AmenitiesPiscina • Jacuzzi • Gimnasio • sum • Terraza / Solarium • ParrillaSuperficie• Living-comedor: 4, 90 x 3, 00• Dormitorio: 4, 40 x 2, 50• Cocina: 2, 80 x 1, 70• Baño: 2, 20 x 2, 10Superficie total: 47 m² (muy amplio y funcional) EdificioExcelente edificio de categoría, con muy buena imagen, diseño moderno y amenities de primer nivel. UbicaciónInmejorable ubicación, próximo a Av. Cabildo y Av. Federico Lacroze. Cercano a numerosas líneas de colectivos y a la línea D de subte. Zona residencial y comercial, con gran oferta de servicios, comercios y gastronomía. Una propiedad pensada para quienes disfrutan del buen vivir y el confort.", "Precio": 780000, "Expensas": 310000.0, "Direccion": "Zabala 2645 6º A", "Metros_Totales": 47.0, "Ambientes": 2.0, "Dormitorios": 1.0, "Baños": 1.0, "URL": "https://www.zonaprop.com.ar/propiedades/clasificado/alclapin-departamento-barrio-norte-58239239.html?n_src=Listado&n_pills=Luminoso&n_pg=1&n_pos=12", "Bajo_Precio": "False", "Cocheras": 1, "Etiqueta_Destacado": "Super destacado", "Porcentaje_Rebaja": null, "Metros_Cubiertos": null, "Antiguedad": null, "Descripcion_Breve": null, "Visitas_Count": null, "Visto_Estado": null, "Fecha_Publicacion": null, "Inmobiliaria": null, "lat": -34.5702103, "lon": -58.4511257, "Barrio_Geo": "Colegiales", "snap_warning": false, "distancia_m_gym": 431, "cant_gym": 14, "distancia_m_subte": 671, "cant_subte": 4, "distancia_m_parque": 139, "cant_parque": 2, "distancia_m_plaza": 148, "cant_plaza": 20, "costo_total": 1090000, "dist_verde_final": 139, "apto_scoring": true, "segmento": "1coch", "costo_total_norm": 0.0, "distancia_m_subte_norm": 57.510373443983404, "dist_verde_final_norm": 76.559865092748737, "distancia_m_gym_norm": 83.979057591623032, "Score": 40.962990810907073, "REVISION": null, "FECHA_DETECCION": "2026-03-09" }, "geometry": { "type": "Point", "coordinates": [ -58.4511257, -34.5702103 ] } },
{ "type": "Feature", "properties": { "Portal": "zonaprop", "Barrio": "Belgrano", "Tipo": "Departamento", "Titulo": "Apto profesional, 2 ambientes lateral en torre muy luminoso, impecable estado, cocina Y baño completos. Amplias medidas, pisos pulidos Y plastificados, recien pintado. A metros de barrancas de belgrano/barrio chino, todos los medios de locomocion. Servicios individuales, calefon Y placas radiantes. Contrato 24 meses con ajustes trimestrales por ipc/garantia familiar/demostracion de ingresos/mes de deposito/mes de aldelanto + expensas, servicios E impuestos.", "Precio": 700000, "Expensas": 130000.0, "Direccion": "Juramento 1971", "Metros_Totales": 40.0, "Ambientes": 2.0, "Dormitorios": 1.0, "Baños": 1.0, "URL": "https://www.zonaprop.com.ar/propiedades/clasificado/alclapin-apto-profesional-2-ambientes-impecablea-m-barrancas-57932672.html?n_src=Listado&n_pg=1&n_pos=9", "Bajo_Precio": "False", "Cocheras": 0, "Etiqueta_Destacado": "Super destacado", "Porcentaje_Rebaja": null, "Metros_Cubiertos": null, "Antiguedad": null, "Descripcion_Breve": null, "Visitas_Count": null, "Visto_Estado": null, "Fecha_Publicacion": null, "Inmobiliaria": null, "lat": -34.5595672, "lon": -58.4527288, "Barrio_Geo": "Belgrano", "snap_warning": false, "distancia_m_gym": 202, "cant_gym": 10, "distancia_m_subte": 420, "cant_subte": 4, "distancia_m_parque": 1531, "cant_parque": 3, "distancia_m_plaza": 328, "cant_plaza": 19, "costo_total": 830000, "dist_verde_final": 328, "apto_scoring": true, "segmento": "2amb", "costo_total_norm": 47.004608294930875, "distancia_m_subte_norm": 77.777777777777771, "dist_verde_final_norm": 68.612440191387563, "distancia_m_gym_norm": 89.662231320368477, "Score": 64.823887821620048, "REVISION": null, "FECHA_DETECCION": "2026-03-01" }, "geometry": { "type": "Point", "coordinates": [ -58.4527288, -34.5595672 ] } },
{ "type": "Feature", "properties": { "Portal": "zonaprop", "Barrio": "Belgrano", "Tipo": "Departamento", "Titulo": "Excelente departamento, amplio 2 ambientes, recien pintado. El departamento tiene los servicios eléctricos, cocina y termotanque. Bano completo. Amplio placar en el dormitorio y en el hall de distribución. El edificio tiene seguridad. Las 24 horas. Excelente barrio, cerca de un sinfin de medios de transporte.", "Precio": 650000, "Expensas": 150000.0, "Direccion": "Virrey del Pino 2600", "Metros_Totales": 47.0, "Ambientes": 2.0, "Dormitorios": 1.0, "Baños": 1.0, "URL": "https://www.zonaprop.com.ar/propiedades/clasificado/alclapin-edificio-en-torre-virrey-del-pino-entre-amenabar-y-58402236.html?n_src=Listado&n_pills=Encargado&n_pg=1&n_pos=8", "Bajo_Precio": "False", "Cocheras": 0, "Etiqueta_Destacado": "Super destacado", "Porcentaje_Rebaja": null, "Metros_Cubiertos": null, "Antiguedad": null, "Descripcion_Breve": null, "Visitas_Count": null, "Visto_Estado": null, "Fecha_Publicacion": null, "Inmobiliaria": null, "lat": -34.5675339, "lon": -58.4545775, "Barrio_Geo": "Colegiales", "snap_warning": false, "distancia_m_gym": 551, "cant_gym": 10, "distancia_m_subte": 278, "cant_subte": 4, "distancia_m_parque": 651, "cant_parque": 1, "distancia_m_plaza": 365, "cant_plaza": 17, "costo_total": 800000, "dist_verde_final": 365, "apto_scoring": true, "segmento": "2amb", "costo_total_norm": 52.534562211981566, "distancia_m_subte_norm": 85.291005291005291, "dist_verde_final_norm": 65.071770334928232, "distancia_m_gym_norm": 71.801432958034795, "Score": 66.79562383488333, "REVISION": null, "FECHA_DETECCION": "2026-03-01" }, "geometry": { "type": "Point", "coordinates": [ -58.4545775, -34.5675339 ] } },
{ "type": "Feature", "properties": { "Portal": "zonaprop", "Barrio": "Belgrano", "Tipo": "Departamento", "Titulo": "Depto 2 ambientes sin balcon piso alto vista abierta super luminoso cocina con lavadero incluido con termotantque electrico y cocina a gas ambos tienen un año de uso - livivng comedor 4 x 4 con ventanal de pared a pared dormitorio de 3 x 3 con gran placard - baño completo todos los pisos son de locatario paga gas luz y abl Contrato 2 años ajuste trimestral con ipc. Garantia propietaria de caba, ingresos comprobables o Seguro de Caucion Finaer* La información de la unidad así como las medidas son aproximadas y orientativas. Las medidas exactas deberán ratificarse con la documentación pertinente y no comprometen a la empresa. Las mismas surgirán del título de propiedad. En el caso de venta, la misma esta supeditada al cumplimiento por parte del propietario de los requisitos de la Resolución General 2371 de la afip. ** Nota importante: los gastos (expensas, abl) expresados refieren a la última información recabada y deberán confirmarse. Fotografías no vinculantes ni contractuales.", "Precio": 550000, "Expensas": 180000.0, "Direccion": "Arribeños al 2100", "Metros_Totales": 38.0, "Ambientes": 2.0, "Dormitorios": 1.0, "Baños": 1.0, "URL": "https://www.zonaprop.com.ar/propiedades/clasificado/alclapin-alquiler-belgrano-arribenos-2100-2-amb-58497096.html?n_src=Listado&n_pills=Encargado&n_pg=1&n_pos=5", "Bajo_Precio": "False", "Cocheras": 0, "Etiqueta_Destacado": "Super destacado", "Porcentaje_Rebaja": null, "Metros_Cubiertos": null, "Antiguedad": null, "Descripcion_Breve": null, "Visitas_Count": null, "Visto_Estado": null, "Fecha_Publicacion": null, "Inmobiliaria": null, "lat": -34.5552645, "lon": -58.4524709, "Barrio_Geo": "Belgrano", "snap_warning": false, "distancia_m_gym": 510, "cant_gym": 11, "distancia_m_subte": 1130, "cant_subte": 3, "distancia_m_parque": 1269, "cant_parque": 2, "distancia_m_plaza": 696, "cant_plaza": 15, "costo_total": 730000, "dist_verde_final": 696, "apto_scoring": true, "segmento": "2amb", "costo_total_norm": 65.437788018433181, "distancia_m_subte_norm": 40.211640211640209, "dist_verde_final_norm": 33.397129186602868, "distancia_m_gym_norm": 73.89969293756397, "Score": 52.308002401942304, "REVISION": null, "FECHA_DETECCION": "2026-03-09" }, "geometry": { "type": "Point", "coordinates": [ -58.4524709, -34.5552645 ] } },
{ "type": "Feature", "properties": { "Portal": "zonaprop", "Barrio": "Belgrano", "Tipo": "Departamento", "Titulo": "Departamento en Belgrano- caba-Ubicada entre las calles Montañeses y Avenida Libertador. -Ubicación privilegiada: Cerca de locales gastronómicos, bares, zonas verdes, líneas de subtes, universidades, bancos, entre otros. -Living-comedor muy espacioso y luminoso. -Baño completo con conexión para lavarropas. -Cocina completa. -La propiedad cuenta con una superficie total de 41m2. -Las superficies y medidas son aproximadas y a solo efecto orientativo. Valor alquiler: $650. 000Expensas: 128. 000El valor de la expensa mencionada es orientativo e informada por el propietario del inmueble, las mismas pueden estar sujetas a variación y/o modificación sin previo aviso. Mostrar menos aviso legal: Las descripciones arquitectónicas y funcionales, valores de expensas, impuestos y servicios, fotos y medidas de este inmueble son aproximados. Los datos fueron proporcionados por el propietario y pueden no estar actualizados a la hora de la visualización de este aviso por lo cual pueden arrojar inexactitudes y discordancias con las que surgen de las facturas, títulos y planos legales del inmueble. El interesado deberá realizar las verificaciones respectivas previamente a la realización de cualquier operación, requiriendo por si o sus profesionales las copias necesarias de la documentación que corresponda. Auge Propiedades Av. Córdoba 1698. C. A. B. A. cucicba Matricula: 1263cmcpsi Matricula: 6827Telefono: Ver datos - Ver datos ley 5859 – art. 4“Para los casos de alquiler de vivienda, el monto máximo de comisión que se le puede requerir a los propietarios será el equivalente al cuatro con quince centésimos por ciento (4, 15%) del valor total del respectivo contrato. &quot;", "Precio": 650000, "Expensas": 128000.0, "Direccion": "Sucre al 1600", "Metros_Totales": 41.0, "Ambientes": 2.0, "Dormitorios": 1.0, "Baños": 1.0, "URL": "https://www.zonaprop.com.ar/propiedades/clasificado/alclapin-departamento-en-alquiler-en-belgrano-caba-57576297.html?n_src=Listado&n_pills=Terraza&n_pg=1&n_pos=6", "Bajo_Precio": "False", "Cocheras": 0, "Etiqueta_Destacado": "Super destacado", "Porcentaje_Rebaja": null, "Metros_Cubiertos": null, "Antiguedad": null, "Descripcion_Breve": null, "Visitas_Count": null, "Visto_Estado": null, "Fecha_Publicacion": null, "Inmobiliaria": null, "lat": -34.575268, "lon": -58.4068444, "Barrio_Geo": "Palermo", "snap_warning": false, "distancia_m_gym": 537, "cant_gym": 10, "distancia_m_subte": 1580, "cant_subte": 5, "distancia_m_parque": 1043, "cant_parque": 4, "distancia_m_plaza": 118, "cant_plaza": 38, "costo_total": 778000, "dist_verde_final": 118, "apto_scoring": true, "segmento": "2amb", "costo_total_norm": 56.589861751152078, "distancia_m_subte_norm": 16.402116402116405, "dist_verde_final_norm": 88.708133971291872, "distancia_m_gym_norm": 72.517911975434998, "Score": 52.549997612897627, "REVISION": null, "FECHA_DETECCION": "2026-03-01" }, "geometry": { "type": "Point", "coordinates": [ -58.4068444, -34.575268 ] } },
{ "type": "Feature", "properties": { "Portal": "zonaprop", "Barrio": "Belgrano", "Tipo": "Departamento", "Titulo": "Departamento 2 ambientes. (no amoblado) Excelente zona. Medios de transporte. Cocina separada con lavadero incorporado. Piso flotante en living comedor. Piso de parquet en domitorio. Placard. 1 baño completo. 1 aire acondicionado (1 frío calor en living). 2 Terrazas con espacio para lavar la ropa y estacionamiento para bicicletas. Requisitos: Garantía propietaria caba o seguro de caución. 1 mes de depósito. 1 mes adelantado. Comprobación de ingresos que tripliquen valor de alquiler + expensas. Incremento trimestral por ipc. No acepta mascotas. abl aprox. $20. 000. - aviso legal: Se hace saber que las características descriptas del inmueble publicado, calidades y cualidades constructivas y funcionales, valores de expensas, impuestos y servicios, y medidas y superficies, son aproximados y consignados en base a datos que fueron proporcionados por el propietario, no tienen valor contractual y que pueden no ser exactos y/o no estar actualizados a la hora de la visualización de este aviso, pudiendo surgir discordancias con los datos que emanen de la documentación respectiva. Las medidas y superficies exactas son las que surgen de los títulos y planos legales del inmueble. Las imágenes publicadas lo son al mero efecto orientativo de las características generales y circunstancias del inmueble en el momento en que han sido tomadas, pudiendo las mismas diferir del estado y circunstancias actuales del mismo. Asimismo, los mobiliarios, accesorios, elementos, y otros, que se visualizan en las imágenes publicadas, no integran la oferta de venta, salvo manifestación explícita, al contrario. En todos los casos el interesado deberá realizar una visita al inmueble y efectuar las verificaciones respectivas previamente a la realización de cualquier operación u oferta requiriendo la documentación que corresponda. Los valores están sujetos a cambios. Inmueble no accesible a personas con discapacidad física Ley 5115.", "Precio": 490000, "Expensas": 180000.0, "Direccion": "Palpa al 2300", "Metros_Totales": 38.0, "Ambientes": 2.0, "Dormitorios": 1.0, "Baños": 1.0, "URL": "https://www.zonaprop.com.ar/propiedades/clasificado/alclapin-departamento-en-alquiler-2-ambientes-57958306.html?n_src=Listado&n_pills=Terraza&n_pg=1&n_pos=3", "Bajo_Precio": "True", "Cocheras": 0, "Etiqueta_Destacado": "Super destacado", "Porcentaje_Rebaja": "24%", "Metros_Cubiertos": null, "Antiguedad": null, "Descripcion_Breve": null, "Visitas_Count": null, "Visto_Estado": null, "Fecha_Publicacion": null, "Inmobiliaria": null, "lat": -34.5769671, "lon": -58.4515094, "Barrio_Geo": "Colegiales", "snap_warning": false, "distancia_m_gym": 917, "cant_gym": 10, "distancia_m_subte": 1197, "cant_subte": 4, "distancia_m_parque": 775, "cant_parque": 4, "distancia_m_plaza": 749, "cant_plaza": 14, "costo_total": 670000, "dist_verde_final": 749, "apto_scoring": true, "segmento": "2amb", "costo_total_norm": 76.497695852534562, "distancia_m_subte_norm": 36.666666666666671, "dist_verde_final_norm": 28.325358851674636, "distancia_m_gym_norm": 53.070624360286587, "Score": 52.571212547377414, "REVISION": null, "FECHA_DETECCION": "2026-03-09" }, "geometry": { "type": "Point", "coordinates": [ -58.4515094, -34.5769671 ] } },
{ "type": "Feature", "properties": { "Portal": "zonaprop", "Barrio": "Belgrano", "Tipo": "Departamento", "Titulo": "2 Ambientes super luminoso en edificio con seguridad las 24hs y Balcon en torre de categoriaEn el corazón de Belgrano a Mts de Subte y Estación de Tren. Impecable! Living comedor con salida al balcon, Dormitorio con placard, Cocina Aparte con lavadero, Baño completo Somos Verges Cuevas Propiedades, conectamos personas y encontramos hogares. Edificio Accesible Para los casos de alquiler de vivienda, el monto máximo de comisión que se le puede requerir a los propietarios sera el equivalente al cuatro con quince centésimos por ciento (4, 15%) del valor total del respectivo contrato. Se encuentra prohibido cobrar a los inquilinos que sean personas físicas comisiones inmobiliarias y gastos de gestoría de informes.", "Precio": 750000, "Expensas": 156000.0, "Direccion": "Amenabar al 2000", "Metros_Totales": 45.0, "Ambientes": 2.0, "Dormitorios": 1.0, "Baños": 1.0, "URL": "https://www.zonaprop.com.ar/propiedades/clasificado/alclapin-2-ambientes-con-balcon-y-seguridad-24hs-en-alquiler-58492177.html?n_src=Listado&n_pills=Aire+acondicionado&n_pg=1&n_pos=2", "Bajo_Precio": "False", "Cocheras": 0, "Etiqueta_Destacado": "Super destacado", "Porcentaje_Rebaja": null, "Metros_Cubiertos": null, "Antiguedad": null, "Descripcion_Breve": null, "Visitas_Count": null, "Visto_Estado": null, "Fecha_Publicacion": null, "Inmobiliaria": null, "lat": -34.5631307, "lon": -58.4585576, "Barrio_Geo": "Belgrano", "snap_warning": false, "distancia_m_gym": 453, "cant_gym": 7, "distancia_m_subte": 211, "cant_subte": 4, "distancia_m_parque": 1249, "cant_parque": 1, "distancia_m_plaza": 129, "cant_plaza": 16, "costo_total": 906000, "dist_verde_final": 129, "apto_scoring": true, "segmento": "2amb", "costo_total_norm": 32.995391705069125, "distancia_m_subte_norm": 88.835978835978835, "dist_verde_final_norm": 87.655502392344502, "distancia_m_gym_norm": 76.816786079836234, "Score": 65.061729419273831, "REVISION": null, "FECHA_DETECCION": "2026-03-09" }, "geometry": { "type": "Point", "coordinates": [ -58.4585576, -34.5631307 ] } },
{ "type": "Feature", "properties": { "Portal": "zonaprop", "Barrio": "Belgrano", "Tipo": "Departamento", "Titulo": "Deparamento 2 ambientes interno en pb, dos patios pequeños, cocina y baño compleo con bañera. Agua caliente por calefon, calefaccion por estufa a gas. 51 mts totales, 38 Cubiertos mas 13 de patios. Se alquila exclusivamente para uso profesional", "Precio": 650000, "Expensas": 120000.0, "Direccion": "Virrey Arredondo 2247", "Metros_Totales": 51.0, "Ambientes": 2.0, "Dormitorios": 1.0, "Baños": 1.0, "URL": "https://www.zonaprop.com.ar/propiedades/clasificado/alclapin-alquiler-departamento-dos-ambientes-en-pb-exclusivo-58395424.html?n_src=Listado&n_pills=Encargado&n_pg=1&n_pos=15", "Bajo_Precio": "False", "Cocheras": 0, "Etiqueta_Destacado": "Super destacado", "Porcentaje_Rebaja": null, "Metros_Cubiertos": null, "Antiguedad": null, "Descripcion_Breve": null, "Visitas_Count": null, "Visto_Estado": null, "Fecha_Publicacion": null, "Inmobiliaria": null, "lat": -34.5657395, "lon": -58.4498641, "Barrio_Geo": "Belgrano", "snap_warning": false, "distancia_m_gym": 665, "cant_gym": 9, "distancia_m_subte": 309, "cant_subte": 5, "distancia_m_parque": 810, "cant_parque": 1, "distancia_m_plaza": 561, "cant_plaza": 17, "costo_total": 770000, "dist_verde_final": 561, "apto_scoring": true, "segmento": "2amb", "costo_total_norm": 58.064516129032256, "distancia_m_subte_norm": 83.650793650793645, "dist_verde_final_norm": 46.315789473684212, "distancia_m_gym_norm": 65.96724667349028, "Score": 64.180927108936871, "REVISION": "DESCARTADO", "FECHA_DETECCION": "2026-03-09" }, "geometry": { "type": "Point", "coordinates": [ -58.4498641, -34.5657395 ] } },
{ "type": "Feature", "properties": { "Portal": "zonaprop", "Barrio": "Belgrano", "Tipo": "Departamento", "Titulo": "Alquiler – Departamento 2 Ambientes - Belgrano** alquiler ** impecable departamento apto profesional de 2 ambientes con balcon al contrafrente en edificio moderno Y con inmejorable ubicación! A pasos de Av. Libertador, próximo al Metrobus y Subte Línea D. Cercano al Instituto fleni e icba. Cercano a Barrio Chino. Ofrece: - funcionalidad Y modernidad;- living comedor con vista y balcon al contrafrente, aire acondicionado Frio;- cocina americana con muebles de cocina completos, caldera mural dual (calefacción y agua caliente) ;- dormitorio con vistas al contrafrente, placard empotrado con frente espejado;- baño completo con bañera con ducha;- balcón con red de contención;- pisos cerámica;- Agua caliente por caldera individual;- muy luminoso Y con ventilación cruzada. Además, el edificio ofrece: -seguridad 24hsrequisitos A consultar** llamanos ahora O comunicate por whatsapp **legal: Las descripciones arquitectónicas y funcionales, valores de expensas, impuestos y servicios, fotos y medidas de este inmueble son aproximados. Los datos fueron proporcionados por el propietario y pueden no estar actualizados a la hora de la visualización de este aviso por lo cual pueden arrojar inexactitudes y discordancias con las que surgen de las facturas, títulos y planos legales del inmueble. El interesado deberá realizar las verificaciones respectivas previamente a la realización de cualquier operación, requiriendo por sí o sus profesionales las copias necesarias de la documentación que corresponda. Venta supeditada al cumplimiento por parte del propietario de los requisitos de la resolución general Nº 2371 de la afip (pedido de coti). Propiedad según Ley 5115 La accesibilidad para las personas con discapacidades físicas. “accesible&quot;. Para los casos de alquiler de vivienda, el monto máximo de honorarios que se le puede requerir a los propietarios será el equivalente al cuatro con quince centésimos por ciento (4, 15%) del valor total del respectivo contrato. comercializa: bermejo edgardo carlos propiedades. corredor inmobiliario cucicba matrícula 7899", "Precio": 790000, "Expensas": null, "Direccion": "Olazabal al 1500", "Metros_Totales": 46.0, "Ambientes": 2.0, "Dormitorios": 1.0, "Baños": 1.0, "URL": "https://www.zonaprop.com.ar/propiedades/clasificado/alclapin-alquiler-departamento-2-ambientes-apto-profesional-58514138.html?n_src=Listado&n_pills=Encargado&n_pg=1&n_pos=14", "Bajo_Precio": "False", "Cocheras": 0, "Etiqueta_Destacado": "Super destacado", "Porcentaje_Rebaja": null, "Metros_Cubiertos": null, "Antiguedad": null, "Descripcion_Breve": null, "Visitas_Count": null, "Visto_Estado": null, "Fecha_Publicacion": null, "Inmobiliaria": null, "lat": -34.5658161, "lon": -58.467899, "Barrio_Geo": "Belgrano", "snap_warning": false, "distancia_m_gym": 1233, "cant_gym": 6, "distancia_m_subte": 1364, "cant_subte": 4, "distancia_m_parque": 1872, "cant_parque": 1, "distancia_m_plaza": 0, "cant_plaza": 17, "costo_total": 790000, "dist_verde_final": 0, "apto_scoring": false, "segmento": "2amb", "costo_total_norm": null, "distancia_m_subte_norm": null, "dist_verde_final_norm": null, "distancia_m_gym_norm": null, "Score": null, "REVISION": null, "FECHA_DETECCION": "2026-03-09" }, "geometry": { "type": "Point", "coordinates": [ -58.467899, -34.5658161 ] } },
{ "type": "Feature", "properties": { "Portal": "zonaprop", "Barrio": "Belgrano", "Tipo": "Departamento", "Titulo": "Se trata de un excelente departamento sumamente luminoso y con muy buena ubicación en Belgrano. A pocas cuadras de Avda Cabildo y de Avda Cramer. Con accesibilidad a todo tipo de medios de transportes, próximo a las estaciones Congreso y Juramento de la linea D de subterráneos. Cómodo living comedor con ventana, un muy buen y profundo placard auxiliar y muy buena vista. Aire acondicionado. Dormitorio con buen placard. La cocina cuenta con un gran ventanal, el cual le aporta mucha luz. Alacenas y bajo mesadas, termotanque eléctrico e instalación para lavarropas. Baño completo con vanitorys y bañera. Muy buena vista y mucha luz. Condiciones: Contrato por 24 meses o a acordar, con actualización trimestral x ipc Requisitos. 1 mes de depósito1 mes por adelantadoDemostración de ingresosGarantía propietaria o seguro de caución", "Precio": 650000, "Expensas": 240000.0, "Direccion": "Blanco Encalada al 2700", "Metros_Totales": 38.0, "Ambientes": 2.0, "Dormitorios": 1.0, "Baños": 1.0, "URL": "https://www.zonaprop.com.ar/propiedades/clasificado/alclapin-alquiler-2-ambientes-al-frente-con-mucha-luz-58414646.html?n_src=Listado&n_pills=Encargado&n_pg=1&n_pos=16", "Bajo_Precio": "False", "Cocheras": 0, "Etiqueta_Destacado": "Super destacado", "Porcentaje_Rebaja": null, "Metros_Cubiertos": null, "Antiguedad": null, "Descripcion_Breve": null, "Visitas_Count": null, "Visto_Estado": null, "Fecha_Publicacion": null, "Inmobiliaria": null, "lat": -34.5644484, "lon": -58.4679366, "Barrio_Geo": "Belgrano", "snap_warning": false, "distancia_m_gym": 995, "cant_gym": 4, "distancia_m_subte": 1326, "cant_subte": 3, "distancia_m_parque": 1800, "cant_parque": 1, "distancia_m_plaza": 242, "cant_plaza": 16, "costo_total": 890000, "dist_verde_final": 242, "apto_scoring": true, "segmento": "2amb", "costo_total_norm": 35.944700460829495, "distancia_m_subte_norm": 29.841269841269849, "dist_verde_final_norm": 76.84210526315789, "distancia_m_gym_norm": 49.078812691914017, "Score": 43.606563458535732, "REVISION": null, "FECHA_DETECCION": "2026-03-01" }, "geometry": { "type": "Point", "coordinates": [ -58.4679366, -34.5644484 ] } },
{ "type": "Feature", "properties": { "Portal": "zonaprop", "Barrio": "Belgrano", "Tipo": "Departamento", "Titulo": "Departamento de 2 ambientes en alquiler en Belgrano muy luminosos, cocina con lavadero incorporado, es al frente con balcón. El departamento cuenta con 1 baño completo, el propietario permite mascota y el edificio cuenta con amenities como gimnasio, pileta, solarium y sum, parque central con juego para niños y cuenta con vigilancia presencial las 24hs. Excelente zona residencial próximo a importantes avenidas y con una amplia oferta de comercios, servicios, instituciones educativas y centros de salud en los alrededores. Frery Propiedades – Mónica L. Destéfanis - cucicba 1145 / Teléfonos de contacto Ver datos / Ver datos / Ver datos. Ley 5115: Propiedad no apta para personas con movilidad reducida. - Ley 5859. Art. 5: Para los casos de alquiler de vivienda, el monto máximo de comisión que se le puede requerir a los propietarios será el equivalente al cuatro con quince centésimos por ciento (4, 15%) del valor total del respectivo contrato. Se encuentra prohibido cobrar a los inquilinos que sean personas físicas comisiones inmobiliarias y gastos de gestoría de informes. -", "Precio": 750000, "Expensas": 335000.0, "Direccion": "Franklin Roosevelt 1877", "Metros_Totales": 40.0, "Ambientes": 2.0, "Dormitorios": 1.0, "Baños": 1.0, "URL": "https://www.zonaprop.com.ar/propiedades/clasificado/alclapin-alquiler-de-2-ambientes-frente-balcon-amenities-58424812.html?n_src=Listado&n_pills=Encargado&n_pg=1&n_pos=17", "Bajo_Precio": "False", "Cocheras": 0, "Etiqueta_Destacado": "Super destacado", "Porcentaje_Rebaja": null, "Metros_Cubiertos": null, "Antiguedad": null, "Descripcion_Breve": null, "Visitas_Count": null, "Visto_Estado": null, "Fecha_Publicacion": null, "Inmobiliaria": null, "lat": -34.5543655, "lon": -58.4557648, "Barrio_Geo": "Belgrano", "snap_warning": false, "distancia_m_gym": 761, "cant_gym": 8, "distancia_m_subte": 832, "cant_subte": 3, "distancia_m_parque": 1208, "cant_parque": 2, "distancia_m_plaza": 282, "cant_plaza": 12, "costo_total": 1085000, "dist_verde_final": 282, "apto_scoring": true, "segmento": "2amb", "costo_total_norm": 0.0, "distancia_m_subte_norm": 55.978835978835981, "dist_verde_final_norm": 73.014354066985646, "distancia_m_gym_norm": 61.054247697031727, "Score": 37.501946376751093, "REVISION": null, "FECHA_DETECCION": "2026-02-26" }, "geometry": { "type": "Point", "coordinates": [ -58.4557648, -34.5543655 ] } },
{ "type": "Feature", "properties": { "Portal": "zonaprop", "Barrio": "Belgrano", "Tipo": "Departamento", "Titulo": "Requisitos: Recibo de sueldo o ingresos demostrativos. Dni o precaria. Garantía propietaria o seguro de caucion. El Inmueble se puede entregar vacío o amoblado. Se aceptan mascotas.", "Precio": 600000, "Expensas": 150000.0, "Direccion": "Av. Pueyrredón", "Metros_Totales": 75.0, "Ambientes": 2.0, "Dormitorios": 1.0, "Baños": 1.0, "URL": "https://www.zonaprop.com.ar/propiedades/clasificado/alclappa-hermoso-dos-ambientes-duenos-directo-58533378.html?n_src=Listado&n_pills=Lavadero&n_pg=1&n_pos=19", "Bajo_Precio": "False", "Cocheras": 1, "Etiqueta_Destacado": "Super destacado", "Porcentaje_Rebaja": null, "Metros_Cubiertos": null, "Antiguedad": null, "Descripcion_Breve": null, "Visitas_Count": null, "Visto_Estado": null, "Fecha_Publicacion": null, "Inmobiliaria": null, "lat": -34.5961525, "lon": -58.4030057, "Barrio_Geo": "Recoleta", "snap_warning": false, "distancia_m_gym": 278, "cant_gym": 17, "distancia_m_subte": 159, "cant_subte": 17, "distancia_m_parque": 1914, "cant_parque": 2, "distancia_m_plaza": 593, "cant_plaza": 27, "costo_total": 750000, "dist_verde_final": 593, "apto_scoring": true, "segmento": "1coch", "costo_total_norm": 100.0, "distancia_m_subte_norm": 100.0, "dist_verde_final_norm": 0.0, "distancia_m_gym_norm": 100.0, "Score": 80.0, "REVISION": null, "FECHA_DETECCION": "2026-03-09" }, "geometry": { "type": "Point", "coordinates": [ -58.4030057, -34.5961525 ] } },
{ "type": "Feature", "properties": { "Portal": "zonaprop", "Barrio": "Belgrano", "Tipo": "Departamento", "Titulo": "Requisitos: Recibo de sueldo o ingresos demostrativos. Dni o precaria. Garantía propietaria o seguro de caucion. El Inmueble se puede entregar vacío o amoblado. Se aceptan mascotas", "Precio": 600000, "Expensas": 170000.0, "Direccion": "Avenida Olazábal", "Metros_Totales": 75.0, "Ambientes": 2.0, "Dormitorios": 1.0, "Baños": 1.0, "URL": "https://www.zonaprop.com.ar/propiedades/clasificado/alclappa-dos-ambientes-duenos-directo-58538111.html?n_src=Listado&n_pills=Permite+mascotas&n_pg=1&n_pos=20", "Bajo_Precio": "False", "Cocheras": 1, "Etiqueta_Destacado": "Super destacado", "Porcentaje_Rebaja": null, "Metros_Cubiertos": null, "Antiguedad": null, "Descripcion_Breve": null, "Visitas_Count": null, "Visto_Estado": null, "Fecha_Publicacion": null, "Inmobiliaria": null, "lat": -34.5658161, "lon": -58.467899, "Barrio_Geo": "Belgrano", "snap_warning": false, "distancia_m_gym": 1233, "cant_gym": 6, "distancia_m_subte": 1364, "cant_subte": 4, "distancia_m_parque": 1872, "cant_parque": 1, "distancia_m_plaza": 0, "cant_plaza": 17, "costo_total": 770000, "dist_verde_final": 0, "apto_scoring": true, "segmento": "1coch", "costo_total_norm": 94.117647058823536, "distancia_m_subte_norm": 0.0, "dist_verde_final_norm": 100.0, "distancia_m_gym_norm": 0.0, "Score": 57.647058823529413, "REVISION": null, "FECHA_DETECCION": "2026-03-09" }, "geometry": { "type": "Point", "coordinates": [ -58.467899, -34.5658161 ] } },
{ "type": "Feature", "properties": { "Portal": "zonaprop", "Barrio": "Belgrano", "Tipo": "Departamento", "Titulo": "Alquiler | Belgrano C | Impecable 2 Ambientes | Arcos al 2700Valor: $700. 000 + ExpensasUbicado en la zona más estratégica de Belgrano, presentamos este departamento de 2 ambientes que combina calidez, luminosidad y un estado de mantenimiento excepcional. Situado en un 4to piso contrafrente, ofrece la tranquilidad necesaria en plena ciudad. Living-comedor luminoso con balcón francés, que garantiza una excelente circulación de aire y luz natural durante todo el día. Calidad de Materiales: Pisos de parquet impecable en toda la unidad, ). Se entrega recién pintado. Cocina Independiente con conexión para lavarropas. Muy cómoda, con mobiliario completo y ventilación natural al exterior. Calefón a GasDormitorio: Confortable, con placard con interiores completos y persiana de enrollar. Baño: Completo, con bañera y en perfectas condiciones de higiene mantenimiento y funcionamiento. Ubicación de Excelencia: A solo 200 metros de Av. Cabildo y la estación Congreso de Tucumán (Línea D) hace que sea sumamente dinámico para movilizarse hacia los distintos puntos de la ciudad tanto hacia zona norte como al centro con excelentes accesos tanto en auto como en transporte publico. Cercanía inmediata a universidades, centros de salud, gimnasios, atracciones culturales y la mejor oferta gastronómica de la zonaContrafrente silencioso y con vista abierta. Estado: Pintado y listo para mudarse. Condiciones de Ingreso: Mes de adelanto. Mes de depósito. Seguro de Caución. Ingresos en Blanco Comprobables. agenda ya tu visita! Tu primer hogar te espera!", "Precio": 700000, "Expensas": 118500.0, "Direccion": "Arcos al 2700 | Belgrano", "Metros_Totales": 34.0, "Ambientes": 2.0, "Dormitorios": 1.0, "Baños": null, "URL": "https://www.zonaprop.com.ar/propiedades/clasificado/alclapin-dos-ambientes-alquiler-belgrano-58373658.html?n_src=Listado&n_pills=Aire+acondicionado&n_pg=1&n_pos=22", "Bajo_Precio": "False", "Cocheras": 0, "Etiqueta_Destacado": "Super destacado", "Porcentaje_Rebaja": null, "Metros_Cubiertos": null, "Antiguedad": null, "Descripcion_Breve": null, "Visitas_Count": null, "Visto_Estado": null, "Fecha_Publicacion": null, "Inmobiliaria": null, "lat": -34.5620844, "lon": -58.4566864, "Barrio_Geo": "Belgrano", "snap_warning": false, "distancia_m_gym": 242, "cant_gym": 8, "distancia_m_subte": 0, "cant_subte": 4, "distancia_m_parque": 1419, "cant_parque": 1, "distancia_m_plaza": 108, "cant_plaza": 13, "costo_total": 818500, "dist_verde_final": 108, "apto_scoring": true, "segmento": "2amb", "costo_total_norm": 49.124423963133644, "distancia_m_subte_norm": 100.0, "dist_verde_final_norm": 89.665071770334933, "distancia_m_gym_norm": 87.615148413510752, "Score": 76.344298780671522, "REVISION": "DESCARTADO", "FECHA_DETECCION": "2026-03-09" }, "geometry": { "type": "Point", "coordinates": [ -58.4566864, -34.5620844 ] } },
{ "type": "Feature", "properties": { "Portal": "zonaprop", "Barrio": "Belgrano", "Tipo": "Departamento", "Titulo": "Departamento en segudo piso por escalera Interno, muy luminoso en muy buen estado, lavadero separado, living comedor, cocina y dormitorio con placar. Condiciones: Dos meses de depósito, mes por adelantado, garantía de caba o seguro de caución, incremento trimestral por ipc. Matricula cucicba Nº 1159. Valor mensual: $580. 000 Expensas: $65. 0000", "Precio": 580000, "Expensas": 65000.0, "Direccion": "Plaza 2300", "Metros_Totales": 40.0, "Ambientes": 2.0, "Dormitorios": 1.0, "Baños": null, "URL": "https://www.zonaprop.com.ar/propiedades/clasificado/alclapin-departamento-en-alquiler-en-belgrano-r-capital-58282328.html?n_src=Listado&n_pills=Lavadero&n_pg=1&n_pos=23", "Bajo_Precio": "False", "Cocheras": 0, "Etiqueta_Destacado": "Super destacado", "Porcentaje_Rebaja": null, "Metros_Cubiertos": null, "Antiguedad": null, "Descripcion_Breve": null, "Visitas_Count": null, "Visto_Estado": null, "Fecha_Publicacion": null, "Inmobiliaria": null, "lat": -34.5701853, "lon": -58.4747019, "Barrio_Geo": "Villa Urquiza", "snap_warning": false, "distancia_m_gym": 1083, "cant_gym": 4, "distancia_m_subte": 1215, "cant_subte": 4, "distancia_m_parque": 1500, "cant_parque": 0, "distancia_m_plaza": 333, "cant_plaza": 17, "costo_total": 645000, "dist_verde_final": 333, "apto_scoring": true, "segmento": "2amb", "costo_total_norm": 81.105990783410135, "distancia_m_subte_norm": 35.714285714285708, "dist_verde_final_norm": 68.133971291866033, "distancia_m_gym_norm": 44.575230296827016, "Score": 61.240999315705679, "REVISION": "DESCARTADO", "FECHA_DETECCION": "2026-03-09" }, "geometry": { "type": "Point", "coordinates": [ -58.4747019, -34.5701853 ] } },
{ "type": "Feature", "properties": { "Portal": "zonaprop", "Barrio": "Belgrano", "Tipo": "Departamento", "Titulo": "Alquiler 2 Ambientes Amoblado | Balcón al frente. Vista verde y arbolada | Barrancas de Belgranoapto profesionalexcelente departamento de 2 ambientes totalmente amoblado, ubicado en el 5° piso al frente sobre Av. Cramer, esquina Virrey del Pino y Virrey Avilés, con una vista abierta y privilegiada a la plazoleta Portugal. La unidad cuenta con aproximadamente 41 m² muy bien distribuidos y se destaca por su ventilación cruzada, un diferencial clave en confort y calidad de aire. El living-comedor se orienta al frente con salida a balcón y vista verde abierta, mientras que el dormitorio y la cocina dan al pulmón de manzana, lo que garantiza excelente circulación de aire y luz natural durante todo el día. Características: • 2 ambientes• 1 dormitorio• 1 baño completo con bañadera• Cocina completa equipada• Lavarropas• Microondas• Aire acondicionado en living• Radiador en estar• Ventilador en dormitorio• Entrada de servicio• Totalmente amoblado• No posee cochera• Apto Mascota• Apto profesionalCondiciones• Contrato residencial 24 meses• Garantía propietaria o seguro de caución• Ingresos comprobables• 1 mes de DepósitoDepartamento funcional, luminoso y muy bien ubicado, ideal para quienes buscan confort, buena ventilación y entorno verde en una de las zonas más lindas de Belgrano. Consultanos!", "Precio": 780000, "Expensas": 260000.0, "Direccion": "Cramer al 1600", "Metros_Totales": 40.0, "Ambientes": 2.0, "Dormitorios": 1.0, "Baños": 1.0, "URL": "https://www.zonaprop.com.ar/propiedades/clasificado/alclapin-alquiler-departamento-2-ambientes-amoblado-belgrano-r-58430573.html?n_src=Listado&n_pills=Aire+acondicionado&n_pg=1&n_pos=25", "Bajo_Precio": "False", "Cocheras": 0, "Etiqueta_Destacado": "Super destacado", "Porcentaje_Rebaja": null, "Metros_Cubiertos": null, "Antiguedad": null, "Descripcion_Breve": null, "Visitas_Count": null, "Visto_Estado": null, "Fecha_Publicacion": null, "Inmobiliaria": null, "lat": -34.575268, "lon": -58.4068444, "Barrio_Geo": "Palermo", "snap_warning": false, "distancia_m_gym": 537, "cant_gym": 10, "distancia_m_subte": 1580, "cant_subte": 5, "distancia_m_parque": 1043, "cant_parque": 4, "distancia_m_plaza": 118, "cant_plaza": 38, "costo_total": 1040000, "dist_verde_final": 118, "apto_scoring": true, "segmento": "2amb", "costo_total_norm": 8.2949308755760285, "distancia_m_subte_norm": 16.402116402116405, "dist_verde_final_norm": 88.708133971291872, "distancia_m_gym_norm": 72.517911975434998, "Score": 33.232025262667207, "REVISION": null, "FECHA_DETECCION": "2026-02-26" }, "geometry": { "type": "Point", "coordinates": [ -58.4068444, -34.575268 ] } },
{ "type": "Feature", "properties": { "Portal": "zonaprop", "Barrio": "Belgrano", "Tipo": "Departamento", "Titulo": "Departamento de 2 ambientes. 36m2. Aproximados. Lateral Servicios: Calefacción por losa radiante. Agua caliente por calefón. Muy Luminoso. Edificio de 15 Pisos 6 departamentos por piso- grupo electrógeno- 2 ascensores. detalle: Living-Comedor de 5 x 3 balcón francés. Hall distribución. 1 Dormitorio de 3 x 3 con placard – piso parquet. Baño completo. Cocina de 2. 50 x 2 mesada de mármol muebles bajo mesada instalación para lavarropa. Piso granito. Propiedad no apta para personas con movilidad reducida. Sergio Arias mat 81. Para los casos de alquiler de vivienda, el monto máximo de comisión que se le puede requerir a los propietarios será el equivalente a l cuatro con quince centésimos por ciento (4. 15%) del valor total del respectivo contrato. Se encuentra prohibido cobrar a los inquilinos que sean personas físicas comisione inmobiliarias y gastos de gestoría de informes", "Precio": 650000, "Expensas": null, "Direccion": "Olazábal 3215", "Metros_Totales": 36.0, "Ambientes": 2.0, "Dormitorios": 1.0, "Baños": 1.0, "URL": "https://www.zonaprop.com.ar/propiedades/clasificado/alclapin-belgrano-r-2-ambientes-muy-luminoso-52089794.html?n_src=Listado&n_pg=1&n_pos=26", "Bajo_Precio": "False", "Cocheras": 0, "Etiqueta_Destacado": "Super destacado", "Porcentaje_Rebaja": null, "Metros_Cubiertos": null, "Antiguedad": null, "Descripcion_Breve": null, "Visitas_Count": null, "Visto_Estado": null, "Fecha_Publicacion": null, "Inmobiliaria": null, "lat": -34.5646216, "lon": -58.466601, "Barrio_Geo": "Belgrano", "snap_warning": false, "distancia_m_gym": 1002, "cant_gym": 5, "distancia_m_subte": 1123, "cant_subte": 3, "distancia_m_parque": 1951, "cant_parque": 2, "distancia_m_plaza": 241, "cant_plaza": 17, "costo_total": 650000, "dist_verde_final": 241, "apto_scoring": false, "segmento": "2amb", "costo_total_norm": null, "distancia_m_subte_norm": null, "dist_verde_final_norm": null, "distancia_m_gym_norm": null, "Score": null, "REVISION": null, "FECHA_DETECCION": "2026-02-16" }, "geometry": { "type": "Point", "coordinates": [ -58.466601, -34.5646216 ] } },
{ "type": "Feature", "properties": { "Portal": "zonaprop", "Barrio": "Belgrano", "Tipo": "Departamento", "Titulo": "_ Departamento de un dormitorio en alquiler ubicado sobre calle Montañeses entre La Pampa y Sucre (Belgrano, Ciudad Autónoma de Buenos Aires). Desarrollado en segundo piso por ascensor, con disposición lateral y orientación al este. _ El mismo posee cocina equipada con muebles sobre y bajo mesada, living comedor, un dormitorio con placard empotrado y un baño completo. Luminoso, cuenta con muy buena ventilación natural. _ La propiedad tiene una superficie total de aproximadamente 43mts2 cubiertos. _ Las expensas al 17/12/2025 son de aproximadamente $150. 000. Yacoub | Construimos ConfianzaInnovación | Calidad | Sustentabilidad | Diseño70 Mil Metros Cuadrados | 23 TorresLa información descripta en el presente aviso es meramente orientativa y no forma parte de ningún tipo de documentación contractual. Los datos enunciados fueron proporcionados por los propietarios y pueden arrojar inexactitudes, las superficies definitivas surgirán del título de propiedad del inmueble referido. Se deja constancia de que los valores y/o expensas pueden estar sujetas a verificación o ajuste. Lo que estás buscando lo tenemos | Estés Donde EstésVendemos en Todos Lados.", "Precio": 750000, "Expensas": 150000.0, "Direccion": "Montañeses 1800 e/ La Pampa y Sucre", "Metros_Totales": 43.0, "Ambientes": 2.0, "Dormitorios": 1.0, "Baños": 1.0, "URL": "https://www.zonaprop.com.ar/propiedades/clasificado/alclapin-departamento-en-alquiler-1-dormitorio-1-bano-57919982.html?n_src=Listado&n_pills=Luminoso&n_pg=1&n_pos=27", "Bajo_Precio": "False", "Cocheras": 0, "Etiqueta_Destacado": "Destacado", "Porcentaje_Rebaja": null, "Metros_Cubiertos": null, "Antiguedad": null, "Descripcion_Breve": null, "Visitas_Count": null, "Visto_Estado": null, "Fecha_Publicacion": null, "Inmobiliaria": null, "lat": -34.5600874, "lon": -58.4464071, "Barrio_Geo": "Belgrano", "snap_warning": false, "distancia_m_gym": 391, "cant_gym": 12, "distancia_m_subte": 1092, "cant_subte": 4, "distancia_m_parque": 1630, "cant_parque": 4, "distancia_m_plaza": 351, "cant_plaza": 20, "costo_total": 900000, "dist_verde_final": 351, "apto_scoring": true, "segmento": "2amb", "costo_total_norm": 34.10138248847926, "distancia_m_subte_norm": 42.222222222222229, "dist_verde_final_norm": 66.411483253588514, "distancia_m_gym_norm": 79.989764585465707, "Score": 47.588492771322649, "REVISION": null, "FECHA_DETECCION": "2026-03-01" }, "geometry": { "type": "Point", "coordinates": [ -58.4464071, -34.5600874 ] } },
{ "type": "Feature", "properties": { "Portal": "zonaprop", "Barrio": "Belgrano", "Tipo": "Departamento", "Titulo": "_ Departamento de un dormitorio en alquiler ubicado sobre Avenida Cabildo entre Rivera y Ugarte (La Plata, Buenos Aires). Desarrollado en tercer piso por ascensor, con disposición contra frente y orientación al sur. _ El mismo posee cocina equipada con muebles sobre y bajo mesada, living comedor, un dormitorio con placard empotrado y un baño completo. Luminoso, cuenta con muy buena ventilación natural. _ La propiedad tiene una superficie total de aproximadamente 53mts2 cubiertos. _ Las expensas al 22/01/2026 son de aproximadamente $220. 000. Yacoub | Construimos ConfianzaInnovación | Calidad | Sustentabilidad | Diseño70 Mil Metros Cuadrados | 23 TorresLa información descripta en el presente aviso es meramente orientativa y no forma parte de ningún tipo de documentación contractual. Los datos enunciados fueron proporcionados por los propietarios y pueden arrojar inexactitudes, las superficies definitivas surgirán del título de propiedad del inmueble referido. Se deja constancia de que los valores y/o expensas pueden estar sujetas a verificación o ajuste. Lo que estás buscando lo tenemos | Estés Donde EstésVendemos en Todos Lados.", "Precio": 670000, "Expensas": 220000.0, "Direccion": "_ Departamento de un dormitorio en alquiler ubicado sobre Avenida Cabildo entre Rivera y Ugarte (La Plata, Buenos Aires). Desarrollado en tercer piso por ascensor, con disposición contra frente y orientación al sur. _ El mismo posee cocina equipada con muebles sobre y bajo mesada, living comedor, un dormitorio con placard empotrado y un baño completo. Luminoso, cuenta con muy buena ventilación natural. _ La propiedad tiene una superficie total de aproximadamente 53mts2 cubiertos. _ Las expensas al 22/01/2026 son de aproximadamente $220. 000. Yacoub | Construimos ConfianzaInnovación | Calidad | Sustentabilidad | Diseño70 Mil Metros Cuadrados | 23 TorresLa información descripta en el presente aviso es meramente orientativa y no forma parte de ningún tipo de documentación contractual. Los datos enunciados fueron proporcionados por los propietarios y pueden arrojar inexactitudes, las superficies definitivas surgirán del título de propiedad del inmueble referido. Se deja constancia de que los valores y/o expensas pueden estar sujetas a verificación o ajuste. Lo que estás buscando lo tenemos | Estés Donde EstésVendemos en Todos Lados.", "Metros_Totales": 53.0, "Ambientes": 2.0, "Dormitorios": 1.0, "Baños": 1.0, "URL": "https://www.zonaprop.com.ar/propiedades/clasificado/alclapin-departamento-en-alquiler-1-dormitorio-1-bano-58172739.html?n_src=Listado&n_pills=Lavadero&n_pg=1&n_pos=28", "Bajo_Precio": "False", "Cocheras": 0, "Etiqueta_Destacado": "Destacado", "Porcentaje_Rebaja": null, "Metros_Cubiertos": null, "Antiguedad": null, "Descripcion_Breve": null, "Visitas_Count": null, "Visto_Estado": null, "Fecha_Publicacion": null, "Inmobiliaria": null, "lat": -34.559164, "lon": -58.4590202, "Barrio_Geo": "Belgrano", "snap_warning": false, "distancia_m_gym": 238, "cant_gym": 6, "distancia_m_subte": 381, "cant_subte": 4, "distancia_m_parque": 1801, "cant_parque": 1, "distancia_m_plaza": 464, "cant_plaza": 17, "costo_total": 890000, "dist_verde_final": 464, "apto_scoring": true, "segmento": "2amb", "costo_total_norm": 35.944700460829495, "distancia_m_subte_norm": 79.841269841269849, "dist_verde_final_norm": 55.598086124401917, "distancia_m_gym_norm": 87.819856704196525, "Score": 58.231864032012787, "REVISION": null, "FECHA_DETECCION": "2026-03-01" }, "geometry": { "type": "Point", "coordinates": [ -58.4590202, -34.559164 ] } },
{ "type": "Feature", "properties": { "Portal": "zonaprop", "Barrio": "Belgrano", "Tipo": "Departamento", "Titulo": "Olazabal al 2500. proximo A cabildo Y subte. departamento lateral sin balcon muy luminoso. living comedor condos ventanas. dormitorio con placard. baño completo con ventilacion. cocina independiente con conexion lavarropas. condiciones: contrato 24 meses con ajuste trimestral. garantia caba O finaer Y constancias de ingresos demostrables", "Precio": 600000, "Expensas": 180000.0, "Direccion": "OLAZABAL 2500", "Metros_Totales": 36.0, "Ambientes": 2.0, "Dormitorios": 1.0, "Baños": 1.0, "URL": "https://www.zonaprop.com.ar/propiedades/clasificado/alclapin-dos-ambientes-en-belgrano-52806587.html?n_src=Listado&n_pg=1&n_pos=13", "Bajo_Precio": "True", "Cocheras": 0, "Etiqueta_Destacado": "Super destacado", "Porcentaje_Rebaja": "7%", "Metros_Cubiertos": null, "Antiguedad": null, "Descripcion_Breve": null, "Visitas_Count": null, "Visto_Estado": null, "Fecha_Publicacion": null, "Inmobiliaria": null, "lat": -34.5604762, "lon": -58.4590587, "Barrio_Geo": "Belgrano", "snap_warning": false, "distancia_m_gym": 255, "cant_gym": 7, "distancia_m_subte": 365, "cant_subte": 4, "distancia_m_parque": 1563, "cant_parque": 1, "distancia_m_plaza": 226, "cant_plaza": 17, "costo_total": 780000, "dist_verde_final": 226, "apto_scoring": true, "segmento": "2amb", "costo_total_norm": 56.221198156682028, "distancia_m_subte_norm": 80.687830687830683, "dist_verde_final_norm": 78.373205741626791, "distancia_m_gym_norm": 86.949846468781985, "Score": 71.064454264225574, "REVISION": null, "FECHA_DETECCION": "2026-03-09" }, "geometry": { "type": "Point", "coordinates": [ -58.4590587, -34.5604762 ] } },
{ "type": "Feature", "properties": { "Portal": "argenprop", "Barrio": "Villa Urquiza", "Tipo": "Departamento", "Titulo": "Departamento en alquiler en Urquiza R", "Precio": 670000, "Expensas": 134000.0, "Direccion": "AVENIDA OLAZABAL 4800, Piso 7", "Metros_Totales": null, "Ambientes": 2.0, "Dormitorios": 1.0, "Baños": 1.0, "URL": "https://www.argenprop.com/departamento-en-alquiler-en-urquiza-r-2-ambientes--18827204", "Bajo_Precio": null, "Cocheras": 0, "Etiqueta_Destacado": null, "Porcentaje_Rebaja": null, "Metros_Cubiertos": 40.0, "Antiguedad": null, "Descripcion_Breve": "Departamento dos ambientes con excelente ubicacion. Cercania al centro comercial villa urquiza, subte, tren mitre suarez - retiro. Lineas de colectivo 133,114,71,127,140, etc. Condiciones garantía propietaria de caba -ingresos demostrables- sin mascotas para los casos de alquiler de vivienda, el monto máximo de comisión que se le puede requerir a los propietarios será el equivalente al 4,15% del valor total del respectivo contrato. Se encuentra prohibido cobrar a los inquilinos que sean personas físicas comisiones inmobiliarias y gastos de gestoría de informes. Ley 5115 excepto que en la descripción de la propiedad se indique lo contrario, el edificio puede no contar con rampa para personas con movilidad reducida, y no ser accesible para `personas con discapacidades físicas.", "Visitas_Count": 100.0, "Visto_Estado": "Visto", "Fecha_Publicacion": null, "Inmobiliaria": null, "lat": -34.5748168, "lon": -58.4827003, "Barrio_Geo": "Villa Urquiza", "snap_warning": false, "distancia_m_gym": 288, "cant_gym": 4, "distancia_m_subte": 394, "cant_subte": 4, "distancia_m_parque": 1500, "cant_parque": 0, "distancia_m_plaza": 422, "cant_plaza": 14, "costo_total": 804000, "dist_verde_final": 422, "apto_scoring": true, "segmento": "2amb", "costo_total_norm": 51.79723502304148, "distancia_m_subte_norm": 79.153439153439152, "dist_verde_final_norm": 59.617224880382771, "distancia_m_gym_norm": 85.261003070624355, "Score": 64.914471038387319, "REVISION": null, "FECHA_DETECCION": "2026-02-23" }, "geometry": { "type": "Point", "coordinates": [ -58.4827003, -34.5748168 ] } },
{ "type": "Feature", "properties": { "Portal": "argenprop", "Barrio": "Recoleta", "Tipo": "Departamento", "Titulo": "Monoambiente muy luminoso con amplio placard", "Precio": 600000, "Expensas": 190000.0, "Direccion": "Paraguay 1500, Piso 6", "Metros_Totales": null, "Ambientes": null, "Dormitorios": null, "Baños": 1.0, "URL": "https://www.argenprop.com/departamento-en-alquiler-en-recoleta-1-ambiente--19077435", "Bajo_Precio": null, "Cocheras": 0, "Etiqueta_Destacado": null, "Porcentaje_Rebaja": null, "Metros_Cubiertos": 36.0, "Antiguedad": null, "Descripcion_Breve": "Alquiler monoambiente -sin muebles- de 40m frente en recoleta disponible en marzo 2026 monoambiente amplio. Muy luminoso, ubicado en recoleta, con fácil acceso a múltiples líneas de colectivos y cercanía a líneas de subte b y d. Pisos de madera flotante y herrajes e iluminación de categoría. Ambiente grande con amplio placard de cuatro puertas corredizas y kitchenette, 2 hornallas eléctricas. Baño completo con bañera. Sistema split de climatización (frío - calor) cualquier inquietud a disposición. No es amueblado. Ajuste trimestral por icl. Depósito en garantía. Garantía propietaria caba o seguro de caución/financiero. \"Las medidas, superficies, antigüedad y expensas consignadas en la presente son aproximadas; y al solo efecto orientativo. Los datos definitivos son los que surgirán del titulo de la propiedad y de los comprobantes respaldatorios.\" Cucicba nº 6174.-", "Visitas_Count": 42.0, "Visto_Estado": "Visto", "Fecha_Publicacion": null, "Inmobiliaria": null, "lat": -34.5984988, "lon": -58.3880681, "Barrio_Geo": "Recoleta", "snap_warning": false, "distancia_m_gym": 275, "cant_gym": 17, "distancia_m_subte": 547, "cant_subte": 24, "distancia_m_parque": 1708, "cant_parque": 1, "distancia_m_plaza": 461, "cant_plaza": 30, "costo_total": 790000, "dist_verde_final": 461, "apto_scoring": true, "segmento": "sin_datos", "costo_total_norm": 34.4578313253012, "distancia_m_subte_norm": 71.525247267048414, "dist_verde_final_norm": 58.765652951699465, "distancia_m_gym_norm": 84.756097560975604, "Score": 55.469447056672458, "REVISION": null, "FECHA_DETECCION": "2026-03-01" }, "geometry": { "type": "Point", "coordinates": [ -58.3880681, -34.5984988 ] } },
{ "type": "Feature", "properties": { "Portal": "argenprop", "Barrio": "Recoleta", "Tipo": "Departamento", "Titulo": "Av. Las Heras y Uriburu", "Precio": 700000, "Expensas": 168000.0, "Direccion": "Av. Las Heras 2100, Piso 5", "Metros_Totales": null, "Ambientes": 2.0, "Dormitorios": 1.0, "Baños": null, "URL": "https://www.argenprop.com/departamento-en-alquiler-en-recoleta-2-ambientes--18926763", "Bajo_Precio": null, "Cocheras": 0, "Etiqueta_Destacado": null, "Porcentaje_Rebaja": null, "Metros_Cubiertos": 3552.0, "Antiguedad": 65.0, "Descripcion_Breve": "Departamento de dos ambientes en recoleta. Muy luminoso, excelente ubicación a metros del recoleta urban mall. Living comedor al contrafrente con vista al cementerio, pequeña cocina separada. División del living resuelta con pared de durlock. Un baño completo en dormitorio. La unidad cuenta con 35,52 m2 totales y cubiertos calefacción central por losa radiante y agua central. Las medidas informadas son aproximadas y orientativas. Las medidas exactas surgirán del título de propiedad. \"Para los casos de alquiler de vivienda, el monto máximo de comisión que se le puede requerir a los propietarios será el equivalente al cuatro con quince centésimos por ciento (4,15%) del valor total del respectivo contrato. Se encuentra prohibido cobrar a los inquilinos que sean personas físicas comisiones inmobiliarias y gastos de gestoría de informes.\"", "Visitas_Count": 20.0, "Visto_Estado": "Visto", "Fecha_Publicacion": null, "Inmobiliaria": null, "lat": -34.5895246, "lon": -58.3949546, "Barrio_Geo": "Recoleta", "snap_warning": false, "distancia_m_gym": 756, "cant_gym": 13, "distancia_m_subte": 295, "cant_subte": 14, "distancia_m_parque": 1011, "cant_parque": 2, "distancia_m_plaza": 235, "cant_plaza": 34, "costo_total": 868000, "dist_verde_final": 235, "apto_scoring": true, "segmento": "2amb", "costo_total_norm": 40.0, "distancia_m_subte_norm": 84.391534391534393, "dist_verde_final_norm": 77.511961722488039, "distancia_m_gym_norm": 61.310133060388942, "Score": 62.950865967996819, "REVISION": null, "FECHA_DETECCION": "2026-03-01" }, "geometry": { "type": "Point", "coordinates": [ -58.3949546, -34.5895246 ] } },
{ "type": "Feature", "properties": { "Portal": "argenprop", "Barrio": "Recoleta", "Tipo": "Departamento", "Titulo": "Departamento 2 amb. excelente ubicación a metros Av Santa Fe", "Precio": 600000, "Expensas": 86000.0, "Direccion": "Arenales 2300", "Metros_Totales": null, "Ambientes": 2.0, "Dormitorios": 1.0, "Baños": null, "URL": "https://www.argenprop.com/departamento-en-alquiler-en-recoleta-2-ambientes--18789863", "Bajo_Precio": null, "Cocheras": 0, "Etiqueta_Destacado": null, "Porcentaje_Rebaja": null, "Metros_Cubiertos": 30.0, "Antiguedad": 50.0, "Descripcion_Breve": "Departamento de 2 ambientes (sin muebles) ubicado en una excelente zona de recoleta a metros de av pueyrredon y av santa fe. Excelente conectividad gracias a su cercania con el subte lineas d y h, numerosas líneas de colectivos, comercios, sanatorios y centros educativos. La unidad se encuentra en un sexto piso es interna y muy silenciosa. Cuenta con: -cocina con horno a gas y calefón -living comedor con pisos de parquet y balcón francés -dormitorio con placard, ventana y persiana -baño completo con ventilación natural - bajas expensas $86.000 sin muebles ideal para quienes buscan comodidad y buena conectividad tanto para trabajar como para estudiar. No dudes en contactarme", "Visitas_Count": 1.0, "Visto_Estado": "Visto", "Fecha_Publicacion": null, "Inmobiliaria": null, "lat": -34.5942439, "lon": -58.3994173, "Barrio_Geo": "Recoleta", "snap_warning": false, "distancia_m_gym": 470, "cant_gym": 17, "distancia_m_subte": 352, "cant_subte": 15, "distancia_m_parque": 1628, "cant_parque": 2, "distancia_m_plaza": 618, "cant_plaza": 32, "costo_total": 686000, "dist_verde_final": 618, "apto_scoring": true, "segmento": "2amb", "costo_total_norm": 73.548387096774192, "distancia_m_subte_norm": 81.37566137566138, "dist_verde_final_norm": 40.861244019138752, "distancia_m_gym_norm": 75.946775844421694, "Score": 69.598979639678021, "REVISION": "DESCARTADO", "FECHA_DETECCION": "2026-03-09" }, "geometry": { "type": "Point", "coordinates": [ -58.3994173, -34.5942439 ] } },
{ "type": "Feature", "properties": { "Portal": "argenprop", "Barrio": "Recoleta", "Tipo": "Departamento", "Titulo": "Alquiler de Excelente Departamento Monoambiente de 35 m² Aya", "Precio": 750000, "Expensas": 150000.0, "Direccion": "Ayacuhco 1400", "Metros_Totales": null, "Ambientes": null, "Dormitorios": null, "Baños": 1.0, "URL": "https://www.argenprop.com/departamento-en-alquiler-en-recoleta-1-ambiente--18916517", "Bajo_Precio": null, "Cocheras": 0, "Etiqueta_Destacado": null, "Porcentaje_Rebaja": null, "Metros_Cubiertos": 35.0, "Antiguedad": 4.0, "Descripcion_Breve": "Departamento en alquiler en recoleta, ideal para quienes buscan confort y funcionalidad. Ubicado en una zona estratégica, este departamento de 35 m² construidos (38 m² totales) ofrece un ambiente acogedor y bien distribuido. El interior cuenta con 1 dormitorio y 1 baño, un living comedor integrado que maximiza el espacio y la luminosidad gracias a su disposició contrafrente abierto. La cocina está equipada para satisfacer tus necesidades diarias, además dispone de conexión para lavarropas y aire acondicionado. El edifico cuenta con amenities laundry, zoom, parrilla, solarium y yacusi. Recoleta es una zona residencial y comercial que ofrece una amplia gama de servicios. Encontrarás supermercados, farmacias y bancos a pocos minutos. Además, la zona cuenta con excelentes opciones de transporte público y fácil acceso a las principales avenidas. Para tu tiempo libre, podrás disfrutar de parques, restaurantes y centros culturales.", "Visitas_Count": 1.0, "Visto_Estado": "Visto", "Fecha_Publicacion": null, "Inmobiliaria": null, "lat": -34.5925827, "lon": -58.3951745, "Barrio_Geo": "Recoleta", "snap_warning": false, "distancia_m_gym": 368, "cant_gym": 17, "distancia_m_subte": 768, "cant_subte": 14, "distancia_m_parque": 1038, "cant_parque": 2, "distancia_m_plaza": 511, "cant_plaza": 33, "costo_total": 900000, "dist_verde_final": 511, "apto_scoring": true, "segmento": "sin_datos", "costo_total_norm": 7.9518072289156692, "distancia_m_subte_norm": 60.020822488287351, "dist_verde_final_norm": 54.293381037567087, "distancia_m_gym_norm": 79.600886917960082, "Score": 40.005734537361903, "REVISION": null, "FECHA_DETECCION": "2026-03-09" }, "geometry": { "type": "Point", "coordinates": [ -58.3951745, -34.5925827 ] } },
{ "type": "Feature", "properties": { "Portal": "argenprop", "Barrio": "Recoleta", "Tipo": "Departamento", "Titulo": "Departamento - Alquiler - Argentina, Capital Federal - Pacheco de Melo 2534", "Precio": 500000, "Expensas": 160000.0, "Direccion": "Pacheco de Melo 2500, Piso 3", "Metros_Totales": null, "Ambientes": null, "Dormitorios": null, "Baños": 1.0, "URL": "https://www.argenprop.com/departamento-en-alquiler-en-recoleta-1-ambiente--19078869", "Bajo_Precio": null, "Cocheras": 0, "Etiqueta_Destacado": null, "Porcentaje_Rebaja": null, "Metros_Cubiertos": 30.0, "Antiguedad": 42.0, "Descripcion_Breve": "Alquiler de departamento monoambiente en barrio norte, capital federal departamento de un ambiente divisible. Apto profesional. Amplio placard. Cocina con barra tipo americana. Luminoso. Excelente estado. Equipo de aire de pared. Contrato por 1 año. Lepore propiedades / c. Propiedades s.A. Cuit : -9 c.U.C.I.C.B.A. Matrícula nº 1207 (sucursal recoleta) aviso legal: las descripciones arquitectónicas y funcionales, valores de expensas y/o gastos comunes, impuestos y servicios, fotos y medidas de este inmueble son aproximados. Los datos fueron proporcionados por el propietario y pueden no estar actualizados a la hora de la visualización de este aviso por lo cual pueden arrojar inexactitudes y discordancias con las que surgen de las facturas, títulos y planos legales del inmueble. El interesado deberá realizar las verificaciones respectivas con carácter previo a la realización de cualquier operación, requiriendo por sí o sus profesionales de confianza las copias necesarias de la documentación que corresponda.", "Visitas_Count": 1.0, "Visto_Estado": "Visto", "Fecha_Publicacion": null, "Inmobiliaria": null, "lat": -34.5878341, "lon": -58.399896, "Barrio_Geo": "Recoleta", "snap_warning": false, "distancia_m_gym": 892, "cant_gym": 16, "distancia_m_subte": 305, "cant_subte": 9, "distancia_m_parque": 942, "cant_parque": 2, "distancia_m_plaza": 226, "cant_plaza": 34, "costo_total": 660000, "dist_verde_final": 226, "apto_scoring": true, "segmento": "sin_datos", "costo_total_norm": 65.783132530120483, "distancia_m_subte_norm": 84.122852680895363, "dist_verde_final_norm": 79.78533094812164, "distancia_m_gym_norm": 50.554323725055433, "Score": 72.562607378446671, "REVISION": null, "FECHA_DETECCION": "2026-03-09" }, "geometry": { "type": "Point", "coordinates": [ -58.399896, -34.5878341 ] } },
{ "type": "Feature", "properties": { "Portal": "argenprop", "Barrio": "Recoleta", "Tipo": "Departamento", "Titulo": "DEPARTAMENTO 2 AMB EN ALQUILER RECOLETA", "Precio": 660000, "Expensas": 100000.0, "Direccion": "PEÑA 2100 , Piso 4", "Metros_Totales": null, "Ambientes": 2.0, "Dormitorios": 1.0, "Baños": 1.0, "URL": "https://www.argenprop.com/departamento-en-alquiler-en-recoleta-2-ambientes--19101692", "Bajo_Precio": null, "Cocheras": 0, "Etiqueta_Destacado": null, "Porcentaje_Rebaja": null, "Metros_Cubiertos": null, "Antiguedad": 46.0, "Descripcion_Breve": "Hermoso departamento dos ambientes en la mejor zona de recoleta consta de un dormitorio con placard, baño completo con bañera posee un living comedor y cocina completa a gas y termotanque electrico con area de lavado con conexion para lavarropas esta ubicado a dos cuadras de av las heras y dos cuadras de av callao estara disponible a partir del 1 de abril si desea coordinar visitas llamar o escribir directamente al whatsapp publicado marilyn inmuebles matricula cucicba 8794 - kp487670 - kpt030611 - - publicado usando kiteprop crm inmobiliario", "Visitas_Count": 1.0, "Visto_Estado": "Visto", "Fecha_Publicacion": null, "Inmobiliaria": null, "lat": -34.591976, "lon": -58.3960643, "Barrio_Geo": "Recoleta", "snap_warning": false, "distancia_m_gym": 505, "cant_gym": 17, "distancia_m_subte": 631, "cant_subte": 12, "distancia_m_parque": 1175, "cant_parque": 2, "distancia_m_plaza": 374, "cant_plaza": 33, "costo_total": 760000, "dist_verde_final": 374, "apto_scoring": true, "segmento": "2amb", "costo_total_norm": 59.907834101382491, "distancia_m_subte_norm": 66.613756613756607, "dist_verde_final_norm": 64.21052631578948, "distancia_m_gym_norm": 74.155578300921192, "Score": 64.204923717930001, "REVISION": null, "FECHA_DETECCION": "2026-03-09" }, "geometry": { "type": "Point", "coordinates": [ -58.3960643, -34.591976 ] } },
{ "type": "Feature", "properties": { "Portal": "argenprop", "Barrio": "Recoleta", "Tipo": "Departamento", "Titulo": "Zona Recoleta Mall/ facultad de ingenieria", "Precio": 730000, "Expensas": 200000.0, "Direccion": "Junin al 1500", "Metros_Totales": null, "Ambientes": null, "Dormitorios": 1.0, "Baños": null, "URL": "https://www.argenprop.com/departamento-en-alquiler-en-recoleta-2-ambientes--19111332", "Bajo_Precio": null, "Cocheras": 0, "Etiqueta_Destacado": null, "Porcentaje_Rebaja": null, "Metros_Cubiertos": 45.0, "Antiguedad": 45.0, "Descripcion_Breve": "Recoleta a pasos del recoleta mall ,plaza francia, facultad de ingeniería y subte h, entre otros. Super luminoso con pisos de porcelanatto, gran sector de cocina con barra y espacio de comedor, lavadero separado con 2 bacha. Dormitorio con placard y aire acondicionado. Agua caliente individual, calefacción por paneles individuales en living y dormitorio, persiana en dormitorio. La unidad tiene disposición interna pero muy luminoso y el aire y luz al que da esta en buenas condiciones y con la mayoría de ventanas vistas son de la misma propiedad que da al mismo espacio de ventilación. Se solicita garante de capital o amba o seguro de garantía", "Visitas_Count": 1.0, "Visto_Estado": "Visto", "Fecha_Publicacion": null, "Inmobiliaria": null, "lat": -34.5894736, "lon": -58.3952396, "Barrio_Geo": "Recoleta", "snap_warning": false, "distancia_m_gym": 756, "cant_gym": 13, "distancia_m_subte": 295, "cant_subte": 14, "distancia_m_parque": 1011, "cant_parque": 2, "distancia_m_plaza": 235, "cant_plaza": 34, "costo_total": 930000, "dist_verde_final": 235, "apto_scoring": true, "segmento": "sin_datos", "costo_total_norm": 0.72289156626506212, "distancia_m_subte_norm": 84.643414888079121, "dist_verde_final_norm": 78.980322003577811, "distancia_m_gym_norm": 58.093126385809313, "Score": 47.287558132226259, "REVISION": null, "FECHA_DETECCION": "2026-03-01" }, "geometry": { "type": "Point", "coordinates": [ -58.3952396, -34.5894736 ] } },
{ "type": "Feature", "properties": { "Portal": "argenprop", "Barrio": "Recoleta", "Tipo": "Departamento", "Titulo": "Monoambiente al contrafrente reciclado con frigobar", "Precio": 650000, "Expensas": 110000.0, "Direccion": "Talcahuano 1000, Piso 6", "Metros_Totales": null, "Ambientes": null, "Dormitorios": null, "Baños": 1.0, "URL": "https://www.argenprop.com/departamento-en-alquiler-en-recoleta-1-ambiente--12095993", "Bajo_Precio": null, "Cocheras": 0, "Etiqueta_Destacado": null, "Porcentaje_Rebaja": null, "Metros_Cubiertos": 25.0, "Antiguedad": 50.0, "Descripcion_Breve": "Monoambiente al contrafrente muy luminoso hecho a nuevo con frigobar", "Visitas_Count": 175.0, "Visto_Estado": "Visto", "Fecha_Publicacion": null, "Inmobiliaria": null, "lat": -34.5971029, "lon": -58.3857877, "Barrio_Geo": "Retiro", "snap_warning": false, "distancia_m_gym": 0, "cant_gym": 16, "distancia_m_subte": 512, "cant_subte": 24, "distancia_m_parque": 1560, "cant_parque": 1, "distancia_m_plaza": 401, "cant_plaza": 30, "costo_total": 760000, "dist_verde_final": 401, "apto_scoring": true, "segmento": "sin_datos", "costo_total_norm": 41.686746987951807, "distancia_m_subte_norm": 73.347214992191567, "dist_verde_final_norm": 64.13237924865831, "distancia_m_gym_norm": 100.0, "Score": 61.505339142569859, "REVISION": null, "FECHA_DETECCION": "2026-03-01" }, "geometry": { "type": "Point", "coordinates": [ -58.3857877, -34.5971029 ] } },
{ "type": "Feature", "properties": { "Portal": "argenprop", "Barrio": "Recoleta", "Tipo": "Departamento", "Titulo": "Departamento Monoambiente en Alquiler, Recoleta.", "Precio": 450000, "Expensas": 90000.0, "Direccion": "Charcas al 2800", "Metros_Totales": null, "Ambientes": null, "Dormitorios": null, "Baños": 1.0, "URL": "https://www.argenprop.com/departamento-en-alquiler-en-recoleta-1-ambiente--19097992", "Bajo_Precio": null, "Cocheras": 0, "Etiqueta_Destacado": null, "Porcentaje_Rebaja": null, "Metros_Cubiertos": 20.0, "Antiguedad": 40.0, "Descripcion_Breve": "Departamento monoambiente en alquiler, recoleta charcas al 2800 - ambiente único de aproximadamente 20 m2, funcional y bien distribuido - ubicado en 5 piso lateral, con buena ventilación y luminosidad natural - cocina integrada, práctica y de fácil mantenimiento - baño completo - ideal para estudiantes ubicación estratégica: - a metros de la facultad de medicina y la facultad de ciencias económicas (uba) - cercanía con líneas de subte d y h, facilitando el acceso a toda la ciudad - zona con amplia oferta comercial, gastronómica y de servicios *en el cumplimiento de la ley nacional 25.028, ley 22.802 de lealtad comercial.*Ley 24.240 de defensa al consumidor, las normas del código civil y comercial de la nación y constitucionales. Los agentes no ejercen el corretaje inmobiliario. *Ley 5859 - art. 4: \"para los casos de alquiler de vivienda, el monto máximo de comisión que se le puede requerir a los propietarios será el equivalente al cuatro con quince centésimos por ciento (4,15%) del valor total del contrato. Se encuentra prohibido cobrar a los inquilinos que sean personas físicas comisiones inmobiliarias y gastos de gestoría de informes. *Ley 5115 art. 1: el inmueble publicado no es accesible para personas con capacidades físicas reducidas. *Las medidas presentadas en esta publicación son aproximadas. Matrícula cucicba no623", "Visitas_Count": 1.0, "Visto_Estado": "Visto", "Fecha_Publicacion": null, "Inmobiliaria": null, "lat": -34.5872757, "lon": -58.4182875, "Barrio_Geo": "Palermo", "snap_warning": false, "distancia_m_gym": 687, "cant_gym": 12, "distancia_m_subte": 431, "cant_subte": 8, "distancia_m_parque": 1119, "cant_parque": 3, "distancia_m_plaza": 378, "cant_plaza": 18, "costo_total": 540000, "dist_verde_final": 378, "apto_scoring": true, "segmento": "sin_datos", "costo_total_norm": 94.698795180722897, "distancia_m_subte_norm": 77.563768870380017, "dist_verde_final_norm": 66.189624329159216, "distancia_m_gym_norm": 61.9179600886918, "Score": 80.578369608104182, "REVISION": null, "FECHA_DETECCION": "2026-03-09" }, "geometry": { "type": "Point", "coordinates": [ -58.4182875, -34.5872757 ] } },
{ "type": "Feature", "properties": { "Portal": "argenprop", "Barrio": "Recoleta", "Tipo": "Departamento", "Titulo": "Departamento - Barrio Norte", "Precio": 700000, "Expensas": 170000.0, "Direccion": "Laprida 1575 6° Piso", "Metros_Totales": null, "Ambientes": 2.0, "Dormitorios": 1.0, "Baños": null, "URL": "https://www.argenprop.com/departamento-en-alquiler-en-recoleta-2-ambientes--18187805", "Bajo_Precio": null, "Cocheras": 0, "Etiqueta_Destacado": null, "Porcentaje_Rebaja": null, "Metros_Cubiertos": 44.0, "Antiguedad": 35.0, "Descripcion_Breve": "Alquiler ubicado en una de las calles mas lindas de recoleta laprida al 1500. Depto. 2 ambientes con balcón al contra frente, linda luz natural. Dormitorio con vestidor, cocina, baño y pequeño ambiente escritorio. Para informes y visitas comunicarse al whatsapp gracias por contactarnos! Yacopino inmobiliarias matricula cucicba 5810 la unidad no es apta para personas con movilidad reducida yacopino inmobiliarias mas de 95 años de honestidad profesional", "Visitas_Count": 2.0, "Visto_Estado": "Visto", "Fecha_Publicacion": null, "Inmobiliaria": null, "lat": -34.5915074, "lon": -58.4044826, "Barrio_Geo": "Recoleta", "snap_warning": false, "distancia_m_gym": 405, "cant_gym": 14, "distancia_m_subte": 355, "cant_subte": 12, "distancia_m_parque": 1278, "cant_parque": 2, "distancia_m_plaza": 623, "cant_plaza": 32, "costo_total": 870000, "dist_verde_final": 623, "apto_scoring": true, "segmento": "2amb", "costo_total_norm": 39.63133640552995, "distancia_m_subte_norm": 81.216931216931215, "dist_verde_final_norm": 40.382775119617222, "distancia_m_gym_norm": 79.273285568065504, "Score": 56.221497508021343, "REVISION": null, "FECHA_DETECCION": "2026-02-16" }, "geometry": { "type": "Point", "coordinates": [ -58.4044826, -34.5915074 ] } },
{ "type": "Feature", "properties": { "Portal": "argenprop", "Barrio": "Recoleta", "Tipo": "Departamento", "Titulo": "Monoamb cocina indep Lum Pacheco de Melo 2500 a mts Subte", "Precio": 450000, "Expensas": 100000.0, "Direccion": "Pacheco De Melo 2500 , Piso 7", "Metros_Totales": null, "Ambientes": null, "Dormitorios": null, "Baños": 1.0, "URL": "https://www.argenprop.com/departamento-en-alquiler-en-recoleta-1-ambiente--18940088", "Bajo_Precio": null, "Cocheras": 0, "Etiqueta_Destacado": null, "Porcentaje_Rebaja": null, "Metros_Cubiertos": 25.0, "Antiguedad": 50.0, "Descripcion_Breve": "[Awnegocios-862] alquiler departamento monoambiente.Luminoso.Recoleta. Pacheco de melo 2500 entre laprida y agüero. Recoleta. Mono ambiente con cocina separada excelente ubicación. Luminoso. Alquiler mensual: $450.000.- Expensas: $100.000. .-Mas gastos ajuste trimestral x ipc. Edificio de 8 pisos, con dos ascensores, ubicado en el 7° piso, contra frente de 25m2., Abierto esto hace que sea muy luminoso desde la mañana hasta la tarde. Ventana con reja. Amplio ventanal. Placard de piso a techo con cajonera. Aure acondicionado frio/calor. Cocina separada, tras la puerta se encuentra un placard de una hoja, espacio para la heladera pero no para lavarropas bacha de acero inoxidable, mesada de granito, bajo mesada y alacena. Termo tanque eléctrico. Cocina a gas con horno y cuatro hornallas. Ventana ventila y da luz. Baño hecho a nuevo, con vanitory, ducha. Se encuentra a una cuadra y media de av. Pueyrredon, plaza, y a metros de la universidad de ingeniería. A dos cuadras de av. Las heras, htal. Rivadavia, biblioteca nacional. Embajada del paraguay. Cercano a facultad de derecho. En las av. Pueyrredon y av las heras se encuentra la boca del para facultad de medicina. No se aceptan mascotas. Requisitos alquiler 2 años demostración de ingresos seguro de caucion respaldar (consulte) 1 mes de deposito ajuste trimestral x ipc servicios: cloacas, gas depósito (meses): 1 impuestos a cargo de: inquilino agua a cargo de: inquilino observaciones: no apto para personas con movilidad reducida ley 5115 las medidas exactas surgen del titulo de propiedad. Las fotos son ilustrativas, de carácter no contractual el valor actual de las expensas es aproximado (sujeto a variaciones del consorcio) el precio del inmueble puede ser modificado. Toda información es a efecto orientativo . Se encuentra prohibido cobrar comisiones inmobiliarias y gastos de gestoría de informes a los inquilinos que sean personas físicas. Para los casos de alquiler de vivienda, el monto máximo de comisión que se le puede requerir a los propietarios será del 4,15% por ciento del valor total del contrato.", "Visitas_Count": 57.0, "Visto_Estado": "Visto", "Fecha_Publicacion": null, "Inmobiliaria": null, "lat": -34.5878341, "lon": -58.399896, "Barrio_Geo": "Recoleta", "snap_warning": false, "distancia_m_gym": 892, "cant_gym": 16, "distancia_m_subte": 305, "cant_subte": 9, "distancia_m_parque": 942, "cant_parque": 2, "distancia_m_plaza": 226, "cant_plaza": 34, "costo_total": 550000, "dist_verde_final": 226, "apto_scoring": true, "segmento": "sin_datos", "costo_total_norm": 92.289156626506028, "distancia_m_subte_norm": 84.122852680895363, "dist_verde_final_norm": 79.78533094812164, "distancia_m_gym_norm": 50.554323725055433, "Score": 83.165017017000906, "REVISION": null, "FECHA_DETECCION": "2026-03-01" }, "geometry": { "type": "Point", "coordinates": [ -58.399896, -34.5878341 ] } },
{ "type": "Feature", "properties": { "Portal": "argenprop", "Barrio": "Recoleta", "Tipo": "Departamento", "Titulo": "Departamento en alquiler en Recoleta", "Precio": 500000, "Expensas": 118000.0, "Direccion": "Av. Pres. Manuel Quintana 400, Piso 5", "Metros_Totales": null, "Ambientes": null, "Dormitorios": 1.0, "Baños": null, "URL": "https://www.argenprop.com/departamento-en-alquiler-en-recoleta-1-ambiente--18979558", "Bajo_Precio": null, "Cocheras": 0, "Etiqueta_Destacado": null, "Porcentaje_Rebaja": null, "Metros_Cubiertos": 20.0, "Antiguedad": 40.0, "Descripcion_Breve": "Excelente monoambiente en alquiler en una zona espectacular de recoleta. Este departamento de 20 m² se presenta como una opción funcional en un entorno urbano, con vistas a edificios y espacios abiertos desde su balcón. La unidad cuenta con un dormitorio y un baño, ofreciendo una distribución eficiente en un ambiente principal que integra el área de estar y la cocina equipada, con muebles bajo mesada y alacena. El baño está revestido en cerámicos y dispone de todos los artefactos necesarios. La superficie cubierta coincide con la superficie total, lo que garantiza el aprovechamiento completo del espacio interior. Las medidas publicadas son aproximadas, las reales surgirán del titulo de propiedad- ley 5115: inmueble sin accesibilidad- (matricula c.U.C.I.C.B.A. Nro. 689)", "Visitas_Count": 129.0, "Visto_Estado": "Visto", "Fecha_Publicacion": null, "Inmobiliaria": null, "lat": -34.5893168, "lon": -58.3889302, "Barrio_Geo": "Recoleta", "snap_warning": false, "distancia_m_gym": 772, "cant_gym": 12, "distancia_m_subte": 791, "cant_subte": 11, "distancia_m_parque": 503, "cant_parque": 1, "distancia_m_plaza": 324, "cant_plaza": 36, "costo_total": 618000, "dist_verde_final": 324, "apto_scoring": true, "segmento": "sin_datos", "costo_total_norm": 75.903614457831324, "distancia_m_subte_norm": 58.82352941176471, "dist_verde_final_norm": 71.019677996422189, "distancia_m_gym_norm": 57.206208425720625, "Score": 67.933061048518439, "REVISION": null, "FECHA_DETECCION": "2026-02-16" }, "geometry": { "type": "Point", "coordinates": [ -58.3889302, -34.5893168 ] } },
{ "type": "Feature", "properties": { "Portal": "argenprop", "Barrio": "Recoleta", "Tipo": "Departamento", "Titulo": "Departamento en alquiler en Recoleta", "Precio": 750000, "Expensas": 230000.0, "Direccion": "Juncal 1700, Piso 7", "Metros_Totales": null, "Ambientes": 3.0, "Dormitorios": 2.0, "Baños": null, "URL": "https://www.argenprop.com/departamento-en-alquiler-en-recoleta-3-ambientes--18551856", "Bajo_Precio": null, "Cocheras": 0, "Etiqueta_Destacado": null, "Porcentaje_Rebaja": null, "Metros_Cubiertos": 55.0, "Antiguedad": 30.0, "Descripcion_Breve": "Departamento de 3 ambientes muy liminoso, en buen estado, living comedor con pisos de parquet, (plastificando recientemente) 2 dormitorios (uno con aire acondicionado frio), con amplios placares, cocina completa y baño completo.- Todo enmuy buen estado.- Excelente zona.-", "Visitas_Count": 100.0, "Visto_Estado": "Visto", "Fecha_Publicacion": null, "Inmobiliaria": null, "lat": -34.5941618, "lon": -58.3917295, "Barrio_Geo": "Recoleta", "snap_warning": false, "distancia_m_gym": 106, "cant_gym": 17, "distancia_m_subte": 734, "cant_subte": 16, "distancia_m_parque": 1228, "cant_parque": 1, "distancia_m_plaza": 195, "cant_plaza": 36, "costo_total": 980000, "dist_verde_final": 195, "apto_scoring": true, "segmento": "3amb", "costo_total_norm": 6.9854597654981205, "distancia_m_subte_norm": 58.001561280249803, "dist_verde_final_norm": 78.571428571428569, "distancia_m_gym_norm": 100.0, "Score": 45.9089380045599, "REVISION": null, "FECHA_DETECCION": "2026-03-01" }, "geometry": { "type": "Point", "coordinates": [ -58.3917295, -34.5941618 ] } },
{ "type": "Feature", "properties": { "Portal": "argenprop", "Barrio": "Recoleta", "Tipo": "Departamento", "Titulo": "ALQ. 2 AMB. MUY LUMINOSO AL FRENTE CON BALCÓN", "Precio": 720000, "Expensas": 252000.0, "Direccion": "Larrea 1300, Piso 6", "Metros_Totales": null, "Ambientes": 2.0, "Dormitorios": 1.0, "Baños": null, "URL": "https://www.argenprop.com/departamento-en-alquiler-en-recoleta-2-ambientes--15188356", "Bajo_Precio": null, "Cocheras": 0, "Etiqueta_Destacado": null, "Porcentaje_Rebaja": null, "Metros_Cubiertos": 40.0, "Antiguedad": 50.0, "Descripcion_Breve": "Execelente departamento. Cercano av. Santa fe, av. Pueyrredón. Cercano a línea de subte \"d\" y linea \"h\". Zona de facultad.", "Visitas_Count": 100.0, "Visto_Estado": "Visto", "Fecha_Publicacion": null, "Inmobiliaria": null, "lat": -34.5918877, "lon": -58.4000036, "Barrio_Geo": "Recoleta", "snap_warning": false, "distancia_m_gym": 569, "cant_gym": 15, "distancia_m_subte": 446, "cant_subte": 12, "distancia_m_parque": 1541, "cant_parque": 2, "distancia_m_plaza": 318, "cant_plaza": 32, "costo_total": 972000, "dist_verde_final": 318, "apto_scoring": true, "segmento": "2amb", "costo_total_norm": 20.829493087557609, "distancia_m_subte_norm": 76.402116402116405, "dist_verde_final_norm": 69.569377990430624, "distancia_m_gym_norm": 70.880245649948819, "Score": 52.254332318738975, "REVISION": null, "FECHA_DETECCION": "2026-03-09" }, "geometry": { "type": "Point", "coordinates": [ -58.4000036, -34.5918877 ] } },
{ "type": "Feature", "properties": { "Portal": "argenprop", "Barrio": "Recoleta", "Tipo": "Departamento", "Titulo": "Monoambiente en Alquiler - Amenities - Rodriguez Peña 1700 - Recoleta.", "Precio": 750000, "Expensas": 150000.0, "Direccion": "Rodriguez Peña 1700, Piso 2", "Metros_Totales": null, "Ambientes": null, "Dormitorios": null, "Baños": 1.0, "URL": "https://www.argenprop.com/departamento-en-alquiler-en-recoleta-1-ambiente--19010448", "Bajo_Precio": null, "Cocheras": 0, "Etiqueta_Destacado": null, "Porcentaje_Rebaja": null, "Metros_Cubiertos": 35.0, "Antiguedad": 10.0, "Descripcion_Breve": "Monoambiente en piso 2 al frente. Luminoso. Baño completo. Aa frio/calor. Cocina eléctrica y conexión para lavarropas. Amenities . Gym ,laundry,totem. Ubicacion; a pocas cuadras de plaza francia. A 2 cuadras de av. Alvear. My buen acceso a salidas a prinicipales puntos de la ciudad. Requisitos : 2 meses de deposito si el departamento esta amoblado. 1 mes de deposito si el departamento no tiene muebles. 1 mes de adelanto garantía: seguro de caución . Certificados comerciales de todos los intervinientes en el contrato (inquilinos) isabel de marco propiedades. Opera con agentes matriculados en c.U.C.I.C.B.A. 4745.", "Visitas_Count": 100.0, "Visto_Estado": "Visto", "Fecha_Publicacion": null, "Inmobiliaria": null, "lat": -34.5907222, "lon": -58.3889046, "Barrio_Geo": "Recoleta", "snap_warning": false, "distancia_m_gym": 569, "cant_gym": 12, "distancia_m_subte": 1036, "cant_subte": 15, "distancia_m_parque": 768, "cant_parque": 1, "distancia_m_plaza": 482, "cant_plaza": 35, "costo_total": 900000, "dist_verde_final": 482, "apto_scoring": true, "segmento": "sin_datos", "costo_total_norm": 7.9518072289156692, "distancia_m_subte_norm": 46.069755335762622, "dist_verde_final_norm": 56.887298747763865, "distancia_m_gym_norm": 68.458980044345893, "Score": 35.225007246282416, "REVISION": null, "FECHA_DETECCION": "2026-02-16" }, "geometry": { "type": "Point", "coordinates": [ -58.3889046, -34.5907222 ] } },
{ "type": "Feature", "properties": { "Portal": "argenprop", "Barrio": "Recoleta", "Tipo": "Departamento", "Titulo": "Departamento - Alquiler - Argentina, Capital Federal - french 2647", "Precio": 650000, "Expensas": 130000.0, "Direccion": "French 2600, Piso 5", "Metros_Totales": null, "Ambientes": null, "Dormitorios": null, "Baños": 1.0, "URL": "https://www.argenprop.com/departamento-en-alquiler-en-recoleta-1-ambiente--18947156", "Bajo_Precio": null, "Cocheras": 0, "Etiqueta_Destacado": null, "Porcentaje_Rebaja": null, "Metros_Cubiertos": 40.0, "Antiguedad": 0.0, "Descripcion_Breve": "Alquiler de depto en el corazon de recoleta, apto profesional. Para una respuesta mas pronta comunicarse al via whatsapp. Del depto consta de una cocina tipo kitchenaid, termotanque eléctrico , aire acondicionado y cocina a gas. Baño completo , amplio ventanal con vista al exterior . Orientación noreste, muy luminoso. Edificio con seguridad las 24 hs, dos ascensores principales , dos ascensores de carga, bajas expensas, proximo a: transporte publicos (41, 118, 95,108,110,59,92 y 93), linea h y linea d. Cerca de las avenidas pueyrredon y las heras. Comercios de distintos rubros, espacios recreativos y de esparcimiento, centros de salud, colegios y escuelas, ubicado en el cordon gastronómico de recoleta. Para una respuesta mas pronta comunicarse al via whatsapp. Martillero responsable: marcelo moscardo cmcpsi 4007. Martin monarca pereyra cucicba 8550 las medidas, superficies, antigüedad y demás datos descriptivos del inmueble son aproximados y a modo orientativo. Los datos definitivos surgirán de la documentación correspondiente.", "Visitas_Count": 91.0, "Visto_Estado": "Visto", "Fecha_Publicacion": null, "Inmobiliaria": null, "lat": -34.5900114, "lon": -58.4009202, "Barrio_Geo": "Recoleta", "snap_warning": false, "distancia_m_gym": 547, "cant_gym": 15, "distancia_m_subte": 432, "cant_subte": 12, "distancia_m_parque": 1215, "cant_parque": 2, "distancia_m_plaza": 216, "cant_plaza": 31, "costo_total": 780000, "dist_verde_final": 216, "apto_scoring": true, "segmento": "sin_datos", "costo_total_norm": 36.867469879518076, "distancia_m_subte_norm": 77.511712649661632, "dist_verde_final_norm": 80.679785330948121, "distancia_m_gym_norm": 69.678492239467857, "Score": 61.104308036842134, "REVISION": null, "FECHA_DETECCION": "2026-03-01" }, "geometry": { "type": "Point", "coordinates": [ -58.4009202, -34.5900114 ] } },
{ "type": "Feature", "properties": { "Portal": "argenprop", "Barrio": "Recoleta", "Tipo": "Departamento", "Titulo": "Departamento en Recoleta", "Precio": 670000, "Expensas": 122679.0, "Direccion": "Juncal al 2300", "Metros_Totales": null, "Ambientes": 2.0, "Dormitorios": null, "Baños": 1.0, "URL": "https://www.argenprop.com/departamento-en-alquiler-en-recoleta-2-ambientes--18983520", "Bajo_Precio": null, "Cocheras": 0, "Etiqueta_Destacado": null, "Porcentaje_Rebaja": null, "Metros_Cubiertos": 41.0, "Antiguedad": 61.0, "Descripcion_Breve": "Alquiler en recoleta 2 amb. Amoblado interno muy tranquilo (piso 1 | estado muy bueno) departamento de dos ambientes en edificio bajo, interno y silencioso, primer piso por escalera, con living-comedor cómodo, dormitorio amplio, cocina definida y baño en suitte completo. Orientación sudeste que aporta luz pareja y temperatura estable. Unidad vacía y en muy buen estado, lista para mudarte, se alquila amoblado. Contrato por 24 meses con ajuste semestral excelente ubicación en recoleta, con servicios y comercios a pasos, a metros de av. Pueyrredon, 3 cuadras de av. Santa fe. Transportes cercanoscolectivos: 12, 39, 41, 57, 60, 61, 62, 64, 68, 92, 93, 95, 101, 109, 111, 118, 152, 194 subtes (metro): pueyrredon (línea d), santa fe (línea h) aviso legal: las descripciones valores de expensas, impuestos y servicios, fotos y medidas de este inmueble son aproximados. Los datos fueron proporcionados por el propietario y pueden no estar actualizados a la hora de la visualización de este aviso por lo cual pueden arrojar inexactitudes y discordancias con las que surgen de las facturas, títulos y planos. El interesado deberá realizar las verificaciones respectivas previamente a la realización de cualquier operación. \"Para los casos de alquiler de vivienda el monto máximo de comisión que se le puede requerir a los propietarios será el 4,15 % del valor total del respectivo contrato. Se encuentra prohibido cobrar comisiones inmobiliarias y gastos de gestoría de informes a los inquilinos, en el caso de ser personas físicas\". Ley 5115: excepto que en la descripción de la propiedad se indique lo contrario, el edificio puede no contar con rampa para personas con movilidad reducida, y no ser accesible para personas con discapacidades físicas.", "Visitas_Count": 60.0, "Visto_Estado": "Visto", "Fecha_Publicacion": null, "Inmobiliaria": null, "lat": -34.5895476, "lon": -58.4043279, "Barrio_Geo": "Recoleta", "snap_warning": false, "distancia_m_gym": 595, "cant_gym": 14, "distancia_m_subte": 348, "cant_subte": 11, "distancia_m_parque": 1054, "cant_parque": 2, "distancia_m_plaza": 615, "cant_plaza": 34, "costo_total": 792679, "dist_verde_final": 615, "apto_scoring": true, "segmento": "2amb", "costo_total_norm": 53.88405529953917, "distancia_m_subte_norm": 81.587301587301582, "dist_verde_final_norm": 41.148325358851679, "distancia_m_gym_norm": 69.549641760491298, "Score": 61.214441843825611, "REVISION": null, "FECHA_DETECCION": "2026-03-01" }, "geometry": { "type": "Point", "coordinates": [ -58.4043279, -34.5895476 ] } },
{ "type": "Feature", "properties": { "Portal": "argenprop", "Barrio": "Recoleta", "Tipo": "Departamento", "Titulo": "Esplendido departamento de 2 ambientes al frente.", "Precio": 500000, "Expensas": 180000.0, "Direccion": "Marcelo T. de Alvear 2100, Piso 7", "Metros_Totales": null, "Ambientes": 2.0, "Dormitorios": 1.0, "Baños": null, "URL": "https://www.argenprop.com/departamento-en-alquiler-en-recoleta--5261659", "Bajo_Precio": null, "Cocheras": 0, "Etiqueta_Destacado": null, "Porcentaje_Rebaja": null, "Metros_Cubiertos": 42.0, "Antiguedad": 50.0, "Descripcion_Breve": "Esplendido departamento de 2 ambientes apto uso profesional, reciclado a nuevo en su totalidad con vista al frente muy luminoso, pisos de parquet en sus 2 ambientes con amplios placards en dormitorio, cocina con lavadero incorporado y baño completo con bañera ambos hechos a nuevo, situado en el barrio de recoleta en inmejorable ubicacion por proximidad a avenidas y medios de acceso, ofrece una gama de servicios ámplia y variada. Frente a facultad de odontologia a una cuadra de av. Santa fé a 3 de av.Callao y a 2 cuadras de facultad de medicina y estacion de subte linea \"d\" y a 2 cuadras de av. Cordoba. Mas de 20 lineas de transporte disponibles colectivos: 10, 12, 17, 29, 37, 39, 41, 59, 60, 61, 62, 64, 68, 75, 95, 99, 101, 106, 108, 109, 111, 118, 124, 132, 140, 150, 152, 188, 194 subtes (metro): facultad de medicina (línea d), pueyrredon (línea d) además ofrece diferentes opciones como restaurantes, farmacias, supermercados, bancos y tiendas de ropa a solo metros de distancia. Las condiciones de ingreso son las siguientes: - recibo de sueldo o justificación de ingresos del garante y locatario. - Seguro de caución o garantia propietaria. - Ajustes cuatrimestrales por ipc. -Se encuentra prohibido cobrar comisiones inmobiliarias y gastos de gestoría de informes a los inquilinos que sean personas físicas. Para los casos de alquiler de vivienda, el monto máximo de comisión que se le puede requerir a los propietarios será el equivalente al cuatro con quince centésimos por ciento (4,15%) del valor total del respectivo contrato. Castro reisse propiedades, la vocacion al servicio de la profesion", "Visitas_Count": 111.0, "Visto_Estado": "Visto", "Fecha_Publicacion": null, "Inmobiliaria": null, "lat": -34.5973888, "lon": -58.3974061, "Barrio_Geo": "Recoleta", "snap_warning": false, "distancia_m_gym": 151, "cant_gym": 19, "distancia_m_subte": 280, "cant_subte": 19, "distancia_m_parque": 1716, "cant_parque": 1, "distancia_m_plaza": 151, "cant_plaza": 29, "costo_total": 680000, "dist_verde_final": 151, "apto_scoring": true, "segmento": "2amb", "costo_total_norm": 74.654377880184327, "distancia_m_subte_norm": 85.18518518518519, "dist_verde_final_norm": 85.550239234449762, "distancia_m_gym_norm": 92.272262026612083, "Score": 81.754580757180463, "REVISION": null, "FECHA_DETECCION": "2026-03-01" }, "geometry": { "type": "Point", "coordinates": [ -58.3974061, -34.5973888 ] } },
{ "type": "Feature", "properties": { "Portal": "argenprop", "Barrio": "Recoleta", "Tipo": "Departamento", "Titulo": "Excelente monoambiente", "Precio": 550000, "Expensas": 130000.0, "Direccion": "Aguero 2300", "Metros_Totales": null, "Ambientes": null, "Dormitorios": null, "Baños": 1.0, "URL": "https://www.argenprop.com/departamento-en-alquiler-en-recoleta-1-ambiente--19148163", "Bajo_Precio": null, "Cocheras": 0, "Etiqueta_Destacado": null, "Porcentaje_Rebaja": null, "Metros_Cubiertos": 20.0, "Antiguedad": null, "Descripcion_Breve": "Impecable y excelente monoambiente full amenities - sum - parrilla - jacuzzi muy luminoso - sup : 23mts expensas $130.000 apto profecional baño completo, cocina eléctrica excelente ubicación - recoleta", "Visitas_Count": 50.0, "Visto_Estado": "Visto", "Fecha_Publicacion": null, "Inmobiliaria": null, "lat": -34.5864418, "lon": -58.4002255, "Barrio_Geo": "Recoleta", "snap_warning": false, "distancia_m_gym": 887, "cant_gym": 15, "distancia_m_subte": 341, "cant_subte": 9, "distancia_m_parque": 910, "cant_parque": 2, "distancia_m_plaza": 167, "cant_plaza": 36, "costo_total": 680000, "dist_verde_final": 167, "apto_scoring": true, "segmento": "sin_datos", "costo_total_norm": 60.963855421686745, "distancia_m_subte_norm": 82.24882873503384, "dist_verde_final_norm": 85.062611806797847, "distancia_m_gym_norm": 50.831485587583146, "Score": 71.155861709302727, "REVISION": null, "FECHA_DETECCION": "2026-03-09" }, "geometry": { "type": "Point", "coordinates": [ -58.4002255, -34.5864418 ] } },
{ "type": "Feature", "properties": { "Portal": "argenprop", "Barrio": "Recoleta", "Tipo": "Departamento", "Titulo": "Monoambiente en Recoleta/Palermo", "Precio": 650000, "Expensas": 150000.0, "Direccion": "Pagano 2600 , Piso 4", "Metros_Totales": null, "Ambientes": null, "Dormitorios": null, "Baños": 1.0, "URL": "https://www.argenprop.com/departamento-en-alquiler-en-recoleta-1-ambiente--19123312", "Bajo_Precio": null, "Cocheras": 0, "Etiqueta_Destacado": null, "Porcentaje_Rebaja": null, "Metros_Cubiertos": 32.0, "Antiguedad": null, "Descripcion_Breve": "Se alquila un muy lindo y cómodo monoambiente en la mejor zona de bs as. Pagano entre austria y tagle, a solo mts de las plazas de palermo. Todos los colectivos en av. Las heras y en av. Libertador, a pocas cuadras del subte h (pueyrredón y las heras). Piso 4° al contrafrente, mucha luz y sol, vista abierta a pulmón de manzana muy tranquilo, y a pileta de natación. Monoambiente con baño completo, cocina integrada, buenos placards y lugar para el lavarropa, si quisiera, sino más placard. Ideal para estudiantes, oficinas o showrooms, que buscan tranquilidad y confort en zonas privilegiadas de bs a. Se alquila vació, las fotos con muebles son ilustrativas. Contactarse con salvador al", "Visitas_Count": 30.0, "Visto_Estado": "Visto", "Fecha_Publicacion": null, "Inmobiliaria": null, "lat": -34.5844098, "lon": -58.3992512, "Barrio_Geo": "Recoleta", "snap_warning": false, "distancia_m_gym": 865, "cant_gym": 14, "distancia_m_subte": 470, "cant_subte": 7, "distancia_m_parque": 948, "cant_parque": 2, "distancia_m_plaza": 103, "cant_plaza": 35, "costo_total": 800000, "dist_verde_final": 103, "apto_scoring": true, "segmento": "sin_datos", "costo_total_norm": 32.048192771084345, "distancia_m_subte_norm": 75.533576262363354, "dist_verde_final_norm": 90.787119856887301, "distancia_m_gym_norm": 52.050997782705096, "Score": 58.84187373679071, "REVISION": null, "FECHA_DETECCION": "2026-03-01" }, "geometry": { "type": "Point", "coordinates": [ -58.3992512, -34.5844098 ] } },
{ "type": "Feature", "properties": { "Portal": "argenprop", "Barrio": "Recoleta", "Tipo": "Departamento", "Titulo": "ALQUILER - RECOLETA - 2 AMBIENTES -", "Precio": 670000, "Expensas": 170000.0, "Direccion": "Ecuador 1400, Piso 3", "Metros_Totales": null, "Ambientes": 2.0, "Dormitorios": 1.0, "Baños": null, "URL": "https://www.argenprop.com/departamento-en-alquiler-en-recoleta-2-ambientes--18872048", "Bajo_Precio": null, "Cocheras": 0, "Etiqueta_Destacado": null, "Porcentaje_Rebaja": null, "Metros_Cubiertos": 45.0, "Antiguedad": 30.0, "Descripcion_Breve": "[Semeria-577] departamento 2 ambientes en alquiler contrato 24 meses departamento de 2 ambientes con muy buena distribución y luminosidad. Living comedor cómodo, con ventana al exterior, persiana y aire acondicionado. Cocina independiente, equipada con muebles bajo mesada, cocina a gas y ventilación natural. Dormitorio amplio y luminoso, con ventana al exterior y persiana. Baño completo con bañera. Servicios: cloacas, gas responsable matriculado: federico semeria - matricula nro. 7974 - cucicba. Semeria propiedades. Aviso legal: se hace saber que las características descriptas del inmueble publicado, calidades y cualidades constructivas y funcionales, valores de expensas, impuestos y servicios, y medidas y superficies, son aproximados y consignadas en base a datos que fueron proporcionados por el propietario y que pueden no ser exactos y/o no estar actualizados a la hora de la visualización de este aviso, pudiendo surgir discordancias con los datos que surgen de la documentación respectiva. Las medidas y superficies exactas son las que surgen de los títulos y planos legales del inmueble..- Las imágenes publicadas lo son al mero efecto ostentativo de las características generales y circunstancias del inmueble. En todos los casos el interesado deberá realizar una visita al inmueble y efectuar las verificaciones respectivas previamente a la realización de cualquier operación, requiriendo la documentación que corresponda. Para los casos de alquiler de vivienda, el monto máximo de comisión que se le puede requerir a los propietarios será el equivalente al cuatro con quince centésimos por ciento (4,15%) del valor total del respectivo contrato. Se encuentra prohibido cobrar a los inquilinos que sean personas físicas comisiones inmobiliarias y gastos de gestoría de informes.", "Visitas_Count": 20.0, "Visto_Estado": "Visto", "Fecha_Publicacion": null, "Inmobiliaria": null, "lat": -34.5938689, "lon": -58.4036605, "Barrio_Geo": "Recoleta", "snap_warning": false, "distancia_m_gym": 0, "cant_gym": 15, "distancia_m_subte": 123, "cant_subte": 16, "distancia_m_parque": 1650, "cant_parque": 2, "distancia_m_plaza": 609, "cant_plaza": 30, "costo_total": 840000, "dist_verde_final": 609, "apto_scoring": true, "segmento": "2amb", "costo_total_norm": 45.161290322580648, "distancia_m_subte_norm": 93.492063492063494, "dist_verde_final_norm": 41.722488038277518, "distancia_m_gym_norm": 100.0, "Score": 64.456632784306805, "REVISION": null, "FECHA_DETECCION": "2026-03-01" }, "geometry": { "type": "Point", "coordinates": [ -58.4036605, -34.5938689 ] } },
{ "type": "Feature", "properties": { "Portal": "argenprop", "Barrio": "Recoleta", "Tipo": "Departamento", "Titulo": "Alquiler 2 ambientes amplio 48m2, Parque las Heras Recoleta", "Precio": 630000, "Expensas": 149000.0, "Direccion": "Billinghurst 2200", "Metros_Totales": null, "Ambientes": 2.0, "Dormitorios": 1.0, "Baños": null, "URL": "https://www.argenprop.com/departamento-en-alquiler-en-recoleta-2-ambientes--19079632", "Bajo_Precio": null, "Cocheras": 0, "Etiqueta_Destacado": null, "Porcentaje_Rebaja": null, "Metros_Cubiertos": 48.0, "Antiguedad": 40.0, "Descripcion_Breve": "Requisitos - no apto mascotas (salvo gato) - seguro de caucion respaldar - ingresos comprobables alquiler 2 ambientes super amplio excelente ubicación en recoleta sobre calle billinghurst, a 1 cuadra de parque las heras (y de av.Coronel diaz) y 2 cuadras de av. Las heras living comedor amplio. Pisos de parquet. Cocina, termotanque eléctrico, cocina 4 hornallas a gas cuenta con bajada de lavarropas 1 baño completo con bañera 1 dormitorio con placard. Aire acondicionado", "Visitas_Count": 20.0, "Visto_Estado": "Visto", "Fecha_Publicacion": null, "Inmobiliaria": null, "lat": -34.5861767, "lon": -58.4066484, "Barrio_Geo": "Recoleta", "snap_warning": false, "distancia_m_gym": 125, "cant_gym": 13, "distancia_m_subte": 632, "cant_subte": 9, "distancia_m_parque": 556, "cant_parque": 1, "distancia_m_plaza": 635, "cant_plaza": 34, "costo_total": 779000, "dist_verde_final": 556, "apto_scoring": true, "segmento": "2amb", "costo_total_norm": 56.405529953917046, "distancia_m_subte_norm": 66.560846560846556, "dist_verde_final_norm": 46.794258373205743, "distancia_m_gym_norm": 93.602865916069604, "Score": 61.249604216068889, "REVISION": null, "FECHA_DETECCION": "2026-03-01" }, "geometry": { "type": "Point", "coordinates": [ -58.4066484, -34.5861767 ] } },
{ "type": "Feature", "properties": { "Portal": "argenprop", "Barrio": "Villa Urquiza", "Tipo": "Departamento", "Titulo": "Departamento en alquiler en Urquiza R", "Precio": 750000, "Expensas": 155000.0, "Direccion": "AVENIDA OLAZABAL 4800, Piso 10", "Metros_Totales": null, "Ambientes": 2.0, "Dormitorios": 1.0, "Baños": 1.0, "URL": "https://www.argenprop.com/departamento-en-alquiler-en-urquiza-r-2-ambientes--19009699", "Bajo_Precio": null, "Cocheras": 0, "Etiqueta_Destacado": null, "Porcentaje_Rebaja": null, "Metros_Cubiertos": 40.0, "Antiguedad": null, "Descripcion_Breve": "Departamento dos ambientes impecable con cochera y baulera. Excelente ubicacion pleno centro comercial villa urquiza, subte, tren mitre suarez - retiro. Lineas de colectivo 133,114,71,127,140, se alquila con a sin muebles living comedor cocina integtada balcon con cerramiento con lavadero , dormitorio con placard baño completo aire acondicionado caldera duo aporta agua caliente y calefaccion condiciones garantía propietaria de caba -ingresos demostrables- sin mascotas para los casos de alquiler de vivienda, el monto máximo de comisión que se le puede requerir a los propietarios será el equivalente al 4,15% del valor total del respectivo contrato. Se encuentra prohibido cobrar a los inquilinos que sean personas físicas comisiones inmobiliarias y gastos de gestoría de informes. Ley 5115 excepto que en la descripción de la propiedad se indique lo contrario, el edificio puede no contar con rampa para personas con movilidad reducida, y no ser accesible para `personas con discapacidades físicas.", "Visitas_Count": 100.0, "Visto_Estado": "Visto", "Fecha_Publicacion": null, "Inmobiliaria": null, "lat": -34.5748168, "lon": -58.4827003, "Barrio_Geo": "Villa Urquiza", "snap_warning": false, "distancia_m_gym": 288, "cant_gym": 4, "distancia_m_subte": 394, "cant_subte": 4, "distancia_m_parque": 1500, "cant_parque": 0, "distancia_m_plaza": 422, "cant_plaza": 14, "costo_total": 905000, "dist_verde_final": 422, "apto_scoring": true, "segmento": "2amb", "costo_total_norm": 33.179723502304142, "distancia_m_subte_norm": 79.153439153439152, "dist_verde_final_norm": 59.617224880382771, "distancia_m_gym_norm": 85.261003070624355, "Score": 57.467466430092387, "REVISION": null, "FECHA_DETECCION": "2026-02-23" }, "geometry": { "type": "Point", "coordinates": [ -58.4827003, -34.5748168 ] } },
{ "type": "Feature", "properties": { "Portal": "argenprop", "Barrio": "Villa Urquiza", "Tipo": "Departamento", "Titulo": "Departamento de 2 ambientes muy buena iluminación - 1 cuadra estacion Drago -", "Precio": 500000, "Expensas": 110000.0, "Direccion": "Mariano Acha 2500, Piso 2", "Metros_Totales": null, "Ambientes": 2.0, "Dormitorios": 1.0, "Baños": null, "URL": "https://www.argenprop.com/departamento-en-alquiler-en-villa-urquiza-2-ambientes--18552282", "Bajo_Precio": null, "Cocheras": 0, "Etiqueta_Destacado": null, "Porcentaje_Rebaja": null, "Metros_Cubiertos": 38.0, "Antiguedad": 47.0, "Descripcion_Breve": "El departamento esta ubicado en un lugar con diversos medios de transportes - a cuadras de la sede de la comuna 12 sede universitaria drago colectivos: 19, 41, 71, 76, 90, 93, 107, 114, 133, 140, 169, 176 trenes: luis maría drago (mitre) 2 ambientes living comedor dormitorio con placar baño completo segundo piso con buena luz - requisitos para el ingreso: contrato por 24 meses (2 años). Actualización cuatrimestral por ipc 3 últimos recibos de sueldo y/o comprobante de ingresos. 1 garantía de propiedad de caba. O seguro de caución 1 mes de deposito. 1 mes alquiler ley 5859 art. 5 \"se encuentra prohibido cobrar honorarios y gastos de gestoría de informes a los inquilinos que sera personas físicas. Para los casos de alquiler de vivienda el monto máximo de honorario que se puede cobrar sera el equivalente al cuatro con quince centésimos por ciento (4.15%) del total del respectivo contrato \"", "Visitas_Count": 100.0, "Visto_Estado": "Visto", "Fecha_Publicacion": null, "Inmobiliaria": null, "lat": -34.5698248, "lon": -58.47908, "Barrio_Geo": "Villa Urquiza", "snap_warning": false, "distancia_m_gym": 980, "cant_gym": 1, "distancia_m_subte": 823, "cant_subte": 3, "distancia_m_parque": 1500, "cant_parque": 0, "distancia_m_plaza": 207, "cant_plaza": 17, "costo_total": 610000, "dist_verde_final": 207, "apto_scoring": true, "segmento": "2amb", "costo_total_norm": 87.557603686635943, "distancia_m_subte_norm": 56.455026455026456, "dist_verde_final_norm": 80.191387559808618, "distancia_m_gym_norm": 49.846468781985678, "Score": 72.982473801322612, "REVISION": "DESCARTADO", "FECHA_DETECCION": "2026-03-09" }, "geometry": { "type": "Point", "coordinates": [ -58.47908, -34.5698248 ] } },
{ "type": "Feature", "properties": { "Portal": "argenprop", "Barrio": "Villa Urquiza", "Tipo": "Departamento", "Titulo": "ALQUILER MONOAMBIENTE AMUEBLADO CON BALCÓN", "Precio": 700000, "Expensas": 140000.0, "Direccion": "Mendoza 5477 , Piso 2", "Metros_Totales": null, "Ambientes": null, "Dormitorios": null, "Baños": 1.0, "URL": "https://www.argenprop.com/departamento-en-alquiler-en-villa-urquiza-1-ambiente--6197141", "Bajo_Precio": null, "Cocheras": 0, "Etiqueta_Destacado": null, "Porcentaje_Rebaja": null, "Metros_Cubiertos": 34.0, "Antiguedad": 10.0, "Descripcion_Breve": "Excelente monoambiente al frente con balcón, servicios individuales, apto profesional, pisos de parquet entablonados, calefón y cocina a gas natural, calefacción por tiro balanceado, lavadero incorporado, placard. No apto mascotas. La unidad locada se entrega con los siguientes muebles: mueble cama rebatible, mesa de madera con 4 sillas de madera, mueble para televisor, banquetas para barra desayunadora, cuadros decorativos. Condiciones: garantía c.A.B.A. E ingresos registrados. Gastos: 1 mes de adelanto, 1 meses de depósito. Certificación de firmas e informes de dominio e inhibición (garantía de inmueble). Servicios: cloacas, gas otros servicios: amueblado depósito (meses): 1 impuestos a cargo de: inquilino agua a cargo de: inquilino", "Visitas_Count": 101.0, "Visto_Estado": "Visto", "Fecha_Publicacion": null, "Inmobiliaria": null, "lat": -34.5791463, "lon": -58.4875223, "Barrio_Geo": "Villa Urquiza", "snap_warning": false, "distancia_m_gym": 819, "cant_gym": 3, "distancia_m_subte": 705, "cant_subte": 3, "distancia_m_parque": 1500, "cant_parque": 0, "distancia_m_plaza": 957, "cant_plaza": 15, "costo_total": 840000, "dist_verde_final": 957, "apto_scoring": true, "segmento": "sin_datos", "costo_total_norm": 22.409638554216869, "distancia_m_subte_norm": 63.300364393545024, "dist_verde_final_norm": 14.400715563506267, "distancia_m_gym_norm": 54.600886917960089, "Score": 36.294196544247519, "REVISION": null, "FECHA_DETECCION": "2026-02-16" }, "geometry": { "type": "Point", "coordinates": [ -58.4875223, -34.5791463 ] } },
{ "type": "Feature", "properties": { "Portal": "argenprop", "Barrio": "Belgrano", "Tipo": "Departamento", "Titulo": "Departamento de 2 ambientes en muy buen estado, a pasos de Avda Cabildo", "Precio": 658000, "Expensas": 152098.0, "Direccion": "CESPEDES 2400, Piso 6", "Metros_Totales": null, "Ambientes": 2.0, "Dormitorios": 1.0, "Baños": 1.0, "URL": "https://www.argenprop.com/departamento-en-alquiler-en-belgrano-2-ambientes--18893789", "Bajo_Precio": null, "Cocheras": 0, "Etiqueta_Destacado": null, "Porcentaje_Rebaja": null, "Metros_Cubiertos": 37.0, "Antiguedad": null, "Descripcion_Breve": "Sup total: 37.89 m2 departamento de 2 ambientes ubicado a pasos de avda cabildo, con metrobus, subte línea d y variedad de comercios. Living comedor con gran ventanal. Dormitorio con placard empotrado. Pisos de parquet. Cómoda cocina con alacenas y muebles bajo mesada. Lavadero independiente. Baño completo. Buen estado de presentación. Las medidas parciales, totales y de cada ambiente y la antigüedad del edificio expuestas aquí, en mails y whatsapp enviados, en nuestra web y demás sitios de publicación, son aproximados y al solo efecto orientativo; el monto expresado de expensas puede sufrir modificaciones importantes producto del crecimiento inflacionario. Dichas situaciones deberán ser confirmadas por la persona interesada con la documentación correspondiente, sin que ello comprometa contractualmente a cabildo 500 y a su matriculado. Las fotos no son vinculantes ni contractuales. Accesible. Para los casos de alquiler de vivienda, el monto máximo de comisión que se le puede requerir a los propietarios será el equivalente al cuatro con quince centésimos por ciento (4,15%) del valor total del respectivo contrato. Se encuentra prohibido cobrar a los inquilinos que sean personas físicas comisiones inmobiliarias y gastos de gestoría de informes. Matrícula 4285", "Visitas_Count": 2.0, "Visto_Estado": "Visto", "Fecha_Publicacion": null, "Inmobiliaria": null, "lat": -34.5682116, "lon": -58.4478769, "Barrio_Geo": "Palermo", "snap_warning": false, "distancia_m_gym": 621, "cant_gym": 11, "distancia_m_subte": 348, "cant_subte": 5, "distancia_m_parque": 370, "cant_parque": 2, "distancia_m_plaza": 649, "cant_plaza": 19, "costo_total": 810098, "dist_verde_final": 370, "apto_scoring": true, "segmento": "2amb", "costo_total_norm": 50.673179723502301, "distancia_m_subte_norm": 81.587301587301582, "dist_verde_final_norm": 64.593301435406687, "distancia_m_gym_norm": 68.219037871033777, "Score": 64.486026439776111, "REVISION": null, "FECHA_DETECCION": "2026-03-01" }, "geometry": { "type": "Point", "coordinates": [ -58.4478769, -34.5682116 ] } },
{ "type": "Feature", "properties": { "Portal": "argenprop", "Barrio": "Belgrano", "Tipo": "Departamento", "Titulo": "DEPTO 2 AMB EN BELGRANO", "Precio": 650000, "Expensas": 170000.0, "Direccion": "Ciudad De La Paz 2700, Piso 2", "Metros_Totales": null, "Ambientes": 2.0, "Dormitorios": 1.0, "Baños": null, "URL": "https://www.argenprop.com/departamento-en-alquiler-en-belgrano-2-ambientes--16083194", "Bajo_Precio": null, "Cocheras": 0, "Etiqueta_Destacado": null, "Porcentaje_Rebaja": null, "Metros_Cubiertos": 40.0, "Antiguedad": 40.0, "Descripcion_Breve": "Depto 2 amb en belgrano (a 1 cuadra de av. Cabildo y del subte). Living de 5x3.20 c/balcón frances, cocina de 3x2.40, dormitorio de 3x3.20 y baño. No se aceptan mascotas. Contrato a 2 años con aumentos cada 3 meses por ipc. Requisitos: -garantia propietaria. -Recibo de sueldo. -Veraz limpio.", "Visitas_Count": 2.0, "Visto_Estado": "Visto", "Fecha_Publicacion": null, "Inmobiliaria": null, "lat": -34.5575005, "lon": -58.4621627, "Barrio_Geo": "Belgrano", "snap_warning": false, "distancia_m_gym": 199, "cant_gym": 7, "distancia_m_subte": 296, "cant_subte": 3, "distancia_m_parque": 1932, "cant_parque": 1, "distancia_m_plaza": 595, "cant_plaza": 16, "costo_total": 820000, "dist_verde_final": 595, "apto_scoring": true, "segmento": "2amb", "costo_total_norm": 48.847926267281103, "distancia_m_subte_norm": 84.338624338624342, "dist_verde_final_norm": 43.062200956937801, "distancia_m_gym_norm": 89.815762538382799, "Score": 62.434774253725593, "REVISION": null, "FECHA_DETECCION": "2026-03-09" }, "geometry": { "type": "Point", "coordinates": [ -58.4621627, -34.5575005 ] } },
{ "type": "Feature", "properties": { "Portal": "argenprop", "Barrio": "Palermo", "Tipo": "Departamento", "Titulo": "APTO PROFESIONAL - TRES AMBIENTES -", "Precio": 790000, "Expensas": 186000.0, "Direccion": "Avenida Santa Fe 4900, Piso 3", "Metros_Totales": null, "Ambientes": 3.0, "Dormitorios": 2.0, "Baños": null, "URL": "https://www.argenprop.com/departamento-en-alquiler-en-palermo-hollywood-3-ambientes--18703062", "Bajo_Precio": null, "Cocheras": 0, "Etiqueta_Destacado": null, "Porcentaje_Rebaja": null, "Metros_Cubiertos": 55.0, "Antiguedad": 54.0, "Descripcion_Breve": "[Franciscol-2222] unicamente un gatito- unicamente con seguro de caucion- apto profesional- buenas medidas- cocina totalmente reciclada - amplios placares- pisos pulidos y plastificados- calefacción central por losa radiante- edificio con seguridad- servicios: cloacas, gas otros servicios: reciclado depósito (meses): 1 impuestos a cargo de: inquilino agua a cargo de: inquilino alquileres de vivienda ley nº 5859 - art. 4º \"para los casos de alquiler de vivienda, el monto máximo de comisión que se le puede requerir a los propietarios será el equivalente al cuatro con quince centésimos por ciento (4,15%) del valor total del respectivo contrato. Se encuentra prohibido cobrar a los inquilinos que sean personas físicas comisiones inmobiliarias y gastos de gestoría de informes\". En caso de locaciones, los valores expresados no incluyen iva. Las locaciones residenciales para persona física que alquila para sí misma están exentas de iva. El valor de las expensas puede variar.", "Visitas_Count": 151.0, "Visto_Estado": "Visto", "Fecha_Publicacion": null, "Inmobiliaria": null, "lat": -34.577726, "lon": -58.428705, "Barrio_Geo": "Palermo", "snap_warning": false, "distancia_m_gym": 479, "cant_gym": 14, "distancia_m_subte": 342, "cant_subte": 5, "distancia_m_parque": 676, "cant_parque": 3, "distancia_m_plaza": 602, "cant_plaza": 19, "costo_total": 976000, "dist_verde_final": 602, "apto_scoring": true, "segmento": "3amb", "costo_total_norm": 8.382551718597739, "distancia_m_subte_norm": 88.602654176424664, "dist_verde_final_norm": 33.846153846153854, "distancia_m_gym_norm": 66.903283052351384, "Score": 43.393376014832405, "REVISION": null, "FECHA_DETECCION": "2026-03-01" }, "geometry": { "type": "Point", "coordinates": [ -58.428705, -34.577726 ] } },
{ "type": "Feature", "properties": { "Portal": "argenprop", "Barrio": "Recoleta", "Tipo": "Departamento", "Titulo": "Departamento en alquiler en Recoleta", "Precio": 750000, "Expensas": 250000.0, "Direccion": "Laprida 1500, Piso 4", "Metros_Totales": null, "Ambientes": 2.0, "Dormitorios": 1.0, "Baños": null, "URL": "https://www.argenprop.com/departamento-en-alquiler-en-recoleta-2-ambientes--18832408", "Bajo_Precio": null, "Cocheras": 0, "Etiqueta_Destacado": null, "Porcentaje_Rebaja": null, "Metros_Cubiertos": 42.0, "Antiguedad": 50.0, "Descripcion_Breve": "Semipiso 2 ambientes al frente con balcón. Muy luminoso. Cocina separada con lavadero. Servicios individuales. Aire acondicionado. Posibilidad de cochera por $50.000 x mes. Expensas $250.000. Cucicba 5463", "Visitas_Count": 25.0, "Visto_Estado": "Visto", "Fecha_Publicacion": null, "Inmobiliaria": null, "lat": -34.5917861, "lon": -58.4052678, "Barrio_Geo": "Recoleta", "snap_warning": false, "distancia_m_gym": 370, "cant_gym": 14, "distancia_m_subte": 259, "cant_subte": 12, "distancia_m_parque": 1337, "cant_parque": 3, "distancia_m_plaza": 712, "cant_plaza": 32, "costo_total": 1000000, "dist_verde_final": 712, "apto_scoring": true, "segmento": "2amb", "costo_total_norm": 15.668202764976954, "distancia_m_subte_norm": 86.296296296296291, "dist_verde_final_norm": 31.866028708133982, "distancia_m_gym_norm": 81.06448311156602, "Score": 46.635824047663071, "REVISION": null, "FECHA_DETECCION": "2026-03-01" }, "geometry": { "type": "Point", "coordinates": [ -58.4052678, -34.5917861 ] } },
{ "type": "Feature", "properties": { "Portal": "argenprop", "Barrio": "Palermo", "Tipo": "Departamento", "Titulo": "ALQUILER 2 AMBIENTES", "Precio": 550000, "Expensas": 180000.0, "Direccion": "Soler 4400, Piso 4", "Metros_Totales": null, "Ambientes": 2.0, "Dormitorios": 1.0, "Baños": 1.0, "URL": "https://www.argenprop.com/departamento-en-alquiler-en-palermo-soho-2-ambientes--18924268", "Bajo_Precio": null, "Cocheras": 0, "Etiqueta_Destacado": null, "Porcentaje_Rebaja": null, "Metros_Cubiertos": 40.0, "Antiguedad": null, "Descripcion_Breve": "[Solucionip-3630] departamento 2 ambientes en pleno corazon de palermo soho (soler y scalabrini ortiz) una amplia cocina con bajo y alto mesada y placard. Living con balcon habitacion con baño completo expensas $190000 requisitos (excluyentes) garantia de caba o de caucion recibos de sueldo 1 mes de deposito 1 mes de adelanto depósito (meses): 1 impuestos a cargo de: inquilino agua a cargo de: inquilino importante: ventas: el aviso publicado es al mero efecto informativo y no constituye una oferta ni solicitud de oferta o compra, ni una recomendación de inversión, y se entiende que presenta información resumida, preliminar y no definitiva de un inmueble o negocio. Si el aviso contuviera estimaciones o proyecciones, se entenderá que las mismas son solo opiniones que reflejan expectativas de buena fe. Imágenes no contractuales. Todas las medidas son aproximadas, y debe entenderse que toda operación se realizará ad-corpus. Los montos y porcentajes son valores de referencia y pueden variar sin previo aviso. En caso de locación, los valores expresados no incluyen iva. Las locaciones residenciales para persona física que alquila para sí misma están exentas de iva. En caso de venta, operación sujeta a la tramitación del código de oferta de transferencia de inmuebles (coti) por parte del propietario. Solicitar citas con anticipación. Alquileres: \"para los casos de alquiler de vivienda, el monto máximo de comisión que se le puede requerir a los propietarios será el equivalente al cuatro con quince centésimos por ciento (4,15%) del valor total del respectivo contrato. Se encuentra prohibido cobrar a los inquilinos que sean personas físicas comisiones inmobiliarias y gastos de gestoría de informes\".-", "Visitas_Count": 144.0, "Visto_Estado": "Visto", "Fecha_Publicacion": null, "Inmobiliaria": null, "lat": -34.5895073, "lon": -58.4221433, "Barrio_Geo": "Palermo", "snap_warning": false, "distancia_m_gym": 915, "cant_gym": 16, "distancia_m_subte": 779, "cant_subte": 7, "distancia_m_parque": 1027, "cant_parque": 3, "distancia_m_plaza": 329, "cant_plaza": 8, "costo_total": 730000, "dist_verde_final": 329, "apto_scoring": true, "segmento": "2amb", "costo_total_norm": 65.437788018433181, "distancia_m_subte_norm": 58.783068783068785, "dist_verde_final_norm": 68.516746411483254, "distancia_m_gym_norm": 53.172978505629473, "Score": 62.830682975153508, "REVISION": null, "FECHA_DETECCION": "2026-03-09" }, "geometry": { "type": "Point", "coordinates": [ -58.4221433, -34.5895073 ] } },
{ "type": "Feature", "properties": { "Portal": "argenprop", "Barrio": "Villa Urquiza", "Tipo": "Departamento", "Titulo": "Departamento - Alquiler - Argentina, Capital Federal - ALVARES THOMAS 3000", "Precio": 650000, "Expensas": 150000.0, "Direccion": "ALVARES THOMAS 3000, Piso 11", "Metros_Totales": null, "Ambientes": 2.0, "Dormitorios": 1.0, "Baños": 1.0, "URL": "https://www.argenprop.com/departamento-en-alquiler-en-villa-urquiza-2-ambientes--18965334", "Bajo_Precio": null, "Cocheras": 0, "Etiqueta_Destacado": null, "Porcentaje_Rebaja": null, "Metros_Cubiertos": 42.0, "Antiguedad": null, "Descripcion_Breve": "Alquiler de departamento 2 ambientes en villa urquiza, capital federal departamento ubicado al lateral en un 11vo piso cocina independiente con muebles de alacena y bajo mesada. Lavadero incorporado con conexión para lavarropas. Agua caliente por calefón. Living-comedor amplio baño completo dormitorio con placard empotrado no deje de consultar condiciones de ingreso y coordinar una visita el inmueble nocuenta con ingreso adaptado para personas con movilidad reducida. Corredor responsable:insinga , maria victoria - cucicba 9130 aviso legal: para los casos de alquiler de vivienda, el monto máximo de honorarios que se le puede requerir a los propietarios será el equivalente al cuatro con quince centésimos por ciento (4,15%) del valor total del respectivo contrato. Se encuentra prohibido cobrar a los inquilinos que sean personas físicas honorarios inmobiliarias y gastos de gestoría de informes.", "Visitas_Count": 750.0, "Visto_Estado": "Visto", "Fecha_Publicacion": null, "Inmobiliaria": null, "lat": -34.5729326, "lon": -58.4816999, "Barrio_Geo": "Villa Urquiza", "snap_warning": false, "distancia_m_gym": 532, "cant_gym": 3, "distancia_m_subte": 539, "cant_subte": 4, "distancia_m_parque": 1500, "cant_parque": 0, "distancia_m_plaza": 263, "cant_plaza": 14, "costo_total": 800000, "dist_verde_final": 263, "apto_scoring": true, "segmento": "2amb", "costo_total_norm": 52.534562211981566, "distancia_m_subte_norm": 71.481481481481481, "dist_verde_final_norm": 74.832535885167459, "distancia_m_gym_norm": 72.773797338792221, "Score": 64.702156240149776, "REVISION": null, "FECHA_DETECCION": "2026-03-01" }, "geometry": { "type": "Point", "coordinates": [ -58.4816999, -34.5729326 ] } },
{ "type": "Feature", "properties": { "Portal": "argenprop", "Barrio": "Villa Urquiza", "Tipo": "Departamento", "Titulo": "Departamento - Alquiler - Argentina, Capital Federal - AV OLAZABAL 5200", "Precio": 750000, "Expensas": 250000.0, "Direccion": "AV OLAZABAL 5200, Piso 3", "Metros_Totales": null, "Ambientes": 3.0, "Dormitorios": 2.0, "Baños": null, "URL": "https://www.argenprop.com/departamento-en-alquiler-en-villa-urquiza-3-ambientes--18759275", "Bajo_Precio": null, "Cocheras": 0, "Etiqueta_Destacado": null, "Porcentaje_Rebaja": null, "Metros_Cubiertos": 56.0, "Antiguedad": 20.0, "Descripcion_Breve": "Alquiler de departamento 3 ambientes en villa urquiza, capital federal living comedor con pisos de parquet. Cocina independiente con mueble bajo mesada y alacena, cocina de horno a gas completa con rejilla, calefón para agua caliente y conexión para lavarropas. 2 dormitorios ambos con placard y pisos de parquet. Baño completo con bañera, espejo y juego de sanitarios completo no deje de consultar condiciones de ingreso y coordinar una visita el inmueble cuenta con ingreso adaptado para personas con movilidad reducida. Corredor responsable:insinga , maria victoria - cucicba 9130 aviso legal: para los casos de alquiler de vivienda, el monto máximo de honorarios que se le puede requerir a los propietarios será el equivalente al cuatro con quince centésimos por ciento (4,15%) del valor total del respectivo contrato. Se encuentra prohibido cobrar a los inquilinos que sean personas físicas honorarios inmobiliarias y gastos de gestoría de informes.", "Visitas_Count": 2000.0, "Visto_Estado": "Visto", "Fecha_Publicacion": null, "Inmobiliaria": null, "lat": -34.5772323, "lon": -58.4869248, "Barrio_Geo": "Villa Urquiza", "snap_warning": false, "distancia_m_gym": 739, "cant_gym": 3, "distancia_m_subte": 441, "cant_subte": 3, "distancia_m_parque": 1500, "cant_parque": 0, "distancia_m_plaza": 589, "cant_plaza": 15, "costo_total": 1000000, "dist_verde_final": 589, "apto_scoring": true, "segmento": "3amb", "costo_total_norm": 0.0, "distancia_m_subte_norm": 80.874316939890718, "dist_verde_final_norm": 35.27472527472527, "distancia_m_gym_norm": 43.83318544809228, "Score": 35.700558681721496, "REVISION": null, "FECHA_DETECCION": "2026-03-01" }, "geometry": { "type": "Point", "coordinates": [ -58.4869248, -34.5772323 ] } },
{ "type": "Feature", "properties": { "Portal": "argenprop", "Barrio": "Villa Urquiza", "Tipo": "Departamento", "Titulo": "ALQUILER TRADICIONAL - TEMPORAL- AMOBLADO - VILLA URQUIZA - LUMINOSO - 1 DORMITORIO", "Precio": 780000, "Expensas": 141000.0, "Direccion": "TRIUNVIRATO al 3800", "Metros_Totales": null, "Ambientes": 2.0, "Dormitorios": 1.0, "Baños": null, "URL": "https://www.argenprop.com/departamento-en-alquiler-en-villa-urquiza-2-ambientes--19092251", "Bajo_Precio": null, "Cocheras": 0, "Etiqueta_Destacado": null, "Porcentaje_Rebaja": null, "Metros_Cubiertos": 35.0, "Antiguedad": 40.0, "Descripcion_Breve": "Alquiler departamento 2 ambientes - villa urquiza tradicional - temporario disponible desde el 1 de abril 2026 no acepta mascotas características: ubicación: a solo 100 metros de av. De los incas, en el frente de la edificación. Dimensiones: 35 metros cuadrados totales y cubiertos aprox. Distribución: amplio living comedor (5m x 3.5m). Baño completo con jacuzzi. Cocina con barra americana. Dormitorio (3m x 3m). Detalles de alquiler: expensas 2/26: $141.000 abl 2/26: $13.400 aysa incluido en expensas consulta por esta propiedad ahora. Whatsapp: oficina: vende y compra con lexinton, inmobiliaria lider en realizar compra / venta simultanea. Tasaciones profesionales. Las medidas, superficies y valores de esta ficha son aproximadas y a título informativo únicamente. Martillera y corredor responsable: nora levi cmcpsi 6006 y cucicba 5059 todas las propiedades que figuran en el perfil de lexinton se encuentran a cargo del profesional matriculado que corresponda, la intermediación y la conclusión de las operaciones serán llevadas exclusivamente por esta persona. Lexinton propiedades es una marca registrada. Matricula provincia de buenos aires: nora levi cmcpsi 6006 matricula ciudad de buenos aires: cucicba 5059", "Visitas_Count": 1111.0, "Visto_Estado": "Visto", "Fecha_Publicacion": null, "Inmobiliaria": null, "lat": -34.5772485, "lon": -58.4816785, "Barrio_Geo": "Villa Urquiza", "snap_warning": false, "distancia_m_gym": 131, "cant_gym": 5, "distancia_m_subte": 0, "cant_subte": 4, "distancia_m_parque": 1500, "cant_parque": 0, "distancia_m_plaza": 678, "cant_plaza": 15, "costo_total": 921000, "dist_verde_final": 678, "apto_scoring": true, "segmento": "2amb", "costo_total_norm": 30.230414746543772, "distancia_m_subte_norm": 100.0, "dist_verde_final_norm": 35.119617224880386, "distancia_m_gym_norm": 93.295803480040945, "Score": 58.445669691597679, "REVISION": null, "FECHA_DETECCION": "2026-03-01" }, "geometry": { "type": "Point", "coordinates": [ -58.4816785, -34.5772485 ] } },
{ "type": "Feature", "properties": { "Portal": "argenprop", "Barrio": "Villa Urquiza", "Tipo": "Departamento", "Titulo": "Departamento Monoambiente c/cochera en Muy buen estado - PISO FLOTANTE = NO MASCOTAS", "Precio": 585000, "Expensas": 204000.0, "Direccion": "M Pedraza 5200, Piso 3", "Metros_Totales": null, "Ambientes": null, "Dormitorios": null, "Baños": 1.0, "URL": "https://www.argenprop.com/departamento-en-alquiler-en-villa-urquiza-1-ambiente--5487015", "Bajo_Precio": null, "Cocheras": 0, "Etiqueta_Destacado": null, "Porcentaje_Rebaja": null, "Metros_Cubiertos": 34.0, "Antiguedad": 14.0, "Descripcion_Breve": "Departamento monoambiente con cochera descubierta recientemente pintado cocina con equipamiento completo pisos flotantes super luminoso - ventanal con acceso al balcón y rejas ! Contrato dos años * ley 5115 art. 1 \"edificio con accesibilidad para discapacitados\" matricula c.U.C.I.C.B.A 3915 * para mayor información y coordinar una visita pueden comunicarse con nosotros al 4542 - 1589 - y en nuestras redes sociales: ley 5859 art. 5 \"se encuentra prohibido cobrar honorarios y gastos de gestoría de informes a los inquilinos que sera personas físicas. Para los casos de alquiler de vivienda el monto máximo de honorario que se puede cobrar sera el equivalente al cuatro con quince centésimos por ciento (4.15%) del total del respectivo contrato \" + ig: @aliciamazzini_propiedades", "Visitas_Count": 1100.0, "Visto_Estado": "Visto", "Fecha_Publicacion": null, "Inmobiliaria": null, "lat": -34.5651849, "lon": -58.4921678, "Barrio_Geo": "Villa Urquiza", "snap_warning": false, "distancia_m_gym": 1797, "cant_gym": 2, "distancia_m_subte": 1257, "cant_subte": 2, "distancia_m_parque": 1394, "cant_parque": 3, "distancia_m_plaza": 822, "cant_plaza": 14, "costo_total": 789000, "dist_verde_final": 822, "apto_scoring": true, "segmento": "sin_datos", "costo_total_norm": 34.698795180722897, "distancia_m_subte_norm": 34.565330557001559, "dist_verde_final_norm": 26.475849731663686, "distancia_m_gym_norm": 0.38802660753880502, "Score": 29.583089846476245, "REVISION": null, "FECHA_DETECCION": "2026-02-16" }, "geometry": { "type": "Point", "coordinates": [ -58.4921678, -34.5651849 ] } },
{ "type": "Feature", "properties": { "Portal": "argenprop", "Barrio": "Villa Urquiza", "Tipo": "Departamento", "Titulo": "ALQUILER VILLA URQUIZA Espectacular Mono ambiente", "Precio": 600000, "Expensas": 109000.0, "Direccion": "Av Álvarez Thomas 3100", "Metros_Totales": null, "Ambientes": null, "Dormitorios": null, "Baños": 1.0, "URL": "https://www.argenprop.com/departamento-en-alquiler-en-villa-urquiza-1-ambiente--18877422", "Bajo_Precio": null, "Cocheras": 0, "Etiqueta_Destacado": null, "Porcentaje_Rebaja": null, "Metros_Cubiertos": 40.0, "Antiguedad": 12.0, "Descripcion_Breve": "Av. Alvarez thomas y av. Monroe excelente mono ambiente amplio muy luminoso al frente con balcon corrido aterrazado pisos de porcelanato cocina incorporada baño super amplio con espacio para lavarropas valor: $ 600.000 expensas: $109.000 ubicación: el departamento se encuentra a poca distancia del subte b y de estacion de tren zona de gran comunicacion requisitos: garantia propietaria o seguro de caucion ingresos demostrables", "Visitas_Count": 1000.0, "Visto_Estado": "Visto", "Fecha_Publicacion": null, "Inmobiliaria": null, "lat": -34.5723952, "lon": -58.4826975, "Barrio_Geo": "Villa Urquiza", "snap_warning": false, "distancia_m_gym": 641, "cant_gym": 2, "distancia_m_subte": 434, "cant_subte": 3, "distancia_m_parque": 1500, "cant_parque": 0, "distancia_m_plaza": 180, "cant_plaza": 14, "costo_total": 709000, "dist_verde_final": 180, "apto_scoring": true, "segmento": "sin_datos", "costo_total_norm": 53.975903614457835, "distancia_m_subte_norm": 77.407600208224892, "dist_verde_final_norm": 83.899821109123437, "distancia_m_gym_norm": 64.467849223946786, "Score": 68.039390652469976, "REVISION": null, "FECHA_DETECCION": "2026-03-09" }, "geometry": { "type": "Point", "coordinates": [ -58.4826975, -34.5723952 ] } },
{ "type": "Feature", "properties": { "Portal": "argenprop", "Barrio": "Villa Urquiza", "Tipo": "Departamento", "Titulo": "ALQUILER MONOAMBIENTE DIVISIBLE CON BALCÓN EN VILLA URQUIZA", "Precio": 700000, "Expensas": 120000.0, "Direccion": "Bauness 2017 , Piso 3", "Metros_Totales": null, "Ambientes": null, "Dormitorios": null, "Baños": 1.0, "URL": "https://www.argenprop.com/departamento-en-alquiler-en-villa-urquiza-1-ambiente--19117577", "Bajo_Precio": null, "Cocheras": 0, "Etiqueta_Destacado": null, "Porcentaje_Rebaja": null, "Metros_Cubiertos": 32.0, "Antiguedad": 6.0, "Descripcion_Breve": "Monoambiente divisible con balcón en alquiler. Al frente, muy luminoso. Excelente estado. Cocina incorporada. Conexión para lavarropas en el balcón. Cochera optativa en la misma cuadra. El departamento se alquila sin muebles. Consulte por mascota. A metros de av. Triunvirato, av. Olazabal y a pocas cuadras de la estación 'echeverria' (subte 'b') y 'urquiza' (tren 'mitre'). Condiciones del alquiler : - garantía de caba o seguro de caución ( o garantia ya) - ingresos comprobables propios que tripliquen el valor del alquiler. Contrato: - dos años (24 meses) - aumentos trimestrales por ipc.- Gastos: - 1 mes de adelanto. - 1 mes de deposito. + Informes de dominio e inhibicion y firmas.", "Visitas_Count": 800.0, "Visto_Estado": "Visto", "Fecha_Publicacion": null, "Inmobiliaria": null, "lat": -34.5786709, "lon": -58.4839655, "Barrio_Geo": "Villa Urquiza", "snap_warning": false, "distancia_m_gym": 406, "cant_gym": 4, "distancia_m_subte": 274, "cant_subte": 4, "distancia_m_parque": 1500, "cant_parque": 0, "distancia_m_plaza": 608, "cant_plaza": 11, "costo_total": 820000, "dist_verde_final": 608, "apto_scoring": true, "segmento": "sin_datos", "costo_total_norm": 27.228915662650593, "distancia_m_subte_norm": 85.736595523165022, "dist_verde_final_norm": 45.617173524150267, "distancia_m_gym_norm": 77.494456762749451, "Score": 53.485425303114745, "REVISION": null, "FECHA_DETECCION": "2026-02-27" }, "geometry": { "type": "Point", "coordinates": [ -58.4839655, -34.5786709 ] } },
{ "type": "Feature", "properties": { "Portal": "argenprop", "Barrio": "Villa Urquiza", "Tipo": "Departamento", "Titulo": "VILLA URQUIZA 2 AMB FRENTE CON BALCON EXCELENTE", "Precio": 590000, "Expensas": 250000.0, "Direccion": "Nahuel Huapi 4900, Piso 2", "Metros_Totales": null, "Ambientes": 2.0, "Dormitorios": 1.0, "Baños": 1.0, "URL": "https://www.argenprop.com/departamento-en-alquiler-en-urquiza-r-2-ambientes--9053885", "Bajo_Precio": null, "Cocheras": 0, "Etiqueta_Destacado": null, "Porcentaje_Rebaja": null, "Metros_Cubiertos": null, "Antiguedad": null, "Descripcion_Breve": "Villa urquiza 2 ambientes, con balcón al frente excelente estado aire acondicionado en ambos ambientes balcón corrido", "Visitas_Count": 800.0, "Visto_Estado": "Visto", "Fecha_Publicacion": null, "Inmobiliaria": null, "lat": -34.5700559, "lon": -58.486589, "Barrio_Geo": "Villa Urquiza", "snap_warning": false, "distancia_m_gym": 917, "cant_gym": 1, "distancia_m_subte": 644, "cant_subte": 3, "distancia_m_parque": 1987, "cant_parque": 1, "distancia_m_plaza": 333, "cant_plaza": 18, "costo_total": 840000, "dist_verde_final": 333, "apto_scoring": true, "segmento": "2amb", "costo_total_norm": 45.161290322580648, "distancia_m_subte_norm": 65.925925925925924, "dist_verde_final_norm": 68.133971291866033, "distancia_m_gym_norm": 53.070624360286587, "Score": 56.776150601211903, "REVISION": null, "FECHA_DETECCION": "2026-03-09" }, "geometry": { "type": "Point", "coordinates": [ -58.486589, -34.5700559 ] } },
{ "type": "Feature", "properties": { "Portal": "argenprop", "Barrio": "Villa Urquiza", "Tipo": "Departamento", "Titulo": "Departamento 2 Ambientes c/Balcón y cochera cubierta", "Precio": 750000, "Expensas": 120000.0, "Direccion": "Bucarelli al 2500", "Metros_Totales": null, "Ambientes": 2.0, "Dormitorios": 1.0, "Baños": null, "URL": "https://www.argenprop.com/departamento-en-alquiler-en-urquiza-r-2-ambientes--19019378", "Bajo_Precio": null, "Cocheras": 0, "Etiqueta_Destacado": null, "Porcentaje_Rebaja": null, "Metros_Cubiertos": 43.0, "Antiguedad": 40.0, "Descripcion_Breve": "Departamento de 2 ambientes contrafrente con balcón y cochera cubierta. 1 cuadra del tren y subte. En cumplimiento a la ley 5115, se informa que el inmueble es accesible para personas con discapacidades físicas. Ley 5858 - art.5 se encuentra prohibido cobrar comisiones inmobiliarias y gastos de gestoría de informes a los inquilinos que sean personas físicas. Para los casos de alquiler de vivienda, el monto máximo de comisión que se puede requerir a los propietarios será el equivalente al cuatro quince centésimos por ciento (4,15%) del valor total del respectivo contrato. Cucicba mat. No 27/67", "Visitas_Count": 731.0, "Visto_Estado": "Visto", "Fecha_Publicacion": null, "Inmobiliaria": null, "lat": -34.5770643, "lon": -58.4869507, "Barrio_Geo": "Villa Urquiza", "snap_warning": false, "distancia_m_gym": 739, "cant_gym": 3, "distancia_m_subte": 441, "cant_subte": 3, "distancia_m_parque": 1500, "cant_parque": 0, "distancia_m_plaza": 589, "cant_plaza": 15, "costo_total": 870000, "dist_verde_final": 589, "apto_scoring": true, "segmento": "2amb", "costo_total_norm": 39.63133640552995, "distancia_m_subte_norm": 76.666666666666671, "dist_verde_final_norm": 43.63636363636364, "distancia_m_gym_norm": 62.180143295803482, "Score": 53.797821619065054, "REVISION": "VISTO", "FECHA_DETECCION": "2026-03-09" }, "geometry": { "type": "Point", "coordinates": [ -58.4869507, -34.5770643 ] } },
{ "type": "Feature", "properties": { "Portal": "argenprop", "Barrio": "Villa Urquiza", "Tipo": "Departamento", "Titulo": "ALQUILER DEPARTAMENTO 2 AMBIENTES CON BALCÓN VILLA URQUIZA", "Precio": 750000, "Expensas": 150000.0, "Direccion": "La Pampa 5041 , Piso 8", "Metros_Totales": null, "Ambientes": 2.0, "Dormitorios": 1.0, "Baños": null, "URL": "https://www.argenprop.com/departamento-en-alquiler-en-villa-urquiza-2-ambientes--18946421", "Bajo_Precio": null, "Cocheras": 0, "Etiqueta_Destacado": null, "Porcentaje_Rebaja": null, "Metros_Cubiertos": 42.0, "Antiguedad": 7.0, "Descripcion_Breve": "[Garciaenri-2636] departamento 2 ambientes en alquiler con balcón al frente. Living comedor con cocina incorporada. Dormitorio completo equipado con aire acondicionado. Baño completo y amplio. No se aceptan mascotas. A metros de estación 'echeverria' (subte 'b') en av. Triunvirato. Requisitos: ingreso registrados que tripliquen el valor del alquiler. Mes por adelantado y mes de deposito. Garantia de c.A.B.A. O seguro de caución. Servicios: cloacas, gas otros servicios: portero visor depósito (meses): 1 impuestos a cargo de: inquilino agua a cargo de: inquilino", "Visitas_Count": 253.0, "Visto_Estado": "Visto", "Fecha_Publicacion": null, "Inmobiliaria": null, "lat": -34.57955, "lon": -58.4800219, "Barrio_Geo": "Villa Urquiza", "snap_warning": false, "distancia_m_gym": 550, "cant_gym": 6, "distancia_m_subte": 418, "cant_subte": 4, "distancia_m_parque": 1791, "cant_parque": 2, "distancia_m_plaza": 363, "cant_plaza": 13, "costo_total": 900000, "dist_verde_final": 363, "apto_scoring": true, "segmento": "2amb", "costo_total_norm": 34.10138248847926, "distancia_m_subte_norm": 77.883597883597886, "dist_verde_final_norm": 65.26315789473685, "distancia_m_gym_norm": 71.852610030706245, "Score": 57.24352494248906, "REVISION": null, "FECHA_DETECCION": "2026-02-16" }, "geometry": { "type": "Point", "coordinates": [ -58.4800219, -34.57955 ] } },
{ "type": "Feature", "properties": { "Portal": "argenprop", "Barrio": "Villa Urquiza", "Tipo": "Departamento", "Titulo": "ALQUILER 2 AMBIENTES EN VILLA URQUIZA - RESERVADO", "Precio": 750000, "Expensas": 205000.0, "Direccion": "Tomás A. Le Bretón 4900, Piso 8", "Metros_Totales": null, "Ambientes": 2.0, "Dormitorios": 1.0, "Baños": null, "URL": "https://www.argenprop.com/departamento-en-alquiler-en-villa-urquiza-2-ambientes--18989052", "Bajo_Precio": null, "Cocheras": 0, "Etiqueta_Destacado": null, "Porcentaje_Rebaja": null, "Metros_Cubiertos": 42.0, "Antiguedad": 15.0, "Descripcion_Breve": "Excelente semipiso de 2 ambientes al contrafrente con balcon de 45 m2. Totales - 42 m2. Cubiertos - 3 m2. De balcon gran living - pisos de parquet - aire frio/calor dormitorio con placard hasta el techo - pisos parquet - aire frio/calor cocina comedor independiente completa - muebles de cocina - lavadero independiente amplio - espacio lavarropas y para colgar - baño completo - muy luminoso - sol de mañana - excelente ubicacion - cerca estacion urquiza y subte \"b\" - r e s e r v a d o", "Visitas_Count": 720.0, "Visto_Estado": "Visto", "Fecha_Publicacion": null, "Inmobiliaria": null, "lat": -34.5693622, "lon": -58.4870468, "Barrio_Geo": "Villa Urquiza", "snap_warning": false, "distancia_m_gym": 1017, "cant_gym": 1, "distancia_m_subte": 744, "cant_subte": 3, "distancia_m_parque": 1887, "cant_parque": 1, "distancia_m_plaza": 433, "cant_plaza": 18, "costo_total": 955000, "dist_verde_final": 433, "apto_scoring": true, "segmento": "2amb", "costo_total_norm": 23.963133640552996, "distancia_m_subte_norm": 60.634920634920633, "dist_verde_final_norm": 58.564593301435409, "distancia_m_gym_norm": 47.952917093142275, "Score": 44.2839400162987, "REVISION": null, "FECHA_DETECCION": "2026-02-16" }, "geometry": { "type": "Point", "coordinates": [ -58.4870468, -34.5693622 ] } },
{ "type": "Feature", "properties": { "Portal": "argenprop", "Barrio": "Villa Urquiza", "Tipo": "Departamento", "Titulo": "Villa Urquiza sobre Av Congreso 4715. Excelente monoambiente contra frente .", "Precio": 520000, "Expensas": 80000.0, "Direccion": "Av Congreso 4700, Piso 3", "Metros_Totales": null, "Ambientes": null, "Dormitorios": null, "Baños": 1.0, "URL": "https://www.argenprop.com/departamento-en-alquiler-en-villa-urquiza-1-ambiente--19067257", "Bajo_Precio": null, "Cocheras": 0, "Etiqueta_Destacado": null, "Porcentaje_Rebaja": null, "Metros_Cubiertos": 36.0, "Antiguedad": 10.0, "Descripcion_Breve": "Villa urquiza sobre av congreso 4715. Excelente monoambiente contra frente, vista abierta, imperdible, a 8 cuadras estación de tren ferrocarril mitre y estación de subte línea b .", "Visitas_Count": 720.0, "Visto_Estado": "Visto", "Fecha_Publicacion": null, "Inmobiliaria": null, "lat": -34.5674199, "lon": -58.4854402, "Barrio_Geo": "Villa Urquiza", "snap_warning": false, "distancia_m_gym": 1343, "cant_gym": 1, "distancia_m_subte": 1085, "cant_subte": 3, "distancia_m_parque": 1771, "cant_parque": 1, "distancia_m_plaza": 693, "cant_plaza": 16, "costo_total": 600000, "dist_verde_final": 693, "apto_scoring": true, "segmento": "sin_datos", "costo_total_norm": 80.240963855421683, "distancia_m_subte_norm": 43.519000520562216, "dist_verde_final_norm": 38.014311270125219, "distancia_m_gym_norm": 25.554323725055426, "Score": 55.310380324867928, "REVISION": null, "FECHA_DETECCION": "2026-02-19" }, "geometry": { "type": "Point", "coordinates": [ -58.4854402, -34.5674199 ] } },
{ "type": "Feature", "properties": { "Portal": "argenprop", "Barrio": "Villa Urquiza", "Tipo": "Departamento", "Titulo": "DUEÑO ALQUILA", "Precio": 650000, "Expensas": 180000.0, "Direccion": "Avenida Olazábal 4500", "Metros_Totales": null, "Ambientes": 2.0, "Dormitorios": 1.0, "Baños": 1.0, "URL": "https://www.argenprop.com/departamento-en-alquiler-en-villa-urquiza-2-ambientes--19184200", "Bajo_Precio": null, "Cocheras": 0, "Etiqueta_Destacado": null, "Porcentaje_Rebaja": null, "Metros_Cubiertos": null, "Antiguedad": null, "Descripcion_Breve": "Olazabal 4500 excelente ubicación - muchos medios de locomoción. Cerca subte y tren. Luminoso 2 ambientes. Living comedor. Dormitorio con placard. Baño completo cocina separada. Lavadero independiente. Todo eléctrico. $650.000 - expensas $180.000 (incluye aysa). Dueño", "Visitas_Count": 720.0, "Visto_Estado": "Visto", "Fecha_Publicacion": null, "Inmobiliaria": null, "lat": -34.5727635, "lon": -58.4799339, "Barrio_Geo": "Villa Urquiza", "snap_warning": false, "distancia_m_gym": 500, "cant_gym": 5, "distancia_m_subte": 632, "cant_subte": 4, "distancia_m_parque": 1500, "cant_parque": 0, "distancia_m_plaza": 274, "cant_plaza": 15, "costo_total": 830000, "dist_verde_final": 274, "apto_scoring": true, "segmento": "2amb", "costo_total_norm": 47.004608294930875, "distancia_m_subte_norm": 66.560846560846556, "dist_verde_final_norm": 73.779904306220089, "distancia_m_gym_norm": 74.411463664278401, "Score": 60.967224513898174, "REVISION": null, "FECHA_DETECCION": "2026-03-09" }, "geometry": { "type": "Point", "coordinates": [ -58.4799339, -34.5727635 ] } },
{ "type": "Feature", "properties": { "Portal": "argenprop", "Barrio": "Villa Urquiza", "Tipo": "Departamento", "Titulo": "ALQUILER MONOAMBIENTE APAISADO FRENTE BALCÓN VISTA PANOR", "Precio": 600000, "Expensas": 120000.0, "Direccion": "Capdevila 2828 , Piso 9", "Metros_Totales": null, "Ambientes": null, "Dormitorios": null, "Baños": 1.0, "URL": "https://www.argenprop.com/departamento-en-alquiler-en-villa-urquiza-1-ambiente--18372621", "Bajo_Precio": null, "Cocheras": 0, "Etiqueta_Destacado": null, "Porcentaje_Rebaja": null, "Metros_Cubiertos": 33.0, "Antiguedad": 12.0, "Descripcion_Breve": "Moambiente apaisado, al frente, balcón corrido, vista panorámica, muy luminoso, cocina totalmente equipada con muebles de sobre y bajo mesada, instalación para lavarropas, baño completo, pisos de parquet entablonados e hidrolaqueados, split frío-calor, portero visor, apto profesional, servicios individuales, agua caliente por termotanque eléctrico. Edificio con sum, solarium con ducha. No se aceptan mascotas.- Condiciones del alquiler: contrato 24 meses (2 años), actualizaciones trimestrales por el índice ipc, garantía en caba , ingresos comprobables, 1 mes de adelanto, 1 mes de depósito, gastos de averiguación de garantía y certificación de firma ante escribano.- Servicios: cloacas, gas otros servicios: sum depósito (meses): 1 impuestos a cargo de: inquilino agua a cargo de: inquilino", "Visitas_Count": 550.0, "Visto_Estado": "Visto", "Fecha_Publicacion": null, "Inmobiliaria": null, "lat": -34.5710655, "lon": -58.4894132, "Barrio_Geo": "Villa Urquiza", "snap_warning": false, "distancia_m_gym": 1149, "cant_gym": 2, "distancia_m_subte": 466, "cant_subte": 3, "distancia_m_parque": 1500, "cant_parque": 0, "distancia_m_plaza": 73, "cant_plaza": 17, "costo_total": 720000, "dist_verde_final": 73, "apto_scoring": true, "segmento": "sin_datos", "costo_total_norm": 51.325301204819276, "distancia_m_subte_norm": 75.741801145236849, "dist_verde_final_norm": 93.470483005366731, "distancia_m_gym_norm": 36.308203991130817, "Score": 65.577577825685196, "REVISION": null, "FECHA_DETECCION": "2026-02-16" }, "geometry": { "type": "Point", "coordinates": [ -58.4894132, -34.5710655 ] } },
{ "type": "Feature", "properties": { "Portal": "argenprop", "Barrio": "Belgrano", "Tipo": "Departamento", "Titulo": "ALQUILER MONOAMBIENTE APTO PROFESIONAL AL FRENTE CON BALCON ATERRAZADO EN BELGRANO", "Precio": 580000, "Expensas": 170000.0, "Direccion": "Migueletes 2000, Piso 3", "Metros_Totales": null, "Ambientes": null, "Dormitorios": null, "Baños": 1.0, "URL": "https://www.argenprop.com/departamento-en-alquiler-en-belgrano-1-ambiente--10433562", "Bajo_Precio": null, "Cocheras": 0, "Etiqueta_Destacado": null, "Porcentaje_Rebaja": null, "Metros_Cubiertos": 31.0, "Antiguedad": 10.0, "Descripcion_Breve": "Muy lindo y moderno monoambiente apto profesional al frente con balcon aterrazado consta de un ambiente con cocina integrada - baño completo - balcon aterrazado a la calle - - apto profesional - posee un acondicionador de aire tipo split frio/calor - cuenta con espacio y conexión para lavarropas - gran capacidad de guardado; tiene un amplio placard - agua caliente por caldera central - baño con griferia de categoria - artefactos de cocina a gas - muy luminoso - vista al frente - las expensas incluyen agua caliente central y aysa excelente ubicacion - el edificio se encuentra en unas de las mejores zonas de belgrano - a solo una cuadra de avda. Del libertador - muy cerca de barrancas de belgrano y de los bosques de palermo - a solo 3 cuadras de la estacion de ferrocarril belgrano c (linea mitre) - varias lineas de colectivo - proximo a la estacion de subterraneo \"juramento\" (linea \"b\") - raccone propiedades - tel. - Contacto: sr. Alberto para los casos de alquiler de vivienda, el monto máximo de comisión que se le puede requerir a los propietarios será el equivalente al cuatro con quince centésimos por ciento (4,15%) del valor total del respectivo contrato. Se encuentra prohibido cobrar a los inquilinos que sean personas físicas comisiones inmobiliarias y gastos de gestoría de informes.", "Visitas_Count": 3.0, "Visto_Estado": "Visto", "Fecha_Publicacion": null, "Inmobiliaria": null, "lat": -34.5569151, "lon": -58.4460139, "Barrio_Geo": "Belgrano", "snap_warning": false, "distancia_m_gym": 0, "cant_gym": 10, "distancia_m_subte": 1196, "cant_subte": 3, "distancia_m_parque": 1188, "cant_parque": 3, "distancia_m_plaza": 640, "cant_plaza": 19, "costo_total": 750000, "dist_verde_final": 640, "apto_scoring": true, "segmento": "sin_datos", "costo_total_norm": 44.096385542168669, "distancia_m_subte_norm": 37.740760020822485, "dist_verde_final_norm": 42.754919499105547, "distancia_m_gym_norm": 100.0, "Score": 47.511766122935327, "REVISION": null, "FECHA_DETECCION": "2026-03-09" }, "geometry": { "type": "Point", "coordinates": [ -58.4460139, -34.5569151 ] } },
{ "type": "Feature", "properties": { "Portal": "argenprop", "Barrio": "Villa Urquiza", "Tipo": "Departamento", "Titulo": "EXCELENTE 2 AMBIENTES ALQUILER", "Precio": 750000, "Expensas": 200000.0, "Direccion": "Pacheco 2600, Piso 4", "Metros_Totales": null, "Ambientes": 2.0, "Dormitorios": 1.0, "Baños": null, "URL": "https://www.argenprop.com/departamento-en-alquiler-en-villa-urquiza-2-ambientes--18896454", "Bajo_Precio": null, "Cocheras": 0, "Etiqueta_Destacado": null, "Porcentaje_Rebaja": null, "Metros_Cubiertos": null, "Antiguedad": null, "Descripcion_Breve": "Excelente 2 ambientes en alquiler - semipiso - balcón - lavadero separado. - Excelente estado responsable matriculado: ceraso, eduardo horacio (mat. 4616) para los casos de alquiler de vivienda, el monto máximo de comisión que se le puede requerir a los propietarios será el equivalente al cuatro con quince centésimos por ciento (4,15%) del valor total del respectivo contrato. Se encuentra prohibido cobrar a los inquilinos que sean personas físicas comisiones inmobiliarias y gastos de gestoría de informes", "Visitas_Count": 550.0, "Visto_Estado": "Visto", "Fecha_Publicacion": null, "Inmobiliaria": null, "lat": -34.571498, "lon": -58.4856743, "Barrio_Geo": "Villa Urquiza", "snap_warning": false, "distancia_m_gym": 717, "cant_gym": 2, "distancia_m_subte": 444, "cant_subte": 3, "distancia_m_parque": 1500, "cant_parque": 0, "distancia_m_plaza": 289, "cant_plaza": 15, "costo_total": 950000, "dist_verde_final": 289, "apto_scoring": true, "segmento": "2amb", "costo_total_norm": 24.884792626728114, "distancia_m_subte_norm": 76.507936507936506, "dist_verde_final_norm": 72.344497607655498, "distancia_m_gym_norm": 63.306038894575231, "Score": 53.705801414060815, "REVISION": null, "FECHA_DETECCION": "2026-03-01" }, "geometry": { "type": "Point", "coordinates": [ -58.4856743, -34.571498 ] } },
{ "type": "Feature", "properties": { "Portal": "argenprop", "Barrio": "Belgrano", "Tipo": "Departamento", "Titulo": "2 AMBIENTES 41 M2 A LA CALLE ORIENTACION ESTE", "Precio": 590000, "Expensas": 160000.0, "Direccion": "J Superi 2490 , Piso 2", "Metros_Totales": null, "Ambientes": 2.0, "Dormitorios": 1.0, "Baños": null, "URL": "https://www.argenprop.com/departamento-en-alquiler-en-belgrano-r-2-ambientes--19132841", "Bajo_Precio": null, "Cocheras": 0, "Etiqueta_Destacado": null, "Porcentaje_Rebaja": null, "Metros_Cubiertos": 41.0, "Antiguedad": 55.0, "Descripcion_Breve": "[Sout-245] contrato por 24 meses con actualizacion cada 3 meses con el indice de precios al consumidor (ipc) del indec alquiler : $ 590.000 expensas $ 160.000 (incluye aysa) rentas de la ciudad agip (a$ 13.000 marzo 2026) requisitos para alquilar: \" el propietario no acepta mascotas\" el valor proporcional al dia de firma del contrato ,1 mes completo por adelantado . Deposito de garantia (u$s 500 dolares billetes , 1 garantia propietaria de capital federal no en sucesion , no en bien de familia , no de sociedad) ó seguro de fianza y justificacion de ingresos comprobables que tripliquen el valor del alquiler . 2 ambientes 41 m2 a la calle. Cocina 3,2 x 1.9 (pisos de baldosa y persiana con protector de persiana. Lugar para lavaropas . Hall 2 x 1 living 4,8 x 3 (pisos de parquet) ventanal con persiana , aire acondicionado empotrado y protector de ventana.. Baño completo 2 x 1,4 1 dormitorio 3,4 x 3,2 con placar y pisos de parquet y ventana con persiana de madera y protector de ventana..... Edificio de 6 pisos 3 deptos por piso antiguedad 55 años... Super liuminoso orientacion este (sol de mañana) \" el edificio no cuenta con rampa para personas con capacidad reducida ley 5115 de caba\" superi 2490 2º \"8\" entre av. Monroe y blanco encalada las citas se realizan por telefono de 11 a 17 hs para los casos de alquiler de vivienda, el monto máximo de comisión que se le puede requerir a los propietarios será el equivalente al cuatro con quince centésimos por ciento (4,15%) del valor total del respectivo contrato. Se encuentra prohibido cobrar a los inquilinos que sean personas físicas comisiones inmobiliarias y gastos de gestoría de informes.- ( Desde 1 av. Monroe 3338 caba whatsapp servicios: gas depósito (meses): 1 impuestos a cargo de: inquilino agua a cargo de: inquilino", "Visitas_Count": 3.0, "Visto_Estado": "Visto", "Fecha_Publicacion": null, "Inmobiliaria": null, "lat": -34.5645661, "lon": -58.4695671, "Barrio_Geo": "Belgrano", "snap_warning": false, "distancia_m_gym": 1005, "cant_gym": 3, "distancia_m_subte": 1500, "cant_subte": 3, "distancia_m_parque": 1643, "cant_parque": 1, "distancia_m_plaza": 228, "cant_plaza": 16, "costo_total": 750000, "dist_verde_final": 228, "apto_scoring": true, "segmento": "2amb", "costo_total_norm": 61.751152073732719, "distancia_m_subte_norm": 20.634920634920633, "dist_verde_final_norm": 78.181818181818187, "distancia_m_gym_norm": 48.567041965199586, "Score": 51.384004852852875, "REVISION": null, "FECHA_DETECCION": "2026-03-09" }, "geometry": { "type": "Point", "coordinates": [ -58.4695671, -34.5645661 ] } },
{ "type": "Feature", "properties": { "Portal": "argenprop", "Barrio": "Belgrano", "Tipo": "Departamento", "Titulo": "Belgrano 2 ambientes al frente con balcon. seminuevo con sum y parrilla", "Precio": 750000, "Expensas": 125000.0, "Direccion": "Av Dr R Balbin 2500, Piso 6", "Metros_Totales": null, "Ambientes": 2.0, "Dormitorios": 1.0, "Baños": null, "URL": "https://www.argenprop.com/departamento-en-alquiler-en-belgrano-2-ambientes--2954688", "Bajo_Precio": null, "Cocheras": 0, "Etiqueta_Destacado": null, "Porcentaje_Rebaja": null, "Metros_Cubiertos": 47.0, "Antiguedad": 15.0, "Descripcion_Breve": "Hermoso semipiso al frente y contrafrente con balcon corrido aterrazado. Para vivienda o profesional , baño completo, cocina tipo americana completa, lugar para lavarropas o lavavajillas, servicios individuales de agua caliente y losa radiante.. A mts de av cramer, av cabildo, y acceso norte. Edificio con amenities........ Las expensas incluyen aysa,,............................ Las especificaciones y medidas son informativas y aproximadas.No se incluyen: mobiliarios, artefactos eléctricos, luminarias o de aire ..Para los casos de alquiler de vivienda, el monto máximo de comisión que se le puede requerir a los propietarios será el equivalente al cuatro con quince centésimos por ciento (4,15%) del valor total del respectivo contrato. Se encuentra prohibido cobrar a los inquilinos que sean personas físicas comisiones inmobiliarias y gastos de gestoría de informes.Consulte...", "Visitas_Count": 8.0, "Visto_Estado": "Visto", "Fecha_Publicacion": null, "Inmobiliaria": null, "lat": -34.5622255, "lon": -58.4667956, "Barrio_Geo": "Coghlan", "snap_warning": false, "distancia_m_gym": 643, "cant_gym": 5, "distancia_m_subte": 1138, "cant_subte": 3, "distancia_m_parque": 1720, "cant_parque": 1, "distancia_m_plaza": 589, "cant_plaza": 17, "costo_total": 875000, "dist_verde_final": 589, "apto_scoring": true, "segmento": "2amb", "costo_total_norm": 38.70967741935484, "distancia_m_subte_norm": 39.788359788359784, "dist_verde_final_norm": 43.63636363636364, "distancia_m_gym_norm": 67.093142272262014, "Score": 42.856965858748801, "REVISION": null, "FECHA_DETECCION": "2026-02-16" }, "geometry": { "type": "Point", "coordinates": [ -58.4667956, -34.5622255 ] } },
{ "type": "Feature", "properties": { "Portal": "argenprop", "Barrio": "Belgrano", "Tipo": "Departamento", "Titulo": "AV. MONROE 2900, ALQUILER DEPARTAMENTO DE UN AMBIENTE EN BELGRANO", "Precio": 550000, "Expensas": 145000.0, "Direccion": "AV. MONROE 2900, Piso 1", "Metros_Totales": null, "Ambientes": null, "Dormitorios": null, "Baños": 1.0, "URL": "https://www.argenprop.com/departamento-en-alquiler-en-belgrano-r-1-ambiente--19179420", "Bajo_Precio": null, "Cocheras": 0, "Etiqueta_Destacado": null, "Porcentaje_Rebaja": null, "Metros_Cubiertos": 30.0, "Antiguedad": 30.0, "Descripcion_Breve": "•Muy buen departamento de un ambiente, con balcón terraza y en “l”. •Excelente unidad, con pisos de porcelanato italiano. Aire acondicionado. Estufa tiro balanceado. Placard empotrado. •Cocina integrada al ambiente, con alacenas y bajo mesada. Agua caliente por termotanque. •Baño completo, con bañera, bidet y vanitory. Todo de primera categoría. •Balcón en “l” tipo terraza, al contrafrente en un primer piso. Súper luminoso. •El departamento se entrega pintado. •Edificio de 30 años, de categoría. •Ubicación de privilegio, av. Cramer y av. Monroe, a 400 metros de av. Cabildo. •Todos los medios de transporte (subte “d”, tren “mitre” y metrobús). •Consultar requisitos para el ingreso. El contrato es por dos años, con un ajuste trimestral según ipc.", "Visitas_Count": 41.0, "Visto_Estado": "Visto", "Fecha_Publicacion": null, "Inmobiliaria": null, "lat": -34.561226, "lon": -58.4646076, "Barrio_Geo": "Belgrano", "snap_warning": false, "distancia_m_gym": 410, "cant_gym": 5, "distancia_m_subte": 906, "cant_subte": 3, "distancia_m_parque": 1905, "cant_parque": 2, "distancia_m_plaza": 688, "cant_plaza": 17, "costo_total": 695000, "dist_verde_final": 688, "apto_scoring": true, "segmento": "sin_datos", "costo_total_norm": 57.349397590361448, "distancia_m_subte_norm": 52.837064029151485, "dist_verde_final_norm": 38.46153846153846, "distancia_m_gym_norm": 77.27272727272728, "Score": 54.210458664470444, "REVISION": null, "FECHA_DETECCION": "2026-03-09" }, "geometry": { "type": "Point", "coordinates": [ -58.4646076, -34.561226 ] } },
{ "type": "Feature", "properties": { "Portal": "argenprop", "Barrio": "Coghlan", "Tipo": "Departamento", "Titulo": "Departamento - Alquiler - Argentina, Capital Federal - Dr. Ricardo Balbin 2515", "Precio": 750000, "Expensas": 248000.0, "Direccion": "Dr. Ricardo Balbin 2500, Piso 5", "Metros_Totales": null, "Ambientes": 3.0, "Dormitorios": 2.0, "Baños": null, "URL": "https://www.argenprop.com/departamento-en-alquiler-en-coghlan-3-ambientes--17780183", "Bajo_Precio": null, "Cocheras": 0, "Etiqueta_Destacado": null, "Porcentaje_Rebaja": null, "Metros_Cubiertos": 55.0, "Antiguedad": 30.0, "Descripcion_Breve": "Excelente departamento 3 ambientes en alquiler en coghlan. Cocina independiente. Aire acondicionado. Muy buen estado. Excelente ubicación. Aviso importante/relevante: toda la información y las medidas publicadas son estimativas y deberán corroborarse con la documentación adecuada, eximiéndose nuestra compañía de compromiso contractual. Los gastos indicados, como expensas y servicios, se refieren a la última información obtenida y deberán ser ratificados. Las imágenes publicadas son meramente ilustrativas, por lo cual no son vinculantes ni contractuales aviso importante/relevante: toda la información y las medidas publicadas son estimativas y deberán corroborarse con la documentación adecuada, eximiéndose nuestra compañía de compromiso contractual. Los gastos indicados, como expensas y servicios, se refieren a la última información obtenida y deberán ser ratificados. Las imágenes publicadas son meramente ilustrativas, por lo cual no son vinculantes ni contractuales.", "Visitas_Count": 0.0, "Visto_Estado": "Visto", "Fecha_Publicacion": null, "Inmobiliaria": null, "lat": -34.5622255, "lon": -58.4667956, "Barrio_Geo": "Coghlan", "snap_warning": false, "distancia_m_gym": 643, "cant_gym": 5, "distancia_m_subte": 1138, "cant_subte": 3, "distancia_m_parque": 1720, "cant_parque": 1, "distancia_m_plaza": 589, "cant_plaza": 17, "costo_total": 998000, "dist_verde_final": 589, "apto_scoring": true, "segmento": "3amb", "costo_total_norm": 0.69854597654980921, "distancia_m_subte_norm": 26.463700234192032, "dist_verde_final_norm": 35.27472527472527, "distancia_m_gym_norm": 52.351375332741789, "Score": 20.508611049096768, "REVISION": null, "FECHA_DETECCION": "2026-03-01" }, "geometry": { "type": "Point", "coordinates": [ -58.4667956, -34.5622255 ] } },
{ "type": "Feature", "properties": { "Portal": "argenprop", "Barrio": "Coghlan", "Tipo": "Departamento", "Titulo": "Departamento en alquiler en Coghlan", "Precio": 700000, "Expensas": 84000.0, "Direccion": "Estomba 2600, Piso 2", "Metros_Totales": null, "Ambientes": 2.0, "Dormitorios": 1.0, "Baños": null, "URL": "https://www.argenprop.com/departamento-en-alquiler-en-coghlan-2-ambientes--19006435", "Bajo_Precio": null, "Cocheras": 0, "Etiqueta_Destacado": null, "Porcentaje_Rebaja": null, "Metros_Cubiertos": 40.0, "Antiguedad": 40.0, "Descripcion_Breve": "Departamento de 2 ambientes ubicado en el barrio de coghlan, dentro de un edificio de solo 3 pisos, de construcción tradicional y sin ascensor ni amenities, lo que se traduce en un entorno tranquilo y de bajas expensas. La unidad dispone de dos dormitorios o un dormitorio y un living comedor, baño completo y cocina, con una distribución funcional de los ambientes. Ideal para quienes buscan una propiedad práctica, en una zona residencial consolidada, con cercanía a transporte, comercios y espacios verdes. Las medidas, superficies y características consignadas en la presente publicación son orientativas, las reales surgirán del título de propiedad y/o planos correspondientes. Las imágenes, videos y descripciones son a modo ilustrativo y no contractuales. El precio y las condiciones pueden ser modificados sin previo aviso. Ley 5115: inmueble sin accesibilidad- (matricula c.U.C.I.C.B.A. Nro. 689)", "Visitas_Count": 0.0, "Visto_Estado": "Visto", "Fecha_Publicacion": null, "Inmobiliaria": null, "lat": -34.5661755, "lon": -58.4753785, "Barrio_Geo": "Coghlan", "snap_warning": false, "distancia_m_gym": 1646, "cant_gym": 2, "distancia_m_subte": 1498, "cant_subte": 2, "distancia_m_parque": 1500, "cant_parque": 0, "distancia_m_plaza": 58, "cant_plaza": 15, "costo_total": 784000, "dist_verde_final": 58, "apto_scoring": true, "segmento": "2amb", "costo_total_norm": 55.483870967741936, "distancia_m_subte_norm": 20.740740740740733, "dist_verde_final_norm": 94.449760765550238, "distancia_m_gym_norm": 15.762538382804507, "Score": 48.881976600709493, "REVISION": null, "FECHA_DETECCION": "2026-03-01" }, "geometry": { "type": "Point", "coordinates": [ -58.4753785, -34.5661755 ] } },
{ "type": "Feature", "properties": { "Portal": "argenprop", "Barrio": "Coghlan", "Tipo": "Departamento", "Titulo": "DEPARTAMENTO MONOAMBIENTE DIVIDIDO A ESTRENAR", "Precio": 700000, "Expensas": 150000.0, "Direccion": "Estomba 3200, Piso 2", "Metros_Totales": null, "Ambientes": 2.0, "Dormitorios": null, "Baños": 2.0, "URL": "https://www.argenprop.com/departamento-en-alquiler-en-coghlan-1-ambiente--19018006", "Bajo_Precio": null, "Cocheras": 0, "Etiqueta_Destacado": null, "Porcentaje_Rebaja": null, "Metros_Cubiertos": 54.0, "Antiguedad": null, "Descripcion_Breve": "Se trata de un excelente departamento monoambiente amplio y dividido con balcón. Super cómodo y luminoso. Está ubicado en el barrio de coghlan. Es un semipiso, con superficie y distribución de un 2 ambientes. Al frente, segundo piso y muy amplio. Cuenta con una cocina con muebles modernos, un toilette y un baño completo. Todo eléctrico. Dos aires acondicionados frio calor. Agua caliente por caldera central. Superficie total 58 m2 superficie cubierta 54 m2 colectivos cercanos: 29, 41, 67, 71, 76, 130, 169 comuna: comuna 12 consúltanos para coordinar una visita. \"Se deja constancia que los m2 y la antigüedad son aproximados, al igual que las medidas parciales y el valor consignado de las expensas mensuales (en caso de que corresponda pago de expensas) están sujetos a verificación y/o ajustes, el precio del inmueble puede ser modificado sin previo aviso. En el caso de tratarse de un inmueble en construcción los detalles de terminación y la fecha de entrega están sujetos a revisión. Fotos de carácter no contractual. Las unidades publicadas están sujetas a disponibilidad. Gonzalez neira inmuebles actúa solamente en carácter de comercializadora de los inmuebles ofrecidos. En caso de tratarse de un terreno, la información de m2 construibles es orientativa, debiendo ser constatada por el interesado.\" Gerardo hugo gonzalez cucicba mat n° 405 sebastian gonzalez cucicba mat n° 2680", "Visitas_Count": 0.0, "Visto_Estado": "Visto", "Fecha_Publicacion": null, "Inmobiliaria": null, "lat": -34.5606293, "lon": -58.4797775, "Barrio_Geo": "Coghlan", "snap_warning": false, "distancia_m_gym": 1500, "cant_gym": 0, "distancia_m_subte": 1839, "cant_subte": 1, "distancia_m_parque": 1269, "cant_parque": 2, "distancia_m_plaza": 767, "cant_plaza": 16, "costo_total": 850000, "dist_verde_final": 767, "apto_scoring": true, "segmento": "2amb", "costo_total_norm": 43.317972350230413, "distancia_m_subte_norm": 2.6984126984126959, "dist_verde_final_norm": 26.602870813397132, "distancia_m_gym_norm": 23.234390992835202, "Score": 25.780726011578924, "REVISION": null, "FECHA_DETECCION": "2026-02-16" }, "geometry": { "type": "Point", "coordinates": [ -58.4797775, -34.5606293 ] } },
{ "type": "Feature", "properties": { "Portal": "argenprop", "Barrio": "Coghlan", "Tipo": "Departamento", "Titulo": "ALQUILER DPTO MONOAMBIENTE BELGRANO EXC UBICACION", "Precio": 650000, "Expensas": 140000.0, "Direccion": "Franklin Delano Roosevelt 3200", "Metros_Totales": null, "Ambientes": null, "Dormitorios": null, "Baños": 1.0, "URL": "https://www.argenprop.com/departamento-en-alquiler-en-coghlan-1-ambiente--19027175", "Bajo_Precio": null, "Cocheras": 0, "Etiqueta_Destacado": null, "Porcentaje_Rebaja": null, "Metros_Cubiertos": 3170.0, "Antiguedad": null, "Descripcion_Breve": "Corredor responsable: marcelo trujillo cucicba 6470 / cmcpdjlm 810 - contacto: dolores levato monoambiente a estrenar en alquiler en el exclusivo barrio de belgrano. El equipo de remax ofrece moderno y luminoso departamento con amplio balcón que permite excelente ingreso de luz natural y ventilación. El ambiente principal cuenta con placard de guardado y aire acondicionado frío , ademas cuenta con sistema de calefacción central dual pudiendo graduar la temperatura de forma individual, garantizando confort durante todo el año. La cocina está equipada con anafe y cocina eléctrica, integrada de manera funcional al espacio. Baño completo con terminaciones de calidad. Cuenta con puerta blindada pentagono. Ubicación estratégica, cercano a importantes avenidas que brindan excelente conectividad con múltiples líneas de tren, subte y colectivos. A pasos de una destacada área comercial con amplia oferta gastronómica y de servicios. El edificio cuenta con laundry industrial, aportando practicidad y comodidad a la vida diaria. Ideal para quienes buscan vivir en una zona dinámica, con excelente accesibilidad y todas las comodidades. Condiciones de ingreso: mes de deposito mes de adelanto seguro de caucion rau s.R.L. No ejerce el corretaje inmobiliario. El presente sitio web es una plataforma en donde cada oficina inmobiliaria independiente que contrata los servicios re/max puede publicar las propiedades a su cargo. Cada oficina es de propiedad y gestión independiente, por lo que rau s.R.L. No interviene en los datos de la publicación, en la operación inmobiliaria, ni en la confección y/o firma del boleto de compraventa y/o escritura y/o contrato de alquiler. En cumplimiento de las leyes vigentes que regulan el corretaje inmobiliario, ley nacional 25.028, ley 22.802 de lealtad comercial, ley 24.240 de defensa al consumidor, las normas del código civil y comercial de la nación y constitucionales, los agentes/gestores no ejercen el corretaje inmobiliario. Todas las operaciones inmobiliarias son objeto de intermediación y conclusión por parte del corredor público inmobiliario colegiado a cargo de la publicación, cuyos datos se exhiben en la presente. La presente publicación describe las características esenciales del inmueble, debiéndose consultar al corredor público inmobiliario responsable de la operación por la eventual actualización de las medidas, descripciones arquitectónicas y funcionales, valores de expensas, servicios, impuestos, precios y demás información, cuyos valores son aproximados. Para los casos de alquiler de vivienda, el monto máximo de comisión que se le puede requerir a los propietarios será el equivalente al cuatro con quince centésimos por ciento (4,15%) del valor total del respectivo contrato. Se encuentra prohibido cobrar a los inquilinos que sean personas físicas comisiones inmobiliarias y gastos de gestoría de informes. El inmueble no es accesible para personas con discapacidades físicas.", "Visitas_Count": 0.0, "Visto_Estado": "Visto", "Fecha_Publicacion": null, "Inmobiliaria": null, "lat": -34.5620623, "lon": -58.468153, "Barrio_Geo": "Coghlan", "snap_warning": false, "distancia_m_gym": 828, "cant_gym": 4, "distancia_m_subte": 1158, "cant_subte": 3, "distancia_m_parque": 1587, "cant_parque": 1, "distancia_m_plaza": 594, "cant_plaza": 16, "costo_total": 790000, "dist_verde_final": 594, "apto_scoring": true, "segmento": "sin_datos", "costo_total_norm": 34.4578313253012, "distancia_m_subte_norm": 39.718896408120777, "dist_verde_final_norm": 46.86940966010733, "distancia_m_gym_norm": 54.101995565410199, "Score": 40.4828829411192, "REVISION": null, "FECHA_DETECCION": "2026-02-16" }, "geometry": { "type": "Point", "coordinates": [ -58.468153, -34.5620623 ] } },
{ "type": "Feature", "properties": { "Portal": "argenprop", "Barrio": "Coghlan", "Tipo": "Departamento", "Titulo": "DEPARTAMENTO 2 AMBIENTES - COGHLAN, CAPITAL FEDERAL", "Precio": 650000, "Expensas": 130000.0, "Direccion": "Romulo Naon 2400, Piso 2", "Metros_Totales": null, "Ambientes": 2.0, "Dormitorios": 1.0, "Baños": null, "URL": "https://www.argenprop.com/departamento-en-alquiler-en-coghlan-2-ambientes--19029403", "Bajo_Precio": null, "Cocheras": 0, "Etiqueta_Destacado": null, "Porcentaje_Rebaja": null, "Metros_Cubiertos": 43.0, "Antiguedad": 65.0, "Descripcion_Breve": "Hermoso departamento muy amplio de 2 ambientes en muy buen estado cocina y lavadero living muy amplio hermosos pisos con parquet de pinotea 1 split frio/calor en dormitorio termotanque bgh nuevo encargado con vivienda 2 ascensores,1 grande de mudanza aysa viene por expensas superficie total uso propio uf: 43 m2 calefacción: aire caliente agua caliente: termotq.Indiv. Categoría del edificio: muy buena impuesto inmobiliario: 11050 mes de expensas: febrero tipo de palier: común oferta provista por sistema som - codigo: ash4512", "Visitas_Count": 0.0, "Visto_Estado": "Visto", "Fecha_Publicacion": null, "Inmobiliaria": null, "lat": -34.5674374, "lon": -58.4728136, "Barrio_Geo": "Villa Urquiza", "snap_warning": false, "distancia_m_gym": 1521, "cant_gym": 4, "distancia_m_subte": 1549, "cant_subte": 3, "distancia_m_parque": 1500, "cant_parque": 0, "distancia_m_plaza": 383, "cant_plaza": 16, "costo_total": 780000, "dist_verde_final": 383, "apto_scoring": true, "segmento": "2amb", "costo_total_norm": 56.221198156682028, "distancia_m_subte_norm": 18.042328042328037, "dist_verde_final_norm": 63.349282296650713, "distancia_m_gym_norm": 22.159672466734904, "Score": 42.787001381374857, "REVISION": null, "FECHA_DETECCION": "2026-03-01" }, "geometry": { "type": "Point", "coordinates": [ -58.4728136, -34.5674374 ] } },
{ "type": "Feature", "properties": { "Portal": "argenprop", "Barrio": "Belgrano", "Tipo": "Departamento", "Titulo": "OPPEL | Departamento en Alquiler | BELGRANO Capital Federal | Cod: 942", "Precio": 600000, "Expensas": 176237.0, "Direccion": "AVENIDA LUIS MARIA CAMPOS 1500, Piso 7", "Metros_Totales": null, "Ambientes": 2.0, "Dormitorios": 1.0, "Baños": null, "URL": "https://www.argenprop.com/departamento-en-alquiler-en-belgrano-2-ambientes--17619113", "Bajo_Precio": null, "Cocheras": 0, "Etiqueta_Destacado": null, "Porcentaje_Rebaja": null, "Metros_Cubiertos": 36.0, "Antiguedad": 55.0, "Descripcion_Breve": "Departamento en alquiler | belgrano - capital federal | 2 ambientes al contrafrente, en buen estado, luminoso, excelente ubicación próximo a avenidas y medios de transporte. Consta de living con salida a balcón al contrafrente, dormitorio con placard, baño completo, cocina amplia. Cuenta con calefacción por estufa, agua caliente por calefón, pisos de parquet en todo el departamento. En edificio de 9 pisos, 4 departamentos por piso, 1 ascensor. Apto discapacitados: no código oppel: 942 las especificaciones y medidas son informativas y aproximadas. No se incluyen: mobiliarios, artefactos eléctricos, luminarias o de aire. Oppel s.A. Mariano oppel m.468 f.19 l.1 - cucicba reforma ley 2340 la reforma a la ley 2340 nos obliga entre otras cosas a comunicarle al público su alcance, conforme luce en esta descripción. Respetamos la ley y también nuestro derecho a manifestar el profundo desacuerdo contra una norma arbitraria e inconstitucional. Defenderemos nuestro derecho a trabajar, ejercer la profesión y el derecho de propiedad (arts. 14 y 17 constitución nacional). Estamos dispuestos, como siempre hemos estado, a trabajar para solucionar la dificultad de acceso a la vivienda, pero partiendo de un diagnóstico correcto. ...Para los casos de alquiler de vivienda, el monto máximo de comisión que se le puede requerir a los propietarios será el equivalente al cuatro con quince centésimos por ciento (4,15%) del valor total del respectivo contrato. Se encuentra prohibido cobrar comisiones inmobiliarias y gastos de gestoría de informes a los inquilinos, en el caso de ser personas físicas...", "Visitas_Count": 1.0, "Visto_Estado": "Visto", "Fecha_Publicacion": null, "Inmobiliaria": null, "lat": -34.562982, "lon": -58.4436451, "Barrio_Geo": "Belgrano", "snap_warning": false, "distancia_m_gym": 477, "cant_gym": 9, "distancia_m_subte": 967, "cant_subte": 3, "distancia_m_parque": 1272, "cant_parque": 1, "distancia_m_plaza": 179, "cant_plaza": 19, "costo_total": 776237, "dist_verde_final": 179, "apto_scoring": true, "segmento": "2amb", "costo_total_norm": 56.914838709677419, "distancia_m_subte_norm": 48.835978835978835, "dist_verde_final_norm": 82.870813397129183, "distancia_m_gym_norm": 75.588536335721599, "Score": 61.549745447662623, "REVISION": null, "FECHA_DETECCION": "2026-03-09" }, "geometry": { "type": "Point", "coordinates": [ -58.4436451, -34.562982 ] } },
{ "type": "Feature", "properties": { "Portal": "argenprop", "Barrio": "Belgrano", "Tipo": "Departamento", "Titulo": "2 ambientes / ALQUILER / BELGRANO", "Precio": 655000, "Expensas": 230000.0, "Direccion": "Santos Dumont y Ciudad de la Paz", "Metros_Totales": null, "Ambientes": 2.0, "Dormitorios": 1.0, "Baños": null, "URL": "https://www.argenprop.com/departamento-en-alquiler-en-belgrano-2-ambientes--18552026", "Bajo_Precio": null, "Cocheras": 0, "Etiqueta_Destacado": null, "Porcentaje_Rebaja": null, "Metros_Cubiertos": 49.0, "Antiguedad": 40.0, "Descripcion_Breve": "Excelente 2 ambientes súper luminoso en belgrano santos dumont entre ciudad de la paz y av. Cabildo 2 ambientes mega luminoso, ubicado en una de las zonas más buscadas de belgrano, a pasos de avenida cabildo, metrobus, subte y todos los medios de transporte. Living-comedor amplio y lleno de luz natural gracias a sus ventanales al frente. Cocina separada, funcional y con excelente ventilación. Dormitorio cómodo con armario/placard y muy buena entrada de luz. Baño completo con ventilación. La ubicación es inmejorable: rodeado de comercios, cafés, espacios verdes y todo lo que hace la vida cotidiana más práctica y cómoda. Llamanos para coordinar una visita *se deja constancia que las medidas (tanto totales como parciales), superficies, m2 y proporciones indicadas en el presente son aproximadas y sujetas a verificación, variación y/o ajuste. El precio de la presente operación y/o de las expensas aquí indicadas están sujetos a modificación sin previo aviso. David melamud propiedades matricula cucicba 7794", "Visitas_Count": 1.0, "Visto_Estado": "Visto", "Fecha_Publicacion": null, "Inmobiliaria": null, "lat": -34.575161, "lon": -58.4402643, "Barrio_Geo": "Palermo", "snap_warning": false, "distancia_m_gym": 638, "cant_gym": 13, "distancia_m_subte": 631, "cant_subte": 4, "distancia_m_parque": 1163, "cant_parque": 4, "distancia_m_plaza": 706, "cant_plaza": 10, "costo_total": 885000, "dist_verde_final": 706, "apto_scoring": true, "segmento": "2amb", "costo_total_norm": 36.866359447004605, "distancia_m_subte_norm": 66.613756613756607, "dist_verde_final_norm": 32.440191387559807, "distancia_m_gym_norm": 67.349027635619251, "Score": 47.953611804002712, "REVISION": null, "FECHA_DETECCION": "2026-03-09" }, "geometry": { "type": "Point", "coordinates": [ -58.4402643, -34.575161 ] } },
{ "type": "Feature", "properties": { "Portal": "argenprop", "Barrio": "Belgrano", "Tipo": "Departamento", "Titulo": "Ciudad de la Paz 2783", "Precio": 725000, "Expensas": 75000.0, "Direccion": "Ciudad de la Paz 2783", "Metros_Totales": null, "Ambientes": 3.0, "Dormitorios": 1.0, "Baños": null, "URL": "https://www.argenprop.com/departamento-en-alquiler-en-belgrano-1-ambiente--18190565", "Bajo_Precio": null, "Cocheras": 0, "Etiqueta_Destacado": null, "Porcentaje_Rebaja": null, "Metros_Cubiertos": 32.0, "Antiguedad": 0.0, "Descripcion_Breve": "Belgrano, ciudad de la paz 2700, esquina manuel ugarte a 100 metros de av. Cabildo, subte linea d, metrobus ultimas unidades disponibles, de 1, 2 y 3 ambientes con balcón. Hermosas terminaciones. Amenities varios , piscina, terraza, laundry, sum, etc ingreso biometrico por hipcam estamos entregando las unidades en septiembre 2025 detalles de diseño: solados son símil madera en todos los ambientes excepto los baños, balcones y las áreas comunes, de porcelanato de 1o calidad. Cocinas las alacenas y los bajo mesadas son de melamina marca reno con herrajes de aluminio. Mesada de granito nacional con pileta de acero inoxidable. Carpinterías aberturas de aluminio y vidrio. Los pasamanos de las barandas serán metálicos negros. Puertas de acceso en madera enchapada. Puertas interiores en madera pintada con marco metálico. Baños losa sanitaria línea bari de ferrum grifería monocomando fv ascensores de tipo electromecánico. Puertas automáticas en todos los pisos y revestidas en acero inoxidable y espejo placares frentes integrales con puertas corredizas e interiores. Agua caliente distribución de agua caliente por calderas de alta recuperación.", "Visitas_Count": 1.0, "Visto_Estado": "Visto", "Fecha_Publicacion": null, "Inmobiliaria": null, "lat": -34.5567767, "lon": -58.462577, "Barrio_Geo": "Belgrano", "snap_warning": false, "distancia_m_gym": 299, "cant_gym": 6, "distancia_m_subte": 196, "cant_subte": 3, "distancia_m_parque": 1843, "cant_parque": 1, "distancia_m_plaza": 561, "cant_plaza": 14, "costo_total": 800000, "dist_verde_final": 561, "apto_scoring": true, "segmento": "3amb", "costo_total_norm": 69.854597654981148, "distancia_m_subte_norm": 100.0, "dist_verde_final_norm": 38.35164835164835, "distancia_m_gym_norm": 82.874889086069203, "Score": 73.89965764092905, "REVISION": null, "FECHA_DETECCION": "2026-03-09" }, "geometry": { "type": "Point", "coordinates": [ -58.462577, -34.5567767 ] } },
{ "type": "Feature", "properties": { "Portal": "argenprop", "Barrio": "Belgrano", "Tipo": "Departamento", "Titulo": "Alquiler de departamento de 2 ambientes + patio en Belgrano", "Precio": 760000, "Expensas": 184000.0, "Direccion": "JORGE NEWBERY 2400, Piso PB", "Metros_Totales": null, "Ambientes": 2.0, "Dormitorios": 1.0, "Baños": null, "URL": "https://www.argenprop.com/departamento-en-alquiler-en-belgrano-2-ambientes--19161261", "Bajo_Precio": null, "Cocheras": 0, "Etiqueta_Destacado": null, "Porcentaje_Rebaja": null, "Metros_Cubiertos": 47.0, "Antiguedad": 55.0, "Descripcion_Breve": "Sup total: 64.01 m2 excelente departamento de 2 ambientes a pasos de avda cabildo, metrobus, subte línea d y variedad de rubros comerciales. Ambientes reciclados. Hall de recepción. Living comedor con acceso a patio descubierto. Dormitorio con placard. Cocina con comedor diario. Lavadero independiente. Baño completo. El valor de expensas incluye aysa las medidas parciales, totales y de cada ambiente y la antigüedad del edificio expuestas aquí, en mails y whatsapp enviados, en nuestra web y demás sitios de publicación, son aproximados y al solo efecto orientativo; el monto expresado de expensas puede sufrir modificaciones importantes producto del crecimiento inflacionario. Dichas situaciones deberán ser confirmadas por la persona interesada con la documentación correspondiente, sin que ello comprometa contractualmente a cabildo 500 y a su matriculado. Las fotos no son vinculantes ni contractuales. Accesible. Para los casos de alquiler de vivienda, el monto máximo de comisión que se le puede requerir a los propietarios será el equivalente al cuatro con quince centésimos por ciento (4,15%) del valor total del respectivo contrato. Se encuentra prohibido cobrar a los inquilinos que sean personas físicas comisiones inmobiliarias y gastos de gestoría de informes. Matrícula 4285", "Visitas_Count": 2.0, "Visto_Estado": "Visto", "Fecha_Publicacion": null, "Inmobiliaria": null, "lat": -34.5722752, "lon": -58.4409358, "Barrio_Geo": "Colegiales", "snap_warning": false, "distancia_m_gym": 864, "cant_gym": 13, "distancia_m_subte": 449, "cant_subte": 5, "distancia_m_parque": 1147, "cant_parque": 4, "distancia_m_plaza": 699, "cant_plaza": 15, "costo_total": 944000, "dist_verde_final": 699, "apto_scoring": true, "segmento": "2amb", "costo_total_norm": 25.990783410138249, "distancia_m_subte_norm": 76.24338624338624, "dist_verde_final_norm": 33.110047846889955, "distancia_m_gym_norm": 55.783009211873079, "Score": 45.469639727636469, "REVISION": null, "FECHA_DETECCION": "2026-03-09" }, "geometry": { "type": "Point", "coordinates": [ -58.4409358, -34.5722752 ] } },
{ "type": "Feature", "properties": { "Portal": "argenprop", "Barrio": "Belgrano", "Tipo": "Departamento", "Titulo": "Departamento Monoambiente en alquiler - 1 Baño - Belgrano", "Precio": 750000, "Expensas": 110000.0, "Direccion": "Avenida Cabildo e/ Ibera y Quesada", "Metros_Totales": null, "Ambientes": null, "Dormitorios": null, "Baños": 1.0, "URL": "https://www.argenprop.com/departamento-en-alquiler-en-belgrano-1-ambiente--18674498", "Bajo_Precio": null, "Cocheras": 0, "Etiqueta_Destacado": null, "Porcentaje_Rebaja": null, "Metros_Cubiertos": 34.0, "Antiguedad": 15.0, "Descripcion_Breve": "_ Departamento monoambiente en alquiler ubicado sobre avenida cabildo entre ibera y quesada (belgrano, ciudad autónoma de buenos aires). Desarrollado en piso alto por ascensor, con disposición frente y orientación al norte. _ El mismo posee cocina equipada con muebles sobre y bajo mesada, un espacio principal con espacios de guardado empotrados y un baño completo. Luminoso, cuenta con balcón y muy buena ventilación natural. _ La propiedad tiene una superficie total de aproximadamente 38mts2, de los cuales 34mts2 son cubiertos. _ Las expensas al día 12/12/2025 son de aproximadamente $110.000. Yacoub | construimos confianza innovación | calidad | sustentabilidad | diseño 70 mil metros cuadrados | 23 torres la información descripta en el presente aviso es meramente orientativa y no forma parte de ningún tipo de documentación contractual. Los datos enunciados fueron proporcionados por los propietarios y pueden arrojar inexactitudes, las superficies definitivas surgirán del título de propiedad del inmueble referido. Se deja constancia de que los valores y/o expensas pueden estar sujetas a verificación o ajuste. Lo que estás buscando lo tenemos | estés donde estés vendemos en todos lados.", "Visitas_Count": 25.0, "Visto_Estado": "Visto", "Fecha_Publicacion": null, "Inmobiliaria": null, "lat": -34.553433, "lon": -58.4644221, "Barrio_Geo": "Nuñez", "snap_warning": false, "distancia_m_gym": 779, "cant_gym": 8, "distancia_m_subte": 284, "cant_subte": 3, "distancia_m_parque": 1665, "cant_parque": 2, "distancia_m_plaza": 838, "cant_plaza": 12, "costo_total": 860000, "dist_verde_final": 838, "apto_scoring": true, "segmento": "sin_datos", "costo_total_norm": 17.590361445783131, "distancia_m_subte_norm": 85.216033315981264, "dist_verde_final_norm": 25.044722719141319, "distancia_m_gym_norm": 56.81818181818182, "Score": 43.291717298754072, "REVISION": null, "FECHA_DETECCION": "2026-03-01" }, "geometry": { "type": "Point", "coordinates": [ -58.4644221, -34.553433 ] } },
{ "type": "Feature", "properties": { "Portal": "argenprop", "Barrio": "Belgrano", "Tipo": "Departamento", "Titulo": "Amplio dos ambientes en Belgrano - Muy buen estado y luminoso", "Precio": 600000, "Expensas": 180000.0, "Direccion": "Avenida Olazábal 2500", "Metros_Totales": null, "Ambientes": 2.0, "Dormitorios": 1.0, "Baños": null, "URL": "https://www.argenprop.com/departamento-en-alquiler-en-belgrano-2-ambientes--17102028", "Bajo_Precio": null, "Cocheras": 0, "Etiqueta_Destacado": null, "Porcentaje_Rebaja": null, "Metros_Cubiertos": 36.0, "Antiguedad": 30.0, "Descripcion_Breve": "Departamento de dos ambientes en el corazón de belgrano. A 150 metros de cabildo. Metrobus y subte estación juramento línea d. La puerta de acceso da al living con dos ventanas a ambos lados, amplio y con piso de madera en muy buen estado. Cocina completa con espacio para heladera y lavarropas. Con calefón en perfecto estado. Baño completo. Dormitorio con placard y piso de madera en muy buen estado también. Tercer piso con acceso por ascensor. Expensas $110.000. Requisitos: garantía propietaria de capital federal o seguro de caución de y recibos de sueldo que acrediten los ingresos. Contrato por dos años con ajuste cada tres meses por ipc. La presente publicación describe medidas y datos aproximados como así también, valores de expensas, servicios, impuestos, precios y demás información, pudiendo solicitar las actualizaciones necesarias al martillero interviniente adelante propiedades damian d serfaty cpi nº 8458 – cmcpsi nº 6955", "Visitas_Count": 20.0, "Visto_Estado": "Visto", "Fecha_Publicacion": null, "Inmobiliaria": null, "lat": -34.5604762, "lon": -58.4590587, "Barrio_Geo": "Belgrano", "snap_warning": false, "distancia_m_gym": 255, "cant_gym": 7, "distancia_m_subte": 365, "cant_subte": 4, "distancia_m_parque": 1563, "cant_parque": 1, "distancia_m_plaza": 226, "cant_plaza": 17, "costo_total": 780000, "dist_verde_final": 226, "apto_scoring": true, "segmento": "2amb", "costo_total_norm": 56.221198156682028, "distancia_m_subte_norm": 80.687830687830683, "dist_verde_final_norm": 78.373205741626791, "distancia_m_gym_norm": 86.949846468781985, "Score": 71.064454264225574, "REVISION": null, "FECHA_DETECCION": "2026-03-09" }, "geometry": { "type": "Point", "coordinates": [ -58.4590587, -34.5604762 ] } },
{ "type": "Feature", "properties": { "Portal": "argenprop", "Barrio": "Belgrano", "Tipo": "Departamento", "Titulo": "Departamento en alquiler en Belgrano R", "Precio": 650000, "Expensas": 160000.0, "Direccion": "Av Balbin 2300", "Metros_Totales": null, "Ambientes": null, "Dormitorios": 1.0, "Baños": 1.0, "URL": "https://www.argenprop.com/departamento-en-alquiler-en-belgrano-r-1-ambiente--19097114", "Bajo_Precio": null, "Cocheras": 0, "Etiqueta_Destacado": null, "Porcentaje_Rebaja": null, "Metros_Cubiertos": 24.0, "Antiguedad": null, "Descripcion_Breve": "Monoambiente en alquiler en una ubicación privilegiada sobre av. Balbín, en belgrano r, capital federal. Este encantador departamento de 27 m², de los cuales 24 m² son cubiertos y 3 m² corresponden al balcón contrafrente, ofrece un diseño funcional con cocina integrada y barra desayunadora, ideal para disfrutar de momentos cómodos y agradables. El baño completo agrega un toque de confort y privacidad. El departamento es todo electrico. El edificio cuenta con amplias comodidades que incluyen un laundry, salón de usos múltiples (sum), parrillas cubiertas y descubiertas, así como una refrescante piscina y solarium, perfectos para el esparcimiento y la socialización. La propiedad está situada en una excelente ubicación, rodeada de servicios y transporte, lo que la convierte en una opción ideal para quienes buscan comodidad y accesibilidad. Las expensas ascienden a ar$160.000, brindando acceso a todas las amenities que el edificio ofrece. Esta propiedad es una oportunidad única para quienes buscan un espacio acogedor en una de las zonas más buscadas de la ciudad.", "Visitas_Count": 20.0, "Visto_Estado": "Visto", "Fecha_Publicacion": null, "Inmobiliaria": null, "lat": -34.5634198, "lon": -58.4640805, "Barrio_Geo": "Belgrano", "snap_warning": false, "distancia_m_gym": 781, "cant_gym": 5, "distancia_m_subte": 888, "cant_subte": 3, "distancia_m_parque": 1765, "cant_parque": 1, "distancia_m_plaza": 475, "cant_plaza": 17, "costo_total": 810000, "dist_verde_final": 475, "apto_scoring": true, "segmento": "sin_datos", "costo_total_norm": 29.638554216867476, "distancia_m_subte_norm": 53.774076002082246, "dist_verde_final_norm": 57.513416815742396, "distancia_m_gym_norm": 56.707317073170735, "Score": 45.16105955783722, "REVISION": null, "FECHA_DETECCION": "2026-02-26" }, "geometry": { "type": "Point", "coordinates": [ -58.4640805, -34.5634198 ] } },
{ "type": "Feature", "properties": { "Portal": "argenprop", "Barrio": "Belgrano", "Tipo": "Departamento", "Titulo": "ALQUILER - BELGRANO - 2 AMBIENTES", "Precio": 670000, "Expensas": 140000.0, "Direccion": "Congreso 1500, Piso 7", "Metros_Totales": null, "Ambientes": 2.0, "Dormitorios": 1.0, "Baños": null, "URL": "https://www.argenprop.com/departamento-en-alquiler-en-belgrano-c-2-ambientes--18649609", "Bajo_Precio": null, "Cocheras": 0, "Etiqueta_Destacado": null, "Porcentaje_Rebaja": null, "Metros_Cubiertos": 38.0, "Antiguedad": 30.0, "Descripcion_Breve": "[Semeria-570] departamento 2 ambientes muy cómodo, belgrano no apto mascotas unidad con excelente distribución. Cocina separada del living, equipada con muebles bajo y sobre mesada a nuevo y extractor nuevo. Living con pisos de parquet, ventanal al exterior y balcón francés. Baño completo con ventilación natural. Dormitorio amplio con placard nuevo. Muy buena luminosidad. 7º piso. Medidas: living: 4,40 x 3,00 m dormitorio: 2,95 x 2,90 m espacio para heladera: 0,85 x 1,85 m servicios: cloacas, gas responsable matriculado: federico semeria - matricula nro. 7974 - cucicba. Semeria propiedades. Aviso legal: se hace saber que las características descriptas del inmueble publicado, calidades y cualidades constructivas y funcionales, valores de expensas, impuestos y servicios, y medidas y superficies, son aproximados y consignadas en base a datos que fueron proporcionados por el propietario y que pueden no ser exactos y/o no estar actualizados a la hora de la visualización de este aviso, pudiendo surgir discordancias con los datos que surgen de la documentación respectiva. Las medidas y superficies exactas son las que surgen de los títulos y planos legales del inmueble..- Las imágenes publicadas lo son al mero efecto ostentativo de las características generales y circunstancias del inmueble. En todos los casos el interesado deberá realizar una visita al inmueble y efectuar las verificaciones respectivas previamente a la realización de cualquier operación, requiriendo la documentación que corresponda. Para los casos de alquiler de vivienda, el monto máximo de comisión que se le puede requerir a los propietarios será el equivalente al cuatro con quince centésimos por ciento (4,15%) del valor total del respectivo contrato. Se encuentra prohibido cobrar a los inquilinos que sean personas físicas comisiones inmobiliarias y gastos de gestoría de informes.", "Visitas_Count": 20.0, "Visto_Estado": "Visto", "Fecha_Publicacion": null, "Inmobiliaria": null, "lat": -34.5506271, "lon": -58.4531448, "Barrio_Geo": "Belgrano", "snap_warning": false, "distancia_m_gym": 977, "cant_gym": 8, "distancia_m_subte": 1034, "cant_subte": 2, "distancia_m_parque": 612, "cant_parque": 2, "distancia_m_plaza": 312, "cant_plaza": 14, "costo_total": 810000, "dist_verde_final": 312, "apto_scoring": true, "segmento": "2amb", "costo_total_norm": 50.691244239631338, "distancia_m_subte_norm": 45.291005291005291, "dist_verde_final_norm": 70.143540669856463, "distancia_m_gym_norm": 50.0, "Score": 52.892507417125415, "REVISION": null, "FECHA_DETECCION": "2026-03-01" }, "geometry": { "type": "Point", "coordinates": [ -58.4531448, -34.5506271 ] } },
{ "type": "Feature", "properties": { "Portal": "argenprop", "Barrio": "Belgrano", "Tipo": "Departamento", "Titulo": "ALQUILER - DEPARTAMENTO - MONOAMBIENTE - BELGRANO.", "Precio": 550000, "Expensas": 130000.0, "Direccion": "MANUEL UGARTE 1500", "Metros_Totales": null, "Ambientes": null, "Dormitorios": null, "Baños": 1.0, "URL": "https://www.argenprop.com/departamento-en-alquiler-en-belgrano-1-ambiente--18543457", "Bajo_Precio": null, "Cocheras": 0, "Etiqueta_Destacado": null, "Porcentaje_Rebaja": null, "Metros_Cubiertos": 26.0, "Antiguedad": 9.0, "Descripcion_Breve": "Hermoso monoambiente en alquiler en el barrio de belgrano ideal para vivir o trabajar. Estar luminoso con salida a balcon con vista al frente. Cocina americana, anafes electricos con muebles bajo mesada, baño con ducha. Se alquila sin muebles. Aire frio calor colocado en unidad y cortinas roller. Acepta solo gato, no perro. Laundry en primer piso. Veni a visitarlo. Disponible ya. Visitas y consultas: - - +54 9 las medidas son a modo informativo y pueden sufrir variaciones siendo las definitivas las que surjan de la escritura o boleto", "Visitas_Count": 18.0, "Visto_Estado": "Visto", "Fecha_Publicacion": null, "Inmobiliaria": null, "lat": -34.5514952, "lon": -58.4523784, "Barrio_Geo": "Belgrano", "snap_warning": false, "distancia_m_gym": 867, "cant_gym": 9, "distancia_m_subte": 1144, "cant_subte": 2, "distancia_m_parque": 689, "cant_parque": 3, "distancia_m_plaza": 289, "cant_plaza": 13, "costo_total": 680000, "dist_verde_final": 289, "apto_scoring": true, "segmento": "sin_datos", "costo_total_norm": 60.963855421686745, "distancia_m_subte_norm": 40.44768349817803, "dist_verde_final_norm": 74.150268336314852, "distancia_m_gym_norm": 51.940133037694011, "Score": 56.543914189160482, "REVISION": null, "FECHA_DETECCION": "2026-02-16" }, "geometry": { "type": "Point", "coordinates": [ -58.4523784, -34.5514952 ] } },
{ "type": "Feature", "properties": { "Portal": "argenprop", "Barrio": "Belgrano", "Tipo": "Departamento", "Titulo": "Excelente dpto 2 amb!", "Precio": 550000, "Expensas": 170000.0, "Direccion": "Virrey Arredondo 2300, Piso PB", "Metros_Totales": null, "Ambientes": 2.0, "Dormitorios": 1.0, "Baños": null, "URL": "https://www.argenprop.com/departamento-en-alquiler-en-belgrano-2-ambientes--18909872", "Bajo_Precio": null, "Cocheras": 0, "Etiqueta_Destacado": null, "Porcentaje_Rebaja": null, "Metros_Cubiertos": 35.0, "Antiguedad": 50.0, "Descripcion_Breve": "Excelente dpto 2 amb! Planta baja con ventanales living al frente, dormitorio con placard, baño completo, cocina integrada con barrra desayunadora. Muy buena ubicacion! A una cuadra de estacion de subte. Charrua propiedades de l a v de 10 a 17 hs", "Visitas_Count": 15.0, "Visto_Estado": "Visto", "Fecha_Publicacion": null, "Inmobiliaria": null, "lat": -34.5663697, "lon": -58.4502064, "Barrio_Geo": "Belgrano", "snap_warning": false, "distancia_m_gym": 577, "cant_gym": 9, "distancia_m_subte": 221, "cant_subte": 5, "distancia_m_parque": 727, "cant_parque": 1, "distancia_m_plaza": 449, "cant_plaza": 17, "costo_total": 720000, "dist_verde_final": 449, "apto_scoring": true, "segmento": "2amb", "costo_total_norm": 67.281105990783402, "distancia_m_subte_norm": 88.306878306878303, "dist_verde_final_norm": 57.033492822966508, "distancia_m_gym_norm": 70.470829068577274, "Score": 71.858287359827884, "REVISION": "DESCARTADO", "FECHA_DETECCION": "2026-03-09" }, "geometry": { "type": "Point", "coordinates": [ -58.4502064, -34.5663697 ] } },
{ "type": "Feature", "properties": { "Portal": "argenprop", "Barrio": "Belgrano", "Tipo": "Departamento", "Titulo": "Departamento 2 ambientes con patio. Belgrano.", "Precio": 480000, "Expensas": 150000.0, "Direccion": "Luis María Campos al 1500", "Metros_Totales": null, "Ambientes": 2.0, "Dormitorios": 1.0, "Baños": null, "URL": "https://www.argenprop.com/departamento-en-alquiler-en-belgrano-2-ambientes--17853002", "Bajo_Precio": null, "Cocheras": 0, "Etiqueta_Destacado": null, "Porcentaje_Rebaja": null, "Metros_Cubiertos": 33.0, "Antiguedad": 45.0, "Descripcion_Breve": "Departamento en inmejorable ubicación en planta baja. Living comedor, cocina, dormitorio, baño, patio, lavadero. Belgrano. Apto profesional. Sucursal vicente lópez sucursal martínez sucursal la lucila .", "Visitas_Count": 10.0, "Visto_Estado": "Visto", "Fecha_Publicacion": null, "Inmobiliaria": null, "lat": -34.569028, "lon": -58.4367837, "Barrio_Geo": "Palermo", "snap_warning": false, "distancia_m_gym": 486, "cant_gym": 13, "distancia_m_subte": 923, "cant_subte": 5, "distancia_m_parque": 1622, "cant_parque": 3, "distancia_m_plaza": 768, "cant_plaza": 16, "costo_total": 630000, "dist_verde_final": 768, "apto_scoring": true, "segmento": "2amb", "costo_total_norm": 83.870967741935488, "distancia_m_subte_norm": 51.164021164021165, "dist_verde_final_norm": 26.507177033492823, "distancia_m_gym_norm": 75.127942681678604, "Score": 61.711823120846972, "REVISION": "DESCARTADO", "FECHA_DETECCION": "2026-03-09" }, "geometry": { "type": "Point", "coordinates": [ -58.4367837, -34.569028 ] } },
{ "type": "Feature", "properties": { "Portal": "argenprop", "Barrio": "Belgrano", "Tipo": "Departamento", "Titulo": "Departamento 2 ambientes en excelente ubicación. Belgrano.", "Precio": 700000, "Expensas": 130000.0, "Direccion": "Av de Los Incas al 3900", "Metros_Totales": null, "Ambientes": 2.0, "Dormitorios": 1.0, "Baños": null, "URL": "https://www.argenprop.com/departamento-en-alquiler-en-belgrano-r-2-ambientes--18345844", "Bajo_Precio": null, "Cocheras": 0, "Etiqueta_Destacado": null, "Porcentaje_Rebaja": null, "Metros_Cubiertos": 43.0, "Antiguedad": 35.0, "Descripcion_Breve": "Departamento reciclado y amoblado alquiler de 6 meses a 2 años! Muy buen 2 ambientes cómodo, en excelente ubicación, zona residencial. Living comedor con split, cocina separada, dormitorio con placard y ventilador de techo, baño. El edificio se encuentra en excelentes condiciones, 2 ascensores. Calefacción central por losa radiante! Sucursal vicente lópez sucursal martínez sucursal la lucila .", "Visitas_Count": 10.0, "Visto_Estado": "Visto", "Fecha_Publicacion": null, "Inmobiliaria": null, "lat": -34.5794477, "lon": -58.4711312, "Barrio_Geo": "Villa Ortuzar", "snap_warning": false, "distancia_m_gym": 813, "cant_gym": 6, "distancia_m_subte": 381, "cant_subte": 5, "distancia_m_parque": 1379, "cant_parque": 2, "distancia_m_plaza": 735, "cant_plaza": 17, "costo_total": 830000, "dist_verde_final": 735, "apto_scoring": true, "segmento": "2amb", "costo_total_norm": 47.004608294930875, "distancia_m_subte_norm": 79.841269841269849, "dist_verde_final_norm": 29.665071770334933, "distancia_m_gym_norm": 58.393039918116685, "Score": 54.526542616231957, "REVISION": null, "FECHA_DETECCION": "2026-03-01" }, "geometry": { "type": "Point", "coordinates": [ -58.4711312, -34.5794477 ] } },
{ "type": "Feature", "properties": { "Portal": "argenprop", "Barrio": "Belgrano", "Tipo": "Departamento", "Titulo": "Ciudad de la Paz 2700 - Belgrano - Monoambiente a Estrenar al Frente Balcon y Amenities - 32 m2", "Precio": 750000, "Expensas": 90000.0, "Direccion": "Ciudad de la paz al 2700", "Metros_Totales": null, "Ambientes": null, "Dormitorios": null, "Baños": 1.0, "URL": "https://www.argenprop.com/departamento-en-alquiler-en-belgrano-1-ambiente--19146092", "Bajo_Precio": null, "Cocheras": 0, "Etiqueta_Destacado": null, "Porcentaje_Rebaja": null, "Metros_Cubiertos": 30.0, "Antiguedad": 0.0, "Descripcion_Breve": "Del campo alquila monoambiente a estrenar con acceso biométrico y excelente nivel de terminaciones en belgrano departamento a estrenar ubicado a metros de av. Congreso y av. Cabildo, con acceso inmediato al subte d y metrobús. Se trata de un sexto piso al frente, muy luminoso y en una zona con excelente oferta comercial y gastronómica. El departamento: ambiente: planta abierta y funcional con salida a balcón propio. Pisos de porcelanato de primera calidad símil madera. Cocina: sectorizada (espacio de heladera fuera de la vista). Mesada de cuarzo blanco, bacha con grifería monocomando fv y anafe/horno de acero inoxidable full eléctrico. Guardado: doble placard con interiores completos. Baño: completo, con sanitarios ferrum y moderno receptáculo de ducha. Equipamiento: se entrega con equipo de aire acondicionado frío/calor ya instalado y en funcionamiento. Carpinterías de aluminio negro. El edificio y amenities: seguridad: acceso inteligente con sistema de reconocimiento biométrico (hipcam). Servicios: agua caliente central y laundry común en el edificio. Piso 9: terraza con piscina, solárium, baño y office de apoyo. Subsuelo: sum de generosas dimensiones con capacidad para 15/20 personas, totalmente equipado. Una opción moderna y lista para habitar, ideal para quien busca tecnología, seguridad y comodidad en el corazón de belgrano. Contrato por 24 meses con incrementos trimestrales requisitos para el ingreso 1 mes de adelanto 1 mes de deposito justificación de los ingresos garantía. Las medidas, superficies y expensas consignadas en la presente son aproximadas; y al solo efecto orientativo. Los datos definitivos son los que surgirán del titulo de la propiedad y de los comprobantes respaldatorios. Para los casos de alquiler de vivienda, el monto máximo de comisión que se le puede requerir a los propietarios será el equivalente al cuatro con quince centésimos por ciento (4,15%) del valor total del respectivo contrato. Se encuentra prohibido cobrar a los inquilinos que sean personas físicas comisiones inmobiliarias y gastos de gestoría de informes. Matricula cucicba 2477. Ley 5115: propiedad apta para personas con movilidad reducida", "Visitas_Count": 5.0, "Visto_Estado": "Visto", "Fecha_Publicacion": null, "Inmobiliaria": null, "lat": -34.5628825, "lon": -58.4574497, "Barrio_Geo": "Belgrano", "snap_warning": false, "distancia_m_gym": 352, "cant_gym": 8, "distancia_m_subte": 110, "cant_subte": 4, "distancia_m_parque": 1309, "cant_parque": 1, "distancia_m_plaza": 218, "cant_plaza": 15, "costo_total": 840000, "dist_verde_final": 218, "apto_scoring": true, "segmento": "sin_datos", "costo_total_norm": 22.409638554216869, "distancia_m_subte_norm": 94.273815720978661, "dist_verde_final_norm": 80.500894454382831, "distancia_m_gym_norm": 80.487804878048777, "Score": 61.394959516661785, "REVISION": null, "FECHA_DETECCION": "2026-03-09" }, "geometry": { "type": "Point", "coordinates": [ -58.4574497, -34.5628825 ] } },
{ "type": "Feature", "properties": { "Portal": "cabaprop", "Barrio": "Palermo", "Tipo": "Departamento", "Titulo": "DEPARTAMENTO 2 AMBIENTES - PALERMO, CAPITAL FEDERAL", "Precio": 700000, "Expensas": 110000.0, "Direccion": "LAFINUR al 32000", "Metros_Totales": 36.0, "Ambientes": 2.0, "Dormitorios": 1.0, "Baños": 1.0, "URL": "https://cabaprop.com.ar/propiedad/69ac23a05a63f17bb0e3d04e/DEPARTAMENTO-2-AMBIENTES---PALERMO-CAPITAL-FEDERAL", "Bajo_Precio": null, "Cocheras": 0, "Etiqueta_Destacado": null, "Porcentaje_Rebaja": null, "Metros_Cubiertos": 36.0, "Antiguedad": null, "Descripcion_Breve": null, "Visitas_Count": null, "Visto_Estado": null, "Fecha_Publicacion": "7/3/2026", "Inmobiliaria": "Baigun R&N", "lat": -34.5788269, "lon": -58.4133636, "Barrio_Geo": "Palermo", "snap_warning": false, "distancia_m_gym": 887, "cant_gym": 13, "distancia_m_subte": 900, "cant_subte": 5, "distancia_m_parque": 840, "cant_parque": 3, "distancia_m_plaza": 451, "cant_plaza": 34, "costo_total": 810000, "dist_verde_final": 451, "apto_scoring": true, "segmento": "2amb", "costo_total_norm": 50.691244239631338, "distancia_m_subte_norm": 52.380952380952387, "dist_verde_final_norm": 56.84210526315789, "distancia_m_gym_norm": 54.605936540429887, "Score": 52.819798116812812, "REVISION": null, "FECHA_DETECCION": "2026-03-09" }, "geometry": { "type": "Point", "coordinates": [ -58.4133636, -34.5788269 ] } },
{ "type": "Feature", "properties": { "Portal": "argenprop", "Barrio": "Villa Urquiza", "Tipo": "Departamento", "Titulo": "Departamento 2 ambientes en alquiler en Villa Urquiza", "Precio": 700000, "Expensas": 220000.0, "Direccion": "Pacheco 2500, Piso 4", "Metros_Totales": null, "Ambientes": 2.0, "Dormitorios": 1.0, "Baños": null, "URL": "https://www.argenprop.com/departamento-en-alquiler-en-villa-urquiza-2-ambientes--18999725", "Bajo_Precio": null, "Cocheras": 0, "Etiqueta_Destacado": null, "Porcentaje_Rebaja": null, "Metros_Cubiertos": 53.0, "Antiguedad": 20.0, "Descripcion_Breve": "Departamento 2 ambientes en muy buen estado, muy espacioso, no se aceptan mascotas.", "Visitas_Count": 533.0, "Visto_Estado": "Visto", "Fecha_Publicacion": null, "Inmobiliaria": null, "lat": -34.5730679, "lon": -58.4842532, "Barrio_Geo": "Villa Urquiza", "snap_warning": false, "distancia_m_gym": 512, "cant_gym": 2, "distancia_m_subte": 240, "cant_subte": 3, "distancia_m_parque": 1500, "cant_parque": 0, "distancia_m_plaza": 198, "cant_plaza": 14, "costo_total": 920000, "dist_verde_final": 198, "apto_scoring": true, "segmento": "2amb", "costo_total_norm": 30.414746543778804, "distancia_m_subte_norm": 87.301587301587304, "dist_verde_final_norm": 81.05263157894737, "distancia_m_gym_norm": 73.797338792221083, "Score": 61.946635002999294, "REVISION": null, "FECHA_DETECCION": "2026-03-09" }, "geometry": { "type": "Point", "coordinates": [ -58.4842532, -34.5730679 ] } },
{ "type": "Feature", "properties": { "Portal": "argenprop", "Barrio": "Villa Ortuzar", "Tipo": "Departamento", "Titulo": "Departamento - Alquiler - Argentina, Capital Federal - Av.Triunvirato 5600", "Precio": 750000, "Expensas": 91000.0, "Direccion": "Av.Triunvirato 5600", "Metros_Totales": null, "Ambientes": 2.0, "Dormitorios": 1.0, "Baños": null, "URL": "https://www.argenprop.com/departamento-en-alquiler-en-villa-ortuzar-2-ambientes--19187700", "Bajo_Precio": null, "Cocheras": 0, "Etiqueta_Destacado": null, "Porcentaje_Rebaja": null, "Metros_Cubiertos": null, "Antiguedad": null, "Descripcion_Breve": "Alquiler de departamento 2 ambientes en villa ortuzar, capital federal departamento 2 ambientes y 1/2 con cercanía con varias avenidas entre ellas av. Congreso - a metros de la ultima estación del subte linea b - a cuadras de parque sarmiento. - Ingresamos a un hall que lleva directo a la cocina separada con muebles alacena , bajo mesada, horno y tiene una mesa plegable y una ventana que da ventilación al exterior. Amplio living comedor con espacio para escritorio también con ventilación al exterior, aire frio/calor y estufa con tiro balanceado . Dormitorio con ventilador de techo, también con ventilación al exterior y placard empotrado. Baño completo con bañera. El edificio tiene una terraza de uso común y tiene un espacio tipo laundry donde podes colocar tu propio lavarropas. - Podria ser opcional con muebles en las expensas esta incluido aysa y en el valor del alquiler esta incluido el abl del año 2026 . -Contrato por 2 años - garantía propietaria de caba de familiar directo- seguro de caucion - ajuste trimestral por ipc- recibo de sueldo- contratacion de seguro contra incendios y responsabilidad civil. -Las medidas son aproximadas, las mismas tienen un fin meramente informativo, las definitivas son las que surgen de la escritura- -la inmobiliaria se encarga exclusivamente de la publicación del aviso .Todo el proceso restante estará a cargo de la parte locadora. El perfil será evaluado junto a otros interesados y, posteriormente, la abogada de los propietarios será quien redacte el contrato, realice la administración y revise el perfil. La decisión final de selección quedará definida por la abogada.- -La descripcion del inmueble, servicios y medidas pueden no ajustarse a sus características y medidas reales y/o actuales- para los casos de alquiler de vivienda, el monto máximo de comisión que se le puede requerir a los propietarios será el equivalente al cuatro con quince centésimos por ciento (4,15%) del valor total del respectivo contrato. Se encuentra prohibido cobrar a los inquilinos que sean personas físicas comisiones inmobiliarias y gastos de gestoría de informes. Matrícula cucicba nº 5397", "Visitas_Count": 0.0, "Visto_Estado": "Visto", "Fecha_Publicacion": null, "Inmobiliaria": null, "lat": -34.5674752, "lon": -58.4938459, "Barrio_Geo": "Villa Urquiza", "snap_warning": false, "distancia_m_gym": 1795, "cant_gym": 2, "distancia_m_subte": 1111, "cant_subte": 2, "distancia_m_parque": 1337, "cant_parque": 3, "distancia_m_plaza": 625, "cant_plaza": 12, "costo_total": 841000, "dist_verde_final": 625, "apto_scoring": true, "segmento": "2amb", "costo_total_norm": 44.976958525345623, "distancia_m_subte_norm": 41.216931216931215, "dist_verde_final_norm": 40.191387559808611, "distancia_m_gym_norm": 8.1371545547594621, "Score": 39.207855742655276, "REVISION": null, "FECHA_DETECCION": "2026-03-09" }, "geometry": { "type": "Point", "coordinates": [ -58.4938459, -34.5674752 ] } },
{ "type": "Feature", "properties": { "Portal": "argenprop", "Barrio": "Villa Urquiza", "Tipo": "Departamento", "Titulo": "DEPARTAMENTO 2 AMB. AL FRENTE C/ BALCÓN - VILLA URQUIZA", "Precio": 750000, "Expensas": 100000.0, "Direccion": "Bucarelli 2500, Piso 6", "Metros_Totales": null, "Ambientes": 2.0, "Dormitorios": 1.0, "Baños": null, "URL": "https://www.argenprop.com/departamento-en-alquiler-en-villa-urquiza-2-ambientes--10340056", "Bajo_Precio": null, "Cocheras": 0, "Etiqueta_Destacado": null, "Porcentaje_Rebaja": null, "Metros_Cubiertos": 45.0, "Antiguedad": 40.0, "Descripcion_Breve": "Departamento 2 ambientes al frente con balcón luminoso y aireado habitación con placard todo pintado y reciclado a nuevo estado impecable se encuentra sobre la calle bucarelli y roosevelt a 2 cuadras de la estación de subte rosas de la línea b. Zona comercial av triunvirato y roosevelt, monroe etc se acepta mascota pequeña", "Visitas_Count": 2.0, "Visto_Estado": "Visto", "Fecha_Publicacion": null, "Inmobiliaria": null, "lat": -34.5750839, "lon": -58.4894206, "Barrio_Geo": "Villa Urquiza", "snap_warning": false, "distancia_m_gym": 1032, "cant_gym": 3, "distancia_m_subte": 348, "cant_subte": 3, "distancia_m_parque": 1500, "cant_parque": 0, "distancia_m_plaza": 408, "cant_plaza": 16, "costo_total": 850000, "dist_verde_final": 408, "apto_scoring": true, "segmento": "2amb", "costo_total_norm": 43.317972350230413, "distancia_m_subte_norm": 81.587301587301582, "dist_verde_final_norm": 60.956937799043068, "distancia_m_gym_norm": 47.185261003070622, "Score": 58.713293076398315, "REVISION": null, "FECHA_DETECCION": "2026-02-16" }, "geometry": { "type": "Point", "coordinates": [ -58.4894206, -34.5750839 ] } },
{ "type": "Feature", "properties": { "Portal": "argenprop", "Barrio": "Villa Urquiza", "Tipo": "Departamento", "Titulo": "ALQUILER 2 AMBIENTES CON BALCÓN AL FRENTE EN V. URQUIZA", "Precio": 650000, "Expensas": 208350.0, "Direccion": "Blanco Encalada 5297 , Piso 4", "Metros_Totales": null, "Ambientes": 2.0, "Dormitorios": 1.0, "Baños": null, "URL": "https://www.argenprop.com/departamento-en-alquiler-en-urquiza-r-2-ambientes--7512042", "Bajo_Precio": null, "Cocheras": 0, "Etiqueta_Destacado": null, "Porcentaje_Rebaja": null, "Metros_Cubiertos": 40.0, "Antiguedad": 40.0, "Descripcion_Breve": "[Garciaenri-585] departamento de 2 ambientes, al frente, con balcón en dormitorio, amplio, muy luminoso, cocina independiente, lavadero incorporado, horno y anafe eléctrico, excelente ubicación a metros de av. Olazabal y a pocas cuadras de la estación 'echeverria' (subte 'b') y 'urquiza' (tren 'mitre'). Condiciones del alquiler : - garantía de caba o seguro de caución ( o garantia ya) - ingresos comprobables propios que tripliquen el valor del alquiler. Contrato: - dos años (24 meses) - aumentos trimestrales por ipc.- Gastos: - 1 mes de adelanto. - 1 mes de deposito. + Informes de dominio e inhibicion y firmas. Servicios: cloacas, gas otros servicios: reciclado depósito (meses): 1 impuestos a cargo de: inquilino agua a cargo de: inquilino", "Visitas_Count": 250.0, "Visto_Estado": "Visto", "Fecha_Publicacion": null, "Inmobiliaria": null, "lat": -34.5769848, "lon": -58.4891153, "Barrio_Geo": "Villa Urquiza", "snap_warning": false, "distancia_m_gym": 989, "cant_gym": 3, "distancia_m_subte": 502, "cant_subte": 3, "distancia_m_parque": 1500, "cant_parque": 0, "distancia_m_plaza": 650, "cant_plaza": 14, "costo_total": 858350, "dist_verde_final": 650, "apto_scoring": true, "segmento": "2amb", "costo_total_norm": 41.778801843317972, "distancia_m_subte_norm": 73.439153439153444, "dist_verde_final_norm": 37.799043062200951, "distancia_m_gym_norm": 49.385875127942683, "Score": 51.24166289430768, "REVISION": null, "FECHA_DETECCION": "2026-02-16" }, "geometry": { "type": "Point", "coordinates": [ -58.4891153, -34.5769848 ] } },
{ "type": "Feature", "properties": { "Portal": "argenprop", "Barrio": "Villa Urquiza", "Tipo": "Departamento", "Titulo": "Alquiler Amb c/Balcon Frente Apto Profesional Parque Chas Villa Urquiza", "Precio": 450000, "Expensas": 208000.0, "Direccion": "BARZANA 1300, Piso 5", "Metros_Totales": null, "Ambientes": null, "Dormitorios": null, "Baños": 1.0, "URL": "https://www.argenprop.com/departamento-en-alquiler-en-villa-urquiza-1-ambiente--18770423", "Bajo_Precio": null, "Cocheras": 0, "Etiqueta_Destacado": null, "Porcentaje_Rebaja": null, "Metros_Cubiertos": 25.0, "Antiguedad": 8.0, "Descripcion_Breve": "Alquiler de departamento monoambiente. Quinto piso al frente. Ambiente comodo de 5x4 con cocina semi integrada, anafe y horno electrico. Baño completo con ducha de pie. Super luminoso! Apto profesional! Magnifica ubicacion sobre la calle barzana esquina av. De los incas. A tres cuadras de av. Constituyentes y a seis de av. Triunvirato con acceso a principales lineas de colectivo y subte \"b\". Villa urquiza, capital federal expensas: $208.000.- Aysa y abl incluidos.- Agua caliente central.- Aire acondicionado frio calor.- Artefactos de cocina electricos.- Superficie total: 30m2.- Cubiertos: 25m2.- Balcon: 5m2.- ¡Agendá tu visita hoy mismo! Nuestro horario de atención es de lunes a viernes de 10 a 18 hs. Corredor profesional: menasches, victor ariel - matrícula: 2883 cucicba \"para los casos de alquiler de vivienda, el monto máximo de comisión que se le puede requerir a los propietarios será el equivalente al cuatro con quince centésimos por ciento (4,15%) del valor total del respectivo contrato. Se encuentra prohibido cobrar a los inquilinos que sean personas físicas comisiones inmobiliarias y gastos de gestoría de informes\".-", "Visitas_Count": 2.0, "Visto_Estado": "Visto", "Fecha_Publicacion": null, "Inmobiliaria": null, "lat": -34.5878942, "lon": -58.4809714, "Barrio_Geo": "Parque Chas", "snap_warning": false, "distancia_m_gym": 337, "cant_gym": 6, "distancia_m_subte": 1009, "cant_subte": 4, "distancia_m_parque": 900, "cant_parque": 1, "distancia_m_plaza": 261, "cant_plaza": 9, "costo_total": 658000, "dist_verde_final": 261, "apto_scoring": true, "segmento": "sin_datos", "costo_total_norm": 66.265060240963862, "distancia_m_subte_norm": 47.475273295158772, "dist_verde_final_norm": 76.654740608228977, "distancia_m_gym_norm": 81.319290465631923, "Score": 64.211483253142163, "REVISION": null, "FECHA_DETECCION": "2026-02-16" }, "geometry": { "type": "Point", "coordinates": [ -58.4809714, -34.5878942 ] } },
{ "type": "Feature", "properties": { "Portal": "argenprop", "Barrio": "Villa Urquiza", "Tipo": "Departamento", "Titulo": "Alquiler 2 Amb Balcon Contrafrente Luminoso SUM Parrilla Villa Urquiza", "Precio": 750000, "Expensas": 213000.0, "Direccion": "AVALOS 2100, Piso 3", "Metros_Totales": null, "Ambientes": 2.0, "Dormitorios": 1.0, "Baños": null, "URL": "https://www.argenprop.com/departamento-en-alquiler-en-villa-urquiza-2-ambientes--19091348", "Bajo_Precio": null, "Cocheras": 0, "Etiqueta_Destacado": null, "Porcentaje_Rebaja": null, "Metros_Cubiertos": 40.0, "Antiguedad": 13.0, "Descripcion_Breve": "Alquiler de departamento 2 ambientes en villa urquiza, capital federal.Tercer piso al contrafrente con balcón orientado al este! Muy luminoso! Cocina cómoda con lavadero incorporado, baño completo y dormitorio con placard. Edificio co sum y parrilla! Apto profesional! Magnifica ubicación sobre la calle avalos entre olazabal y mendoza, considerada la mejor parte de villa urquiza, a una cuadra de av. Triunvirato con acceso a subte, tren y colectivos. Expensas $ 213.000 (incluye aysa). Abl: $ 14.500.- Superficie total: 43.37m2.- Cub: 40.07m2.- Semi cub: 0.28m2 desc: 3.02m2.- Agua caliente por calefón. Refrigeración y calefacción por aires acondicionados (frío - calor) en living y dormitorio. Hall de entradacon placard de recepción. Living comedor con salida a balcón y vista abierta al pulmónde manzana. Cocina semi integrada con doble mesada, bacha de acero inoxidable doble, alacenas sobre y bajo mesada con cajonera. Espacio para heladera y para lavarropas de carga frontal en bajo mesada. Dormitorio con piso de parquet y placard de interiores terminados con cajonera, perchero y baulera. Baño completo con vanitory y cajonera, amplio espejo. Inodoro, bide y bañera! ¡Coordina hoy tu visita! Llamanos de lunes a viernes de 10 a 18hs a nuestra oficina. Corredores profesionales: menasches, julio david - matrícula: 2882 cucicba menasches, victor ariel - matrícula: 2883 cucicba \"para los casos de alquiler de vivienda, el monto máximo de comisión que se le puede requerir a los propietarios será el equivalente al cuatro con quince centésimos por ciento (4,15%) del valor total del respectivo contrato. Se encuentra prohibido cobrar a los inquilinos que sean personas físicas comisiones inmobiliarias y gastos de gestoría de informes\".-", "Visitas_Count": 2.0, "Visto_Estado": "Visto", "Fecha_Publicacion": null, "Inmobiliaria": null, "lat": -34.5773623, "lon": -58.4838408, "Barrio_Geo": "Villa Urquiza", "snap_warning": false, "distancia_m_gym": 391, "cant_gym": 4, "distancia_m_subte": 277, "cant_subte": 4, "distancia_m_parque": 1500, "cant_parque": 0, "distancia_m_plaza": 598, "cant_plaza": 12, "costo_total": 963000, "dist_verde_final": 598, "apto_scoring": true, "segmento": "2amb", "costo_total_norm": 22.488479262672811, "distancia_m_subte_norm": 85.343915343915342, "dist_verde_final_norm": 42.775119617224874, "distancia_m_gym_norm": 79.989764585465707, "Score": 51.152566690235275, "REVISION": null, "FECHA_DETECCION": "2026-02-26" }, "geometry": { "type": "Point", "coordinates": [ -58.4838408, -34.5773623 ] } },
{ "type": "Feature", "properties": { "Portal": "argenprop", "Barrio": "Villa Urquiza", "Tipo": "Departamento", "Titulo": "Excelente Departamento de un ambiente a la calle", "Precio": 520000, "Expensas": 173600.0, "Direccion": "Pasaje Lituania al 5400", "Metros_Totales": null, "Ambientes": null, "Dormitorios": null, "Baños": 1.0, "URL": "https://www.argenprop.com/departamento-en-alquiler-en-urquiza-r-1-ambiente--18677060", "Bajo_Precio": null, "Cocheras": 0, "Etiqueta_Destacado": null, "Porcentaje_Rebaja": null, "Metros_Cubiertos": 3.0, "Antiguedad": 15.0, "Descripcion_Breve": "Excelente departamento a tres cuadras de la estacion ( mitre ) a tres cuadras del subte b de un ambien al frente con balcon amplio a la calle luminoso moderno con baño comleto cocina con muebles bajo mesada y alacena", "Visitas_Count": 1.0, "Visto_Estado": "Visto", "Fecha_Publicacion": null, "Inmobiliaria": null, "lat": -34.5773372, "lon": -58.4905302, "Barrio_Geo": "Villa Urquiza", "snap_warning": false, "distancia_m_gym": 1162, "cant_gym": 3, "distancia_m_subte": 561, "cant_subte": 3, "distancia_m_parque": 1500, "cant_parque": 0, "distancia_m_plaza": 719, "cant_plaza": 15, "costo_total": 693600, "dist_verde_final": 719, "apto_scoring": true, "segmento": "sin_datos", "costo_total_norm": 57.686746987951807, "distancia_m_subte_norm": 70.796460176991147, "dist_verde_final_norm": 35.688729874776385, "distancia_m_gym_norm": 35.58758314855875, "Score": 55.010141138089217, "REVISION": null, "FECHA_DETECCION": "2026-02-16" }, "geometry": { "type": "Point", "coordinates": [ -58.4905302, -34.5773372 ] } },
{ "type": "Feature", "properties": { "Portal": "argenprop", "Barrio": "Villa Urquiza", "Tipo": "Departamento", "Titulo": "HERMOSO DEPARTAMENTO 2 AMB. LATERAL MUY BUENA UBICACION", "Precio": 600000, "Expensas": 180000.0, "Direccion": "Bucarelli 2200 , Piso 1", "Metros_Totales": null, "Ambientes": 2.0, "Dormitorios": 1.0, "Baños": null, "URL": "https://www.argenprop.com/departamento-en-alquiler-en-villa-urquiza-2-ambientes--15407311", "Bajo_Precio": null, "Cocheras": 0, "Etiqueta_Destacado": null, "Porcentaje_Rebaja": null, "Metros_Cubiertos": 36.0, "Antiguedad": 50.0, "Descripcion_Breve": "Dto 2 ambientes lateral excelente ubicacion, a 2 cuadras de la escacion de tren urquiza a 3 cuadras del subte linea b estacion juan manuel de rosas living-comedor 4 x 4 mts.piso de parquet hall 2 x 1 mts.con placard cocina 3 x 1 mts. lavadero atrás de la cocina baño completo dormitorio 3 x 3 mts.con placard y piso de parquet requisitos: - mes de adelanto - mes de deposito - garantia propietaria de caba contrato a 2 años con ajuste cuatrimestral por el ipc servicios: cloacas, gas todas las medidas y/o superficies indicadas son aproximadas y a solo efecto orientativo. Las medidas reales surgirán del plano correspondiente del inmueble. Para información sobre las condiciones comerciales de las propiedades, por favor comuníquese a nuestros números telefónicos si desea consultar sobre las mismas.", "Visitas_Count": 1.0, "Visto_Estado": "Visto", "Fecha_Publicacion": null, "Inmobiliaria": null, "lat": -34.5770769, "lon": -58.4869397, "Barrio_Geo": "Villa Urquiza", "snap_warning": false, "distancia_m_gym": 739, "cant_gym": 3, "distancia_m_subte": 441, "cant_subte": 3, "distancia_m_parque": 1500, "cant_parque": 0, "distancia_m_plaza": 589, "cant_plaza": 15, "costo_total": 780000, "dist_verde_final": 589, "apto_scoring": true, "segmento": "2amb", "costo_total_norm": 56.221198156682028, "distancia_m_subte_norm": 76.666666666666671, "dist_verde_final_norm": 43.63636363636364, "distancia_m_gym_norm": 62.180143295803482, "Score": 60.433766319525887, "REVISION": "DESCARTADO", "FECHA_DETECCION": "2026-03-09" }, "geometry": { "type": "Point", "coordinates": [ -58.4869397, -34.5770769 ] } },
{ "type": "Feature", "properties": { "Portal": "argenprop", "Barrio": "Villa Urquiza", "Tipo": "Departamento", "Titulo": "Departamento en venta en Villa Urquiza", "Precio": 700000, "Expensas": 81000.0, "Direccion": "Blanco Encalada 5200", "Metros_Totales": null, "Ambientes": null, "Dormitorios": 1.0, "Baños": null, "URL": "https://www.argenprop.com/departamento-en-alquiler-en-villa-urquiza-1-ambiente--18717802", "Bajo_Precio": null, "Cocheras": 0, "Etiqueta_Destacado": null, "Porcentaje_Rebaja": null, "Metros_Cubiertos": 39.0, "Antiguedad": 0.0, "Descripcion_Breve": "Hermosa y amplia unidad en alquiler, ubicada en el 2do piso ; al frente, apta profesional y destacadas por su balcón al frente, ideal para disfrutar del aire libre con vista al barrio. Edificio eléctrico con aire acondicionado frío-calor, termotanque eléctrico individual y cocina con anafé vitro-cerámico de 4 hornallas y horno eléctrico empotrado. Bajas expensas .Espacio para guardado de bicicleta en 1er piso. Medidas del depto 39 m2 cubiertos y 5 m2’de balcón. Expensas $ 105.000,- redefinimos el placer de llegar a casa con espacios pensados para que vivas una experiencia única. Descubrí be urquiza, tu próximo hogar en el corazón de villa urquiza! Te presentamos be urquiza, este exclusivo proyecto de arquitectura vanguardista y calidad premium, en una de las zonas más deseadas y de mayor crecimiento en la ciudad autónoma de bs. As.. Este emprendimiento se encuentra estratégicamente ubicado y a escasos metros de todos los puntos importantes del barrio. Rodeado de oferta comercial de todos los rubros como supermercados, vestimenta, bares/ cafeterías y gastronomía variada. Ubicado a 100 mts de la estación villa urquiza del ffrr línea b. Mitre, a 200 mts de la estación de subte juan m. De rosas de la línea b, a 100 mts de av. Olazabal y de av. Monroe, a 200 mts de av. Triunvirato y la cómoda y fácil salida a gral. Paz y panamericana con destino a todos los puntos del conurbano y al resto del país. Este emprendimiento ofrece semipisos con cómodas unidades mono-ambientes, todas diseñadas para maximizar el confort y la funcionalidad construido y equipado con materiales, aberturas, griferías, muebles de baño y cocina calidad premium y detalles de diseño únicos en oferta en la zona. El proyecto incluye un local comercial ubicado en pb y 1er piso, integrando el diseño moderno con un entorno en constante crecimiento. Esta es tu oportunidad de formar parte de una comunidad vibrante en un entorno que combina diseño, comodidad y una ubicación estratégica: be urquiza", "Visitas_Count": 1.0, "Visto_Estado": "Visto", "Fecha_Publicacion": null, "Inmobiliaria": null, "lat": -34.5764094, "lon": -58.4876709, "Barrio_Geo": "Villa Urquiza", "snap_warning": false, "distancia_m_gym": 818, "cant_gym": 3, "distancia_m_subte": 331, "cant_subte": 3, "distancia_m_parque": 1500, "cant_parque": 0, "distancia_m_plaza": 479, "cant_plaza": 15, "costo_total": 781000, "dist_verde_final": 479, "apto_scoring": true, "segmento": "sin_datos", "costo_total_norm": 36.626506024096386, "distancia_m_subte_norm": 82.769390942217598, "dist_verde_final_norm": 57.155635062611807, "distancia_m_gym_norm": 54.656319290465632, "Score": 56.378178633872757, "REVISION": null, "FECHA_DETECCION": "2026-03-01" }, "geometry": { "type": "Point", "coordinates": [ -58.4876709, -34.5764094 ] } },
{ "type": "Feature", "properties": { "Portal": "argenprop", "Barrio": "Villa Urquiza", "Tipo": "PH", "Titulo": "PH 2 amb en alquiler c/patio Villa Urquiza", "Precio": 600000, "Expensas": 200000.0, "Direccion": "Andonaegui 2600", "Metros_Totales": null, "Ambientes": 2.0, "Dormitorios": 1.0, "Baños": null, "URL": "https://www.argenprop.com/ph-en-alquiler-en-villa-urquiza-2-ambientes--19060036", "Bajo_Precio": null, "Cocheras": 0, "Etiqueta_Destacado": null, "Porcentaje_Rebaja": null, "Metros_Cubiertos": 36.0, "Antiguedad": 51.0, "Descripcion_Breve": "Corredor responsable: ariel champanier cucicba 4330 / andrea berre cmcpsi 6763 - contacto: luca rosso ph de 2 ambientes en alquiler con patio en villa urquiza. La propiedad tiene un total de 42 metros totales (36 cubiertos y 6 de patio) expensas a febrero: $200.000 condiciones y requisitos: - contrato a 2 años - ajuste trimestral por icl - seguro de caución (excluyente) - ingresos demostrables - 1 mes de deposito - 1 mes de adelanto caracteristicas de la propiedad: - ph ubicado en planta baja - cocina independiente - living comedor - patio (acceso desde el living y cocina) - baño completo con bañera - dormitorio al frente con placard. Rau s.R.L. No ejerce el corretaje inmobiliario. El presente sitio web es una plataforma en donde cada oficina inmobiliaria independiente que contrata los servicios re/max puede publicar las propiedades a su cargo. Cada oficina es de propiedad y gestión independiente, por lo que rau s.R.L. No interviene en los datos de la publicación, en la operación inmobiliaria, ni en la confección y/o firma del boleto de compraventa y/o escritura y/o contrato de alquiler. En cumplimiento de las leyes vigentes que regulan el corretaje inmobiliario, ley nacional 25.028, ley 22.802 de lealtad comercial, ley 24.240 de defensa al consumidor, las normas del código civil y comercial de la nación y constitucionales, los agentes/gestores no ejercen el corretaje inmobiliario. Todas las operaciones inmobiliarias son objeto de intermediación y conclusión por parte del corredor público inmobiliario colegiado a cargo de la publicación, cuyos datos se exhiben en la presente. La presente publicación describe las características esenciales del inmueble, debiéndose consultar al corredor público inmobiliario responsable de la operación por la eventual actualización de las medidas, descripciones arquitectónicas y funcionales, valores de expensas, servicios, impuestos, precios y demás información, cuyos valores son aproximados. Para los casos de alquiler de vivienda, el monto máximo de comisión que se le puede requerir a los propietarios será el equivalente al cuatro con quince centésimos por ciento (4,15%) del valor total del respectivo contrato. Se encuentra prohibido cobrar a los inquilinos que sean personas físicas comisiones inmobiliarias y gastos de gestoría de informes. El inmueble no es accesible para personas con discapacidades físicas.", "Visitas_Count": 0.0, "Visto_Estado": "Visto", "Fecha_Publicacion": null, "Inmobiliaria": null, "lat": -34.5753876, "lon": -58.4907741, "Barrio_Geo": "Villa Urquiza", "snap_warning": false, "distancia_m_gym": 1160, "cant_gym": 2, "distancia_m_subte": 476, "cant_subte": 3, "distancia_m_parque": 1500, "cant_parque": 0, "distancia_m_plaza": 537, "cant_plaza": 15, "costo_total": 800000, "dist_verde_final": 537, "apto_scoring": true, "segmento": "2amb", "costo_total_norm": 52.534562211981566, "distancia_m_subte_norm": 74.81481481481481, "dist_verde_final_norm": 48.612440191387563, "distancia_m_gym_norm": 40.634595701125896, "Score": 57.244216937627172, "REVISION": "DESCARTADO", "FECHA_DETECCION": "2026-03-09" }, "geometry": { "type": "Point", "coordinates": [ -58.4907741, -34.5753876 ] } },
{ "type": "Feature", "properties": { "Portal": "argenprop", "Barrio": "Villa Urquiza", "Tipo": "Departamento", "Titulo": "Departamento en alquiler en Villa Urquiza", "Precio": 600000, "Expensas": 180000.0, "Direccion": "Avenida Triunvirato 4300, Piso 15", "Metros_Totales": null, "Ambientes": null, "Dormitorios": 1.0, "Baños": 1.0, "URL": "https://www.argenprop.com/departamento-en-alquiler-en-villa-urquiza-2-ambientes--18799803", "Bajo_Precio": null, "Cocheras": 0, "Etiqueta_Destacado": null, "Porcentaje_Rebaja": null, "Metros_Cubiertos": 43.0, "Antiguedad": null, "Descripcion_Breve": null, "Visitas_Count": 40.0, "Visto_Estado": "Visto", "Fecha_Publicacion": null, "Inmobiliaria": null, "lat": -34.5776639, "lon": -58.4814803, "Barrio_Geo": "Villa Urquiza", "snap_warning": false, "distancia_m_gym": 131, "cant_gym": 5, "distancia_m_subte": 0, "cant_subte": 4, "distancia_m_parque": 1500, "cant_parque": 0, "distancia_m_plaza": 678, "cant_plaza": 15, "costo_total": 780000, "dist_verde_final": 678, "apto_scoring": true, "segmento": "sin_datos", "costo_total_norm": 36.867469879518076, "distancia_m_subte_norm": 100.0, "dist_verde_final_norm": 39.355992844364941, "distancia_m_gym_norm": 92.738359201773832, "Score": 61.892022440857602, "REVISION": null, "FECHA_DETECCION": "2026-03-09" }, "geometry": { "type": "Point", "coordinates": [ -58.4814803, -34.5776639 ] } },
{ "type": "Feature", "properties": { "Portal": "argenprop", "Barrio": "Villa Urquiza", "Tipo": "Departamento", "Titulo": "En alquiler Departamento de 2 ambientes Villa Urquiza", "Precio": 650000, "Expensas": 61000.0, "Direccion": "Av. OLAZABAL al 5300", "Metros_Totales": null, "Ambientes": 2.0, "Dormitorios": 1.0, "Baños": null, "URL": "https://www.argenprop.com/departamento-en-alquiler-en-villa-urquiza-2-ambientes--19017311", "Bajo_Precio": null, "Cocheras": 0, "Etiqueta_Destacado": null, "Porcentaje_Rebaja": null, "Metros_Cubiertos": 36.0, "Antiguedad": 40.0, "Descripcion_Breve": "En alquiler departamento 2 ambientes villa urquiza ubicado en una excelente accesible zona de villa urquiza, al ingresar, te recibe un living-comedor que cuenta con un balcon frances , con piso flotante la cocina está equipada con muebles bajo mesada y alacena, lavadero independiente. El dormitorio es espacioso con piso flotante y comodo placard el hall de acceso al baño posee 2 cómodos placares, excelente espacio de guardado el baño es completo ubicado sobre la av. Olazabal al 5300, ; excelente estado las expensas incluyen aysa requisitos: demostracion de ingresos y garantia ( propietaria o seguro ) mes de adelanto y mes deposito corredor responsable raffaele maria crstina matricula cpi 2983 ley 5115 accesible para personas con movilidad reducida", "Visitas_Count": 40.0, "Visto_Estado": "Visto", "Fecha_Publicacion": null, "Inmobiliaria": null, "lat": -34.5658161, "lon": -58.467899, "Barrio_Geo": "Belgrano", "snap_warning": false, "distancia_m_gym": 1233, "cant_gym": 6, "distancia_m_subte": 1364, "cant_subte": 4, "distancia_m_parque": 1872, "cant_parque": 1, "distancia_m_plaza": 0, "cant_plaza": 17, "costo_total": 711000, "dist_verde_final": 0, "apto_scoring": true, "segmento": "2amb", "costo_total_norm": 68.940092165898619, "distancia_m_subte_norm": 27.830687830687822, "dist_verde_final_norm": 100.0, "distancia_m_gym_norm": 36.898669396110542, "Score": 59.615110155176851, "REVISION": "DESCARTADO", "FECHA_DETECCION": "2026-03-09" }, "geometry": { "type": "Point", "coordinates": [ -58.467899, -34.5658161 ] } },
{ "type": "Feature", "properties": { "Portal": "argenprop", "Barrio": "Villa Urquiza", "Tipo": "Departamento", "Titulo": "Juramento al 5000 y Triunvirato. Subte. Villa Urquiza Mono!", "Precio": 580000, "Expensas": 127880.0, "Direccion": "Juramento 5000, Piso 5", "Metros_Totales": null, "Ambientes": null, "Dormitorios": null, "Baños": 1.0, "URL": "https://www.argenprop.com/departamento-en-alquiler-en-villa-urquiza-1-ambiente--18559058", "Bajo_Precio": null, "Cocheras": 0, "Etiqueta_Destacado": null, "Porcentaje_Rebaja": null, "Metros_Cubiertos": 42.0, "Antiguedad": 11.0, "Descripcion_Breve": "Roberto nicolás negocios inmobiliarios le ofrece en alquiler depto monoambiente. Ubicación: juramento altura 5000 entre triunvirato y avalos, pleno centro del moderno barrio de villa urquiza a pocos pasos del subte (línea b, estación echeverría) cerca del tren (estación general urquiza del ferrocarril general bartolomé mitre, que presta servicio entre las estaciones retiro y josé león suárez), colectivos (114, 140, 133, 71, 168, 112, 108 etc). El edificio: sólida y consolidada construcción. 10 pisos en total. 9 pisos de viviendas monoambientes (4 por piso). Apto profesional. Amenities: deck con parrilla y laundry. El departamento: monoambiente con balcón al contrafrente piso: 5 vista abierta. Superficie total: 42.00m2, superficie cubierta: 39.80 m2 superfice de balcón. Excelente luminosidad. Baño completo. Moderna cocina integrada con artefacto de cocina a gas de acero inoxidable. Piso de porcelanato. Carpinterías internas en moderno color madera natural. Carpinterías externas de aluminio condiciones contractuales: contrato por 24 meses (2 años) o 36 meses (3 años) a convenir agip (solo abl, no inmobiliario) actualización trimestral o cuatrimestral, por ipcba o ipc (indec), a convenir 1 garantia de propiedad de caba o de provincia bs as o garantía financiera (, garantia ya o garantor) 1 mes de deposito- seguro de incendio.- Gastos administrativos: informes por garantía de propiedad y certificación de firmas ante escribano público a cargo del locatario art. 5°: incorpórase como inciso 9 del artículo 10 de la ley 2340 (texto consolidado según ley 5666) el siguiente texto: exhibir en todos los locales y/o oficinas en los que se preste servicios de corretaje inmobiliario carteles visibles al público con la siguiente leyenda: se encuentra prohibido cobrar comisiones inmobiliarias y gastos de gestoría de informes a los inquilinos que sean personas físicas. Para los casos de alquiler de viviendas, el monto máximo de comisión que se le puede requerir a los propietarios será el equivalente al cuatro con quince centésimos por ciento (4,15%) del valor total del respectivo contrato.- Servicios: gas depósito (meses): 2 impuestos a cargo de: inquilino agua a cargo de: inquilino", "Visitas_Count": 42.0, "Visto_Estado": "Visto", "Fecha_Publicacion": null, "Inmobiliaria": null, "lat": -34.5772541, "lon": -58.481386, "Barrio_Geo": "Villa Urquiza", "snap_warning": false, "distancia_m_gym": 131, "cant_gym": 5, "distancia_m_subte": 0, "cant_subte": 4, "distancia_m_parque": 1500, "cant_parque": 0, "distancia_m_plaza": 678, "cant_plaza": 15, "costo_total": 707880, "dist_verde_final": 678, "apto_scoring": true, "segmento": "sin_datos", "costo_total_norm": 54.245783132530121, "distancia_m_subte_norm": 100.0, "dist_verde_final_norm": 39.355992844364941, "distancia_m_gym_norm": 92.738359201773832, "Score": 68.84334774206242, "REVISION": null, "FECHA_DETECCION": "2026-03-01" }, "geometry": { "type": "Point", "coordinates": [ -58.481386, -34.5772541 ] } },
{ "type": "Feature", "properties": { "Portal": "argenprop", "Barrio": "Villa Urquiza", "Tipo": "Departamento", "Titulo": "Semipiso de 2 ambientes", "Precio": 750000, "Expensas": 200000.0, "Direccion": "Blanco Encalada al 5500", "Metros_Totales": null, "Ambientes": 2.0, "Dormitorios": 1.0, "Baños": null, "URL": "https://www.argenprop.com/departamento-en-alquiler-en-urquiza-r-2-ambientes--18593243", "Bajo_Precio": null, "Cocheras": 0, "Etiqueta_Destacado": null, "Porcentaje_Rebaja": null, "Metros_Cubiertos": 45.0, "Antiguedad": 15.0, "Descripcion_Breve": "Muy lindo semipiso de 2 ambientes al frente el living con balcon vista al norte al contrafrente el dormitorio vista al sur con vestidor baño completo pisos de ceramicos calefaccion es por radiadores agua caliente central", "Visitas_Count": 50.0, "Visto_Estado": "Visto", "Fecha_Publicacion": null, "Inmobiliaria": null, "lat": -34.5644484, "lon": -58.4679366, "Barrio_Geo": "Belgrano", "snap_warning": false, "distancia_m_gym": 995, "cant_gym": 4, "distancia_m_subte": 1326, "cant_subte": 3, "distancia_m_parque": 1800, "cant_parque": 1, "distancia_m_plaza": 242, "cant_plaza": 16, "costo_total": 950000, "dist_verde_final": 242, "apto_scoring": true, "segmento": "2amb", "costo_total_norm": 24.884792626728114, "distancia_m_subte_norm": 29.841269841269849, "dist_verde_final_norm": 76.84210526315789, "distancia_m_gym_norm": 49.078812691914017, "Score": 39.182600324895184, "REVISION": null, "FECHA_DETECCION": "2026-02-16" }, "geometry": { "type": "Point", "coordinates": [ -58.4679366, -34.5644484 ] } },
{ "type": "Feature", "properties": { "Portal": "argenprop", "Barrio": "Villa Urquiza", "Tipo": "Departamento", "Titulo": "ALQUILER DEPARTAMENTO 2 AMBIENTES CON 2 PATIOS en Villa Urquiza", "Precio": 600000, "Expensas": 160000.0, "Direccion": "Blanco Encalada 5100", "Metros_Totales": null, "Ambientes": 2.0, "Dormitorios": 1.0, "Baños": null, "URL": "https://www.argenprop.com/departamento-en-alquiler-en-villa-urquiza-2-ambientes--19154430", "Bajo_Precio": null, "Cocheras": 0, "Etiqueta_Destacado": null, "Porcentaje_Rebaja": null, "Metros_Cubiertos": 39.0, "Antiguedad": 50.0, "Descripcion_Breve": "Alquiler departamento 2 ambientes con 2 patios en planta baja en villa urquiza. Ubicado al fondo de la planta baja con hall de entrada. Living comedor con piso parquet con amplia ventana que da a un patio propio del departamento. Cocina separada con artefacto de cocina a gas, alacenas alto y bajo mesada con salida directa a un patio ( en parte techado) con lugar para lavarropas. Hall de distribución que da al baño completo ( con placard) ,al dormitorio ( con muy amplio placard y con ventana con vista al patio interno) y tiene salida a otro patio tambien propio. Aire acondicionado. Termotanque electrico. El edificio esta muy bien ubicado y con acceso a varios medios de transportes. Llamar o mandar mensaje de whatsapp para mas información y entrevistapara los casos de alquiler de vivienda, el monto máximo de comisión que se le puede requerir a los propietarios será el equivalente al cuatro con quince centésimos por ciento (4,15%) del valor total del respectivo contrato. En el caso de ser personas físicas, se encuentra prohibido cobrar comisiones inmobiliarias y gastos de gestoría de informes a los inquilinos", "Visitas_Count": 210.0, "Visto_Estado": "Visto", "Fecha_Publicacion": null, "Inmobiliaria": null, "lat": -34.5757135, "lon": -58.4864563, "Barrio_Geo": "Villa Urquiza", "snap_warning": false, "distancia_m_gym": 705, "cant_gym": 3, "distancia_m_subte": 219, "cant_subte": 3, "distancia_m_parque": 1500, "cant_parque": 0, "distancia_m_plaza": 367, "cant_plaza": 15, "costo_total": 760000, "dist_verde_final": 367, "apto_scoring": true, "segmento": "2amb", "costo_total_norm": 59.907834101382491, "distancia_m_subte_norm": 88.412698412698418, "dist_verde_final_norm": 64.880382775119614, "distancia_m_gym_norm": 63.920163766632548, "Score": 69.855036096049702, "REVISION": null, "FECHA_DETECCION": "2026-03-09" }, "geometry": { "type": "Point", "coordinates": [ -58.4864563, -34.5757135 ] } },
{ "type": "Feature", "properties": { "Portal": "argenprop", "Barrio": "Villa Urquiza", "Tipo": "Departamento", "Titulo": "Departamento en alquiler en Urquiza R contra frente", "Precio": 480000, "Expensas": 170000.0, "Direccion": "Avenida Monroe 5600, Piso 13", "Metros_Totales": null, "Ambientes": null, "Dormitorios": 1.0, "Baños": null, "URL": "https://www.argenprop.com/departamento-en-alquiler-en-urquiza-r-2-ambientes--18794202", "Bajo_Precio": null, "Cocheras": 0, "Etiqueta_Destacado": null, "Porcentaje_Rebaja": null, "Metros_Cubiertos": 29.0, "Antiguedad": 50.0, "Descripcion_Breve": "Contrato 24 meses index ipc trimestral , garantia seguro mes deposito", "Visitas_Count": 200.0, "Visto_Estado": "Visto", "Fecha_Publicacion": null, "Inmobiliaria": null, "lat": -34.5777274, "lon": -58.4917553, "Barrio_Geo": "Villa Urquiza", "snap_warning": false, "distancia_m_gym": 1313, "cant_gym": 3, "distancia_m_subte": 629, "cant_subte": 2, "distancia_m_parque": 1500, "cant_parque": 0, "distancia_m_plaza": 787, "cant_plaza": 16, "costo_total": 650000, "dist_verde_final": 787, "apto_scoring": true, "segmento": "sin_datos", "costo_total_norm": 68.192771084337352, "distancia_m_subte_norm": 67.256637168141594, "dist_verde_final_norm": 29.606440071556349, "distancia_m_gym_norm": 27.217294900221731, "Score": 56.097117088510863, "REVISION": null, "FECHA_DETECCION": "2026-03-01" }, "geometry": { "type": "Point", "coordinates": [ -58.4917553, -34.5777274 ] } },
{ "type": "Feature", "properties": { "Portal": "argenprop", "Barrio": "Villa Urquiza", "Tipo": "Departamento", "Titulo": "Lindisimo Monoambiente al Cfte.- 37 mts .- c/Balcòn.- Apto Prof.- Luz y Sol, Amenities!", "Precio": 500000, "Expensas": 166184.0, "Direccion": "Av Triunvirato 3100, Piso 2", "Metros_Totales": null, "Ambientes": null, "Dormitorios": null, "Baños": 1.0, "URL": "https://www.argenprop.com/departamento-en-alquiler-en-villa-urquiza--5879262", "Bajo_Precio": null, "Cocheras": 0, "Etiqueta_Destacado": null, "Porcentaje_Rebaja": null, "Metros_Cubiertos": 33.0, "Antiguedad": 10.0, "Descripcion_Breve": "Gran monoambiente al contrafrente. Piso 2º. 37 mts.totales. Con balcón corrido- luz y sol. Apto profesional por reglamento. Cocina integrada. Con mueble bajomesada, alacenas, mesada de granito. Agua caliente central. Aire acondicionado split. Calefacción por losa radiante- còmodo placard con buen espacio de guardado. Amplio baño completo con bañadera y vanitory. Piso de madera flotante. Super alegre.- Edificio con piscina, salon de usos múltiples. Parrilla. Solarium. Laundry. Ascensor automático. Excelente ubicaciòn, a pocos metros del subte b (estación tronador), el encargado vive en el edificio. Todos los medios de transporte (colect. 108, 87, 71, 127). Frente a la utn y a metros de supermercado jumbo. Expensas : $ 166.184 ( enero 2026) mensuales e incluyen aysa.- . Valor de alquiler : $ 500.000 mensuales - se requiere comprobación de ingresos y garantia propietaria de caba ó seguros de caución . Contrato por dos años. Ajuste trimestral por ipc. Depósito 1 mes.- Contactar con maria sempé propiedades al y .-", "Visitas_Count": 190.0, "Visto_Estado": "Visto", "Fecha_Publicacion": null, "Inmobiliaria": null, "lat": -34.5843553, "lon": -58.4663447, "Barrio_Geo": "Villa Ortuzar", "snap_warning": false, "distancia_m_gym": 64, "cant_gym": 6, "distancia_m_subte": 35, "cant_subte": 4, "distancia_m_parque": 526, "cant_parque": 3, "distancia_m_plaza": 517, "cant_plaza": 10, "costo_total": 666184, "dist_verde_final": 517, "apto_scoring": true, "segmento": "sin_datos", "costo_total_norm": 64.293012048192764, "distancia_m_subte_norm": 98.178032274856847, "dist_verde_final_norm": 53.756708407871201, "distancia_m_gym_norm": 96.452328159645234, "Score": 75.567188999272929, "REVISION": null, "FECHA_DETECCION": "2026-03-01" }, "geometry": { "type": "Point", "coordinates": [ -58.4663447, -34.5843553 ] } },
{ "type": "Feature", "properties": { "Portal": "argenprop", "Barrio": "Villa Urquiza", "Tipo": "Departamento", "Titulo": "Piso unico 2 amb 10 años de antiguedad. Cocina comedor independiente. 2 split frío calor.-", "Precio": 750000, "Expensas": 125000.0, "Direccion": "L Burela 2400, Piso 6", "Metros_Totales": null, "Ambientes": 2.0, "Dormitorios": 1.0, "Baños": null, "URL": "https://www.argenprop.com/departamento-en-alquiler-en-villa-urquiza-2-ambientes--19188191", "Bajo_Precio": null, "Cocheras": 0, "Etiqueta_Destacado": null, "Porcentaje_Rebaja": null, "Metros_Cubiertos": 46.0, "Antiguedad": 10.0, "Descripcion_Breve": "Sin mascotas. 6º piso único. 10 años de antiguedad. 2 ambientes de 46 m2 cubiertos. Estar comedor con balcón corrido al frente y piso de porcelanato, dormitorio al frente con placard y piso de porcelanato simil madera. Segundo placard en hall íntimo. 2 equipos split frío/calor en living y dormitorio. Cortinas de enrollar de pvc reforzado en living y dormitorio. Baño completo con bañera y vanitory grande de wengue con bacha de losa blanca ferrum. Espectacular cocina comedor independiente de 3,54 x 2,73 m super luminosa con ventana al contrafrente, bajo mesada y alacenas aéreas de madera maciza, mesada de granito, campana extractora y termotanque. Lavadero incorporado. Griferías monocomando en cocina y baño. Espacio en planta baja para guardado de bicicletas. Sin encargado, con limpieza tercerizada.- “Para los casos de alquiler de vivienda, el monto máximo de comisión que se le puede requerir a los propietarios será el equivalente al cuatro con quince centésimos por ciento (4,15%) del valor total del respectivo contrato. Se encuentra prohibido cobrar a los inquilinos que sean personas físicas comisiones inmobiliarias y gastos de gestoría de informes.”", "Visitas_Count": 180.0, "Visto_Estado": "Visto", "Fecha_Publicacion": null, "Inmobiliaria": null, "lat": -34.5777222, "lon": -58.4920229, "Barrio_Geo": "Villa Urquiza", "snap_warning": false, "distancia_m_gym": 1313, "cant_gym": 3, "distancia_m_subte": 629, "cant_subte": 2, "distancia_m_parque": 1500, "cant_parque": 0, "distancia_m_plaza": 787, "cant_plaza": 16, "costo_total": 875000, "dist_verde_final": 787, "apto_scoring": true, "segmento": "2amb", "costo_total_norm": 38.70967741935484, "distancia_m_subte_norm": 66.719576719576708, "dist_verde_final_norm": 24.68899521531101, "distancia_m_gym_norm": 32.804503582395085, "Score": 43.717993384916653, "REVISION": null, "FECHA_DETECCION": "2026-03-09" }, "geometry": { "type": "Point", "coordinates": [ -58.4920229, -34.5777222 ] } },
{ "type": "Feature", "properties": { "Portal": "argenprop", "Barrio": "Villa Urquiza", "Tipo": "Departamento", "Titulo": "Gran depto 2 amb al frente con balcon con vista abierta", "Precio": 750000, "Expensas": 175000.0, "Direccion": "Diaz Colodrero 2700", "Metros_Totales": null, "Ambientes": 2.0, "Dormitorios": 1.0, "Baños": null, "URL": "https://www.argenprop.com/departamento-en-alquiler-en-villa-urquiza-2-ambientes--19112451", "Bajo_Precio": null, "Cocheras": 0, "Etiqueta_Destacado": null, "Porcentaje_Rebaja": null, "Metros_Cubiertos": 42.0, "Antiguedad": 30.0, "Descripcion_Breve": "Gran departamento 2 ambientes en alquiler recien pintado con balcon corrido al frente con vista panoramica, cocina separada con lavadero incorporado. Habitacion con placard amplio y baño completo. Aire split frio calor en living y estufa tiro balanceado en living y habitacion. Excelente ubicación a metros de av. Triunvirato y estacion \"j.M. Rosas\" del subte b. Medidas: - living 5,3x3,1 - balcón 5,58x1,5 - cocina 4,24x1,5 - hab 3,5x2,8+ 1,2x1 - baño 2,72x1,3 contrato por 24 meses, aumentos trimestrales con indexación ipc. Garantía en caba. Ingresos demostrables que puedan triplicar el valor de alquiler. Las superficies, medidas y expensas aquí citadas son aproximadas al solo efecto informativo y no resultan vinculantes, las reales serán las que surgen de planos, título de propiedad y recibo de expensas que deberán ser suministrados por el propietario.", "Visitas_Count": 150.0, "Visto_Estado": "Visto", "Fecha_Publicacion": null, "Inmobiliaria": null, "lat": -34.5682313, "lon": -58.4899384, "Barrio_Geo": "Villa Urquiza", "snap_warning": false, "distancia_m_gym": 1385, "cant_gym": 1, "distancia_m_subte": 840, "cant_subte": 2, "distancia_m_parque": 1791, "cant_parque": 3, "distancia_m_plaza": 524, "cant_plaza": 17, "costo_total": 925000, "dist_verde_final": 524, "apto_scoring": true, "segmento": "2amb", "costo_total_norm": 29.493087557603687, "distancia_m_subte_norm": 55.555555555555557, "dist_verde_final_norm": 49.856459330143544, "distancia_m_gym_norm": 29.119754350051181, "Score": 41.34716899074197, "REVISION": null, "FECHA_DETECCION": "2026-02-26" }, "geometry": { "type": "Point", "coordinates": [ -58.4899384, -34.5682313 ] } },
{ "type": "Feature", "properties": { "Portal": "argenprop", "Barrio": "Villa Urquiza", "Tipo": "Departamento", "Titulo": "Villa Urquiza 2 amplios ambientes de 48 mts, con gran balcón al frente, reciclado.", "Precio": 720000, "Expensas": 170000.0, "Direccion": "Tomás A. Le Bretón 5000, Piso 2", "Metros_Totales": null, "Ambientes": null, "Dormitorios": null, "Baños": null, "URL": "https://www.argenprop.com/departamento-en-alquiler-en-villa-urquiza--19136112", "Bajo_Precio": null, "Cocheras": 0, "Etiqueta_Destacado": null, "Porcentaje_Rebaja": null, "Metros_Cubiertos": 45.0, "Antiguedad": null, "Descripcion_Breve": "Hermosa ubicación.2 amplios ambientes de 48 mts con balcón al frente . Totalmente reciclado y pintado . Lavadero . Muy luminoso . Edificio de categoría . $720.000 y expensas de $170.000 con aysa incluído . Para más info o visitas whatsapp :.Avbr \" bienes raices \"", "Visitas_Count": 150.0, "Visto_Estado": "Visto", "Fecha_Publicacion": null, "Inmobiliaria": null, "lat": -34.5699856, "lon": -58.4883394, "Barrio_Geo": "Villa Urquiza", "snap_warning": false, "distancia_m_gym": 1157, "cant_gym": 1, "distancia_m_subte": 609, "cant_subte": 3, "distancia_m_parque": 1500, "cant_parque": 0, "distancia_m_plaza": 293, "cant_plaza": 17, "costo_total": 890000, "dist_verde_final": 293, "apto_scoring": true, "segmento": "sin_datos", "costo_total_norm": 10.361445783132524, "distancia_m_subte_norm": 68.297761582509111, "dist_verde_final_norm": 73.792486583184257, "distancia_m_gym_norm": 35.86474501108647, "Score": 42.978878605751241, "REVISION": null, "FECHA_DETECCION": "2026-03-09" }, "geometry": { "type": "Point", "coordinates": [ -58.4883394, -34.5699856 ] } },
{ "type": "Feature", "properties": { "Portal": "argenprop", "Barrio": "Villa Urquiza", "Tipo": "Departamento", "Titulo": "Depto. monoambiente c/cochera Alquiler Villa Urquiza", "Precio": 590000, "Expensas": 110000.0, "Direccion": "Bucarelli 3100 , Piso 2", "Metros_Totales": null, "Ambientes": null, "Dormitorios": null, "Baños": 1.0, "URL": "https://www.argenprop.com/departamento-en-alquiler-en-villa-urquiza-1-ambiente--18691909", "Bajo_Precio": null, "Cocheras": 0, "Etiqueta_Destacado": null, "Porcentaje_Rebaja": null, "Metros_Cubiertos": 30.0, "Antiguedad": 5.0, "Descripcion_Breve": "Departamento monoambiente con cochera amplio living comedor con cocina integrada divisible con placar de dos puertas corredizas balcón al frente muy luminoso baño completo con bañera desagüe y conexión para lavarropas edificio muy tranquilo , en una excelente zona , a metros de triunvirato se encuentra prohibido cobrar comisiones inmobiliarias y gastos de gestoría de informes a los inquilinos que sean personas físicas. Para los casos de alquiler de vivienda, el monto máximo de comisión que se le puede requerir a los propietarios será el equivalente al cuatro con quince centésimos por ciento (4,15%) del valor total del respectivo contrato.- Aviso legal: todas las descripciones arquitectónicas y funcionales, valores de expensas, impuestos, servicios y las medidas de este inmueble son meramente orientativas. Las medidas exactas serán las que se expresen en el respectivo título de propiedad de cada inmueble. Todas las fotos, imágenes y videos son meramente ilustrativos y no contractuales. Los precios no son contractuales y pueden cambiarse sin previo aviso. Los datos fueron proporcionados por el propietario y pueden no estar actualizados, por lo cual, pueden arrojar inexactitudes y discordancias con las que surgen de las facturas, títulos y planos legales del inmueble. El interesado deberá realizar las verificaciones respectivas previamente a la realización de cualquier operación, requiriendo por sí o sus profesionales las copias necesarias de la documentación que corresponda. Venta supeditada al cumplimiento por parte del propietario de los requisitos de la resolución general no 2371 de la afip (pedido de coti). Ochiuto negocios inmobiliarios c.U.C.I.C.B.A 7649 c.M.C.P.S.I. 6627", "Visitas_Count": 121.0, "Visto_Estado": "Visto", "Fecha_Publicacion": null, "Inmobiliaria": null, "lat": -34.5700294, "lon": -58.4933279, "Barrio_Geo": "Villa Urquiza", "snap_warning": false, "distancia_m_gym": 1635, "cant_gym": 2, "distancia_m_subte": 951, "cant_subte": 2, "distancia_m_parque": 1489, "cant_parque": 3, "distancia_m_plaza": 241, "cant_plaza": 13, "costo_total": 700000, "dist_verde_final": 241, "apto_scoring": true, "segmento": "sin_datos", "costo_total_norm": 56.144578313253014, "distancia_m_subte_norm": 50.494534096824573, "dist_verde_final_norm": 78.443649373881925, "distancia_m_gym_norm": 9.3680709534367992, "Score": 54.231728524468643, "REVISION": null, "FECHA_DETECCION": "2026-02-16" }, "geometry": { "type": "Point", "coordinates": [ -58.4933279, -34.5700294 ] } },
{ "type": "Feature", "properties": { "Portal": "argenprop", "Barrio": "Villa Urquiza", "Tipo": "Departamento", "Titulo": "Excelente 2 amb al contrafrente super luminoso, muy buena ubicación", "Precio": 650000, "Expensas": 180000.0, "Direccion": "T A Le Breton 5000, Piso 6", "Metros_Totales": null, "Ambientes": 2.0, "Dormitorios": 1.0, "Baños": 1.0, "URL": "https://www.argenprop.com/departamento-en-alquiler-en-villa-urquiza-2-ambientes--10919724", "Bajo_Precio": null, "Cocheras": 0, "Etiqueta_Destacado": null, "Porcentaje_Rebaja": null, "Metros_Cubiertos": null, "Antiguedad": null, "Descripcion_Breve": "Excelente semipiso de 2 ambientes al contrafrente, muy luminoso. Edificio casi nuevo, con laundry y parilla. El departamento tiene un balcón poco profundo al estilo francés, de 30 centímetros de profundidad. El dto se encuentra en muy buenas condiciones, recién pintado! Tiene 2 aire acondicionados frio-calor las expensas incluyen aysa y servicio central de agua caliente!", "Visitas_Count": 3.0, "Visto_Estado": "Visto", "Fecha_Publicacion": null, "Inmobiliaria": null, "lat": -34.5699856, "lon": -58.4883394, "Barrio_Geo": "Villa Urquiza", "snap_warning": false, "distancia_m_gym": 1157, "cant_gym": 1, "distancia_m_subte": 609, "cant_subte": 3, "distancia_m_parque": 1500, "cant_parque": 0, "distancia_m_plaza": 293, "cant_plaza": 17, "costo_total": 830000, "dist_verde_final": 293, "apto_scoring": true, "segmento": "2amb", "costo_total_norm": 47.004608294930875, "distancia_m_subte_norm": 67.777777777777771, "dist_verde_final_norm": 71.961722488038276, "distancia_m_gym_norm": 40.788126919140225, "Score": 57.606333840827361, "REVISION": null, "FECHA_DETECCION": "2026-03-01" }, "geometry": { "type": "Point", "coordinates": [ -58.4883394, -34.5699856 ] } },
{ "type": "Feature", "properties": { "Portal": "argenprop", "Barrio": "Villa Urquiza", "Tipo": "Departamento", "Titulo": "Diaz Colodrero 2327 2 amb lateral Alquiler Villa Urquiza", "Precio": 600000, "Expensas": 150000.0, "Direccion": "Diaz Colodrero 2327 , Piso 12", "Metros_Totales": null, "Ambientes": 2.0, "Dormitorios": 1.0, "Baños": null, "URL": "https://www.argenprop.com/departamento-en-alquiler-en-villa-urquiza-2-ambientes--19023061", "Bajo_Precio": null, "Cocheras": 0, "Etiqueta_Destacado": null, "Porcentaje_Rebaja": null, "Metros_Cubiertos": 35.0, "Antiguedad": 45.0, "Descripcion_Breve": "[Garciaenri-2641] departamento de 2 ambientes, lateral, vista panorámica, muy luminoso, living-comedor, cocina independiente, lavadero incorporado, baño completo, pisos de parquet en todos los ambientes, bajas expensas, muy buen estado. A metros de av. Olazabal y a pocas cuadras de la estación 'echeverria' (subte 'b') y 'urquiza' (tren 'mitre'). Condiciones del alquiler : - garantía de caba o seguro de caución ( o garantia ya) - ingresos comprobables propios que tripliquen el valor del alquiler. Contrato: - dos años (24 meses) - aumentos trimestrales por ipc.- Gastos: - 1 mes de adelanto. - 1 mes de deposito. + Informes de dominio e inhibicion y firmas. Servicios: cloacas, gas depósito (meses): 1 impuestos a cargo de: inquilino agua a cargo de: inquilino", "Visitas_Count": 501.0, "Visto_Estado": "Visto", "Fecha_Publicacion": null, "Inmobiliaria": null, "lat": -34.5741758, "lon": -58.4850579, "Barrio_Geo": "Villa Urquiza", "snap_warning": false, "distancia_m_gym": 546, "cant_gym": 3, "distancia_m_subte": 180, "cant_subte": 3, "distancia_m_parque": 1500, "cant_parque": 0, "distancia_m_plaza": 165, "cant_plaza": 15, "costo_total": 750000, "dist_verde_final": 165, "apto_scoring": true, "segmento": "2amb", "costo_total_norm": 61.751152073732719, "distancia_m_subte_norm": 90.476190476190482, "dist_verde_final_norm": 84.21052631578948, "distancia_m_gym_norm": 72.057318321392017, "Score": 75.891155067647333, "REVISION": null, "FECHA_DETECCION": "2026-03-01" }, "geometry": { "type": "Point", "coordinates": [ -58.4850579, -34.5741758 ] } },
{ "type": "Feature", "properties": { "Portal": "argenprop", "Barrio": "Villa Urquiza", "Tipo": "Departamento", "Titulo": "Monoambiente con balcon . USO Profesional o Vivienda - Ceretti al 2200", "Precio": 600000, "Expensas": 120000.0, "Direccion": "Ceretti 2200, Piso 4", "Metros_Totales": null, "Ambientes": null, "Dormitorios": null, "Baños": 1.0, "URL": "https://www.argenprop.com/departamento-en-alquiler-en-villa-urquiza-1-ambiente--5803594", "Bajo_Precio": null, "Cocheras": 0, "Etiqueta_Destacado": null, "Porcentaje_Rebaja": null, "Metros_Cubiertos": 35.0, "Antiguedad": 8.0, "Descripcion_Breve": "Monoambiente como nuevo - uso profesional o vivienda - al contrafrente con balcón - muy luminoso - anafe a gas y horno eléctrico - agua caliente central -aire acondicionado split frio calor - amplio balcón con espacio para lavarropas - a mts de av olazabal y a 5 cuadras de av. Triunvirato. Subre b y tren linea mitre - baño completo - no se aceptan mascotas - expensas $ 130.000 ( incluye aysa y agua caliente) - todos los medios de transporte y comercios.: Nota: los metros cuadrados expresados en este aviso son orientativos y aproximados. Las medidas exactas surgen del titulo y planos de la propiedad * consultas por whatsapp al: matriculado: silvio berardi matricula nº: 1111 - cucicba", "Visitas_Count": 10.0, "Visto_Estado": "Visto", "Fecha_Publicacion": null, "Inmobiliaria": null, "lat": -34.5797233, "lon": -58.4918944, "Barrio_Geo": "Villa Urquiza", "snap_warning": false, "distancia_m_gym": 1270, "cant_gym": 4, "distancia_m_subte": 966, "cant_subte": 3, "distancia_m_parque": 1500, "cant_parque": 0, "distancia_m_plaza": 1118, "cant_plaza": 16, "costo_total": 720000, "dist_verde_final": 1118, "apto_scoring": true, "segmento": "sin_datos", "costo_total_norm": 51.325301204819276, "distancia_m_subte_norm": 49.713690786048936, "dist_verde_final_norm": 0.0, "distancia_m_gym_norm": 29.600886917960096, "Score": 38.404316409538403, "REVISION": null, "FECHA_DETECCION": "2026-02-16" }, "geometry": { "type": "Point", "coordinates": [ -58.4918944, -34.5797233 ] } },
{ "type": "Feature", "properties": { "Portal": "argenprop", "Barrio": "Villa Urquiza", "Tipo": "Departamento", "Titulo": "Excelente monoambiente amueblado,balcón, amenities.", "Precio": 600000, "Expensas": 140000.0, "Direccion": "Tomas Le Breton 4500", "Metros_Totales": null, "Ambientes": null, "Dormitorios": null, "Baños": 1.0, "URL": "https://www.argenprop.com/departamento-en-alquiler-en-villa-urquiza-1-ambiente--18292692", "Bajo_Precio": null, "Cocheras": 0, "Etiqueta_Destacado": null, "Porcentaje_Rebaja": null, "Metros_Cubiertos": 33.0, "Antiguedad": 12.0, "Descripcion_Breve": "Descubrí tu nuevo hogar en el vibrante barrio de villa urquiza! Este moderno monoambiente, ubicado en tomas le breton 4540, ofrece un espacio ideal para quienes buscan comodidad y estilo. Con un diseño inteligente, el departamento es divisible, permitiendo adaptar el ambiente a tus necesidades, y se inunda de luz natural gracias a su orientación con vista a hermosos jardines. La cocina integrada totalmente eléctrica se complementa con un baño completo equipado con mampara. Además, cuenta con un balcón aterrazado perfecto para disfrutar del aire libre. La unidad se entrega completamente amueblada: placares, una heladera bajo mesada patrik, una cama plaza y media tipo sillón, aire acondicionado lg, y blackout que garantiza privacidad y confort. El edificio ofrece una gama de amenities que incluyen sum, parrillas y una piscina refrescante para los días calurosos. Los gastos de expensas, que incluyen aysa y gas, con 12 años de antiguedad, este edificio está ubicado en una zona estratégica de capital federal, rodeado de servicios esenciales. Aprovechá esta oportunidad única de vivir en un espacio que combina lo mejor de la modernidad con el encanto de villa urquiza. No te lo pierdas! Sucursal vicente lópez sucursal martínez sucursal la lucila .", "Visitas_Count": 10.0, "Visto_Estado": "Visto", "Fecha_Publicacion": null, "Inmobiliaria": null, "lat": -34.5668315, "lon": -58.4831172, "Barrio_Geo": "Villa Urquiza", "snap_warning": false, "distancia_m_gym": 1400, "cant_gym": 1, "distancia_m_subte": 1218, "cant_subte": 2, "distancia_m_parque": 1942, "cant_parque": 1, "distancia_m_plaza": 624, "cant_plaza": 16, "costo_total": 740000, "dist_verde_final": 624, "apto_scoring": true, "segmento": "sin_datos", "costo_total_norm": 46.506024096385545, "distancia_m_subte_norm": 36.595523165018221, "dist_verde_final_norm": 44.186046511627907, "distancia_m_gym_norm": 22.394678492239478, "Score": 40.657743739609217, "REVISION": null, "FECHA_DETECCION": "2026-03-09" }, "geometry": { "type": "Point", "coordinates": [ -58.4831172, -34.5668315 ] } },
{ "type": "Feature", "properties": { "Portal": "argenprop", "Barrio": "Villa Ortuzar", "Tipo": "Departamento", "Titulo": "Alquiler MonoAmb Divisible a Estrenar Amenities", "Precio": 750000, "Expensas": 102000.0, "Direccion": "Plaza 1000", "Metros_Totales": null, "Ambientes": null, "Dormitorios": null, "Baños": 1.0, "URL": "https://www.argenprop.com/departamento-en-alquiler-en-villa-ortuzar-1-ambiente--19185422", "Bajo_Precio": null, "Cocheras": 0, "Etiqueta_Destacado": null, "Porcentaje_Rebaja": null, "Metros_Cubiertos": 4080.0, "Antiguedad": null, "Descripcion_Breve": "Corredor responsable: niceto propiedades sa cpi 6346 / jose david winer cmcpsi 6433 - contacto: gabriela costa queres estrenar tu nueva vivienda? Plaza al 1000. Entre roseti y fraga. A 1 cuadra y media de la av. Triunvirato estación tronador (línea b) espectacular pileta! Full amenities. Bajas expensas. Piso 3 al contrafrente. Muy luminoso. Super silencioso, pulmon abierto. Balcon aterrado. Ventilacion cruzada, tiene un ventanal que da al pulmon del edificio. Ventanal en el baño aportando luz y circulacion del aire. Edificio boutique de 24 unidades. Por cada piso hay dos departamentos al frente y dos al contrafrente. Amplísimo pulmón de manzana. Amenities espectaculares! En el 7mo piso se encuentra un amplio sum con gran vista abierta, terraza para disfrutar a pleno! Pileta de 7x4 envuelta en un deck de madera con una ducha exterior, solarium y laundry. Techos de hormigón visto. Aberturas herméticas aluar. Porcelanatto importado. Baño importado con sanitarios línea roca, grifería fv. Pileta de cocina de acero. Horno empotrado eléctrico. Conexión a gas en cocina con anafe de dos hornallas. Aire acondicionado frio calor instalado. Muebles de cocina hechos a medida de muy buena calidad. Condiciones del contrato: un mes de depósito se toma en dolares un mes de alquiler garantía propietaria o seguro de caución ingresos comprobables ajuste trimestral por ipc rau s.R.L. No ejerce el corretaje inmobiliario. El presente sitio web es una plataforma en donde cada oficina inmobiliaria independiente que contrata los servicios re/max puede publicar las propiedades a su cargo. Cada oficina es de propiedad y gestión independiente, por lo que rau s.R.L. No interviene en los datos de la publicación, en la operación inmobiliaria, ni en la confección y/o firma del boleto de compraventa y/o escritura y/o contrato de alquiler. En cumplimiento de las leyes vigentes que regulan el corretaje inmobiliario, ley nacional 25.028, ley 22.802 de lealtad comercial, ley 24.240 de defensa al consumidor, las normas del código civil y comercial de la nación y constitucionales, los agentes/gestores no ejercen el corretaje inmobiliario. Todas las operaciones inmobiliarias son objeto de intermediación y conclusión por parte del corredor público inmobiliario colegiado a cargo de la publicación, cuyos datos se exhiben en la presente. La presente publicación describe las características esenciales del inmueble, debiéndose consultar al corredor público inmobiliario responsable de la operación por la eventual actualización de las medidas, descripciones arquitectónicas y funcionales, valores de expensas, servicios, impuestos, precios y demás información, cuyos valores son aproximados. Para los casos de alquiler de vivienda, el monto máximo de comisión que se le puede requerir a los propietarios será el equivalente al cuatro con quince centésimos por ciento (4,15%) del valor total del respectivo contrato. Se encuentra prohibido cobrar a los inquilinos que sean personas físicas comisiones inmobiliarias y gastos de gestoría de informes. El inmueble no es accesible para personas con discapacidades físicas.", "Visitas_Count": 0.0, "Visto_Estado": "Visto", "Fecha_Publicacion": null, "Inmobiliaria": null, "lat": -34.5835423, "lon": -58.4676039, "Barrio_Geo": "Villa Ortuzar", "snap_warning": false, "distancia_m_gym": 104, "cant_gym": 6, "distancia_m_subte": 109, "cant_subte": 4, "distancia_m_parque": 671, "cant_parque": 3, "distancia_m_plaza": 632, "cant_plaza": 13, "costo_total": 852000, "dist_verde_final": 632, "apto_scoring": true, "segmento": "sin_datos", "costo_total_norm": 19.518072289156635, "distancia_m_subte_norm": 94.325871941697031, "dist_verde_final_norm": 43.470483005366724, "distancia_m_gym_norm": 94.235033259423503, "Score": 54.222590425187455, "REVISION": null, "FECHA_DETECCION": "2026-02-16" }, "geometry": { "type": "Point", "coordinates": [ -58.4676039, -34.5835423 ] } },
{ "type": "Feature", "properties": { "Portal": "argenprop", "Barrio": "Villa Ortuzar", "Tipo": "Departamento", "Titulo": "Departamento en alquiler en Villa Ortuzar", "Precio": 450000, "Expensas": 68000.0, "Direccion": "Av. triunvirato 3300", "Metros_Totales": null, "Ambientes": null, "Dormitorios": null, "Baños": 1.0, "URL": "https://www.argenprop.com/departamento-en-alquiler-en-villa-ortuzar-1-ambiente--18892792", "Bajo_Precio": null, "Cocheras": 0, "Etiqueta_Destacado": null, "Porcentaje_Rebaja": null, "Metros_Cubiertos": 24.0, "Antiguedad": 3.0, "Descripcion_Breve": "Departamento en planta baja al frente, ideal oficina. También puede utilizarse como vivienda.", "Visitas_Count": 15.0, "Visto_Estado": "Visto", "Fecha_Publicacion": null, "Inmobiliaria": null, "lat": -34.5835712, "lon": -58.4683939, "Barrio_Geo": "Villa Ortuzar", "snap_warning": false, "distancia_m_gym": 205, "cant_gym": 6, "distancia_m_subte": 210, "cant_subte": 5, "distancia_m_parque": 772, "cant_parque": 3, "distancia_m_plaza": 686, "cant_plaza": 14, "costo_total": 518000, "dist_verde_final": 686, "apto_scoring": true, "segmento": "sin_datos", "costo_total_norm": 100.0, "distancia_m_subte_norm": 89.06819364914108, "dist_verde_final_norm": 38.640429338103758, "distancia_m_gym_norm": 88.63636363636364, "Score": 83.312180325999435, "REVISION": null, "FECHA_DETECCION": "2026-03-01" }, "geometry": { "type": "Point", "coordinates": [ -58.4683939, -34.5835712 ] } },
{ "type": "Feature", "properties": { "Portal": "argenprop", "Barrio": "Villa Ortuzar", "Tipo": "Departamento", "Titulo": "MONOAMBIENTE C/ BALCÓN AL FRENTE VILLA ORTÚZAR", "Precio": 590000, "Expensas": 150000.0, "Direccion": "CHORROARIN 1200, Piso 6", "Metros_Totales": null, "Ambientes": null, "Dormitorios": null, "Baños": 1.0, "URL": "https://www.argenprop.com/departamento-en-alquiler-en-villa-ortuzar--10157649", "Bajo_Precio": null, "Cocheras": 0, "Etiqueta_Destacado": null, "Porcentaje_Rebaja": null, "Metros_Cubiertos": 36.0, "Antiguedad": 5.0, "Descripcion_Breve": "Monoambiente de 39 mts con balcón al frente sobre av chorroarín a 3 cuadras de la estación de subte tronador de la línea b de subte que está sobre la av triunvirato. Super luminoso y aireado split frío/calor conexión para lavarropas se acepta mascota pequeña estado del departamento impecable", "Visitas_Count": 2.0, "Visto_Estado": "Visto", "Fecha_Publicacion": null, "Inmobiliaria": null, "lat": -34.583284, "lon": -58.4694229, "Barrio_Geo": "Villa Ortuzar", "snap_warning": false, "distancia_m_gym": 311, "cant_gym": 6, "distancia_m_subte": 316, "cant_subte": 5, "distancia_m_parque": 878, "cant_parque": 3, "distancia_m_plaza": 654, "cant_plaza": 16, "costo_total": 740000, "dist_verde_final": 654, "apto_scoring": true, "segmento": "sin_datos", "costo_total_norm": 46.506024096385545, "distancia_m_subte_norm": 83.550234252993235, "dist_verde_final_norm": 41.502683363148485, "distancia_m_gym_norm": 82.760532150776058, "Score": 60.244069802159487, "REVISION": null, "FECHA_DETECCION": "2026-02-16" }, "geometry": { "type": "Point", "coordinates": [ -58.4694229, -34.583284 ] } },
{ "type": "Feature", "properties": { "Portal": "argenprop", "Barrio": "Villa Ortuzar", "Tipo": "Departamento", "Titulo": "Departamento de 2 ambientes con balcón", "Precio": 780000, "Expensas": 70000.0, "Direccion": "Av Los incas al 4200", "Metros_Totales": null, "Ambientes": 2.0, "Dormitorios": 1.0, "Baños": 1.0, "URL": "https://www.argenprop.com/departamento-en-alquiler-en-villa-ortuzar-2-ambientes--18981045", "Bajo_Precio": null, "Cocheras": 0, "Etiqueta_Destacado": null, "Porcentaje_Rebaja": null, "Metros_Cubiertos": null, "Antiguedad": 0.0, "Descripcion_Breve": "Departamento de 2 ambientes con balcón, living comedor con cocina integrada, baño completo con bañera espacio para lavarropas dormitorio con amplio placard con tres puertas e interiores listos el dpto tiene losa radiante y caldera excelente ubicacion el edificio cuenta con sum con parrilla", "Visitas_Count": 2.0, "Visto_Estado": "Visto", "Fecha_Publicacion": null, "Inmobiliaria": null, "lat": -34.5794477, "lon": -58.4711312, "Barrio_Geo": "Villa Ortuzar", "snap_warning": false, "distancia_m_gym": 813, "cant_gym": 6, "distancia_m_subte": 381, "cant_subte": 5, "distancia_m_parque": 1379, "cant_parque": 2, "distancia_m_plaza": 735, "cant_plaza": 17, "costo_total": 850000, "dist_verde_final": 735, "apto_scoring": true, "segmento": "2amb", "costo_total_norm": 43.317972350230413, "distancia_m_subte_norm": 79.841269841269849, "dist_verde_final_norm": 29.665071770334933, "distancia_m_gym_norm": 58.393039918116685, "Score": 53.051888238351772, "REVISION": null, "FECHA_DETECCION": "2026-03-01" }, "geometry": { "type": "Point", "coordinates": [ -58.4711312, -34.5794477 ] } },
{ "type": "Feature", "properties": { "Portal": "argenprop", "Barrio": "Villa Ortuzar", "Tipo": "Departamento", "Titulo": "ALQUILER 2 AMBIENTES CERCANÍA SUBTE B COCINA SEPARADA", "Precio": 550000, "Expensas": 107000.0, "Direccion": "ALVAREZ THOMAS, AVDA. 2100, Piso 3", "Metros_Totales": null, "Ambientes": 2.0, "Dormitorios": 1.0, "Baños": null, "URL": "https://www.argenprop.com/departamento-en-alquiler-en-villa-ortuzar-2-ambientes--18799405", "Bajo_Precio": null, "Cocheras": 0, "Etiqueta_Destacado": null, "Porcentaje_Rebaja": null, "Metros_Cubiertos": 32.0, "Antiguedad": 40.0, "Descripcion_Breve": "Alquiler de departamento 2 ambientes en villa ortuzar, capital federal \"magnifico departamento de 2 ambientes en una ubicación privilegiada en villa ortúzar, sobre la avenida álvarez thomas, a solo 5 cuadras de la estación de subte b y rodeado de una amplia red de líneas de colectivos que te conectan con toda la ciudad. Este luminoso y acogedor departamento cuenta con una cocina separada, ideal para los amantes de la gastronomía, un baño completo con bañera para relajarte después de un largo día, y una habitación con placard empotrado, ofreciendo espacio de almacenamiento adicional. Con su ubicación estratégica y comodidades, este departamento es la opción perfecta para aquellos que buscan una vida urbana cómoda y accesible en el corazón de buenos aires\". Condiciones del contrato: plazo 2 años incremento trimestral por ipc requisitos: - 1 mes de deposito. -1 mes de adelanto. -Garantía propietaria de caba o fianza . -Gs. De informes + certificación de firma ante escribano. - Ingresos demostrables en blanco transportes cercanos colectivos: 71, 80, 87, 90, 93, 108, 113, 127, 133, 140, 176 subtes (metro): incas (línea b) aviso legal: las descripciones arquitectónicas y funcionales, valores de expensas, impuestos y servicios, fotos y medidas de este inmueble son aproximados. Los datos fueron proporcionados por el propietario y pueden no estar actualizados a la hora de la visualización de este aviso por lo cual pueden arrojar inexactitudes y discordancias con las que surgen de las facturas, títulos y planos legales del inmueble. El interesado deberá realizar las verificaciones respectivas previamente a la realización de cualquier operación, requiriendo por sí o sus profesionales las copias necesarias de la documentación que corresponda. Venta supeditada al cumplimiento por parte del propietario de los requisitos de la resolución general nº 2371 de la afip (pedido de coti). Apto personas con movilidad reducida", "Visitas_Count": 1.0, "Visto_Estado": "Visto", "Fecha_Publicacion": null, "Inmobiliaria": null, "lat": -34.578703, "lon": -58.4646661, "Barrio_Geo": "Villa Ortuzar", "snap_warning": false, "distancia_m_gym": 344, "cant_gym": 5, "distancia_m_subte": 699, "cant_subte": 5, "distancia_m_parque": 1137, "cant_parque": 3, "distancia_m_plaza": 476, "cant_plaza": 19, "costo_total": 657000, "dist_verde_final": 476, "apto_scoring": true, "segmento": "2amb", "costo_total_norm": 78.894009216589865, "distancia_m_subte_norm": 63.015873015873012, "dist_verde_final_norm": 54.449760765550238, "distancia_m_gym_norm": 82.395087001023541, "Score": 69.591826444610248, "REVISION": "DESCARTADO", "FECHA_DETECCION": "2026-03-09" }, "geometry": { "type": "Point", "coordinates": [ -58.4646661, -34.578703 ] } },
{ "type": "Feature", "properties": { "Portal": "argenprop", "Barrio": "Villa Ortuzar", "Tipo": "Departamento", "Titulo": "ALQUILER - Monoambiente en Villa Ortúzar.", "Precio": 600000, "Expensas": 153000.0, "Direccion": "Triunvirato Avda 3500", "Metros_Totales": null, "Ambientes": null, "Dormitorios": null, "Baños": 1.0, "URL": "https://www.argenprop.com/departamento-en-alquiler-en-villa-ortuzar-1-ambiente--18552127", "Bajo_Precio": null, "Cocheras": 0, "Etiqueta_Destacado": null, "Porcentaje_Rebaja": null, "Metros_Cubiertos": 35.0, "Antiguedad": 10.0, "Descripcion_Breve": "Moderno departamento monoambiente en alquiler en excelente ubicación. Cochera propia opcional. Cocina espaciosa con mesada y anafe eléctrico, integrada al living comedor, muebles de alacena y bajo mesada. Baño completo. Gran balcón de 5m2 !. - Mat.", "Visitas_Count": 0.0, "Visto_Estado": "Visto", "Fecha_Publicacion": null, "Inmobiliaria": null, "lat": -34.5772485, "lon": -58.4816785, "Barrio_Geo": "Villa Urquiza", "snap_warning": false, "distancia_m_gym": 131, "cant_gym": 5, "distancia_m_subte": 0, "cant_subte": 4, "distancia_m_parque": 1500, "cant_parque": 0, "distancia_m_plaza": 678, "cant_plaza": 15, "costo_total": 753000, "dist_verde_final": 678, "apto_scoring": true, "segmento": "sin_datos", "costo_total_norm": 43.373493975903607, "distancia_m_subte_norm": 100.0, "dist_verde_final_norm": 39.355992844364941, "distancia_m_gym_norm": 92.738359201773832, "Score": 64.494432079411823, "REVISION": null, "FECHA_DETECCION": "2026-02-16" }, "geometry": { "type": "Point", "coordinates": [ -58.4816785, -34.5772485 ] } },
{ "type": "Feature", "properties": { "Portal": "argenprop", "Barrio": "Villa Ortuzar", "Tipo": "Departamento", "Titulo": "Departamento en alquiler - 1 Dormitorio 1 Baño - Villa Ortúzar", "Precio": 600000, "Expensas": 50000.0, "Direccion": "Guevara e/ Estomba y Heredia", "Metros_Totales": null, "Ambientes": null, "Dormitorios": 1.0, "Baños": null, "URL": "https://www.argenprop.com/departamento-en-alquiler-en-villa-ortuzar-2-ambientes--18780572", "Bajo_Precio": null, "Cocheras": 0, "Etiqueta_Destacado": null, "Porcentaje_Rebaja": null, "Metros_Cubiertos": 27.0, "Antiguedad": 50.0, "Descripcion_Breve": "_ Departamento de un dormitorio en alquiler ubicado sobre calle guevara entre estomba y heredia (villa ortúzar, ciudad autónoma de buenos aires). Desarrollado en primer piso por escalera, con disposición frente y orientación norte. _ El mismo posee cocina equipada con muebles sobre y bajo mesada, living comedor, un dormitorio con placard empotrado y un baño completo. Luminoso, cuenta con balcón y muy buena ventilación natural. _ La propiedad tiene una superficie total de aproximadamente 29mts2, de los cuales 27mts2 son cubiertos. _ Las expensas al día 05/01/2026 son de aproximadamente $50.000. Yacoub | construimos confianza innovación | calidad | sustentabilidad | diseño 70 mil metros cuadrados | 23 torres la información descripta en el presente aviso es meramente orientativa y no forma parte de ningún tipo de documentación contractual. Los datos enunciados fueron proporcionados por los propietarios y pueden arrojar inexactitudes, las superficies definitivas surgirán del título de propiedad del inmueble referido. Se deja constancia de que los valores y/o expensas pueden estar sujetas a verificación o ajuste. Lo que estás buscando lo tenemos | estés donde estés vendemos en todos lados.", "Visitas_Count": 0.0, "Visto_Estado": "Visto", "Fecha_Publicacion": null, "Inmobiliaria": null, "lat": -34.581762, "lon": -58.4633583, "Barrio_Geo": "Villa Ortuzar", "snap_warning": false, "distancia_m_gym": 121, "cant_gym": 6, "distancia_m_subte": 531, "cant_subte": 5, "distancia_m_parque": 762, "cant_parque": 3, "distancia_m_plaza": 252, "cant_plaza": 13, "costo_total": 650000, "dist_verde_final": 252, "apto_scoring": true, "segmento": "sin_datos", "costo_total_norm": 68.192771084337352, "distancia_m_subte_norm": 72.358146798542435, "dist_verde_final_norm": 77.459749552772806, "distancia_m_gym_norm": 93.292682926829272, "Score": 73.805770676535161, "REVISION": null, "FECHA_DETECCION": "2026-02-16" }, "geometry": { "type": "Point", "coordinates": [ -58.4633583, -34.581762 ] } },
{ "type": "Feature", "properties": { "Portal": "argenprop", "Barrio": "Villa Ortuzar", "Tipo": "Departamento", "Titulo": "Departamento en alquiler en Villa Ortuzar", "Precio": 550000, "Expensas": 100000.0, "Direccion": "ESTOMBA 1400, Piso 6", "Metros_Totales": null, "Ambientes": null, "Dormitorios": null, "Baños": 1.0, "URL": "https://www.argenprop.com/departamento-en-alquiler-en-villa-ortuzar-1-ambiente--18809974", "Bajo_Precio": null, "Cocheras": 0, "Etiqueta_Destacado": null, "Porcentaje_Rebaja": null, "Metros_Cubiertos": null, "Antiguedad": null, "Descripcion_Breve": "Departamento monoambiente en muy buen estado, excelente ubicación, muy luminoso.", "Visitas_Count": 0.0, "Visto_Estado": "Visto", "Fecha_Publicacion": null, "Inmobiliaria": null, "lat": -34.577622, "lon": -58.4653434, "Barrio_Geo": "Villa Ortuzar", "snap_warning": false, "distancia_m_gym": 472, "cant_gym": 5, "distancia_m_subte": 777, "cant_subte": 5, "distancia_m_parque": 1265, "cant_parque": 2, "distancia_m_plaza": 603, "cant_plaza": 18, "costo_total": 650000, "dist_verde_final": 603, "apto_scoring": true, "segmento": "sin_datos", "costo_total_norm": 68.192771084337352, "distancia_m_subte_norm": 59.55231650182197, "dist_verde_final_norm": 46.064400715563501, "distancia_m_gym_norm": 73.835920177383599, "Score": 61.739275545132593, "REVISION": null, "FECHA_DETECCION": "2026-03-01" }, "geometry": { "type": "Point", "coordinates": [ -58.4653434, -34.577622 ] } },
{ "type": "Feature", "properties": { "Portal": "argenprop", "Barrio": "Villa Ortuzar", "Tipo": "Departamento", "Titulo": "Departamento en alquiler Vila Ortuzar 2 ambientes", "Precio": 700000, "Expensas": 135000.0, "Direccion": "Tronador 1100, Piso 4", "Metros_Totales": null, "Ambientes": 2.0, "Dormitorios": 1.0, "Baños": 1.0, "URL": "https://www.argenprop.com/departamento-en-alquiler-en-villa-ortuzar-2-ambientes--18937439", "Bajo_Precio": null, "Cocheras": 0, "Etiqueta_Destacado": null, "Porcentaje_Rebaja": null, "Metros_Cubiertos": null, "Antiguedad": null, "Descripcion_Breve": "Departamento en alquiler en el barrio de villa ortuzar: . Cocina separada . Living comedor . Dormitorio con placard . Baño completo excelente ubicacion: zona residencial con gran caudal de comercio y servicios; supermercados, cafés, restaurantes y tiendas, y la estación tronador (subte línea b), líneas de colectivo como 71, 87, 93, 127, 140 y 176. Martillero responsable gustavo naredo cot mat no 7464 cucicba gustavo naredo propiedades - mariano acha 1996 - -", "Visitas_Count": 0.0, "Visto_Estado": "Visto", "Fecha_Publicacion": null, "Inmobiliaria": null, "lat": -34.5806634, "lon": -58.4660175, "Barrio_Geo": "Villa Ortuzar", "snap_warning": false, "distancia_m_gym": 260, "cant_gym": 6, "distancia_m_subte": 393, "cant_subte": 4, "distancia_m_parque": 954, "cant_parque": 3, "distancia_m_plaza": 392, "cant_plaza": 16, "costo_total": 835000, "dist_verde_final": 392, "apto_scoring": true, "segmento": "2amb", "costo_total_norm": 46.082949308755758, "distancia_m_subte_norm": 79.206349206349202, "dist_verde_final_norm": 62.488038277511961, "distancia_m_gym_norm": 86.693961105424762, "Score": 63.362088251451937, "REVISION": null, "FECHA_DETECCION": "2026-03-01" }, "geometry": { "type": "Point", "coordinates": [ -58.4660175, -34.5806634 ] } },
{ "type": "Feature", "properties": { "Portal": "argenprop", "Barrio": "Villa Ortuzar", "Tipo": "Departamento", "Titulo": "Departamento en alquiler en Villa Ortuzar Estomba 1428 - Av. de los Incas", "Precio": 530000, "Expensas": 98000.0, "Direccion": "Estomba 1400, Piso 1", "Metros_Totales": null, "Ambientes": null, "Dormitorios": null, "Baños": 1.0, "URL": "https://www.argenprop.com/departamento-en-alquiler-en-villa-ortuzar-1-ambiente--19020216", "Bajo_Precio": null, "Cocheras": 0, "Etiqueta_Destacado": null, "Porcentaje_Rebaja": null, "Metros_Cubiertos": 29.0, "Antiguedad": 35.0, "Descripcion_Breve": "Muy buen monoambiente en excelente ubicación, estomba 1428 a metros de av de los incas, todo luz y sol, al contrafrente con balcón y vista abierta. Amplio ambiente con placard empotrado, cocina independiente, lavadero separado, baño completo. Servicios indiviaduales, 1 aire acond tipo split, 1 estufa de tiro balanceado. El depto se encuentra en un entorno residencial, con diversos comercios y oferta gastronómica. Cuenta con varias líneas de colectivos y cercanía a estación de subte. No se admiten mascotas.", "Visitas_Count": 0.0, "Visto_Estado": "Visto", "Fecha_Publicacion": null, "Inmobiliaria": null, "lat": -34.577622, "lon": -58.4653434, "Barrio_Geo": "Villa Ortuzar", "snap_warning": false, "distancia_m_gym": 472, "cant_gym": 5, "distancia_m_subte": 777, "cant_subte": 5, "distancia_m_parque": 1265, "cant_parque": 2, "distancia_m_plaza": 603, "cant_plaza": 18, "costo_total": 628000, "dist_verde_final": 603, "apto_scoring": true, "segmento": "sin_datos", "costo_total_norm": 73.493975903614455, "distancia_m_subte_norm": 59.55231650182197, "dist_verde_final_norm": 46.064400715563501, "distancia_m_gym_norm": 73.835920177383599, "Score": 63.859757472843434, "REVISION": null, "FECHA_DETECCION": "2026-02-16" }, "geometry": { "type": "Point", "coordinates": [ -58.4653434, -34.577622 ] } },
{ "type": "Feature", "properties": { "Portal": "argenprop", "Barrio": "Villa Ortuzar", "Tipo": "Departamento", "Titulo": "ALQUILER MONOAMBIENTE AMPLIO AV DE LOS INCAS 4000", "Precio": 550000, "Expensas": 120000.0, "Direccion": "Avenida de los Incas 4000", "Metros_Totales": null, "Ambientes": null, "Dormitorios": null, "Baños": 1.0, "URL": "https://www.argenprop.com/departamento-en-alquiler-en-villa-ortuzar-1-ambiente--19030562", "Bajo_Precio": null, "Cocheras": 0, "Etiqueta_Destacado": null, "Porcentaje_Rebaja": null, "Metros_Cubiertos": 2549.0, "Antiguedad": 44.0, "Descripcion_Breve": "Corredor responsable: uno bienes raices s.R.L. - Nicolás sundblad cpi 7144 / csi 5821 - contacto: marisa ruberto monoambiente amplio y muy luminoso en alquiler – av. De los incas 4009 | 4° piso ubicado al contrafrente, con vista abierta, este monoambiente se destaca por su excelente luminosidad y sol, brindando un ambiente tranquilo y confortable. Ambiente amplio cocina independiente baño con ducha, cómodo electricidad (no cuenta con gas). 4° piso, mayor privacidad y mejor ingreso de luz excelente ubicación sobre av. De los incas, en una de las zonas más buscadas, con rápido acceso a: subte línea b múltiples líneas de colectivo comercios, supermercados, cafés y servicios cercanía a espacios verdes y avenidas principales ideal para quienes buscan comodidad, buena luz natural y una ubicación estratégica, con excelente conectividad. Mes de alquiler por adelantado. Seguro de caución . Depósito: equivalente a 1 mes de alquiler, en usd. Ajuste del valor del alquiler cada 3 meses según ipc (índice de precios al consumidor). Apto para mascotas. Apto profesional. Consultanos para coordinar una visita. Excelente oportunidad. Rau s.R.L. No ejerce el corretaje inmobiliario. El presente sitio web es una plataforma en donde cada oficina inmobiliaria independiente que contrata los servicios re/max puede publicar las propiedades a su cargo. Cada oficina es de propiedad y gestión independiente, por lo que rau s.R.L. No interviene en los datos de la publicación, en la operación inmobiliaria, ni en la confección y/o firma del boleto de compraventa y/o escritura y/o contrato de alquiler. En cumplimiento de las leyes vigentes que regulan el corretaje inmobiliario, ley nacional 25.028, ley 22.802 de lealtad comercial, ley 24.240 de defensa al consumidor, las normas del código civil y comercial de la nación y constitucionales, los agentes/gestores no ejercen el corretaje inmobiliario. Todas las operaciones inmobiliarias son objeto de intermediación y conclusión por parte del corredor público inmobiliario colegiado a cargo de la publicación, cuyos datos se exhiben en la presente. La presente publicación describe las características esenciales del inmueble, debiéndose consultar al corredor público inmobiliario responsable de la operación por la eventual actualización de las medidas, descripciones arquitectónicas y funcionales, valores de expensas, servicios, impuestos, precios y demás información, cuyos valores son aproximados. Para los casos de alquiler de vivienda, el monto máximo de comisión que se le puede requerir a los propietarios será el equivalente al cuatro con quince centésimos por ciento (4,15%) del valor total del respectivo contrato. Se encuentra prohibido cobrar a los inquilinos que sean personas físicas comisiones inmobiliarias y gastos de gestoría de informes. El inmueble no es accesible para personas con discapacidades físicas.", "Visitas_Count": 0.0, "Visto_Estado": "Visto", "Fecha_Publicacion": null, "Inmobiliaria": null, "lat": -34.577956, "lon": -58.4680726, "Barrio_Geo": "Villa Ortuzar", "snap_warning": false, "distancia_m_gym": 689, "cant_gym": 6, "distancia_m_subte": 690, "cant_subte": 6, "distancia_m_parque": 1352, "cant_parque": 1, "distancia_m_plaza": 820, "cant_plaza": 21, "costo_total": 670000, "dist_verde_final": 820, "apto_scoring": true, "segmento": "sin_datos", "costo_total_norm": 63.373493975903614, "distancia_m_subte_norm": 64.081207704320661, "dist_verde_final_norm": 26.654740608228977, "distancia_m_gym_norm": 61.807095343680707, "Score": 56.085417557671512, "REVISION": null, "FECHA_DETECCION": "2026-03-01" }, "geometry": { "type": "Point", "coordinates": [ -58.4680726, -34.577956 ] } },
{ "type": "Feature", "properties": { "Portal": "argenprop", "Barrio": "Villa Ortuzar", "Tipo": "Departamento", "Titulo": "DEPARTAMENTO 2 AMBIENTES EN ALQUILER VILLA URQUIZA", "Precio": 590000, "Expensas": 247000.0, "Direccion": "Avenida Triunvirato 4400", "Metros_Totales": null, "Ambientes": 2.0, "Dormitorios": 1.0, "Baños": null, "URL": "https://www.argenprop.com/departamento-en-alquiler-en-villa-ortuzar-2-ambientes--19087199", "Bajo_Precio": null, "Cocheras": 0, "Etiqueta_Destacado": null, "Porcentaje_Rebaja": null, "Metros_Cubiertos": 37.0, "Antiguedad": 54.0, "Descripcion_Breve": "Corredor responsable: emma andrea piersimoni cucicba 3877 / cmcpsi 6578 - contacto: andrea kaul departamento 2 ambientes en alquiler villa ortuzar capital federal departamento funcional y luminoso ubicado en zona estratégica de villa urquiza, sobre avenida triunvirato. Propiedad de 37 m² distribuidos eficientemente en dos ambientes, ideal para profesional joven o pareja. Ubicado en quinto piso, el inmueble presenta excelente estado de conservación, con diseño original de 1972 pero completamente renovado. La distribución integra dormitorio, comedor y cocina en un espacio armónico y práctico. La cocina, completamente equipada, permite preparación de alimentos con amplitud. El dormitorio ofrece suficiente espacio para mobiliario estándar y posee buena iluminación natural. Baño completo con instalaciones modernas complementa el departamento. Zona con alta conectividad, cercana a transporte público, comercios y servicios urbanos. Edificio con características tradicionales del barrio, mantenimiento adecuado y excelente orientación. Características principales: 37 m² cubiertos, dos ambientes, un dormitorio, baño completo, cocina, muy buen estado de conservación. Alquiler inmediato, sin requisitos complejos. Consulte condiciones de contratación y visitas programadas. Rau s.R.L. No ejerce el corretaje inmobiliario. El presente sitio web es una plataforma en donde cada oficina inmobiliaria independiente que contrata los servicios re/max puede publicar las propiedades a su cargo. Cada oficina es de propiedad y gestión independiente, por lo que rau s.R.L. No interviene en los datos de la publicación, en la operación inmobiliaria, ni en la confección y/o firma del boleto de compraventa y/o escritura y/o contrato de alquiler. En cumplimiento de las leyes vigentes que regulan el corretaje inmobiliario, ley nacional 25.028, ley 22.802 de lealtad comercial, ley 24.240 de defensa al consumidor, las normas del código civil y comercial de la nación y constitucionales, los agentes/gestores no ejercen el corretaje inmobiliario. Todas las operaciones inmobiliarias son objeto de intermediación y conclusión por parte del corredor público inmobiliario colegiado a cargo de la publicación, cuyos datos se exhiben en la presente. La presente publicación describe las características esenciales del inmueble, debiéndose consultar al corredor público inmobiliario responsable de la operación por la eventual actualización de las medidas, descripciones arquitectónicas y funcionales, valores de expensas, servicios, impuestos, precios y demás información, cuyos valores son aproximados. Para los casos de alquiler de vivienda, el monto máximo de comisión que se le puede requerir a los propietarios será el equivalente al cuatro con quince centésimos por ciento (4,15%) del valor total del respectivo contrato. Se encuentra prohibido cobrar a los inquilinos que sean personas físicas comisiones inmobiliarias y gastos de gestoría de informes. El inmueble no es accesible para personas con discapacidades físicas.", "Visitas_Count": 0.0, "Visto_Estado": "Visto", "Fecha_Publicacion": null, "Inmobiliaria": null, "lat": -34.5764312, "lon": -58.4827808, "Barrio_Geo": "Villa Urquiza", "snap_warning": false, "distancia_m_gym": 271, "cant_gym": 4, "distancia_m_subte": 157, "cant_subte": 4, "distancia_m_parque": 1500, "cant_parque": 0, "distancia_m_plaza": 534, "cant_plaza": 13, "costo_total": 837000, "dist_verde_final": 534, "apto_scoring": true, "segmento": "2amb", "costo_total_norm": 45.714285714285715, "distancia_m_subte_norm": 91.693121693121697, "dist_verde_final_norm": 48.899521531100476, "distancia_m_gym_norm": 86.131013306038895, "Score": 64.186656430474784, "REVISION": null, "FECHA_DETECCION": "2026-03-01" }, "geometry": { "type": "Point", "coordinates": [ -58.4827808, -34.5764312 ] } },
{ "type": "Feature", "properties": { "Portal": "argenprop", "Barrio": "Palermo", "Tipo": "Departamento", "Titulo": "2 Ambientes en El Corazón de Palermo", "Precio": 550000, "Expensas": 180000.0, "Direccion": "Arenales 3400, Piso 1", "Metros_Totales": null, "Ambientes": 2.0, "Dormitorios": 1.0, "Baños": null, "URL": "https://www.argenprop.com/departamento-en-alquiler-en-palermo-2-ambientes--17642250", "Bajo_Precio": null, "Cocheras": 0, "Etiqueta_Destacado": null, "Porcentaje_Rebaja": null, "Metros_Cubiertos": 34.0, "Antiguedad": 50.0, "Descripcion_Breve": "Se trata de un departamento de 2 ambientes a 1 cuadra del shopping alto palermo. A 1 cuadra de la estación bulnes del subte d y a 1 cuadra de avenida santa fe. Con acceso inmejorable a facultades y un sinfiín de opciones gastronómicas y de esparicmiento a los alrededores. Se ubica en un primer piso interno con un ventanal hacia el pulmòn del edificio. Se distribuye un amplio living, pasillo de distribución con un generoso placard. Dormitorio con ventan hacia el pulmón del edificio. Cocina separada con lavadero y ventanales. Baño completo. Los pisos del living y dormitorio son de parquet.", "Visitas_Count": 141.0, "Visto_Estado": "Visto", "Fecha_Publicacion": null, "Inmobiliaria": null, "lat": -34.587215, "lon": -58.4111497, "Barrio_Geo": "Palermo", "snap_warning": false, "distancia_m_gym": 0, "cant_gym": 13, "distancia_m_subte": 166, "cant_subte": 8, "distancia_m_parque": 839, "cant_parque": 1, "distancia_m_plaza": 596, "cant_plaza": 26, "costo_total": 730000, "dist_verde_final": 596, "apto_scoring": true, "segmento": "2amb", "costo_total_norm": 65.437788018433181, "distancia_m_subte_norm": 91.216931216931215, "dist_verde_final_norm": 42.966507177033499, "distancia_m_gym_norm": 100.0, "Score": 72.133496007859335, "REVISION": null, "FECHA_DETECCION": "2026-03-01" }, "geometry": { "type": "Point", "coordinates": [ -58.4111497, -34.587215 ] } },
{ "type": "Feature", "properties": { "Portal": "argenprop", "Barrio": "Villa Ortuzar", "Tipo": "Departamento", "Titulo": "ALQUILER MONOAMBIENTE EN VILLA ORTUZAR", "Precio": 550000, "Expensas": 70000.0, "Direccion": "Av Triunvirato al 2900", "Metros_Totales": null, "Ambientes": null, "Dormitorios": 1.0, "Baños": null, "URL": "https://www.argenprop.com/departamento-en-alquiler-en-villa-ortuzar-1-ambiente--19150307", "Bajo_Precio": null, "Cocheras": 0, "Etiqueta_Destacado": null, "Porcentaje_Rebaja": null, "Metros_Cubiertos": 25.0, "Antiguedad": 8.0, "Descripcion_Breve": "Alquiler monoambiente con amenities en villa ortuzar - excelente ubicación ubicado a solo una cuadra de la estación tronador de la línea b del subte y a pasos de diversas líneas de colectivo, este moderno monoambiente ofrece comodidad y excelente conectividad hacia el centro de la ciudad y otros barrios. Características destacadas: - gran ventanal que permite la entrada de abundante luz natural, creando un ambiente cálido y agradable. - Cocina integrada y baño completo, con modernos detalles de terminación. - Aire acondicionado. - El edificio cuenta con pileta, solarium y un sum completo con impresionantes vistas aéreas del barrio, perfectos para el descanso y la recreación. - Ubicación estratégica: a solo una cuadra del supermercado jumbo y cerca de espacios verdes con juegos infantiles. Ideal tanto para vivienda como para uso profesional, este monoambiente es la opción perfecta para quienes buscan vivir o trabajar en una zona tranquila pero bien conectada y con todas las comodidades al alcance. Requisitos: ingresos comprobables actualización trimestral por ipc garantía propietaria de caba o seguro de caución. No dejes pasar esta oportunidad!", "Visitas_Count": 0.0, "Visto_Estado": "Visto", "Fecha_Publicacion": null, "Inmobiliaria": null, "lat": -34.5772485, "lon": -58.4816785, "Barrio_Geo": "Villa Urquiza", "snap_warning": false, "distancia_m_gym": 131, "cant_gym": 5, "distancia_m_subte": 0, "cant_subte": 4, "distancia_m_parque": 1500, "cant_parque": 0, "distancia_m_plaza": 678, "cant_plaza": 15, "costo_total": 620000, "dist_verde_final": 678, "apto_scoring": true, "segmento": "sin_datos", "costo_total_norm": 75.421686746987945, "distancia_m_subte_norm": 100.0, "dist_verde_final_norm": 39.355992844364941, "distancia_m_gym_norm": 92.738359201773832, "Score": 77.313709187845546, "REVISION": null, "FECHA_DETECCION": "2026-03-09" }, "geometry": { "type": "Point", "coordinates": [ -58.4816785, -34.5772485 ] } },
{ "type": "Feature", "properties": { "Portal": "argenprop", "Barrio": "Villa Urquiza", "Tipo": "Departamento", "Titulo": "Alquiler Monoambiente en Villa Urquiza apto profesional.", "Precio": 550000, "Expensas": 125000.0, "Direccion": "Félix Foullier al 5800", "Metros_Totales": null, "Ambientes": null, "Dormitorios": null, "Baños": 1.0, "URL": "https://www.argenprop.com/departamento-en-alquiler-en-villa-urquiza-1-ambiente--19127015", "Bajo_Precio": null, "Cocheras": 0, "Etiqueta_Destacado": null, "Porcentaje_Rebaja": null, "Metros_Cubiertos": 32.0, "Antiguedad": 20.0, "Descripcion_Breve": "Muy lindo monoambiente apto profesional al frente en planta baja. Se encuentra en un edificio de 5 pisos , con dos departamentos por piso y una sala sum (sala de usos múltiples) con parrilla y terraza en el útimo piso. El departamento es un amplio monoambiente con estufa de tiro balanceado, aire acondicionado placard y un mueble de guardar. Tiene pisos de porcellanato y un mueble divisor del ambiente. La cocina es independiente, con muebles muy completos y cuenta con lavadero con lavarropas. El agua caliente es por calefón. Completa el departamento un cómodo baño completo con un pequeño mueble. Las expensas incluye el servicio del agua. Muy buena ubicación: a 1 cuadra de calle olazábal y a 1/2 cuadra de avda. De los constituyentes. Muy buena accesibilidad de medios de transporte. .", "Visitas_Count": 364.0, "Visto_Estado": "Visto", "Fecha_Publicacion": null, "Inmobiliaria": null, "lat": -34.5855523, "lon": -58.4412499, "Barrio_Geo": "Palermo", "snap_warning": false, "distancia_m_gym": 423, "cant_gym": 9, "distancia_m_subte": 954, "cant_subte": 4, "distancia_m_parque": 679, "cant_parque": 4, "distancia_m_plaza": 679, "cant_plaza": 12, "costo_total": 675000, "dist_verde_final": 679, "apto_scoring": true, "segmento": "sin_datos", "costo_total_norm": 62.168674698795179, "distancia_m_subte_norm": 50.338365434669441, "dist_verde_final_norm": 39.266547406082289, "distancia_m_gym_norm": 76.55210643015522, "Score": 55.477499634150881, "REVISION": null, "FECHA_DETECCION": "2026-03-09" }, "geometry": { "type": "Point", "coordinates": [ -58.4412499, -34.5855523 ] } },
{ "type": "Feature", "properties": { "Portal": "argenprop", "Barrio": "Villa Urquiza", "Tipo": "Departamento", "Titulo": "Departamento en alquiler en Villa Urquiza", "Precio": 700000, "Expensas": 95000.0, "Direccion": "Juramento 4200, Piso 1", "Metros_Totales": null, "Ambientes": null, "Dormitorios": null, "Baños": 1.0, "URL": "https://www.argenprop.com/departamento-en-alquiler-en-villa-urquiza-1-ambiente--19147879", "Bajo_Precio": null, "Cocheras": 0, "Etiqueta_Destacado": null, "Porcentaje_Rebaja": null, "Metros_Cubiertos": null, "Antiguedad": 0.0, "Descripcion_Breve": "Excelente departamento de un ambiente amplio a estrenar con vista al frente con balcon corrido cuenta con cocina con muebles altos y bajos con espacio de lavarropas baño completo, placard muy buena orientacion muy buen edificio en excelente estado amenities charrua propiedades de l a v de 10 a 17 hs", "Visitas_Count": 251.0, "Visto_Estado": "Visto", "Fecha_Publicacion": null, "Inmobiliaria": null, "lat": -34.5723085, "lon": -58.4739122, "Barrio_Geo": "Villa Urquiza", "snap_warning": false, "distancia_m_gym": 773, "cant_gym": 4, "distancia_m_subte": 905, "cant_subte": 5, "distancia_m_parque": 1500, "cant_parque": 0, "distancia_m_plaza": 338, "cant_plaza": 17, "costo_total": 795000, "dist_verde_final": 338, "apto_scoring": true, "segmento": "sin_datos", "costo_total_norm": 33.253012048192772, "distancia_m_subte_norm": 52.889120249869862, "dist_verde_final_norm": 69.767441860465112, "distancia_m_gym_norm": 57.150776053215083, "Score": 48.836506871652603, "REVISION": null, "FECHA_DETECCION": "2026-03-09" }, "geometry": { "type": "Point", "coordinates": [ -58.4739122, -34.5723085 ] } },
{ "type": "Feature", "properties": { "Portal": "argenprop", "Barrio": "Recoleta", "Tipo": "PH", "Titulo": "Depto PH 2 amb en dúplex reciclado 100%", "Precio": 750000, "Expensas": 80000.0, "Direccion": "Juncal 1887 , Piso PB", "Metros_Totales": null, "Ambientes": 2.0, "Dormitorios": 1.0, "Baños": null, "URL": "https://www.argenprop.com/ph-en-alquiler-en-recoleta-2-ambientes--10772629", "Bajo_Precio": null, "Cocheras": 0, "Etiqueta_Destacado": null, "Porcentaje_Rebaja": null, "Metros_Cubiertos": 40.0, "Antiguedad": 25.0, "Descripcion_Breve": "[Bercovic-375] excelente ph 2 ambientes en duplex, 1 baño con ducha. Cocina integrada con conexión lavarrobas bajo mesada. Todo electrico. Cocina con anafe sin horno. Agua caliente por termotanque individual electrico. Pisos de parquet pulidos y plastificados y porcelanato. Aire split frio/calor. Requisitos y condiciones: incremento anual bcra (ripte e ipc) prohibido perro 1 mes adelanto (proporcional a la fecha de ingreso o firma contrato) + 1 mes depósito en garantía (equivalente en dolares) 1 garantía propietaria de capital federal o provincia de buenos aires o seguro de alquiler , premium o garantiaya. No apto para persona con movilidad reducida ley 5115 artículo 4°.- Incorpórase como inciso 8 del artículo 10 de la ley 2340 (texto consolidado según ley n° 5666) el siguiente texto: hacer constar en todo ofrecimiento publicitario de locación de inmuebles con destino habitacional que se emita vía páginas web, propias o de terceros, la siguiente leyenda: para los casos de alquiler de vivienda, el monto máximo de comisión que se le puede requerir a los propietarios será el equivalente al cuatro con quince centésimos por ciento (4,15%) del valor total del respectivo contrato. Se encuentra prohibido cobrar a los inquilinos que sean personas físicas comisiones inmobiliarias y gastos de gestoría de informes.- Las medidas son aproximadas, las exactas surgirán del plano mh correspondiente. Los valores de expensas son aproximados, en ninguno de los casos son montos fijos. Servicios: cloacas otros servicios: reciclado depósito (meses): 1 impuestos a cargo de: inquilino agua a cargo de: inquilino hola, para coordinar visitas al teléfono o whatsapp de lunes a viernes de 11/19hs y sábados de 10/13hs. Saludos, sandra b", "Visitas_Count": 0.0, "Visto_Estado": "Visto", "Fecha_Publicacion": null, "Inmobiliaria": null, "lat": -34.5935356, "lon": -58.394228, "Barrio_Geo": "Recoleta", "snap_warning": false, "distancia_m_gym": 123, "cant_gym": 17, "distancia_m_subte": 764, "cant_subte": 15, "distancia_m_parque": 1278, "cant_parque": 2, "distancia_m_plaza": 397, "cant_plaza": 30, "costo_total": 830000, "dist_verde_final": 397, "apto_scoring": true, "segmento": "2amb", "costo_total_norm": 47.004608294930875, "distancia_m_subte_norm": 59.576719576719576, "dist_verde_final_norm": 62.009569377990431, "distancia_m_gym_norm": 93.70522006141249, "Score": 58.447295072727563, "REVISION": "VISTO", "FECHA_DETECCION": "2026-03-09" }, "geometry": { "type": "Point", "coordinates": [ -58.394228, -34.5935356 ] } },
{ "type": "Feature", "properties": { "Portal": "argenprop", "Barrio": "Villa Urquiza", "Tipo": "Departamento", "Titulo": "C/COCHERA CUBTA.! HERMOSO 2 AMB.LAT. VISTA ABTA. TODO SOL HECHO TOT. A NVO. EN LO MEJOR DE URQUIZA", "Precio": 680000, "Expensas": 150000.0, "Direccion": "PEDRO IGNACIO RIVERA 4700, Piso 4", "Metros_Totales": null, "Ambientes": 2.0, "Dormitorios": 1.0, "Baños": null, "URL": "https://www.argenprop.com/departamento-en-alquiler-en-villa-urquiza-2-ambientes--16311672", "Bajo_Precio": null, "Cocheras": 0, "Etiqueta_Destacado": null, "Porcentaje_Rebaja": null, "Metros_Cubiertos": 40.0, "Antiguedad": 30.0, "Descripcion_Breve": "Presentamos este departamento de 2 ambientes con cochera fija cubierta refaccionado a nuevo que se entrega con todas sus terminaciones en lo mejor de villa urquiza se trata de un departamento en 4to piso lateral que mira al oeste con gran ventanal en el living con salida a un balcón de 0,70 x 2 desde donde se ven los mas bellos atardeceres con la misma orientación y luminosidad en el dormitorio, los pisos son de porcelanato la cocina está integrada y tiene lavadero separado con gran ventanal corredizo ideal para tender allí el dormitorio es cómodo con pisos de parquet plastificados y placard con interiores también tiene un placard de blanco en el hall de distribución al baño el cual también fue hecho a nuevo al igual que la cocina . Todas las cañerías de termofusión la electricidad también es toda nueva con disyuntor y llave térmica. El departamento tiene toda la instalación y también tiene rehabilitado el servicio de gas aire acondicionado split en el living . La cochera es muy grande y cómoda (guardan una camioneta grande) y las expensas por el departamento y la cochera son en total $ 130.000.- É incluyen el servicio de aysa gran oportunidad se alquila unicamente con garante propietario de caba - ingresos demostrables y sin mascotas", "Visitas_Count": 2.0, "Visto_Estado": "Visto", "Fecha_Publicacion": null, "Inmobiliaria": null, "lat": -34.5698437, "lon": -58.4832624, "Barrio_Geo": "Villa Urquiza", "snap_warning": false, "distancia_m_gym": 1008, "cant_gym": 1, "distancia_m_subte": 781, "cant_subte": 3, "distancia_m_parque": 1500, "cant_parque": 0, "distancia_m_plaza": 364, "cant_plaza": 18, "costo_total": 830000, "dist_verde_final": 364, "apto_scoring": true, "segmento": "2amb", "costo_total_norm": 47.004608294930875, "distancia_m_subte_norm": 58.677248677248677, "dist_verde_final_norm": 65.167464114832541, "distancia_m_gym_norm": 48.413510747185263, "Score": 54.279861818831982, "REVISION": "DESCARTADO", "FECHA_DETECCION": "2026-03-09" }, "geometry": { "type": "Point", "coordinates": [ -58.4832624, -34.5698437 ] } },
{ "type": "Feature", "properties": { "Portal": "argenprop", "Barrio": "Villa Urquiza", "Tipo": "Departamento", "Titulo": "Departamento de 3 ambientes en alquiler", "Precio": 750000, "Expensas": 130000.0, "Direccion": "Av. De Los Incas al 4000", "Metros_Totales": null, "Ambientes": 3.0, "Dormitorios": 2.0, "Baños": null, "URL": "https://www.argenprop.com/departamento-en-alquiler-en-villa-urquiza-3-ambientes--18965479", "Bajo_Precio": null, "Cocheras": 0, "Etiqueta_Destacado": null, "Porcentaje_Rebaja": null, "Metros_Cubiertos": 50.0, "Antiguedad": 35.0, "Descripcion_Breve": "Departamento de 3 ambientes, lateral. Cocina independiente y lavadero independiente, ambos con pisos cerámicos, cocina a gas y calefón. El living-comedor, con pisos de parquet, con amplio ventanal que da al pulmón del edificio. A través de un hall de distribución, accedemos al baño completo, con pisos de granito y ventilación propia. Los dos dormitorios, también con pisos de parquet y placard, con ventilación al pulmón del edificio. El living cuenta con un equipo de aire frío/calor para mayor confort. Apto mascotas condiciones: -1 mes de alquiler -1 mes de depósito (dolares) requisitos: -garantía de caba (familiar) o -demostración de ingresos -incrementos trimestrales por ipc cifre profesionales inmobiliarios sucursal villa pueyrredon - sucursal villa urquiza - sucursal villa devoto - nueva sucursal belgrano -", "Visitas_Count": 33.0, "Visto_Estado": "Visto", "Fecha_Publicacion": null, "Inmobiliaria": null, "lat": -34.5794477, "lon": -58.4711312, "Barrio_Geo": "Villa Ortuzar", "snap_warning": false, "distancia_m_gym": 813, "cant_gym": 6, "distancia_m_subte": 381, "cant_subte": 5, "distancia_m_parque": 1379, "cant_parque": 2, "distancia_m_plaza": 735, "cant_plaza": 17, "costo_total": 880000, "dist_verde_final": 735, "apto_scoring": true, "segmento": "3amb", "costo_total_norm": 41.912758592988695, "distancia_m_subte_norm": 85.558157689305233, "dist_verde_final_norm": 19.230769230769226, "distancia_m_gym_norm": 37.267080745341616, "Score": 50.005412664675056, "REVISION": null, "FECHA_DETECCION": "2026-03-01" }, "geometry": { "type": "Point", "coordinates": [ -58.4711312, -34.5794477 ] } },
{ "type": "Feature", "properties": { "Portal": "argenprop", "Barrio": "Villa Urquiza", "Tipo": "Departamento", "Titulo": "Departamento monoambiente a estrenar. Villa Urquiza.", "Precio": 700000, "Expensas": 50000.0, "Direccion": "Galvan al 3100", "Metros_Totales": null, "Ambientes": null, "Dormitorios": null, "Baños": 1.0, "URL": "https://www.argenprop.com/departamento-en-alquiler-en-villa-urquiza-1-ambiente--18775049", "Bajo_Precio": null, "Cocheras": 0, "Etiqueta_Destacado": null, "Porcentaje_Rebaja": null, "Metros_Cubiertos": 30.0, "Antiguedad": 0.0, "Descripcion_Breve": "Excelente departamento a estrenar de categoría, living comedor divisible, cocina equipada con gas, balcón, baño completo, lavadero, calefacción y agua caliente por caldera individual, aire acondicionado, baulera. Muy bajas expensas. Muy luminoso. Muy buena ubicación. Sucursal vicente lópez sucursal martínez sucursal la lucila .", "Visitas_Count": 10.0, "Visto_Estado": "Visto", "Fecha_Publicacion": null, "Inmobiliaria": null, "lat": -34.5634015, "lon": -58.4904825, "Barrio_Geo": "Villa Urquiza", "snap_warning": false, "distancia_m_gym": 1804, "cant_gym": 4, "distancia_m_subte": 1558, "cant_subte": 2, "distancia_m_parque": 1073, "cant_parque": 3, "distancia_m_plaza": 501, "cant_plaza": 15, "costo_total": 750000, "dist_verde_final": 501, "apto_scoring": true, "segmento": "sin_datos", "costo_total_norm": 44.096385542168669, "distancia_m_subte_norm": 18.896408120770431, "dist_verde_final_norm": 55.187835420393561, "distancia_m_gym_norm": 0.0, "Score": 34.345043737177306, "REVISION": null, "FECHA_DETECCION": "2026-03-09" }, "geometry": { "type": "Point", "coordinates": [ -58.4904825, -34.5634015 ] } },
{ "type": "Feature", "properties": { "Portal": "cabaprop", "Barrio": "Villa Urquiza", "Tipo": "Departamento", "Titulo": "Alquiler Departamento 2 Ambientes  Villa Urquiza , muy luminoso", "Precio": 600000, "Expensas": 120000.0, "Direccion": "Bauness al 1900", "Metros_Totales": 45.0, "Ambientes": 2.0, "Dormitorios": 1.0, "Baños": 1.0, "URL": "https://cabaprop.com.ar/propiedad/6909903b4ccdf11f37b7b8c6/Alquiler-Departamento-2-Ambientes-Villa-Urquiza-muy-luminoso", "Bajo_Precio": null, "Cocheras": 0, "Etiqueta_Destacado": null, "Porcentaje_Rebaja": null, "Metros_Cubiertos": 40.0, "Antiguedad": null, "Descripcion_Breve": null, "Visitas_Count": null, "Visto_Estado": null, "Fecha_Publicacion": "4/11/2025", "Inmobiliaria": "FIGUEROA HERMIDA PROPIEDADES SRL", "lat": -34.5841597, "lon": -58.4800169, "Barrio_Geo": "Parque Chas", "snap_warning": false, "distancia_m_gym": 205, "cant_gym": 6, "distancia_m_subte": 694, "cant_subte": 4, "distancia_m_parque": 1358, "cant_parque": 1, "distancia_m_plaza": 132, "cant_plaza": 11, "costo_total": 720000, "dist_verde_final": 132, "apto_scoring": true, "segmento": "2amb", "costo_total_norm": 67.281105990783402, "distancia_m_subte_norm": 63.280423280423278, "dist_verde_final_norm": 87.368421052631575, "distancia_m_gym_norm": 89.50870010235414, "Score": 72.321123601202075, "REVISION": "DESCARTADO", "FECHA_DETECCION": "2026-03-09" }, "geometry": { "type": "Point", "coordinates": [ -58.4800169, -34.5841597 ] } }
]
}
