Portal;Barrio;Tipo;Titulo;Precio;Expensas;Direccion;Metros_Cubiertos;Ambientes;Dormitorios;Baños;URL;Antiguedad;Descripcion_Breve;Visitas_Count;Visto_Estado
argenprop;belgrano;Departamento;Amoblado | Balcón Aterrazado | ALQUILER: $ 730.000 ó U$S 500. Expensas: $ 200.000.;730000;200000;Blanco Encalada 2900, Piso 5;42;;1;;https://www.argenprop.com/departamento-en-alquiler-en-belgrano-1-ambiente--19001974;18;Amoblado. Recién pintado. Aire acondicionado frío - calor. Balcón aterrazado piso 5° contrafrente muy luminoso y silencioso vista abierta. Cocina americana lavadero incorporado agua caliente central. Alquiler: $ 730.000 ó u$s 500 expensas: $ 200.000 medidas: -balcón aterrazado: 3,00 x 2,00 m -ambiente: 8,50 x 3,00 m síguenos en instagram: @arguellesasociadosinmobiliaria;6001;Visto
argenprop;belgrano;Departamento;ALQUILER - PALERMO/BELGRANO MONOAMB. APTO PROF - BALCON;750000;105000;Avenida Cabildo 600, Piso 7;32;;;1;https://www.argenprop.com/departamento-en-alquiler-en-belgrano-1-ambiente--19017526;30;"Alquiler- sobre la avda. Cabildo, entre olleros y gorostiaga se encuentra este excelente monoambiente, muy luminoso, silencioso, con balcón, apto profesional. Ubicado en el 7º piso al contrafrente. Cuenta con balcón con cerramiento, lo que hace del mismo un ambiente más. Los pisos son de parquet y tiene excelente ventilación. Amplio placard empotrado, permite ganar mucho espacio en el ambiente. Baño completo con ventilación al exterior. Equipado con aire acondicionado y ventiladores de techo. Cocina y calefón a gas. Aysa está incluido en las expensas. Un espacio cómodo, silencioso, tranquilo y funcional en una excelente ubicación estratégica. Ideal tanto para profesionales como para vivienda. Ubicación privilegiada en la intersección entre palermo/belgrano y colegiales, con acceso inmediato a transporte público, comercios y servicios característicos de belgrano/ palermo. Frente a metrobus, estación gorostiaga. A metros estación olleros del subte linea d. Requisitos: - duración de contrato: 1 año - deposito en garantía: 500 dólares - seguro de caución. - Actualización trimestral por icl - no se aceptan mascotas. La unidad está disponible únicamente para interesados que califiquen según los requisitos mencionados. Para más información y para coordinar una visita, por favor contactarse vía whatsapp . Inciso 8 del artículo 10 de la ley 2340 (texto consolidado según ley n° 5666). Para los casos de alquiler de vivienda, el monto máximo de comisión que se le puede requerir a los propietarios será el equivalente al cuatro con quince centésimos por ciento (4,15%) del valor total del respectivo contrato. Se encuentra prohibido cobrar a los inquilinos que sean personas físicas comisiones inmobiliarias y gastos de gestoría de informes"", según art. 4 de la ley 5.859 de caba. No cumple con ley 5115 (accesibilidad ). Yamile ahibe propiedades matrícula cucicba 9244";3200;Visto
argenprop;belgrano;Departamento;Excelente departamento totalmente reciclado con ubicación inmejorable en pleno Belgrano;725000;135000;J De Amenabar 2400, Piso 5;45;;1;1;https://www.argenprop.com/departamento-en-alquiler-en-belgrano-c-2-ambientes--11701692;;Dueño directo alquila departamento en el corazón de belgrano. Muy luminoso en todos sus ambientes. Totalmente reciclado a nuevo, con baño y cocina modernos, pintado a estrenar y pisos de madera. Muy cómodo por su ubicación a media cuadra de av. Monroe y a 2 de av. Cabildo. A pasos del metrobús y subte linea d. Mas detalles: cocina con alacenas y bajo mesadas remodelada. Cómodo dormitorio con amplios placards de pared a pared y acceso al balcón. Baño revestido en porcelanato, muy buenos sanitarios y moderna grifería. Muy silencioso, ideal para vivienda!;2279;Visto
argenprop;belgrano;Departamento;"HERMOSO MONOAMBIENTE EN EL ""DOHO"" DE BELGRANO ""R"" - BALCON ATERRAZADO AL CONTRAFRENTE - TODO LUZ Y SOL - VISTA PANORAMICA - IMPECABLE ESTADO - 44 m2 - $ 600.000";600000;160000;DONADO 1700, Piso 3;36;;;1;https://www.argenprop.com/departamento-en-alquiler-en-belgrano-r-1-ambiente--18874815;8;"Edificio nuevo ubicado en una zona con espacios verdes y edificación baja. A metros avenida de los incas, con buen transporte (subte, lineas de colectivos) y oferta gastronomica y recreativa. Monoambiente amplio a balcon aterrazado vista panoramica al corazón de belgrano ""r"" hall de entrada - placards cortinas ""black out"" cocina eléctrica - muebles de primera calidad desayunador - espacio y conexión para lavarropas baño completo agua caliente central aire acondicionado ""split"" frio/calor sup. Cubierta 36 m2 - balcón 8 m2 - sup. Total 44 m2 expensas $ 160.000 el edificio posee terraza con solarium y parrillas condiciones: . Alquiler mensual $ 600.000 ajustable trimestralmente por ipc . Deposito 1 mes y medio en dólares . Contrato a convenir . Expensas, abl/ inmobiliario, aysa a cargo del inquilino requisitos indispensables: . Inquilino con ingresos demostrables por el triple del alquiler mas expensas . Garantia propietaria o garantia personal de familiar con ingresos demostrables superiores al inquilino para mas información y/o coordinar visita contactar: estudio juridico (abogado del propietario)- whatsapp (sr. Bernardo) no es inmobiliaria";1658;Visto
argenprop;belgrano;Departamento;2 AMB. - IMPECABLE ESTADO - AL FRENTE - EXC. UBICACION;730000;195000;Echeverria 2600, Piso 1;45;2;;;https://www.argenprop.com/departamento-en-alquiler-en-belgrano-1-ambiente--18805937;;Hermoso dpto. 2 amb. Con patio y balcon 1° piso al frente muy luminoso recien pintado y plastificado ubicacion inmejorable: 2 cuadras de av. Cabildo y subte d condiciones: *no poseer mascota de ningun tipo. *Garantia *inquilino con justificacion de ingresos comprobables;1200;Visto
argenprop;belgrano;Departamento;Monoambiente con Balcón, Luminoso;550000;110000;Franklin D Roosevelt 1800, Piso 2;31;;;1;https://www.argenprop.com/departamento-en-alquiler-en-belgrano-1-ambiente--12547848;13;Ubicado en roosevelt 1884 2° piso al frente entre pje, tunez y vías del ferrocarril. Excelente zona, cerca de avenidas libertador, monroe, av cabildo, subte línea d excelente monoambiente de moderno diseño. Amplio ambiente atípico con grandes ventanales corredizos , muy luminoso. Cocina integrada con muebles de cocina, anafe y horno eléctrico. Termotanque eléctrico. Cómodo placard con interior, puerta corrediza espejada, cajoneras techos de hormigón visto, estilo minimalista amplio baño con ducha. Balcón con deck de madera. Aire acondicionado frío-calor. Apto vivienda o uso profesional requisitos : ingresos comprobables se acepta garantía propietaria de caba o seguro tipo , consulte. Alquiler mensual inicial ....... $ 550.000 con actualizaciones cada 3 meses según índice ipc depósito ....................$ 550.000 contrato por 2 años. Si desea coordinar visita por favor envíe sus datos o comuníquese x whatsapp .Al y a la brevedad nos estaremos comunicando con ud.;800;Visto
argenprop;belgrano;Departamento;Excelente Monoambiente A ESTRENAR;650000;191272;Vidal 1900, Piso 5;33;;;1;https://www.argenprop.com/departamento-en-alquiler-en-belgrano-1-ambiente--18968700;0;[Mel-13636] excelente monoambiente funcional y luminoso en edificio a estrenar. Cocina integrada, aire acondicionado, luminarias, cortinas blackout y baño completo. Laundry y sum en subsuelo. Confort y diseño en un solo espacio. Requisitos: ingresos comprobables que tripliquen el valor del alquiler. Garantía propietaria de caba o seguro de caución. Contrato por 2 años. Ajuste trimestral por ipc. Para el ingreso: mes de adelanto y mes de depósito. Mascotas a evaluar. Ambientes: monoambiente (6.1x3) servicios: cloacas otros servicios: sum mel, 50 años concretando sueños nota importante/relevante: las descripciones, fotos, medidas del inmueble, precios, valores de expensas, impuestos y servicios son aproximados y meramente orientativos, y no obligan contractualmente a mel propiedades srl ni resultan vinculantes. Matriculados: julia mel matricula nº 52 maría eva parada matricula nº 251 raúl mel matricula nº 883;502;Visto
argenprop;belgrano;Departamento;Excelente Monoambiente en L con Amenities;700000;143200;Antonio José De Sucre 2545 , Piso 3;33;;;1;https://www.argenprop.com/departamento-en-alquiler-en-belgrano-1-ambiente--18670606;12;Muy buen monoambiente en l, ubicado en el contrafrente con vista abierta a un amplio pulmón de manzana, lo que garantiza tranquilidad y muy buena luminosidad. El departamento cuenta con aire acondicionado frío-calor, cocina integrada y baño completo. Se encuentra en estado impecable y es apto profesional. El edificio ofrece excelentes amenities: solarium parrillas laundry ubicado en una zona residencial privilegiada, a solo una cuadra y media de av. Cabildo, con cercanía a múltiples medios de transporte, comercios y servicios. Detalles de la propiedad: superficie total: 35 m² superficie cubierta: 33 m² ambiente: 1 dormitorio: 1 baño: 1 antigüedad: 12 años expensas: $143.200 ideal para vivienda o uso profesional.;500;Visto
argenprop;belgrano;Departamento;Excelente 2 ambientes;680000;120000;Mendoza 2200, Piso 3;40;2;1;;https://www.argenprop.com/departamento-en-alquiler-en-belgrano-2-ambientes--19018348;60;[Mel-13681] alquiler dos ambientes en belgrano súper luminoso sobre calle mendoza, contrafrente abierto (¡Muchísima luz!). Cómodo y funcional. Cocina independiente con conexión para lavarropas, baño completo, habitacion con gran espacio de guardado y balcón con vista abierta. Excelente ubicación: a pasos de av. Cabildo, metrobús, subte y zona comercial, con cine y todos los servicios cerca. Ideal para vivir con todo al alcance. Requisitos: ingresos comprobables que tripliquen el valor del alquiler. Garantía propietaria de caba o seguro de caución. Contrato por 2 años. Ajuste trimestral por ipc. Para el ingreso: mes de adelanto y mes de depósito. Mascotas a evaluar. Servicios: cloacas, gas mel, 50 años concretando sueños nota importante/relevante: las descripciones, fotos, medidas del inmueble, precios, valores de expensas, impuestos y servicios son aproximados y meramente orientativos, y no obligan contractualmente a mel propiedades srl ni resultan vinculantes. Matriculados: julia mel matricula nº 52 maría eva parada matricula nº 251 raúl mel matricula nº 883;241;Visto
argenprop;belgrano;Departamento;AMPLIO Y LUMINOSO DEPARTAMENTO DE DOS AMBIENTES, FRENTE, CON BALCON VISTA A LA CIUDAD, IMPECABLE;650000;145000;Ciudad De La Paz 700, Piso 5;3550;2;1;1;https://www.argenprop.com/departamento-en-alquiler-en-belgrano-2-ambientes--10430860;;"Impecable departamento al frente de dos ambientes, luminoso, balcon corrido con una amplia vista a la ciudad. Nota: “las medidas son aproximadas y orientativas. Las medidas exactas surgirían del título de propiedad"" sigma propiedades ® consultora - inmobiliaria - estudio jurídico telef: /2116 - wpp: lunes a viernes 9:30 a 12:30 y 15:00 a 18:00 titular: adrián giménez mat. Cucicba nro: 2682";200;Visto
argenprop;belgrano;Departamento;Departamento en alquiler en Belgrano con Laundry + Sum.;550000;158238;Superi 2500, Piso 6;;;;1;https://www.argenprop.com/departamento-en-alquiler-en-belgrano-1-ambiente--19010389;20;Monoambiente al frente con balcón, muy luminoso. Presenta aire acondicionado, estufa y placard, agua caliente central. Cocina y baño completo. Con conexión para lavarropas. Laundry + sum. Expensas: $158238 (incluye aysa), agip $ 17208. Contrato a 2 años ajuste trimestral por ipc el futuro locatario deberá presentar recibo de sueldo acorde al valor locativo a pagar y un garante familiar directo propietario y con recibo de sueldo no se aceptan mascotas consultas de lunes a viernes de 9 a 17 hs al o por msj al belta propiedades colegiados eduardo ambrosio matriculas 72 del colegio profesional inmobiliario ( cuciba);100;Visto
argenprop;belgrano;Departamento;MONOAMBIENTE 41 m2 DIVISIBLE NUEVO DISEÑO BALCON FRENTE;600000;120000;Av Dr R Balbin 2300, Piso 6;35;;;1;https://www.argenprop.com/departamento-en-alquiler-en-belgrano-r-1-ambiente--6116885;12;Excelente monoambiente divisible todo al frente muy luminoso con balcón aterrazado de 3,60 x 1,80 sol buena vista. Aa frio calor ventanales con black out. Hall de entrada con placard baño completo cocina integrada equipada espacio para heladera grande mesada con hornallas eléctricas alacenas. Ambiente de 8 x 4,30. Casi esquina olazábal. 1 cuadra av. Crámer . 4 cuadras de plaza castelli ( estación tren belgrano r) zona residencial medios de transporte, colegios, zona gastronómica, supermercados. 6 cuadras av. Cabildo subte linea d. Contrato 2 años en pesos ipc abl electricidad visitas malvina mugica garante o seguro de caución;83;Visto
argenprop;belgrano;Departamento;Departamento - Belgrano;500000;122000;O higgins al 1600;20;;;1;https://www.argenprop.com/departamento-en-alquiler-en-belgrano-1-ambiente--18164920;2;"Monoambiente al frente con balcón, reciclado a nuevo hace 2 años. En pleno corazón de belgrano. Edificio de categoría con ascensor. Muy luminoso pisos de madera, kitchnette y baño completo. Agua caliente central. Instalación eléctrica nueva. Cerca de las avenidas luis maria campos, cabildo y juramento. A 3 cuadras de la estación jose hernandez, subte ""d"". Internet. El precio del alquiler temporario inlcuye expensas, abl, aysa e internet. Luz aparte. El precio del alquiler normal no incluye gastos. Se puede alquilar cochera en garage de enfrente. Disponible a partir de octubre 2025. Abbacabanillas.Net arq.Roberto pablo cabanillas. Mat cucicba 708. Ley 5859 art 4: para los casos de alquiler de vivienda, el monto máximo de comisión que se le puede requerir a los propietarios será el equivalente al cuatro con quince centésimos por ciento (4,15%) del valor total del respectivo contrato. Se encuentra prohibido cobrar a los inquilinos que sean personas físicas comisiones inmobiliarias y gastos de gestoría de informes"".- Ley 5115: ""no accesible"".";50;Visto
argenprop;belgrano;Departamento;EXCELENTE DEPTO. AL FRENTE CON BALCÓN Y AIRE ACONDICIONADO;800000;240000;Montañeses 1800, Piso 3;;2;1;1;https://www.argenprop.com/departamento-en-alquiler-en-belgrano-2-ambientes--18914479;35;Excelente 2 ambientes al frente con balcón, aire acondicionado en living, doble circulación, piso de parquet, baño completo, cocina independiente, lavadero, habitación con placard. Apto profesional. Apto movilidad reducida no se aceptan mascotas matricula 6246. Para los casos de alquiler de vivienda, el monto máximo de comisión que se le puede requerir a los propietarios será el equivalente al cuatro con quince centésimos por ciento (4,15%) del valor total del respectivo contrato. Se encuentra prohibido cobrar a los inquilinos que sean personas físicas comisiones inmobiliarias y gastos de gestoría de informes. Consultas al o;50;Visto
argenprop;belgrano;Departamento;2 ambientes al frente, excelente ubicación.;650000;150000;J De Amenabar 1100, Piso 1;32;2;1;;https://www.argenprop.com/departamento-en-alquiler-en-belgrano-2-ambientes--6690978;30;Excelente departamento de 2 ambientes, en inmejorable ubicación, a 2 cuadras de cabildo. Dormitorio con balcón al frente, cocina completa con espacio de lavadero. Baño completo. Piso de parquet. “Para los casos de alquiler de vivienda, el monto máximo de comisión que se le puede requerir a los propietarios será el equivalente al cuatro con quince centésimos por ciento (4,15%) del valor total del respectivo contrato. Se encuentra prohibido cobrar a los inquilinos que sean personas físicas comisiones inmobiliarias y gastos de gestoría de informes”.;49;Visto
argenprop;belgrano;Departamento;Departamento monoambiente con balcón con vista abierta en Belgrano R;550000;133000;Av Monroe al 3300;28;;;1;https://www.argenprop.com/departamento-en-alquiler-en-belgrano-r-1-ambiente--18932123;12;Monoambiente amplio en belgrano con balcón con vista panorámica! Ubicado en una de las zonas más prácticas de la ciudad, sobre av. Monroe, este monoambiente combina comodidad y excelente ubicación. Rodeado de múltiples opciones de transporte público, locales gastronómicos y con cercanía a hospitales, es ideal tanto para vivir como para invertir. La unidad se encuentra en un piso compartido con tres departamentos más. Al ingresar, cuenta con un amplio placard con cajonera, muebles de bajo mesada y aire acondicionado instalado. Enfrente se ubica un baño completo con bañera, con ventanilla al exterior que brinda luz natural y ventilación. El ambiente principal tiene salida a un balcón al frente, con una excelente vista abierta que aporta luminosidad y amplitud. El edificio dispone de laundry con dos lavarropas de uso común. Expensas diciembre: $133.000 condiciones de alquiler vivienda: - contrato por 24 meses - indexación trimestral por ipc - mes de adelanto - mes de deposito - demostración de ingresos condiciones de alquiler comercial: - contrato por 24 meses - indexación trimestral por ipc - mes de adelanto - mes de deposito - demostración de ingresos. - %6 del contrato a cargo del inquilino. Cifre profesionales inmobiliarios sucursal villa pueyrredon - sucursal villa urquiza - sucursal villa devoto - nueva sucursal belgrano -;33;Visto
argenprop;belgrano;Departamento;ALQUILER - DEPARTAMENTO - MONOAMBIENTE - BELGRANO.;550000;130000;MANUEL UGARTE 1500;26;;;1;https://www.argenprop.com/departamento-en-alquiler-en-belgrano-1-ambiente--18543457;9;Hermoso monoambiente en alquiler en el barrio de belgrano ideal para vivir o trabajar. Estar luminoso con salida a balcon con vista al frente. Cocina americana, anafes electricos con muebles bajo mesada, baño con ducha. Se alquila sin muebles. Aire frio calor colocado en unidad y cortinas roller. Acepta solo gato, no perro. Laundry en primer piso. Veni a visitarlo. Disponible ya. Visitas y consultas: - - +54 9 las medidas son a modo informativo y pueden sufrir variaciones siendo las definitivas las que surjan de la escritura o boleto;18;Visto
argenprop;belgrano;Departamento;Departamento en Alquiler en Belgrano, Capital Federal, Buenos Aires;650000;70000;Mendoza 2100;25;;;1;https://www.argenprop.com/departamento-en-alquiler-en-belgrano-1-ambiente--18510293;0;A estrenar! Monoambiente de diseño todo luz y vista verde en la mejor esquina de belgrano ¡Oportunidad única en la mejor esquina (mendoza y cuba) de belgrano! Te presentamos este espectacular monoambiente a estrenar, apto profesional, ubicado en un 5to piso. Sus 28 m² están diseñados para maximizar el confort y la luz. La propiedad es completamente vidriada, lo que te regala una vista abierta a las copas de los árboles del barrio. El departamento se entrega listo para que traigas solo la cama! Está casi, totalmente equipado! Balcón y ventanales de piso a techo con vista verde. Se entrega con aire acondicionado, todos los spots de luces led instalados y cortinado doble (blackout textil + cortina). Cocina integrada moderna y funcional, con anafes eléctricos, heladera bajo mesada, y muebles de alto y bajo mesada de excelente calidad. División inteligente: incluye una barra/mesa movible que permite dividir el ambiente y generar un espacio de comedor, acompañada de dos banquetas de estilo moderno. Baño completo de diseño con ducha con mampara de vidrio, vanitory, muebles de guardado y accesorios de baño incluidos. Placard completo con interiores ya instalados. Expensas muy bajas! Agua caliente por caldera general. Aire acondicionado frio-calor. Laundry. Contrato de alquiler por 24 meses. Aumento trimestral por ipc. Deposito en dolares. Ingresos demostrables.. - Mat.;10;Visto
argenprop;belgrano;Departamento;Departamento en Alquiler en Belgrano, Capital Federal, Buenos Aires;570000;133000;Av. Congreso 2000;32;;1;;https://www.argenprop.com/departamento-en-alquiler-en-belgrano-1-ambiente--18766806;20;"Monoambiente. Piso alto con vista abierta hall de recepción amplio ambiente con pisos de madera y con placard balcón al contrafrente cocina integrada baño completo aire split frio todo eléctrico expensas: $133.000 (incluye agua) excelente ubicación: a 3 cuadras de av. Cabildo y de estrella. De subte linea d ""congreso de tucumán"", a 5 cuadras estacionalidad de tren línea mitre ""nuñez"" y a 5 cuadras de av. Libertador. Disponible a partir del 1 de febrero. Requisitos: - mes de alquiler por adelantado - depósito: usd 400 - garantía de propietario (gastos de informes) o seguro de caución - ingresos demostrables - contrato por 2 años - ajuste trimestral según ipc. - Mat.";9;Visto
argenprop;belgrano;Departamento;Belgrano 2 ambientes al frente con balcon. seminuevo con sum y parrilla;750000;125000;Av Dr R Balbin 2500, Piso 6;47;2;1;;https://www.argenprop.com/departamento-en-alquiler-en-belgrano-2-ambientes--2954688;15;Hermoso semipiso al frente y contrafrente con balcon corrido aterrazado. Para vivienda o profesional , baño completo, cocina tipo americana completa, lugar para lavarropas o lavavajillas, servicios individuales de agua caliente y losa radiante.. A mts de av cramer, av cabildo, y acceso norte. Edificio con amenities........ Las expensas incluyen aysa,,............................ Las especificaciones y medidas son informativas y aproximadas.No se incluyen: mobiliarios, artefactos eléctricos, luminarias o de aire ..Para los casos de alquiler de vivienda, el monto máximo de comisión que se le puede requerir a los propietarios será el equivalente al cuatro con quince centésimos por ciento (4,15%) del valor total del respectivo contrato. Se encuentra prohibido cobrar a los inquilinos que sean personas físicas comisiones inmobiliarias y gastos de gestoría de informes.Consulte...;8;Visto
argenprop;belgrano;Departamento;Departamento en alquiler en Belgrano;470000;201000;José Hernández 1600, Piso 7;35;;1;;https://www.argenprop.com/departamento-en-alquiler-en-belgrano-2-ambientes--18875551;45;Hermoso y muy bien divino monoambiente. Balcón corrido al frente . Todo luz y sol. Apto profesional o vivienda . Recién pintado. Aire acondicionado split . Ubicación de privilegio, frente a barrancas de belgrano. A pasos av del libertador. Cocina kitchinette y baño completo . Cerca a universidad di tella. Las expensas incluyen aysa. Pata agendar entrevista comunicarse telef con inmobiliaria ariel :;5;Visto
argenprop;belgrano;Departamento;Departamento - Belgrano;800000;245000;Cabildo al 3400;43;2;1;;https://www.argenprop.com/departamento-en-alquiler-en-belgrano-2-ambientes--17036106;4;Luminoso departamento nuevo de 2 ambientes al frente, con balcón a la avenida cabildo. 1 dormitorio, living comedor a balcón, vista abierta, cocina integrada, baño completo. Aire acondicionados. Excelente estado. Apto profesional. Cochera.(Nro. 8) . Sucursal vicente lópez sucursal martínez sucursal la lucila .;2;Visto
argenprop;belgrano;Departamento;Monoambiente con piscina;550000;160000;Manuel Ugarte 2300, Piso 5;32;;1;1;https://www.argenprop.com/departamento-en-alquiler-en-belgrano-1-ambiente--19003640;;Monoambiente con piscina contrafrente con balcon. Edificio de categoria, cocina separada y baño completo. Impecable y luminoso departamento, muy amplio. Ugarte esquina cabildo, subte metrobus centro comercial. Inmobiliaria ugarte para mudarte tel .;2;Visto
argenprop;belgrano;Departamento;Ciudad de la Paz 2783;725000;75000;Ciudad de la Paz 2783;32;3;1;;https://www.argenprop.com/departamento-en-alquiler-en-belgrano-1-ambiente--18190565;0;Belgrano, ciudad de la paz 2700, esquina manuel ugarte a 100 metros de av. Cabildo, subte linea d, metrobus ultimas unidades disponibles, de 1, 2 y 3 ambientes con balcón. Hermosas terminaciones. Amenities varios , piscina, terraza, laundry, sum, etc ingreso biometrico por hipcam estamos entregando las unidades en septiembre 2025 detalles de diseño: solados son símil madera en todos los ambientes excepto los baños, balcones y las áreas comunes, de porcelanato de 1o calidad. Cocinas las alacenas y los bajo mesadas son de melamina marca reno con herrajes de aluminio. Mesada de granito nacional con pileta de acero inoxidable. Carpinterías aberturas de aluminio y vidrio. Los pasamanos de las barandas serán metálicos negros. Puertas de acceso en madera enchapada. Puertas interiores en madera pintada con marco metálico. Baños losa sanitaria línea bari de ferrum grifería monocomando fv ascensores de tipo electromecánico. Puertas automáticas en todos los pisos y revestidas en acero inoxidable y espejo placares frentes integrales con puertas corredizas e interiores. Agua caliente distribución de agua caliente por calderas de alta recuperación.;1;Visto
argenprop;belgrano;Departamento;2 ambientes / ALQUILER / BELGRANO;655000;230000;Santos Dumont y Ciudad de la Paz;49;2;1;;https://www.argenprop.com/departamento-en-alquiler-en-belgrano-2-ambientes--18552026;40;Excelente 2 ambientes súper luminoso en belgrano santos dumont entre ciudad de la paz y av. Cabildo 2 ambientes mega luminoso, ubicado en una de las zonas más buscadas de belgrano, a pasos de avenida cabildo, metrobus, subte y todos los medios de transporte. Living-comedor amplio y lleno de luz natural gracias a sus ventanales al frente. Cocina separada, funcional y con excelente ventilación. Dormitorio cómodo con armario/placard y muy buena entrada de luz. Baño completo con ventilación. La ubicación es inmejorable: rodeado de comercios, cafés, espacios verdes y todo lo que hace la vida cotidiana más práctica y cómoda. Llamanos para coordinar una visita *se deja constancia que las medidas (tanto totales como parciales), superficies, m2 y proporciones indicadas en el presente son aproximadas y sujetas a verificación, variación y/o ajuste. El precio de la presente operación y/o de las expensas aquí indicadas están sujetos a modificación sin previo aviso. David melamud propiedades matricula cucicba 7794;1;Visto
argenprop;belgrano;Departamento;OPPEL | Departamento en Alquiler | BELGRANO Capital Federal | Cod: 942;600000;176237;AVENIDA LUIS MARIA CAMPOS 1500, Piso 7;36;2;1;;https://www.argenprop.com/departamento-en-alquiler-en-belgrano-2-ambientes--17619113;55;Departamento en alquiler | belgrano - capital federal | 2 ambientes al contrafrente, en buen estado, luminoso, excelente ubicación próximo a avenidas y medios de transporte. Consta de living con salida a balcón al contrafrente, dormitorio con placard, baño completo, cocina amplia. Cuenta con calefacción por estufa, agua caliente por calefón, pisos de parquet en todo el departamento. En edificio de 9 pisos, 4 departamentos por piso, 1 ascensor. Apto discapacitados: no código oppel: 942 las especificaciones y medidas son informativas y aproximadas. No se incluyen: mobiliarios, artefactos eléctricos, luminarias o de aire. Oppel s.A. Mariano oppel m.468 f.19 l.1 - cucicba reforma ley 2340 la reforma a la ley 2340 nos obliga entre otras cosas a comunicarle al público su alcance, conforme luce en esta descripción. Respetamos la ley y también nuestro derecho a manifestar el profundo desacuerdo contra una norma arbitraria e inconstitucional. Defenderemos nuestro derecho a trabajar, ejercer la profesión y el derecho de propiedad (arts. 14 y 17 constitución nacional). Estamos dispuestos, como siempre hemos estado, a trabajar para solucionar la dificultad de acceso a la vivienda, pero partiendo de un diagnóstico correcto. ...Para los casos de alquiler de vivienda, el monto máximo de comisión que se le puede requerir a los propietarios será el equivalente al cuatro con quince centésimos por ciento (4,15%) del valor total del respectivo contrato. Se encuentra prohibido cobrar comisiones inmobiliarias y gastos de gestoría de informes a los inquilinos, en el caso de ser personas físicas...;1;Visto
argenprop;belgrano;Departamento;OPPEL | Departamento en Alquiler | BELGRANO Capital Federal | Cod: 33720;600000;194735;CABILDO 2400, Piso 7;40;2;1;;https://www.argenprop.com/departamento-en-alquiler-en-belgrano-2-ambientes--18526629;50;Departamento en alquiler | belgrano - capital federal | 2 ambientes al lateral de torre, en muy buen estado, muy luminoso, excelente ubicación, sobre av. Cabildo con metro bus en la puerta y a 3 cuadras del subte d. Consta de living con salida a balcón francés, dormitorio con placard y balcón frencés - cocina y lavadero aparte. En edificio de 14 pisos, 8 departamentos por piso, 3 ascensores. Apto discapacitados: si código oppel: 33720 las especificaciones y medidas son informativas y aproximadas. No se incluyen: mobiliarios, artefactos eléctricos, luminarias o de aire. Oppel s.A. Mariano oppel m.468 f.19 l.1 - cucicba reforma ley 2340 la reforma a la ley 2340 nos obliga entre otras cosas a comunicarle al público su alcance, conforme luce en esta descripción. Respetamos la ley y también nuestro derecho a manifestar el profundo desacuerdo contra una norma arbitraria e inconstitucional. Defenderemos nuestro derecho a trabajar, ejercer la profesión y el derecho de propiedad (arts. 14 y 17 constitución nacional). Estamos dispuestos, como siempre hemos estado, a trabajar para solucionar la dificultad de acceso a la vivienda, pero partiendo de un diagnóstico correcto. ...Para los casos de alquiler de vivienda, el monto máximo de comisión que se le puede requerir a los propietarios será el equivalente al cuatro con quince centésimos por ciento (4,15%) del valor total del respectivo contrato. Se encuentra prohibido cobrar comisiones inmobiliarias y gastos de gestoría de informes a los inquilinos, en el caso de ser personas físicas...;1;Visto
argenprop;belgrano;Departamento;Departamento en Coghlan;600000;140000;Congreso al 3000 - 2° AL FRENTE;28;12;1;;https://www.argenprop.com/departamento-en-alquiler-en-belgrano-1-ambiente--18781732;5;Departamento 1 1/2 || alquiler || coghlan || frente excelente departamento al frente, súper luminoso y en una ubicación inmejorable del barrio de coghlan. A metros de av. Balbín, cercano a estación de tren, metrobus y comercios de la zona. Características: 1 12 ambiente cómodo y bien distribuido con separacion vidriada cocina integrada baño completo balcón al frente placard muy buena luz natural piso 2, vista abierta mascotas : no exp nov.25 $ 140.000 condiciones del contrato valor inicial $ 600.000/mes contrato por 2 años incremento cuatrimestral (4 meses) índice de ajuste ipc deposito en dólares billete u$s 500 a cargo del inquilino: luz, gas, agip, expensas comunes y aysa requisitos (inquilino) justificación de ingresos (recibos de sueldo) unicamente garantía propietaria de caba / seguro de caucion posibilidad de alquilar cochera en el edificio podemos mostrarlo en cualquier horario indicar en su consulta el día y hora que desea coordinar la visita. Se aceptan propiedades en parte pago, permuta (solo para publicaciones de venta) propiedad no condicionada a la compra. Operaciones simultaneas (solo para publicaciones de venta) tasaciones profesionales. Vivir propiedades - desde 1985 - matricula cucicba n 189 horarios de atención en of: lunes a viernes de 10 a 13 hs. Y de 14:30 a 18:30hs. Sábados de 10 a 13 hs. Mostramos de lunes a lunes coordinando horarios;1;Visto
argenprop;belgrano;Departamento;2 Ambientes al frente con balcón, Frente a la est. Belgrano;700000;225000;Montañeses 1800, Piso 4;37;2;1;;https://www.argenprop.com/departamento-en-alquiler-en-belgrano-2-ambientes--18793979;60;"2 ambientes al frente con balcón, vigilancia permanente. El balcón posee una red de seguridad instalada. El edificio cuenta con generador eléctrico. Expensas: $220.000 abl $15.000 características de contrato: *1 mes de adelanto * 1 meses de deposito en dólares *contrato a 2 años * aumento cuatrimestral por icl requisitos para entrar: *ingresos comprobables de los inquilinos que sea por lo menos 2.5 veces el monto del alquiler y expensas. *Seguro de caución ( s.A./ Garantia ya / total fianza), preferiblemente, o garante propietario (preferiblemente familiar directo) no se acepta mascotas visitar con agente de la firma importante: se deja constancia que la información gráfica y escrita; las medidas (tanto totales como parciales), superficies, m2 y proporciones indicadas en el presente son aproximadas y sujetas a verificación, variación y/o ajuste. Asimismo los precios indicados podrán modificarse sin previo aviso. El interesado deberá realizar las verificaciones respectivas previamente a la realización de cualquier operación, requiriendo por sí o sus profesionales las copias necesarias de la documentación que corresponda. Servicios: gas depósito (meses): 1 impuestos a cargo de: inquilino agua a cargo de: inquilino";1;Visto
argenprop;belgrano;Departamento;Amoblado y equipado a pasos de las Barrancas;800000;180000;JOSE HERNANDEZ al 1500;40;2;1;;https://www.argenprop.com/departamento-en-alquiler-en-belgrano-2-ambientes--18801088;30;"- Se alquila amoblado y equipado unicamente- excelente dos ambientes. Todo a nuevo! Al frente con balcón corrido super luminoso, al frente con balcón corrido super luminoso, todo externo! Living-comedor apaisado con salida a balcón corrdio, al frente; cocina amplia, con conexión de lavarropas y con barra a living-comedor; dormitorio con placard doble y salida al balcón; baño competo con ventilación natural. Todo reciclado a nuevo. Pisos de living-comedor, pasillo de distribución y dormitorio tarugados recién plastificados. Calefacción: estufa tiro balanceado. Equipos de aire acondicionado el del dormitirio frio calor y el del living-comedor frio. Se desocupa en febrero 2026. Alquiler amueblado y equipado integramente. Contrato a dos años, ingresos demostrables, garantia de caba o bien seguro de caución. Depósito dos meses.";1;Visto
argenprop;belgrano;Departamento;Departamento - Belgrano;800000;250000;Teodoro garcia al 2400;55;2;1;;https://www.argenprop.com/departamento-en-alquiler-en-belgrano-2-ambientes--19019881;30;Dúplex 2 ambientes en alquiler en colegiales excelente ubicación y con cochera espectacular dúplex de 2 ambientes en alquiler, ubicado en el barrio de colegiales, a tan solo media cuadra de av. Cabildo, con acceso inmediato a todos los medios de transporte y a una amplia oferta comercial y gastronómica. La propiedad se destaca por su excelente distribución, amplitud y muy buena iluminación natural, ofreciendo espacios cómodos y funcionales, listos para habitar. Características del departamento: living comedor amplio y luminoso, con salida directa a balcón. Cocina integrada, práctica y moderna. Toilette de recepción, ideal para visitas. Dormitorio amplio en planta superior, con muy buenos placards y excelente espacio de guardado. Muy cómodo, funcional y bien distribuido. Con cochera ubicación y conectividad: ubicado en una zona estratégica, a pasos de av. Cabildo y con excelente conectividad hacia distintos puntos de la ciudad. Transportes cercanos: subte línea d: estación olleros tren: colegiales (mitre) colectivos: 41, 42, 57, 59, 60, 63, 67, 68, 152, 161, 168, 194 una excelente opción para quienes buscan vivir con comodidad, buena luz y conectividad, en uno de los barrios más buscados de la ciudad.;1;Visto
argenprop;belgrano;Departamento;Alquiler Departamento 2 ambientes con balcon - Belgrano;500000;258000;Av. Cramer al 1600;40;2;1;;https://www.argenprop.com/departamento-en-alquiler-en-belgrano-2-ambientes--17664406;30;Monoambiente en semipiso al frente con balcón dividido en 2 ambientes en venta / alquiler en belgrano, frente a plazoleta portugal caba. Living comedor con cocina. Baño completo. El dormitorio da al frente y el living al pulmon. Superficies: 40,28m2 cubiertos. 3,22m2 descubiertos. 43,50m2 totales. Living comedor 3,23x6,26 dormitorio 3,21x3,76 cocina 1,46x2,62 baño 2,69x1,20 balcón 2,69x1.20 requisitos para alquilar: * 1 mes de depósito * 1 mes por adelantado * ingresos comprobables que tripliquen el alquiler + expensas * garantía propietaria en caba o seguro de caución contrato por 24 meses con ajuste cuatrimestral por ipc. Alquiler $500.000.- Expensas $258.000.- Ene 2026 abl $ 15.000 ene 2026 aviso legal : se hace saber que las características descriptas del inmueble publicado, calidades y cualidades constructivas y funcionales, valores de expensas, impuestos y servicios, y medidas y superficies, son aproximados y consignados en base a datos que fueron proporcionados por el propietario, no tienen valor contractual y que pueden no ser exactos y/o no estar actualizados a la hora de la visualización de este aviso, pudiendo surgir discordancias con los datos que emanen de la documentación respectiva. Las medidas y superficies exactas son las que surgen de los títulos y planos legales del inmueble. Las imágenes publicadas lo son al mero efecto orientativo de las características generales y circunstancias del inmueble en el momento en que han sido tomadas, pudiendo las mismas diferir del estado y circunstancias actuales del mismo. Asimismo, los mobiliarios, accesorios, elementos, y otros, que se visualizan en las imágenes publicadas, no integran la oferta de venta, salvo manifestación explícita, al contrario. En todos los casos el interesado deberá realizar una visita al inmueble y efectuar las verificaciones respectivas previamente a la realización de cualquier operación u oferta requiriendo la documentación que corresponda. Los valores están sujetos a cambios. Inmueble no accesible a personas con discapacidad física ley 5115.;0;Visto
argenprop;belgrano;Departamento;Departamento en Palermo;490000;180000;Concepción Arenal al 2300;35;2;1;;https://www.argenprop.com/departamento-en-alquiler-en-belgrano-2-ambientes--18409161;40;2 ambientes frente con balcon living 4 x 4.5 dormitorio : 3 x 3 cocina 2 x 1.80 baño completo condiciones: garantia de capital 1 mes adelantado 2 meses deposito comprobante de ingresos teléfono /matricula 5612;0;Visto
argenprop;belgrano;Departamento;Departamento - Belgrano;800000;206000;11 de Septiembre al 2100;38;2;1;;https://www.argenprop.com/departamento-en-alquiler-en-belgrano-2-ambientes--18457038;25;Excelente 2 ambientes impecable contrafrente - muy luminoso - recién pintado - no apto profesional - no se aceptan mascotas superficie: sup. Cubierta: 38 m2 - sup. Semicubierta: 3 m2 - superficie total: 41 m2 - detalles de la unidad: amplio living-comedor 6.00 x 3.50 balcón - dormitorio de 3.50 x 3.20 con amplio placard / frente espejado aire acondicionado bgh split de 3.000 frigorías cortina de enrollar - baño completo - cocina completa con muebles bajo mesada y alacena revestidos en melamina - mesada de granito - espacio para mesa - instalación para lavarropas - caldera individual marca baxi para agua caliente y calefacción (losa radiante) - servicios individuales - puertas de madera piso flotante en living comedor y dormitorio - carpintería de aluminio anodizado - recien pintado ubicación: a 2 cuadras de la estación belgrano c / ferrocarril mitre - a 1 cuadra de barrancas de belgrano - a 5 cuadras del subte linea d / estación juramento a 3 cuadras de av. Del libertador.- Gastos: expensas $ 206.000.- (Incluye aysa). - Abl $ 23.000.- Requisitos necesarios: garantía propietaria en caba opción: seguro de caución o respaldar ingresos demostrables: inquilino/s y garante/s ultimos 3 (tres) recibos de sueldo - antiguedad mínima: 2 años gastos: 1 mes de adelanto 1 mes de garantía informes de dominio e inhibición (en caso de presentar garantía propietaria) informes comerciales veraz (inquilino/s - garante/s) certificación de firmas ante escribano público (inquilino/s - garante/s) importante: no se aceptan mascotas no es apto profesional nota: las superficies y medidas aquí citadas son aproximadas al solo efecto informativo y no resultan vinculantes. El valor de expensas está sujeto a variación.- Casa central san isidro tel: +54 / whatsapp: +54 9 primera junta 524 esq. Av. Del libertador, buenos aires, argentina. Sucursal tigre tel / whatsapp: +54 9 calle del caminante 30, edificio puerta norte 2, of 424, tigre, buenos aires, argentina.;0;Visto
argenprop;belgrano;Departamento;Departamento en alquiler | 2 ambientes | Belgrano – CABA;650000;123000;JURAMENTO al 1700;40;2;1;;https://www.argenprop.com/departamento-en-alquiler-en-belgrano-2-ambientes--18463688;40;Departamento en alquiler | 2 ambientes | belgrano caba ubicacion: juramento 1700, belgrano alquiler mensual: $650000 48 m2 totales 40 m2 cubiertos 1 dormitorio | 1 baño disposición contrafrente expensas: $123000 antiguedad: 40 años excelente departamento de 2 ambientes en alquiler, ubicado en pleno corazón de belgrano, una de las zonas más buscadas de capital federal por su conectividad, servicios y calidad de vida. La unidad cuenta con: balcón corrido cocina separada lavadero incorporado living con salida al balcón dormitorio con placard muy buen estado general disposición contrafrente, silencioso y luminoso ubicación privilegiada: a metros de la estación de tren belgrano c, metrobus, subte línea d y del nuevo paseo gastronómico de la zona. Ideal para estudiantes, profesionales y personas del interior del país que buscan instalarse en buenos aires con excelente acceso a transporte y servicios. Requisitos: contrato por 2 años ajuste cuatrimestral por icl garantía propietaria caba o seguro de caución comprobación de ingresos ambientes: living comedor cocina separada lavadero dormitorio baño completo balcón corrido contacto y visitas: whatsapp: web: https: email: instagram: @bai_inmuebles facebook: @baiinmuebles.Oficial mat. C.U.C.I.C.B.A 6528;0;Visto
argenprop;belgrano;Departamento;Excelente Monoambiente a Estrenar c/ balcón - Solo Uso Profesional;550000;145000;Vidal al 2100;30;;;1;https://www.argenprop.com/departamento-en-alquiler-en-belgrano-1-ambiente--18469164;0;Hermoso monoambiente contrafrente con balcón. Ubicado en belgrano cerca subte. Cocina integrda. Baño completo. Aire frio/calor. Sum y landry. En cumplimiento a la ley 5115, se informa que el inmueble es accesible para personas con discapacidades físicasley 5858 - art.5 se encuentra prohibido cobrar comisiones inmobiliarias y gastos de gestoría de informes a los inquilinos que sean personas físicas. Para los casos de alquiler de vivienda, el monto máximo de comisión que se puede requerir a los propietarios será el equivalente al cuatro quince centésimos por ciento (4,15%) del valor total del respectivo contrato.Cucicba mat. No 27/67;0;Visto
argenprop;belgrano;Departamento;Departamento en Belgrano Chico;550000;224000;Ciudad de la Paz al 1600;30;;;1;https://www.argenprop.com/departamento-en-alquiler-en-belgrano-chico-1-ambiente--18496301;9;Departamento amplio de un ambiente con balcón al frente. Cercania de subte linea d y del metrobus en av, cabildo solamente apto profesional/ cocina americana, baño completo. Mono ambiente de 6,50 x 3,80 con salida al balcon . Lumonoso oreintacion nor este matrícula 1298 - cucicba;0;Visto
argenprop;belgrano;Departamento;Departamento en Belgrano C;700000;70000;Mendoza al 2100;25;;;1;https://www.argenprop.com/departamento-en-alquiler-en-belgrano-c-1-ambiente--18659563;0;Ubicado en un quinto piso, este monoambiente nuevo se caracteriza por su luminosidad y por una distribución pensada para aprovechar cada rincón con comodidad. Los grandes ventanales de pared a pared proyectan el ambiente hacia una vista arbolada. La propiedad se entrega prácticamente equipada, lista para instalarse: dispone de aire acondicionado frío/calor, iluminación led colocada y un sistema de cortinas doble. La cocina, integrada al ambiente, ofrece una estética moderna con anafes eléctricos y heladera bajo mesada. El ambiente principal incorpora una barra desplazable, ideal para sectorizar espacios o utilizarla como mesa, acompañada por dos banquetas. El baño, totalmente instalado, cuenta con mampara de vidrio, vanitory y muebles de guardado. El balcón aporta un espacio exterior con vista despejada, y el edificio suministra agua caliente mediante caldera central. Requisitos del alquiler: - contrato por 24 meses - actualización trimestral por ipc - depósito en dólares - comprobación de ingresos una oportunidad para acceder a un espacio funcional y equipado para quienes buscan mudarse y disfrutar de un entorno lleno de luz y confort. -;0;Visto
argenprop;belgrano;Departamento;Departamento en Alquiler precio paquete ubicado en Belgrano, Capital Federal;600000;80000;Luis maria campos 1200;29;;;1;https://www.argenprop.com/departamento-en-alquiler-en-belgrano-1-ambiente--18713073;45;"Departamento monoambiente con balcón disponible a partir de enero excelente ubicación: a metros de la universidad de belgrano, 6 cuadras de estación olleros, subte d. Cercanía a varios centros comerciales y locales gastronómicos. Super luminoso y ventilado, balcón con espacio para guardar bicicleta. Gran cocina hecha a nueva. Espacio para heladera y conexión para lavarropas. Artefacto de cocina con horno nuevo a gas. Ventilación natural. El living comedor se encuentra comunicado con la cocina por una barra. Termotanque eléctrico aire acondicionado split. Honorarios + iva - daniel montaña matrícula nº 412 cucicba aviso legal que conste: que las descripciones -medidas -superficies –antigüedad -m2. -Valores de impuestos – servicios – expensas indicados - ""son aproximados y sujetos a verificación y/o ajuste sin previo aviso"" - fotos – vídeos, planos de carácter no contractual -. “Todos los datos fueron proporcionados por la parte propietaria y pueden no estar actualizados y/o tener inexactitudes y discordancias con títulos o reglamentos. La parte interesada debe realizar previas verificaciones antes del momento de realizar la operación, requiriendo por si o sus profesionales la verificación de la documentación que corresponda.- Venta supeditada a que la parte propietaria cumpla con los requisitos de las gestiones de la resolución general nº 2371 de la afip. Pedido de coti) datos de contacto: local caballito - av. Rivadavia 4621 - local barrio norte - av. Santa fe 2309 - local boedo - av. Pavón 4024 - . - Mat.";0;Visto
argenprop;belgrano;Departamento;Excelente depto 2 amb con balcón aterrazado!;750000;174000;Virrey Loreto al 1500;37;2;1;;https://www.argenprop.com/departamento-en-alquiler-en-belgrano-2-ambientes--18784414;40;Belgrano. Virrey loreto entre luis maria campos y soldado de la independencia. Excelente departamento de dos ambientes con balcón terraza. Living comedor, cocina separada con lavadero incorporado, baño completo con bañera y balcón aterrazado. Son 37,34 m2 cubiertos + 21,03 m2 de balcón terraza = 58,37 m2 totales. Expensas $ 174.000 (incluyen aysa). Abl $20.900. Apto vivienda/profesional. Piscina en terraza, gimnasio y laundry. Excelente ubicación a pasos de av. Del libertador y a pocas cuadras del barrio chino, club vilas e hipodromo argentino. Medidas: living comedor: 4.50 x 3. Dormitorio: 3 x 3 + placard. Balcón: 9.50 x 2.20. Para los casos de alquiler de vivienda, el monto máximo de comisión que se le puede requerir a los propietarios será el equivalente al cuatro con quince centésimos por ciento (4,15%) del valor total del respectivo contrato. Se encuentra prohibido cobrar a los inquilinos que sean personas físicas comisiones inmobiliarias. Aviso legal: las descripciones arquitectónicas y funcionales, valores de expensas, impuestos y servicios, fotos y medidas de este inmueble son aproximados. Los datos fueron proporcionados por el propietario y pueden no estar actualizados a la hora de la visualización de este aviso por lo cual pueden arrojar inexactitudes y discordancias con las que surgen de los las facturas, títulos y planos legales del inmueble. El interesado deberá realizar las verificaciones respectivas previamente a la realización de cualquier operación, requiriendo por sí o sus profesionales las copias necesarias de la documentación que corresponda. Corredor responsable: daniel armando durante. Matricula c.U.C.I.C.B.A 444.;0;Visto
argenprop;belgrano;Departamento;Dos ambientes con balcón en Belgrano.;650000;187000;Cramer Av. al 1800;45;2;1;;https://www.argenprop.com/departamento-en-alquiler-en-belgrano-2-ambientes--18829848;40;Dos ambientes funcional, con una distribución simple y efectiva. Al contrafrente, en muy buen estado. Recién pintado. Dormitorio y living-comedor a balcón con vista a verde. Amplica cocina con espacio para colocar mesay lavadero incorporado. Baño completo. Antiguedad 40 años. En las cercanías de muchos medios de transporte.Actualización trimestral por ipc. Garantía de caba ingresos comprobables que tripliquen aprox el valor del alquiler 1 mes de adelanto 1 mes de depósito. Contrato 24 mese;0;Visto
argenprop;belgrano;Departamento;Departamento en alquiler en Belgrano;500000;180200;Ciudad de la Paz al 1300;32;;;;https://www.argenprop.com/departamento-en-alquiler-en-belgrano-1-ambiente--18848516;30;Monoambiente dividido al frente con balcón belgrano excelente unidad funcional y luminosa en una de las zonas más buscadas. El departamento se destaca por su distribución inteligente y servicios centrales. Detalle del departamento: - ambiente principal: muy luminoso, con salida al balcón al frente. Incluye un mueble divisorio que separa el área de descanso del living. - Cocina: completa e independiente, equipada con cocina a gas. - Baño: baño completo en excelente estado. - Servicios: calefacción por losa radiante y agua caliente central. - Expensas: el valor de las expensas incluye el servicio de aysa. Condiciones del contrato: - duración: 24 meses. - Ajuste: trimestral por ipc (índice de precios al consumidor). - Restricciones: no acepta mascotas. Requisitos de alquiler: - 1 mes de depósito + 1 mes adelantado - garantía propietaria en caba o seguro de caución () - ingresos comprobables que tripliquen alquiler + expensas aviso legal : se hace saber que las características descriptas del inmueble publicado, calidades y cualidades constructivas y funcionales, valores de expensas, impuestos y servicios, y medidas y superficies, son aproximados y consignados en base a datos que fueron proporcionados por el propietario, no tienen valor contractual y que pueden no ser exactos y/o no estar actualizados a la hora de la visualización de este aviso, pudiendo surgir discordancias con los datos que emanen de la documentación respectiva. Las medidas y superficies exactas son las que surgen de los títulos y planos legales del inmueble. Las imágenes publicadas lo son al mero efecto orientativo de las características generales y circunstancias del inmueble en el momento en que han sido tomadas, pudiendo las mismas diferir del estado y circunstancias actuales del mismo. Asimismo, los mobiliarios, accesorios, elementos, y otros, que se visualizan en las imágenes publicadas, no integran la oferta de venta, salvo manifestación explícita, al contrario. En todos los casos el interesado deberá realizar una visita al inmueble y efectuar las verificaciones respectivas previamente a la realización de cualquier operación u oferta requiriendo la documentación que corresponda. Los valores están sujetos a cambios. Inmueble no accesible a personas con discapacidad física ley 5115.;0;Visto
argenprop;belgrano;Departamento;ALQUILER Departamento Monoambiente Belgrano LUZ;600000;173187;Conesa 2500;33;;;1;https://www.argenprop.com/departamento-en-alquiler-en-belgrano-1-ambiente--18871075;6;Corredor responsable: power bienes raíces s.R.L. - Sabrina cocconi cpi 6800 / cmcpsi 6258 - contacto: andrea severa excelente monoambiente en alquiler – belgrano, ubicación inmejorable, mucha luz contrato por 2 años seguro de caución demostración de ingresos incremento trimestral por ipc 1 mes de depósito y 1 mes de adelanto alquilamos este monoambiente impecable, ubicado en uno de los sectores más buscados de belgrano: un barrio que combina comodidad urbana con ese aire residencial que todos buscan, rodeado de árboles y con excelente conectividad. Luminoso y funcional situado en conesa entre monroe y roosevelt, a tan solo: 1 cuadra de av. Cramer 1 cuadra de av. Balbín 5 cuadras de av. Cabildo con múltiples líneas de colectivos, comercios, cafés, escuelas y servicios a pocos pasos. Características del departamento monoambiente de muy buena distribución cocina integrada, completamente eléctrica baño completo moderno y de excelente calidad piso flotante en perfecto estado balcón al contrafrente, super luminoso — orientación este 2° piso edificio con ascensor y cámaras de seguridad solo 4 unidades por piso edificio moderno, construido en 2020 expensas diciembre 2025 (incluyen agip/abl): $164.000.- No dudes en contactarme y lo visitamos. Corredora responsable sabrina cocconi cpi 6800/csi 6258 rau s.R.L. No ejerce el corretaje inmobiliario. El presente sitio web es una plataforma en donde cada oficina inmobiliaria independiente que contrata los servicios re/max puede publicar las propiedades a su cargo. Cada oficina es de propiedad y gestión independiente, por lo que rau s.R.L. No interviene en los datos de la publicación, en la operación inmobiliaria, ni en la confección y/o firma del boleto de compraventa y/o escritura y/o contrato de alquiler. En cumplimiento de las leyes vigentes que regulan el corretaje inmobiliario, ley nacional 25.028, ley 22.802 de lealtad comercial, ley 24.240 de defensa al consumidor, las normas del código civil y comercial de la nación y constitucionales, los agentes/gestores no ejercen el corretaje inmobiliario. Todas las operaciones inmobiliarias son objeto de intermediación y conclusión por parte del corredor público inmobiliario colegiado a cargo de la publicación, cuyos datos se exhiben en la presente. La presente publicación describe las características esenciales del inmueble, debiéndose consultar al corredor público inmobiliario responsable de la operación por la eventual actualización de las medidas, descripciones arquitectónicas y funcionales, valores de expensas, servicios, impuestos, precios y demás información, cuyos valores son aproximados. Para los casos de alquiler de vivienda, el monto máximo de comisión que se le puede requerir a los propietarios será el equivalente al cuatro con quince centésimos por ciento (4,15%) del valor total del respectivo contrato. Se encuentra prohibido cobrar a los inquilinos que sean personas físicas comisiones inmobiliarias y gastos de gestoría de informes. El inmueble no es accesible para personas con discapacidades físicas.;0;Visto
argenprop;belgrano;Departamento;Se alquila monoambiente amplio en la mejor zona de Belgrano - Muy luminoso.;700000;192000;Aguilar al 2200;24;;;1;https://www.argenprop.com/departamento-en-alquiler-en-belgrano-1-ambiente--18881977;10;"Excelente monoambiente moderno, luminoso, con balcón que aporta aire y luz natural. Descripción: - al entrar nos encontramos con la cocina, esta tiene muebles bajo mesada y alacena, anafe eléctrico y buena capacidad de guardado. - Cuenta con un ambiente, amplio y cómodo. Tiene salida al balcón y grandes ventanales que aportan excelente luz natural. - Baño completo con bañadera.. - La calefacción es por losa radiante. Además tiene aire acondicionado frío/calor. - Accesible para personas con movilidad reducida. - Apto profesional. Amenities del edificio: - tiene sum. - Cuenta con parrilla. - La pileta es amplia. - Cuenta con sauna. - En la entrada principal del edificio cuenta con espacio de estacionamiento de cortesía. - Tiene seguridad 24hs. Requisitos: - un mes de adelanto. - Un mes y medio de depósito en garantía. - Garantía de propiedad en caba o seguro de caución. - Recibo de sueldo o demostración de ingresos. - Aumento trimestral por ipc. - Contrato por 2 años. Ubicación: -la propiedad se encuentra ubicada en aguilar al 2200, en el corazón del barrio de belgrano, una de las zonas más buscadas de la ciudad de buenos aires por su excelente combinación de vida residencial, conectividad y servicios.- Se encuentra a pocos metros de avenida cabildo, ofrece una conectividad inmejorable, con acceso directo a múltiples líneas de colectivos y a la línea d del subte (estación olleros), facilitando una rápida vinculación con distintos puntos de la ciudad. - El entorno se caracteriza por su dinámica urbana, con una amplia oferta de comercios, restaurantes, cafeterías, bares, bancos, escuelas y plazas, todo a distancia caminable. Al mismo tiempo, mantiene un perfil residencial muy valorado, con calles tranquilas y edificios de buena categoría. ""No dudes en llamarnos para coordinar una visita."" - Para los casos de alquiler de vivienda, el monto máximo de comisión que se le puede requerir a los propietarios será el equivalente al cuatro con quince centésimos por ciento (4,15%) del valor total del respectivo contrato. Se encuentra prohibido cobrar a los inquilinos que sean personas físicas comisiones inmobiliarias. - Rossetto desarrollos inmobiliarios - cucicba 8398 rossetto desarrollos inmobiliarios matricula cucicba 8398";0;Visto
argenprop;belgrano;Departamento;Alquiler 2 ambientes en Belgrano;600000;160000;Avenida del Libertador 5600;3390;2;1;;https://www.argenprop.com/departamento-en-alquiler-en-belgrano-c-2-ambientes--18885963;46;Corredor responsable: vanesa karina mayo gonzalez cmcpsi 6468 / cucicba 8074 - contacto: agustina fernandez maujo departamento 2 ambientes en alquiler belgrano capital federal libertador departamento de 36 m² ubicado en zona premium de belgrano, sobre avenida del libertador. Propiedad estratégicamente situada en el sexto piso de edificio de nueve niveles. Características principales: living-comedor integrado, dormitorio con aire acondicionado , cocina independiente y baño completo. Ubicación privilegiada con acceso inmediato a: - estación belgrano c del tren mitre - metrobús del libertador - múltiples líneas de transporte público condiciones de alquiler: - contrato a dos años con ajuste trimestral por ipc - requisitos: * mes de adelantado * mes de depósito * seguro de caución ( o ) * demostración de ingresos * seguro contra incendio rau s.R.L. No ejerce el corretaje inmobiliario. El presente sitio web es una plataforma en donde cada oficina inmobiliaria independiente que contrata los servicios re/max puede publicar las propiedades a su cargo. Cada oficina es de propiedad y gestión independiente, por lo que rau s.R.L. No interviene en los datos de la publicación, en la operación inmobiliaria, ni en la confección y/o firma del boleto de compraventa y/o escritura y/o contrato de alquiler. En cumplimiento de las leyes vigentes que regulan el corretaje inmobiliario, ley nacional 25.028, ley 22.802 de lealtad comercial, ley 24.240 de defensa al consumidor, las normas del código civil y comercial de la nación y constitucionales, los agentes/gestores no ejercen el corretaje inmobiliario. Todas las operaciones inmobiliarias son objeto de intermediación y conclusión por parte del corredor público inmobiliario colegiado a cargo de la publicación, cuyos datos se exhiben en la presente. La presente publicación describe las características esenciales del inmueble, debiéndose consultar al corredor público inmobiliario responsable de la operación por la eventual actualización de las medidas, descripciones arquitectónicas y funcionales, valores de expensas, servicios, impuestos, precios y demás información, cuyos valores son aproximados. Para los casos de alquiler de vivienda, el monto máximo de comisión que se le puede requerir a los propietarios será el equivalente al cuatro con quince centésimos por ciento (4,15%) del valor total del respectivo contrato. Se encuentra prohibido cobrar a los inquilinos que sean personas físicas comisiones inmobiliarias y gastos de gestoría de informes. El inmueble no es accesible para personas con discapacidades físicas.;0;Visto
argenprop;belgrano;Departamento;Departamento en alquiler;690000;208000;Arcos al 2700;40;2;1;;https://www.argenprop.com/departamento-en-alquiler-en-belgrano-2-ambientes--18908792;12;Hermoso departamento de 2 ambientes al frente con balcón aterrazado, cocina independiente, dormitorio con placard. Excelente estado y ubicación en cumplimiento a la ley 5115, se informa que el inmueble no es accesible para personas con discapacidades físicas. Ley 5858 - art.5 se encuentra prohibido cobrar comisiones inmobiliarias y gastos de gestoría de informes a los inquilinos que sean personas físicas. Para los casos de alquiler de vivienda, el monto máximo de comisión que se puede requerir a los propietarios será el equivalente al cuatro quince centésimos por ciento (4,15%) del valor total del respectivo contrato. Cucicba mat. No 27/67;0;Visto
argenprop;belgrano;Departamento;ALQUILER Hermosa oficina o departamento consultorio · Apto profesional · La mejor zona!;700000;240000;Soldado de la Independencia al 1100 (Lacroze y Olleros);34;;;1;https://www.argenprop.com/departamento-en-alquiler-en-belgrano-1-ambiente--18919310;12;Para ocupar desde 1/3/2026. Apto profesional. Vivienda u oficina. Departamento u oficina en inmejorable ubicación: soldado de la independencia entre lacroze y olleros. Hermosa unidad al contrafrente super luminoso, en excelente edificio de categoria con vigilancia las 24 horas (sistema tótem), piscina y solarium. Originalmente amplio ambiente único en l (7x4.30/3) con salida a balconcito (1x1), cocina cerrada (2x1) con anafe eléctrico, baño completo. Hoy se encuentra dividida en 3 pequeños despachos mas recepción. Posibilidad en convertir en ambiente único. Características: aire acondicionado frío/calor. Portero visor. Edificio corporativo con frente de curtain wall. Filippo propiedades;0;Visto
argenprop;belgrano;Departamento;DEPARTAMENTO 2 AMBIENTES - BELGRANO C/CHICO/BARRANCAS, CAPITAL FEDERAL;750000;159000;ROOSEVELT FRANKLIN D 1900, Piso 3;42;2;1;;https://www.argenprop.com/departamento-en-alquiler-en-belgrano-c-2-ambientes--18957248;35;Departamento en 2 ambientes en contrafrente, luminoso, el balcón ha sido integrado al living comedor cocina amplia con lavadero incorporado y comedor diario, calefón y estufa, ventilador en dormitorio edificio de 5 pisos con un ascensor, 2 unidades por piso, terraza común con tendedero. Se entrega pintado íntegramente, el baño tiene un alisado en cemento gris oscuro, de excelente terminación, ventilación por ventana,, bañera enlozada, apliques de luz modernos, piso flotante aysa incluida en las expensas! Ley 5859 . Art 5 se encuentra prohibido cobrar comisiones inmobiliarias y gastos de gestoria de informes a los inquilinos que sean personas físicas. Para los casos de alquiler de vivienda, el monto máximo de comisión que se le puede requerir a los propietarios será el equivalente al cuatro con quince centésimos por ciento (4,15%) del valor total del respectivo contrato. Ley 5115. Rampa de acceso accesibilidad . No posee. Mat. Cpi 595 superficie total uso propio uf: 48 m2 superficie semicubierta: 2.5 m2 luminosidad: 10 calefacción: otro tipo aire acondicionado: otro tipo agua caliente: calefon superficie de balcones: 4 m2 categoría del edificio: buena impuesto inmobiliario: 22168 mes de expensas: enero tipo de palier: s.Priv. Oferta provista por sistema som - codigo: bli2838;0;Visto
argenprop;belgrano;Departamento;Departamento en Belgrano;680000;150000;Balbín al 2500;30;;;1;https://www.argenprop.com/departamento-en-alquiler-en-belgrano-1-ambiente--18957303;10;Excelente, lindísimo monoambiente, muy luminoso, balcón con vista panorámica. Cocina a gas y con muy buen espacio de guardado anafe de 4 hornallas y horno, conexión para lavarropas o lavaplatos. Baño completo con bañadera. En edificio de categoría, con piscina, sum, lavandería, parrilla, deck con baño completo con ducha. Excelente ubicación entre monroe y roosevelt, a cinco cuadras de cabildo, metrobus y línea d de subte. Condiciones de ingreso: ingresos demostrables, seguro de caución o garantía propietaria de familiar directo. Listo para entrar, impecable.;0;Visto
argenprop;belgrano;Departamento;Alquiler Depto para vivienda u oficina en Belgrano;700000;190000;Av. Libertador al 5900;42;;1;;https://www.argenprop.com/departamento-en-alquiler-en-belgrano-c-1-ambiente--18959273;5;Monoambiente al frente sobre av. Del libertador excelente estado luminoso monoambiente al frente, ubicado en el tercer piso sobre avenida del libertador, en una zona comercial en pleno crecimiento, con centro comercial cercano y múltiples medios de transporte. La unidad se encuentra en excelente estado, con una distribución funcional y moderna. Cuenta con cocina integrada, aire acondicionado y muy buena entrada de luz natural durante todo el día. Ideal tanto para vivienda como para uso profesional u oficina, gracias a su ubicación estratégica y entorno dinámico. El edificio dispone de una terraza con parrilla de uso común, perfecta para disfrutar al aire libre y sumar un valor diferencial. Ubicación privilegiada apto vivienda u oficina muy luminoso excelente conectividad una oportunidad ideal para vivir o trabajar en una de las avenidas más buscadas de la ciudad. Kluk soluciones inmobiliarias tel celular: http: www.Klukprop.Ar email:;0;Visto
argenprop;belgrano;Departamento;HERMOSO DEPARTAMENTO 2 AMBIENTES EN ALQUILER;620000;250000;Roosevelt al 2168 4° E;;2;1;1;https://www.argenprop.com/departamento-en-alquiler-en-belgrano-2-ambientes--18963129;40;Hermoso departamento 2 ambientes en alquiler living comedor super luminoso con salida al balcón. Cómoda cocina con conexión para lavarropas. Dormitorio con placard empotrado. Baño completo. Aire acondicionado frío/calor. Condiciones: contrato a 2 años. Ajuste trimestral según índice ipc. Depósito: dólares 620. 1 mes de adelanto. Acepta garantía o seguro de caución. Ingresos demostrables en blanco. Excelente ubicación: a 2 cuadras de av. Cabildo y a 4 cuadras del subte línea d estación congreso de tucumán. Expensas: $250.000 (incluye aysa). Abl: $20.000. Superficie total: 40 m2 aprox. Bienvende amelia claro debora vanesa fernandez claro cucicba 3236 * toda la información y medidas provistas son aproximadas y deberán ratificarse con la documentación pertinente y no compromete contractualmente a nuestra empresa. Los gastos expresados (expensas, abl, aysa, entre otros) se refieren a la última información recabada y podrán ser revisados y confirmados a solicitud del interesado ante cualquier negociación * * para los casos de alquiler de vivienda, el monto máximo de comisión que se le puede requerir a los propietarios será el equivalente al cuatro con quince centésimos por ciento (4,15%) del valor total del respectivo contrato. Se encuentra prohibido cobrar a los inquilinos que sean personas físicas comisiones inmobiliarias y gastos de gestoría de informes. (Ley 5859)*;0;Visto
argenprop;coghlan;Departamento;Amplio monoambiente con amenities;730000;175000;MONROE 3600, Piso 3;43;;;1;https://www.argenprop.com/departamento-en-alquiler-en-coghlan-1-ambiente--18938616;8;Amplio monoambiente en alquiler con balcon y amenities descripcion amplisimo y muy luminoso monoambiente en alquiler ubicado sobre avenida monroe, en el barrio de villa urquiza, dentro de un edificio moderno que ofrece una completa propuesta de amenities, entre los que se destacan un amplio sum con cocina y baño, terraza con parrillas, piscina, solarium y servicio de laundry. La unidad cuenta con una superficie total de 49 m², de los cuales 43 m² son cubiertos, lo que permite una distribucion comoda y funcional, ideal para quienes buscan amplitud en un monoambiente. El edificio posee aproximadamente ocho años de antigüedad y cuenta con dos ascensores modernos, brindando comodidad y calidad en cada detalle. El departamento se destaca por su gran ventanal de hojas corredizas que brinda una excelente entrada de luz natural durante todo el dia y permite el acceso a un balcon al frente, con vista abierta. El ambiente principal es amplio y versatil, con pisos de porcelanato y espacio suficiente para sectorizar area de estar, comedor y dormitorio. La cocina se encuentra integrada, equipada con muebles bajo mesada y alacenas, mesada de granito, horno a gas natural y conexion para lavarropas. Cuenta ademas con placard de generosas dimensiones con puertas corredizas y un baño completo con bañera. La unidad dispone de aire acondicionado frio/calor. Ubicacion excelente ubicacion sobre av. Monroe, entre melian y washington, en villa urquiza a pocas cuadras de av. Olazabal y av. Congreso. Zona con comercios, supermercados, restaurantes, cafes, parques y cercania al hospital pirovano. Medios de transporte colectivos: 19, 41, 67, 76, 107, 114, 133, 169 tren: estacion coghlan - linea mitre contactanos / 5215 whatsapp: av. Mosconi 3467 - villa devoto - caba cucicba m.N. 7317 - werba inmuebles se deja constancia que las medidas publicadas son aproximadas y a solo efecto orientativo. Las reales surgiran del titulo de propiedad respectivo. El precio puede ser modificado sin previo aviso. Fotos de caracter no contractual. Ley 5115: la propiedad es apta para personas con discapacidad. Para los casos de alquiler de vivienda, el monto máximo de comisión que se le puede requerir a los propietarios será el equivalente al cuatro con quince centésimos por ciento (4,15%) del valor total del respectivo contrato. Se encuentra prohibido cobrar a los inquilinos que sean personas físicas comisiones inmobiliarias y gastos de gestoría de informes. Aviso legal: las descripciones, fotos, renders, medidas, condiciones, valores de expensas, servicios e impuestos son aproximados. El interesado debera realizar las verificaciones respectivas previamente a la realizacion de cualquier operacion. Werba inmuebles queda a su entera disposicion para brindarle toda la informacion requerida.;60;Visto
argenprop;coghlan;Departamento;Alquiler Monoambiente con Balcón | Súper Luminoso | a 1 Cuadra de Estación Coghlan;500000;100000;Manuel Ugarte 3800;;;;1;https://www.argenprop.com/departamento-en-alquiler-en-coghlan-1-ambiente--18971960;40;Excelente monoambiente en alquiler, ubicado en una de las zonas más tranquilas y bien conectadas de coghlan, a solo una cuadra de la estación de tren, la plaza y av. Congreso. La unidad se destaca por su orientación norte, lo que le brinda gran luminosidad y ventilación natural durante todo el día. Cuenta con piso de parquet, cocina separada, baño completo, lavadero independiente y un balcón cómodo, ideal para disfrutar del aire libre. Superficie total: 26,53 m² cubierta: 21,69 m² semicubierta: 0,81 m² balcón: 4,03 m² edificio de aproximadamente 40 años de antigüedad, con encargado permanente (24 hs con teléfono para emergencias). Precio: $500.000 expensas: $100.000 (incluyen agua – aysa) agip: $9.500 (última cuota 2025) ? Contrato por 1 año, con posibilidad de renovación ? Inquilino no abona honorarios inmobiliarios caba cucicba: 5165 provincia cmcpsi: 4971;10;Visto
argenprop;coghlan;Departamento;Departamento en alquiler en Coghlan, 2 amb luminoso, vigilancia, pileta;700000;260000;Washington 2500, Piso 6;45;2;1;;https://www.argenprop.com/departamento-en-alquiler-en-coghlan-2-ambientes--18931464;15;Hermoso departamento de 2 ambientes con balcón aterrazado, en torre con amenities y vigilancia 24hs. Ubicado a 2 cuadras de la estación de tren de coghlan, a mts de av. Monroe y a pocas cuadras de av. Balbín. El departamento tiene una gran vista abierta. Cuenta con living comedor a un balcón aterrazado , cocina separada con lavadero integrado, dormitorio y baño completo. El departamento tiene piso de porcelanato simil madera nuevo y está recién pintado. El complejo tiene jardín, pileta, juego para niños, pileta de bebés y duchas imperdible;9;Visto
argenprop;coghlan;Departamento;Departamento en Coghlan;600000;140000;Congreso al 3000 - 2° AL FRENTE;28;12;1;;https://www.argenprop.com/departamento-en-alquiler-en-coghlan-1-ambiente--18578576;5;Departamento 1 1/2 || alquiler || coghlan || frente excelente departamento al frente, súper luminoso y en una ubicación inmejorable del barrio de coghlan. A metros de av. Balbín, cercano a estación de tren, metrobus y comercios de la zona. Características: 1 12 ambiente cómodo y bien distribuido con separacion vidriada cocina integrada baño completo balcón al frente placard muy buena luz natural piso 2, vista abierta mascotas : no exp nov.25 $ 140.000 condiciones del contrato valor inicial $ 600.000/mes contrato por 2 años incremento cuatrimestral (4 meses) índice de ajuste ipc deposito en dólares billete u$s 500 a cargo del inquilino: luz, gas, agip, expensas comunes y aysa requisitos (inquilino) justificación de ingresos (recibos de sueldo) unicamente garantía propietaria de caba / seguro de caucion posibilidad de alquilar cochera en el edificio podemos mostrarlo en cualquier horario indicar en su consulta el día y hora que desea coordinar la visita. Se aceptan propiedades en parte pago, permuta (solo para publicaciones de venta) propiedad no condicionada a la compra. Operaciones simultaneas (solo para publicaciones de venta) tasaciones profesionales. Vivir propiedades - desde 1985 - matricula cucicba n 189 horarios de atención en of: lunes a viernes de 10 a 13 hs. Y de 14:30 a 18:30hs. Sábados de 10 a 13 hs. Mostramos de lunes a lunes coordinando horarios;1;Visto
argenprop;coghlan;Departamento;2 AMBIENTES / ALQUILER / COGHLAN FRENTE CON TOILETTE;790000;190000;Pedro Rivera y Conesa;46;2;1;;https://www.argenprop.com/departamento-en-alquiler-en-coghlan-2-ambientes--18890713;6;Gran edificio en esquina excelente 2 ambientes al frente con salida a balcon corrido. Muy luminoso piso alto estar comedor con cocina integrada. Mueblas bajo mesada y anafe de 4 hornallas. 1 dormitorios mas 1 baño completo y toillete de recepcion el edificio cuenta con solarium, parrilla, y laundry. Requisitos alquiler . Garantia propietaria de caba o provincia familia directo o seguro caucion . Comprobantes de ingresos .1 mes adelantado + 1 mes de deposito *se deja constancia que las medidas (tanto totales como parciales), superficies, m2 y proporciones indicadas en el presente son aproximadas y sujetas a verificación, variación y/o ajuste. El precio de la presente operación y/o de las expensas aquí indicadas están sujetos a modificación sin previo aviso. David melamud propiedades matricula cucicba 7794;1;Visto
argenprop;coghlan;Departamento;Departamento en alquiler - 1 Dormitorio 1 Baño - Coghlan;750000;150000;Nahuel Huapi 3977 y Tronador;43;;1;;https://www.argenprop.com/departamento-en-alquiler-en-coghlan-2-ambientes--18717408;40;_ Departamento de un dormitorio en alquiler ubicado sobre calle nahuel huapi y tronador (coghlan, ciudad autónoma de buenos aires). Desarrollado en planta baja, con disposición interna y orientación al sur. _ El mismo posee cocina equipada con muebles sobre y bajo mesada, living comedor, un dormitorio con placard empotrado y un baño completo. Luminoso, cuenta con balcón y muy buena ventilación natural. _ La propiedad tiene una superficie total de aproximadamente 50mts2, de los cuales 43mts2 son cubiertos. _ Las expensas al 20/12/2025 son de aproximadamente $150.000. Yacoub | construimos confianza innovación | calidad | sustentabilidad | diseño 70 mil metros cuadrados | 23 torres la información descripta en el presente aviso es meramente orientativa y no forma parte de ningún tipo de documentación contractual. Los datos enunciados fueron proporcionados por los propietarios y pueden arrojar inexactitudes, las superficies definitivas surgirán del título de propiedad del inmueble referido. Se deja constancia de que los valores y/o expensas pueden estar sujetas a verificación o ajuste. Lo que estás buscando lo tenemos | estés donde estés vendemos en todos lados.;0;Visto
argenprop;coghlan;Departamento;Alquiler de Impecable Monoambiente apto profesional;700000;150000;Quesada al 3000;34;;1;;https://www.argenprop.com/departamento-en-alquiler-en-coghlan-1-ambiente--18939749;5;"Disponible a partir del 1 de febrero de 2026 moderno edificio de cuatro pisos, con hermosa fachada en hormigón. Ubicado en excelente zona, a una cuadra de avda congreso y de avda balbín. Todos los medios de transportes. Amplio monoambiente, en contrafrente, súper luminoso y muy tranquilo. Cocina completa, con bajo mesada y alacena. Horno domec, spar y anafe, todos eléctricos; espacio para heladera. Piso legno símil madera. Amplio espacio de guardado. Moderno y completo baño. Balcón abierto al contrafrente. Conexión para aire acondicionado. Espacio de parking para bicicletas. Terraza de uso común, parrilla, baño y solarium. Todas las medidas son aproximadas y a título descriptivo. Para más información, llámanos al: . Aviso publicado por inhouse bienes raíces .";0;Visto
argenprop;coghlan;Departamento;Alquiler Departamento Monoambiente Coghlan;650000;175000;Franklin Delano Roosevelt 3300;3703;;;1;https://www.argenprop.com/departamento-en-alquiler-en-coghlan-1-ambiente--18969170;19;Corredor responsable: ariel champanier cucicba 4330 / andrea berré cmcpsi 6763 - contacto: eduardo cafferata ¡Cómodo y funcional ambiente único en primer piso con gran ventanal a contrafrente muy luminoso y super silencioso! Cocina integrada con barra desayunadora. Placard con lugar de guardado. Amplio baño completo. Pequeño patio interno. Gran balcón con deck en madera. Calefacción por piso radiante eléctrico, con tres reguladores individuales por sectores (1 en sector cocina/desayunador, 1 en ambiente y uno en el baño) anafe y horno eléctricos de primera calidad. Aire acondicionado f/c agua caliente central. Cortinas black out rollers el edificio cuenta con pileta, terraza, laundry y sum (completamente equipado y con wifi) con balcón terraza y parrilla en el último piso. ¡Excelente ubicación! Zona residencial muy tranquila, que al estar a 100 metros de monroe ofrece gran variedad de comercios (incluyendo un hipermercado) cercano al pirovano, a dos cuadras de av. Balbín, a nueve de av. Cabildo y a once de la estación de subte congreso de tucumán línea ¨d.¨ A metros de av. Monroe y a dos cuadras de av. Congreso. Condiciones: contrato a 2 años, ajustable trimestralmente por icl garantía: financiera (garantía express). No se acepta garantía propietaria ni recibos de sueldo ingresos demostrables. Depósito en garantía: u$d 600 (dólares billetes estadounidenses seiscientos) totalidad expensas y abl a cargo del locatario mascotas: consultar rau s.R.L. No ejerce el corretaje inmobiliario. El presente sitio web es una plataforma en donde cada oficina inmobiliaria independiente que contrata los servicios re/max puede publicar las propiedades a su cargo. Cada oficina es de propiedad y gestión independiente, por lo que rau s.R.L. No interviene en los datos de la publicación, en la operación inmobiliaria, ni en la confección y/o firma del boleto de compraventa y/o escritura y/o contrato de alquiler. En cumplimiento de las leyes vigentes que regulan el corretaje inmobiliario, ley nacional 25.028, ley 22.802 de lealtad comercial, ley 24.240 de defensa al consumidor, las normas del código civil y comercial de la nación y constitucionales, los agentes/gestores no ejercen el corretaje inmobiliario. Todas las operaciones inmobiliarias son objeto de intermediación y conclusión por parte del corredor público inmobiliario colegiado a cargo de la publicación, cuyos datos se exhiben en la presente. La presente publicación describe las características esenciales del inmueble, debiéndose consultar al corredor público inmobiliario responsable de la operación por la eventual actualización de las medidas, descripciones arquitectónicas y funcionales, valores de expensas, servicios, impuestos, precios y demás información, cuyos valores son aproximados. Para los casos de alquiler de vivienda, el monto máximo de comisión que se le puede requerir a los propietarios será el equivalente al cuatro con quince centésimos por ciento (4,15%) del valor total del respectivo contrato. Se encuentra prohibido cobrar a los inquilinos que sean personas físicas comisiones inmobiliarias y gastos de gestoría de informes. El inmueble es accesible para personas con discapacidades físicas.;0;Visto
argenprop;coghlan;Departamento;DEPARTAMENTO MONOAMBIENTE DIVIDIDO A ESTRENAR;700000;150000;Estomba 3200, Piso 2;54;2;;2;https://www.argenprop.com/departamento-en-alquiler-en-coghlan-1-ambiente--19018006;;"Se trata de un excelente departamento monoambiente amplio y dividido con balcón. Super cómodo y luminoso. Está ubicado en el barrio de coghlan. Es un semipiso, con superficie y distribución de un 2 ambientes. Al frente, segundo piso y muy amplio. Cuenta con una cocina con muebles modernos, un toilette y un baño completo. Todo eléctrico. Dos aires acondicionados frio calor. Agua caliente por caldera central. Superficie total 58 m2 superficie cubierta 54 m2 colectivos cercanos: 29, 41, 67, 71, 76, 130, 169 comuna: comuna 12 consúltanos para coordinar una visita. ""Se deja constancia que los m2 y la antigüedad son aproximados, al igual que las medidas parciales y el valor consignado de las expensas mensuales (en caso de que corresponda pago de expensas) están sujetos a verificación y/o ajustes, el precio del inmueble puede ser modificado sin previo aviso. En el caso de tratarse de un inmueble en construcción los detalles de terminación y la fecha de entrega están sujetos a revisión. Fotos de carácter no contractual. Las unidades publicadas están sujetas a disponibilidad. Gonzalez neira inmuebles actúa solamente en carácter de comercializadora de los inmuebles ofrecidos. En caso de tratarse de un terreno, la información de m2 construibles es orientativa, debiendo ser constatada por el interesado."" Gerardo hugo gonzalez cucicba mat n° 405 sebastian gonzalez cucicba mat n° 2680";0;Visto
argenprop;coghlan;Departamento;ALQUILER DPTO MONOAMBIENTE BELGRANO EXC UBICACION;650000;140000;Franklin Delano Roosevelt 3200;3170;;;1;https://www.argenprop.com/departamento-en-alquiler-en-coghlan-1-ambiente--19027175;;Corredor responsable: marcelo trujillo cucicba 6470 / cmcpdjlm 810 - contacto: dolores levato monoambiente a estrenar en alquiler en el exclusivo barrio de belgrano. El equipo de remax ofrece moderno y luminoso departamento con amplio balcón que permite excelente ingreso de luz natural y ventilación. El ambiente principal cuenta con placard de guardado y aire acondicionado frío , ademas cuenta con sistema de calefacción central dual pudiendo graduar la temperatura de forma individual, garantizando confort durante todo el año. La cocina está equipada con anafe y cocina eléctrica, integrada de manera funcional al espacio. Baño completo con terminaciones de calidad. Cuenta con puerta blindada pentagono. Ubicación estratégica, cercano a importantes avenidas que brindan excelente conectividad con múltiples líneas de tren, subte y colectivos. A pasos de una destacada área comercial con amplia oferta gastronómica y de servicios. El edificio cuenta con laundry industrial, aportando practicidad y comodidad a la vida diaria. Ideal para quienes buscan vivir en una zona dinámica, con excelente accesibilidad y todas las comodidades. Condiciones de ingreso: mes de deposito mes de adelanto seguro de caucion rau s.R.L. No ejerce el corretaje inmobiliario. El presente sitio web es una plataforma en donde cada oficina inmobiliaria independiente que contrata los servicios re/max puede publicar las propiedades a su cargo. Cada oficina es de propiedad y gestión independiente, por lo que rau s.R.L. No interviene en los datos de la publicación, en la operación inmobiliaria, ni en la confección y/o firma del boleto de compraventa y/o escritura y/o contrato de alquiler. En cumplimiento de las leyes vigentes que regulan el corretaje inmobiliario, ley nacional 25.028, ley 22.802 de lealtad comercial, ley 24.240 de defensa al consumidor, las normas del código civil y comercial de la nación y constitucionales, los agentes/gestores no ejercen el corretaje inmobiliario. Todas las operaciones inmobiliarias son objeto de intermediación y conclusión por parte del corredor público inmobiliario colegiado a cargo de la publicación, cuyos datos se exhiben en la presente. La presente publicación describe las características esenciales del inmueble, debiéndose consultar al corredor público inmobiliario responsable de la operación por la eventual actualización de las medidas, descripciones arquitectónicas y funcionales, valores de expensas, servicios, impuestos, precios y demás información, cuyos valores son aproximados. Para los casos de alquiler de vivienda, el monto máximo de comisión que se le puede requerir a los propietarios será el equivalente al cuatro con quince centésimos por ciento (4,15%) del valor total del respectivo contrato. Se encuentra prohibido cobrar a los inquilinos que sean personas físicas comisiones inmobiliarias y gastos de gestoría de informes. El inmueble no es accesible para personas con discapacidades físicas.;0;Visto
argenprop;colegiales;Departamento;MONOAMBIENTE 8X4. CTFTE.BALCON.PISCINA.GYM.PARRILLA.BAUL.;650000;170000;Palpa 2400 , Piso 2;35;;;1;https://www.argenprop.com/departamento-en-alquiler-en-colegiales-1-ambiente--18962386;12;Bonito monoambiente de 8 x 4. Aire acondicionado. Cocina integrada equipada balcon de 4 x 1,20. Baño completo. Amenities: gran pileta, gimnasio, yacuzzi, parrilla, y seguridad nocturna próximo a cabildo, subte se puede visitar a partir del 1/3 (estará ocupado hasta fines de febrero) el propietario no acepta mascotas. Condiciones: mes adelantado. 1 mes de depósito. Demostración de ingresos que tripliquen el importe a abonar entre alquiler y expensas. Garantía propietaria de caba (solo de caba) o . Contrato: 2 años. Actualización: trimestral índice ipc. Ambientes: pileta salón usos múltiples impuestos a cargo de: inquilino agua a cargo de: inquilino;30;Visto
argenprop;colegiales;Departamento;Departamento en alquiler 2 ambientes con balcón en colegiales.;600000;210000;Av. Federico Lacroze al 3100;30;2;1;;https://www.argenprop.com/departamento-en-alquiler-en-colegiales-2-ambientes--18814344;35;Departamento en alquiler 2 ambientes con balcon en colegiales sobre la av. Federico lacroze la propiedad esta ubicada en un segundo piso, el edificio cuenta con 15 pisos 8 uf por piso. El departamento consta con living comedor con salida al balcon, cocina, dormitorio con placard empotrado y baño. * Caracteristicas a destacar: - muy luminoso. - Excelente ubicacion. - Buena distribucion de los espacios. Transportes cercanos colectivos: 19, 39, 42, 44, 63, 65, 90, 93, 140, 151, 168, 176, 184;1;Visto
argenprop;colegiales;Departamento;LUMINOSO 2 amb en COLEGIALES - EXCELENTE UBICACIÓN con espacio guardacoche;790000;162000;Palpa al 3100;35;2;1;;https://www.argenprop.com/departamento-en-alquiler-en-colegiales-2-ambientes--19004280;30;Lindísimo departamento, de dos ambientes, piso alto con vista abierta en toda la unidad. Calle tranquila lindisimo barrio, en pleno colegiales. Espacio guardacoche. Living con balcón francés super luminoso, dormitorio con balcón con lindos atardeceres , baño con luz natural y cocina con lavadero separado, en muy buen estado. Cuenta con espacio guardacoche. Servicios individuales. La expensas incluyen aysa y expensas de la cochera. Contrato a dos años indexado cada 3 meses por ipc. Las medidas son aproximadas y deberán confirmarse con el título y documentación correspondiente. Esta publicación es informativa y está sujeta al cumplimiento del coti por parte del propietario;1;Visto
argenprop;colegiales;Departamento;Alquiler Departamento Colegiales 2 ambientes;800000;188300;Federico lacroze al 3100;45;2;1;;https://www.argenprop.com/departamento-en-alquiler-en-colegiales-2-ambientes--19017217;30;Departamento de 2 ambientes en alquiler en el barrio de colegiales, ubicado en una zona estratégica, con excelente conectividad y cercanía a comercios, servicios y medios de transporte. La unidad se destaca por su muy buena iluminación natural, su estado impecable y una distribución cómoda y funcional, ideal para quienes buscan confort y practicidad. Características del departamento: living comedor luminoso, con excelente entrada de luz natural. Cocina independiente con horno y cocina a gas. Calefacción por gas. Dormitorio cómodo, bien ventilado y luminoso. Conexiones preparadas para instalación de aire acondicionado. Excelente estado general, listo para habitar. Transportes cercanos: colectivos: 19, 39, 42, 44, 63, 65, 90, 93, 140, 151, 168, 176, 184 una muy buena opción para quienes buscan vivir en un barrio tranquilo, bien conectado y con excelente luz natural. Las medidas y superficies son aproximadas, al igual que las expensas, y están sujetas a verificación y/o ajuste. El precio del inmueble puede estar sujeto a modificaciones sin previo aviso. Las fotografías son de carácter no contractual. Para obtener más información o concertar una visita, no dudes en contactarnos. Tasaciones profesionales corredor responsable: luciano zuker - mat 4081 - cucicba.;1;Visto
argenprop;colegiales;Departamento;Departamento en Colegiales;800000;243000;Zapiola al 600;48;3;2;;https://www.argenprop.com/departamento-en-alquiler-en-colegiales-3-ambientes--18701208;30;"Departamento 3 ambientes en alquiler colegiales luminoso y funcional departamento de 3 ambientes, ubicado en una zona residencial y bien conectada del barrio de colegiales. Cuenta con living-comedor con piso de parquet y salida a balcón, ideal para disfrutar del aire libre. La cocina es independiente, con lavadero incorporado, cómoda y bien ventilada. Dispone de dos dormitorios con placard, ambos con aire acondicionado, y ventiladores de techo en todos los ambientes, brindando confort durante todo el año. El departamento posee un baño completo, en buen estado. Excelente ubicación, con rápido acceso a medios de transporte: líneas de colectivos cercanas y estación colegiales del tren mitre a pocas cuadras. Ideal para quienes buscan tranquilidad, buena conectividad y un departamento cómodo para vivir. Medios de trasporte: colectivos: 151, 168, 42, 63, 184 tren mitre, estación colegiales subte linea d se deja onstancia que los m2 son aproximados, al igual que las medidas parciales de los ambientes, y el valo consignado de las expensas mensuales esta sujeto a verificación y/o ajustes, el precio del inmueble puede ser modificado sin previo aviso. Fotos de carácter no contractual. Las unidades publicadas están sujetas a disponibilidad. Vremont actúa solamente en carácter de comercializadora de los inmuebles ofrecidos. En el cumplimiento de la ley nacional 25.028, ley 22.802 de lealtad comercial. Ley 24.240 de defensa al consumidor, las normas del código civil y comercial de la nación y constitucionales. Los agentes no ejercen el corretaje inmobiliario. Ley 5859-art. 4: ""para los casos de alquiler de vivienda, el monto máximo de comisión que se le puede requerir a los propietarios será el equivalente al cuatro con quince centésimos por ciento (4,15%) del valor total del respectivo contrato. Se encuentra prohibido cobrar a los inquilinos que sean personas físicas comisiones inmobiliarias"".(En caso de ser alquiler) ley 5115- art. 1: el inmueble publicado es accesible para personas con capacidades físicas reducidas. (En caso de no ser accesible). Vremont rozenblat matricula cucicba 2875 cpi adolfo rozenblat vremont rozenblat cucicba 2875. Desde 1977 tasaciones reales venta, alquileres de inmuebles y administraciones de alquileres compra y venta simultanea vremont rozenblat dra. Elsa munoz rozenblat abogada cucicba 5077 / .";0;Visto
argenprop;colegiales;Departamento;Departamento en Colegiales;800000;243000;Zapiola al 600;48;3;2;;https://www.argenprop.com/departamento-en-alquiler-en-colegiales-3-ambientes--18701223;30;"Departamento 3 ambientes en alquiler colegiales luminoso y funcional departamento de 3 ambientes, ubicado en una zona residencial y bien conectada del barrio de colegiales. Cuenta con living-comedor con piso de parquet y salida a balcón, ideal para disfrutar del aire libre. La cocina es independiente, con lavadero incorporado, cómoda y bien ventilada. Dispone de dos dormitorios con placard, ambos con aire acondicionado, y ventiladores de techo en todos los ambientes, brindando confort durante todo el año. El departamento posee un baño completo, en buen estado. Excelente ubicación, con rápido acceso a medios de transporte: líneas de colectivos cercanas y estación colegiales del tren mitre a pocas cuadras. Ideal para quienes buscan tranquilidad, buena conectividad y un departamento cómodo para vivir. Medios de trasporte: colectivos: 151, 168, 42, 63, 184 tren mitre, estación colegiales subte linea d se deja onstancia que los m2 son aproximados, al igual que las medidas parciales de los ambientes, y el valo consignado de las expensas mensuales esta sujeto a verificación y/o ajustes, el precio del inmueble puede ser modificado sin previo aviso. Fotos de carácter no contractual. Las unidades publicadas están sujetas a disponibilidad. Vremont actúa solamente en carácter de comercializadora de los inmuebles ofrecidos. En el cumplimiento de la ley nacional 25.028, ley 22.802 de lealtad comercial. Ley 24.240 de defensa al consumidor, las normas del código civil y comercial de la nación y constitucionales. Los agentes no ejercen el corretaje inmobiliario. Ley 5859-art. 4: ""para los casos de alquiler de vivienda, el monto máximo de comisión que se le puede requerir a los propietarios será el equivalente al cuatro con quince centésimos por ciento (4,15%) del valor total del respectivo contrato. Se encuentra prohibido cobrar a los inquilinos que sean personas físicas comisiones inmobiliarias"".(En caso de ser alquiler) ley 5115- art. 1: el inmueble publicado es accesible para personas con capacidades físicas reducidas. (En caso de no ser accesible). Vremont rozenblat matricula cucicba 2875 cpi adolfo rozenblat vremont rozenblat cucicba 2875. Desde 1977 tasaciones reales venta, alquileres de inmuebles y administraciones de alquileres compra y venta simultanea vremont rozenblat dra. Elsa munoz rozenblat abogada cucicba 5077 / .";0;Visto
argenprop;colegiales;Departamento;Departamento en Alquiler de 2 Ambientes en Colegiales;800000;150000;Av Federico Lacroze al 3100;35;2;1;;https://www.argenprop.com/departamento-en-alquiler-en-colegiales-2-ambientes--18723179;50;"Departamento el alquiler de 2 ambientes en colegiales: importante!: No se alquila amoblado. (Las fotos son anteriores al estado actual. Hoy está vacío) *luminoso *piso 4 *la entrada es por av. Federico lacroze. El departamento da a calle freire *3 ascensores *cocina independiente con lavadero y ventilación natural *living-comedor con salida a balcón *baño completo con bañera *dormitorio con ventana a freire ubicación privilegiada en colegiales: *a 7 cuadras de av. Cabildo y lacroze y estación ""olleros"" de linea ""d"" de subte *a 3 cuadras de estación ""colegiales"" de tren mitre (retiro-mitre) *lineas de colectivo: 19, 39, 42, 44, 63, 65, 90, 93, 140, 151, 168, 176, 184 *barrio residencial con buena oferta comercial y educativa en cumplimiento a la ley 5115, se informa que el inmueble es accesible para personas con movilidad reducida o discapacidad física. Corredor interviniente: milagros sarachaga cucicba 7799 paolo menghi cucicba 9171 cmcpdjlm 1005 la tasación, intermediación y la conclusión de las operaciones sobre esta propiedad son actividades exclusivas de este corredor matriculado, conforme las previsiones de la ley 20.266, la ley caba 2340, la ley provincial 10.973 y sus modif. Y las normas reglamentarias dictadas por los colegios departamentales.";0;Visto
argenprop;colegiales;Departamento;Departamento en Colegiales;680000;150000;Avenida Federico Lacroze al 3100;;2;1;1;https://www.argenprop.com/departamento-en-alquiler-en-colegiales-2-ambientes--18730549;50;Se alquila departamento de dos ambientes en colegiales - muy buena oportunidad. Luminoso departamento ubicado sobre av. Federico lacroze, en una zona residencial con excelente conectividad y cercanía a medios de transporte, comercios y espacios verdes. Descripción: - al entrar nos encontramos con un amplio living-comedor, con pisos de parquet. - Hay salida a un balcón con vista abierta, lo que aporta gran luminosidad y ventilación natural. - La cocina es independiente, equipada con muebles bajo mesada y alacenas, cocina a gas. - Tiene baño completo. - El dormitorio cuenta con un espacio de guardado, y buena entrada de luz. - El departamento se encuentra en un piso alto, lo que garantiza vistas despejadas y buena circulación de aire. - No accesible para personas con movilidad reducida. Requisitos: - un mes de adelanto. - Un mes y medio de depósito en garantía. - Garantía de propiedad en caba o seguro de caución. - Recibo de sueldo o demostración de ingresos. - Aumento trimestral por ipc. - Contrato por 2 años. Ubicación:: - situado en una importante avenida, a 4 cuadras de la línea de tren mitre, a 4 cuadras de la avenida alvarez thomas y a 8 cuadras de avenida cabildo. No dudes en llamarnos para coordinar una visita. - Para los casos de alquiler de vivienda, el monto máximo de comisión que se le puede requerir a los propietarios será el equivalente al cuatro con quince centésimos por ciento (4,15%) del valor total del respectivo contrato. Se encuentra prohibido cobrar a los inquilinos que sean personas físicas comisiones inmobiliarias. - Rossetto desarrollos inmobiliarios - cucicba 8398 rossetto desarrollos inmobiliarios matricula cucicba 8398;0;Visto
argenprop;colegiales;Departamento;Departamento Monoambiente en alquiler - 1 Baño - Colegiales;530000;185000;Avenida Jorge Newbery e/ Zapiola y Capitán General Ramón Freire;29;;;1;https://www.argenprop.com/departamento-en-alquiler-en-colegiales-1-ambiente--18894150;16;_ Departamento monoambiente en alquiler ubicado sobre avenida jorge newbery entre zapiola y capitán general ramón freire (colegiales, ciudad autónoma de buenos aires). Desarrollado en tercer piso por ascensor, con disposición contra frente y orientación al sur. _ El mismo posee cocina equipada con muebles sobre y bajo mesada, un espacio principal con espacios de guardado empotrados y un baño completo. Luminoso, cuenta con balcón y muy buena ventilación natural. _ La propiedad tiene una superficie total de aproximadamente 32mts2, de los cuales 29mts2 son cubiertos. _ Las expensas al día 21/01/2026 son de aproximadamente $185.000. Yacoub | construimos confianza innovación | calidad | sustentabilidad | diseño 70 mil metros cuadrados | 23 torres la información descripta en el presente aviso es meramente orientativa y no forma parte de ningún tipo de documentación contractual. Los datos enunciados fueron proporcionados por los propietarios y pueden arrojar inexactitudes, las superficies definitivas surgirán del título de propiedad del inmueble referido. Se deja constancia de que los valores y/o expensas pueden estar sujetas a verificación o ajuste. Lo que estás buscando lo tenemos | estés donde estés vendemos en todos lados.;0;Visto
argenprop;colegiales;Departamento;Departamento - 2 ambientes - Amenities - Colegiales - ALQUILER;780000;115000;Maure al 3500;49;2;1;;https://www.argenprop.com/departamento-en-alquiler-en-colegiales-2-ambientes--18900416;2;Cómodo 2 ambientes con balcón, al contrafrente, 2 años de antiguedad. Ubicado estratégicamente en el barrio de colegiales. La propiedad cuenta con: - living comedor con cocina integrada. - Toilette de recepción. - Dormitorio en suite y vestidor equipado con placard amplio. - Aire acondicionado split frío-calor en el dormitorio. - Anafe eléctrico de 2 hornallas - hornito eléctrico instalado - espacio para heladera - cocina con amplio espacio de guardado en bajo mesada y alacenas. - Extractor de cocina. Edificio de consta de: - fachada con imagen moderna, materiales de hormigón armado a la vista, barandas de acero, vidrio y revestimientos plásticos texturados. - Hall de acceso.- Ascensor schindler de última generación. - Local comercial a la calle. - Amenities en piso 10 - sum c/parrilla eléctrica. - Laundry - solárium - pileta todas las imágenes, planos, descripciones, y características indicadas son meramente referenciales e ilustrativas y podrán ser modificadas sin previo aviso. Las superficies indicadas son estimadas. Las superficies y medidas definitivas surgirán del plano de mensura final aprobado oportunamente por el gcba. Las fechas de inicio de obra o posesión son estimadas, podrán ser reprogramadas por la dirección de obra y dependerán a su vez de un proceso de aprobaciones municipales u otros organismos intervinientes. Los precios indicados podrán modificarse sin previo aviso. El interesado deberá realizar las verificaciones respectivas previamente a la realización de cualquier operación, requiriendo por sí o sus profesionales las copias necesarias de la documentación que corresponda.;0;Visto
argenprop;colegiales;Departamento;ALQUILER MONOAMBIENTE COLEGIALES APTO PROFESIONAL;700000;150000;Conde 900;38;;;1;https://www.argenprop.com/departamento-en-alquiler-en-colegiales-1-ambiente--18963521;8;Corredor responsable: monica alejandra mazza cucicba 5609 / ezequiel luceti cmcpsi 6635 - contacto: hernán sangiácomo ubicado en pleno corazón de colegiales, rodeado de una zona baja y residencial, este monoambiente atípico y amplio, se encuentra en un tercer piso al contra frente, otorgándole una fantástica vista abierta y tranquilidad del entorno. El departamento es atípico en la disposición de su planta arquitectónica, apaisado y de grandes dimensiones, muy versátil para adaptarlo a vivienda o a una oficina, diseño, pose un balcón amplio lineal que es uno de los protagonistas, una enorme ventana lineal sobre el balcón permiten vivir con luz natural, tener vista permanente al afuera. Tiene un bañ0 completo, cocina integrada al espacio, todo es electrico, servicios individuales, el edifico tiene laundry, no tiene amenities. Muy agradable desde el ingreso al edificio, su diseño interior moderno, tiene ascensor, te permite vivir una experiencia de conexión con el entorno, en pleno corazón de colegiales rau s.R.L. No ejerce el corretaje inmobiliario. El presente sitio web es una plataforma en donde cada oficina inmobiliaria independiente que contrata los servicios re/max puede publicar las propiedades a su cargo. Cada oficina es de propiedad y gestión independiente, por lo que rau s.R.L. No interviene en los datos de la publicación, en la operación inmobiliaria, ni en la confección y/o firma del boleto de compraventa y/o escritura y/o contrato de alquiler. En cumplimiento de las leyes vigentes que regulan el corretaje inmobiliario, ley nacional 25.028, ley 22.802 de lealtad comercial, ley 24.240 de defensa al consumidor, las normas del código civil y comercial de la nación y constitucionales, los agentes/gestores no ejercen el corretaje inmobiliario. Todas las operaciones inmobiliarias son objeto de intermediación y conclusión por parte del corredor público inmobiliario colegiado a cargo de la publicación, cuyos datos se exhiben en la presente. La presente publicación describe las características esenciales del inmueble, debiéndose consultar al corredor público inmobiliario responsable de la operación por la eventual actualización de las medidas, descripciones arquitectónicas y funcionales, valores de expensas, servicios, impuestos, precios y demás información, cuyos valores son aproximados. Para los casos de alquiler de vivienda, el monto máximo de comisión que se le puede requerir a los propietarios será el equivalente al cuatro con quince centésimos por ciento (4,15%) del valor total del respectivo contrato. Se encuentra prohibido cobrar a los inquilinos que sean personas físicas comisiones inmobiliarias y gastos de gestoría de informes. El inmueble no es accesible para personas con discapacidades físicas.;0;Visto
argenprop;colegiales;Departamento;MONOAMBIENTE AL FRENTE A ESTRENAR;800000;122246;Teodoro García 2900;35;;1;;https://www.argenprop.com/departamento-en-alquiler-en-colegiales-1-ambiente--19005371;;Corredor responsable: monica alejandra mazza cucicba 5609 / ezequiel luceti cmcpsi 6635 - contacto: andres cicchilli monoambiente moderno y funcional, totalmente amoblado, ideal para quien busca practicidad y confort. Baño completo, cocina integrada eléctrica con termotanque individual. Muy bajas expensas condiciones de alquiler ajustado a ipc trimestral depósito: 2 meses por adelantado garantía: propiedad en caba o seguro de caución duración: 2 años listo para entrar a vivir. Con aire acondicionado frío/calor ya instalado! Muy buen espacio de guardado espacio común para guardar bicicletas transporte público cerca: líneas de colectivo: 152, 168, 59, 63 (a menos de 5 minutos a pie) estación de tren: tren mitre – estación colegiales línea de subte más cercana: subte d – estación olleros cercanías y ambiente del barrio: colegiales es un barrio tranquilo y residencial, con varias plazas y espacios verdes. Se encuentra en expansión gastronómica: cafés, bares y restaurantes en la zona (polo en crecimiento). Cercano a av. Crámer y av. Cabildo, por donde circulan diversas líneas de colectivos y actividad comercial. Rau s.R.L. No ejerce el corretaje inmobiliario. El presente sitio web es una plataforma en donde cada oficina inmobiliaria independiente que contrata los servicios re/max puede publicar las propiedades a su cargo. Cada oficina es de propiedad y gestión independiente, por lo que rau s.R.L. No interviene en los datos de la publicación, en la operación inmobiliaria, ni en la confección y/o firma del boleto de compraventa y/o escritura y/o contrato de alquiler. En cumplimiento de las leyes vigentes que regulan el corretaje inmobiliario, ley nacional 25.028, ley 22.802 de lealtad comercial, ley 24.240 de defensa al consumidor, las normas del código civil y comercial de la nación y constitucionales, los agentes/gestores no ejercen el corretaje inmobiliario. Todas las operaciones inmobiliarias son objeto de intermediación y conclusión por parte del corredor público inmobiliario colegiado a cargo de la publicación, cuyos datos se exhiben en la presente. La presente publicación describe las características esenciales del inmueble, debiéndose consultar al corredor público inmobiliario responsable de la operación por la eventual actualización de las medidas, descripciones arquitectónicas y funcionales, valores de expensas, servicios, impuestos, precios y demás información, cuyos valores son aproximados. Para los casos de alquiler de vivienda, el monto máximo de comisión que se le puede requerir a los propietarios será el equivalente al cuatro con quince centésimos por ciento (4,15%) del valor total del respectivo contrato. Se encuentra prohibido cobrar a los inquilinos que sean personas físicas comisiones inmobiliarias y gastos de gestoría de informes. El inmueble no es accesible para personas con discapacidades físicas.;0;Visto
argenprop;colegiales;Departamento;MONOAMBIENTE EN ALQUILER COLEGIALES;500000;120000;Amenabar 1100;21;;;1;https://www.argenprop.com/departamento-en-alquiler-en-colegiales-1-ambiente--19029144;40;Alquiler monoambiente con balcón en colegiales. Excelente oportunidad en el corazón de colegiales. Este luminoso monoambiente amplio, se encuentra en una ubicación privilegiada y ofrece una disposición al frente, lo que asegura gran ingreso de luz natural a lo largo del día. El balcón es ideal para disfrutar de un buen momento al aire libre, con vistas abiertas. Características: ambientes amplios y luminosos balcón frente conectividad: este departamento se encuentra perfectamente comunicado con múltiples opciones de transporte público: colectivos: líneas 41, 42, 57, 59, 60, 63, 65, 67, 68, 80, 152, 161, 168, 184, 194. Subte: estación josé hernández (línea d) trenes: estación colegiales (línea mitre) ideal para quienes buscan un lugar cómodo, bien ubicado y con excelentes accesos al transporte público. ¡No te lo pierdas! Responsable matriculado: ariel cifre cucicba 5634 / csi 5957.;0;Visto
argenprop;palermo;Departamento;BENJAMIN MATIENZO AL 1600 - IMPECABLE BALCON TODO SOL APTO PROFESIONAL;550000;219745;BENJAMIN MATIENZO AL 1600 6°;32;;;1;https://www.argenprop.com/departamento-en-alquiler-en-las-canitas-1-ambiente--18253902;40;Monoambiente. Contrafrente. 32 m2. Impecable. Balcon. Todo sol. Apto profesional. Baño completo. Cocina integrada. Placard chico espejado. Calefaccion individual. Agua caliente central. Pisos de porcelanato. Todo electrico. Edificio con laundry en subsuelo. Expensas: $ 219.745.- Incluye aysa abl: $ 22.103.- Posibilidad de alquilar cochera en el edificio entre soldado de la independencia y migueletes (a 1 cuadra de av. Del libertador e hipodromo de palermo - a 2 del club hipico militar - a 4 de av. Luis maria campos - a 6 del campo argentino de polo) las cañitas para los casos de alquiler de vivienda, el monto máximo de comisión que se le puede requerir a los propietarios será el equivalente al cuatro con quince centésimos por ciento (4,15%) del valor total del respectivo contrato. Se encuentra prohibido cobrar a los inquilinos que sean personas físicas comisiones inmobiliarias y gastos de gestoría de informes. Alejandro ibañez - cucicba 1534 *fichabrick=1038008*;2981;Visto
argenprop;palermo;Departamento;JULIAN ALVAREZ Y AV. SANTA FE - IMPECABLE BALCON BAÑO Y COCINA COMPLETOS;550000;150000;JULIAN ALVAREZ Y AV. SANTA FE 9°;38;;;1;https://www.argenprop.com/departamento-en-alquiler-en-palermo-1-ambiente--18880822;40;Monoambiente y medio. Contrafrente. 36 m2. Impecable. Balcon. Vista abierta. Todo sol. Baño y cocina completos. Placard. Servicios individuales. Split frio/calor. Linea telefonica. Edificio de 10 pisos, 4 por piso, 2 ascensores. Expensas: $ 150.000.- Abl: $ 11.500.- Aysa: $ 15.400.- No acepta mascotas entre av. Santa fe y guemes (subte linea d - a 2 cuadras de av. Scalabrini ortiz - a 2 de plaza guemes y boulevard charcas - a 5 de av. Coronel diaz y shopping alto palermo) palermo para los casos de alquiler de vivienda, el monto máximo de comisión que se le puede requerir a los propietarios será el equivalente al cuatro con quince centésimos por ciento (4,15%) del valor total del respectivo contrato. Se encuentra prohibido cobrar a los inquilinos que sean personas físicas comisiones inmobiliarias y gastos de gestoría de informes. Susana capra - cucicba 4319 *fichabrick=1038508*;1222;Visto
argenprop;palermo;Departamento;Oficina en Palermo Hollywood;550000;210000;Fitz Roy al 1400;38;;;1;https://www.argenprop.com/departamento-en-alquiler-en-palermo-hollywood-1-ambiente--18816139;10;El departamento consta de: * ambiente unico con cocina americana, aire acondicionado frío/calor y balcón terraza al frente. * Baño completo * vestidor * apto oficina condiciones generales: se requiere garantía propietaria, depósito de garantía, mes adelantado y demostración de ingresos de locatarios (recibos de sueldo o certificación de ingresos por contador y documentación respaldatoria en caso de ser autónomo) no se aceptan mascotas. Las medidas, superficies y montos de expensas consignadas en la presente descripción son aproximadas, a solo título orientativo y no son vinculantes. Las medidas y superficies reales surgen del título respectivo, y el monto de expensas real, del recibo emitido por la administración del consorcio de copropietarios que rige el inmueble.;959;Visto
argenprop;palermo;Departamento;EXCELENTE DOS AMB, TODO LUZ, EXTRAORDINARIA UBICACIÓN;500000;215000;Avenida Córdoba 3600, Piso 10;40;2;1;;https://www.argenprop.com/departamento-en-alquiler-en-palermo-2-ambientes--18946236;45;Emplazado sobre avenida córdoba, pero en el décimo piso contrafrente, lo que permite disfrutar de hermosa luz natural que riega toda la unidad y óptimo silencio, se destaca departamento dos ambientes, con cocina independiente. Baño completo. Pisos de parquet recién plastificados. Agradable balcón con franca vista abierta. Extraordinaria ubicación, a cinco cuadras universidad de palermo, múltiples combinaciones de transporte.;879;Visto
argenprop;palermo;Departamento;Departamento en alquiler en Las Cañitas, excelente m/luminoso, soleado, balcón, contrafrente a pulmón;650000;200000;Baez 200, Piso 7;30;;;1;https://www.argenprop.com/departamento-en-alquiler-en-las-canitas-1-ambiente--19021479;30;Exc monoambiente equipado, opción amoblado, con balcón al cfte a pulmón de manzana muy abierto, con excelente luz y sol.- 7 piso , baño completo con ventilación natural, cocina integrada, pisos cerámicos. Servicios individuales 1 aire acondicionado enc sin vivienda equip: 1 cama, heladera, mesa sillas, exc placard, mesa de luz. Puede alquilarse sin equipamiento y sin muebles. Precio : $ 650.000 mas gastos amoblado y equipado $ 700.000. Exp : $ 200.000.;600;Visto
argenprop;palermo;Departamento;Alquiler en Palermo - Monoambiente con Balcon Terraza con Ubicación Inmejorable;690000;140000;Santos Dumont 2395;27;;;1;https://www.argenprop.com/departamento-en-alquiler-en-palermo-hollywood-1-ambiente--18347600;0;Alquiler en palermo - monoambiente con balcon terraza con ubicación inmejorable a estrenar en esq santos dumont y av. Cabildo, zona de palermo, caba. Departamento monoambiente de 33 m2 totales con gran balcón de 6 m2. Cuenta con cocina moderna con barra integrada espacio para heladera y balcón al frente mirando a la calle santos dumont. Baño completo de buen tamaño y placard de guardado. Ubicación - palermo: cercano a los bosques de palermo y a los mejores accesos a la ciudad (línea d del subterráneo, ferrocarril mitre, metrobus, y viaducto carranza). Un barrio rodeado de restaurantes, comercios, supermercados y hasta institutos educativos, enmarcado por la zona verde más popular de la ciudad, con sus arboledas, lagos y rosedales. La propiedad publicada está sujeta a la tramitación del código de oferta de transferencia de inmuebles (coti) según la resolución de afip 2371, así como a cualquier otro trámite requerido por ley. Toda la información y medidas son aproximadas y están sujetas a verificación con la documentación correspondiente. Sujeto a disponibilidad. Ezequiel solimano dal pos: matricula caba n 9011 matricula cmcpsi 6289 .;413;Visto
argenprop;palermo;Departamento;MONOAMBIENTE APTO PROF. AMENITIES;690000;120000;Arevalo 1700, Piso 1;25;;;1;https://www.argenprop.com/departamento-en-alquiler-en-palermo-hollywood-1-ambiente--18703202;10;"[Franciscol-2223] no mascotas- apto profesional- unicamente seguro de caucion- monoambiente con cocina integrada- buen placard- mueble separador con ingreso de luz a la cocina- balcon al frente- edifcio con amplia piscina y solarium- gimnasio- laundry- amplio sum- ambientes: ambiente dividido (3x5) servicios: cloacas otros servicios: sum, portero visor depósito (meses): 1 impuestos a cargo de: inquilino agua a cargo de: inquilino alquileres de vivienda ley nº 5859 - art. 4º ""para los casos de alquiler de vivienda, el monto máximo de comisión que se le puede requerir a los propietarios será el equivalente al cuatro con quince centésimos por ciento (4,15%) del valor total del respectivo contrato. Se encuentra prohibido cobrar a los inquilinos que sean personas físicas comisiones inmobiliarias y gastos de gestoría de informes"". En caso de locaciones, los valores expresados no incluyen iva. Las locaciones residenciales para persona física que alquila para sí misma están exentas de iva. El valor de las expensas puede variar.";404;Visto
argenprop;palermo;Departamento;Monoambiente 35mtrs2 amueblado con sum/ solarium/parrilla.;590000;135000;Paraguay 3800, Piso 7;30;;;1;https://www.argenprop.com/departamento-en-alquiler-en-palermo-1-ambiente--18827857;30;Monoambiente en palermo piso alto al frente con balcón amoblado y equipado/solarium/sum excelente monoambiente en alquiler en paraguay y salguero, palermo, ubicado en piso 7° al frente, súper luminoso. Superficie: 30 m² cubiertos + 5 m² de balcón, totalmente amoblado y equipado (tal como se ve en las fotos). Cocina con anafe y horno eléctricos heladera cama doble mesa con 2 sillas aire acondicionado balcón al frente edificio nuevo con sum y solarium aumento trimestral según ipc. Requisitos: ingresos comprobables garantía propietaria caba o seguro de caución servicios: cloacas, gas;398;Visto
argenprop;palermo;Departamento;2 AMBIENTES C/BALCÓN AL FRENTE - IMPECABLE;520000;153000;Fray Sta Maria De Oro 2600, Piso 3;34;2;1;;https://www.argenprop.com/departamento-en-alquiler-en-palermo-2-ambientes--18448879;42;2 ambientes chicos con balcón al frente en excelente estado. Baño y cocina completos, dormitorio con placard. Excelente ubicación a una cuadra de av. Santa fe y plaza italia. - Aclaración: no tiene conexión para lavarropas - requisitos: constancia de ingresos y seguro de caución (garantía) - jorge feller propiedades – matrícula cpi: 278 - ley 5859 – art.4 * para los casos de alquiler de vivienda, el monto máximo de comisión que se le puede requerir a los propietarios será el equivalente al cuatro con quince centésimos por ciento (4,15%) del valor total del respectivo contrato. Se encuentra prohibido cobrar a los inquilinos que sean personas físicas comisio-nes inmobiliarias y gastos de gestoría de informes * inmueble inaccesible para personas con discapacidad física. - Ley 5115 * se deja constancia que los m2 son aproximados, al igual que las medidas de los ambientes, y el valor expresado de las expensas está sujeto a verificación y/o ajustes. El precio del inmueble puede ser modificado sin previo aviso. Fotos de carácter no contractual.;301;Visto
argenprop;palermo;Departamento;2 AMB - CON BALCON TERRAZA - MUY LUMINOSO;750000;140000;Soler al 3600;40;2;1;;https://www.argenprop.com/departamento-en-alquiler-en-palermo-2-ambientes--18896372;50;"2 amb con balcon terraza al frente - muy luminoso - living comedor - cocina aparte a gas - lavadero separado -dormitorio con placard - baño completo - 40m2 cubiertos 17m2 descubiertos expensas: $160.000 abl: $14.000 aysa: $20.000 requisitos: garantía con propiedad inmueble en caba demostración de ingresos 1 mes de adelanto 1 mes de deposito ""para los casos de alquiler de vivienda, el monto máximo de comisión que se le puede requerir a los propietarios será el equivalente al cuatro con quince centésimos por ciento (4,15%) del valor total del respectivo contrato. Se encuentra prohibido cobrar a los inquilinos que sean personas físicas comisiones inmobiliarias y gastos por gestoría de informes."" (Art. 4 - ley 5859) ""el edificio no cuenta con accesibilidad para personas con movilidad reducida"" (ley 5115 c.A.B.A.) Cucicba n.M. 6657 fb negocios inmobiliarios av. Forest 384 / tel. Horario telefónico: lunes a viernes: 11 hs. A 17 hs. Whatsapp: instagram: @fbneginmobiliarios facebook: fb negocios inmobiliarios";300;Visto
argenprop;palermo;Departamento;2 ambientes muy luminoso en Palermo;750000;120000;Uriarte 2200, Piso 6;40;2;1;;https://www.argenprop.com/departamento-en-alquiler-en-palermo-nuevo-2-ambientes--3917223;40;Departamento de 2 ambientes al frente con balcón corrido. Super luminoso. Alquiler con contrato a dos años con ajuste trimestral por ipc. Sin muebles.;300;Visto
argenprop;palermo;Departamento;Palermo, venta departamento, 2 ambientes al frente balcón;690000;200000;Paraguay al 4500;41;2;1;;https://www.argenprop.com/departamento-en-alquiler-en-palermo-2-ambientes--18938530;45;Palermo, 2 ambientes al frente con balcón, totalmente equipados, cocina, baño completo, lavadero independiente, pisos de madera, calefacción individual, por estufas eléctricas y calefón para el agua caliente en la cocina. Equipamiento completo de living comedor cocina, dormitorio.;200;Visto
argenprop;palermo;Departamento;Excelente Monoambiente amplio y luminoso en Palermo;500000;130000;Guatemala 4200, Piso 7;35;;;1;https://www.argenprop.com/departamento-en-alquiler-en-palermo-1-ambiente--18987448;20;Ubicado en una de las zonas más buscadas de palermo, sobre la calle guatemala al 4200, este departamento combina ubicación estratégica, comodidad y luminosidad en un entorno ideal tanto para vivir como para trabajar. La propiedad se encuentra en un sector con excelente conectividad y servicios. A pocas cuadras de av. Santa fe, av. Scalabrini ortiz y av. Coronel diaz, con múltiples líneas de colectivo, cercanía al subte línea d y acceso rápido a distintos puntos de la ciudad. Rodeado de cafés, restaurantes, comercios, espacios verdes y toda la vida urbana característica del barrio, pero en una cuadra tranquila que permite disfrutar del día a día con comodidad. El edificio, de aproximadamente 20 años de antigüedad, presenta una estética moderna y un muy buen estado de mantenimiento. Es apto profesional y pet friendly, lo que amplía las posibilidades de uso y lo convierte en una opción muy versátil. El departamento se encuentra en un 7° piso al contrafrente, lo que garantiza silencio, gran luminosidad y una vista abierta que se disfruta especialmente desde su balcón. Se trata de un monoambiente amplio y muy bien distribuido, con cocina incorporada, placard y baño completo. La unidad se destaca por su excelente estado, su funcionalidad y la cantidad de luz natural que recibe durante todo el día. Una oportunidad ideal para quienes buscan vivir o trabajar en una ubicación privilegiada, en un espacio cómodo, luminoso y listo para habitar. Condiciones de alquiler: contrato de 2 años actualización trimestral según ipc demostración de ingresos garantía propietaria o seguro de caución;200;Visto
argenprop;palermo;Departamento;AV. SCALABRINI ORTIZ 2600, ALQUILER DEPARTAMENTO DE DOS AMBIENTES;650000;150000;AV. SCALABRINI ORTIZ 2600, Piso 2;40;2;1;;https://www.argenprop.com/departamento-en-alquiler-en-botanico-2-ambientes--18890549;45;"-Excelente departamento de dos ambientes en palermo, a pocos metros del jardin botanico. -Muy buena unidad, en un segundo piso a la calle, todo luz y sol. -Impecable living/comedor, con salida a balcon al frente. Pisos de parquet -dormitorio al pulmon de edificio, con placard empotrado y pisos parquet -cocina independiente, con alacenas y bajo mesada. Cocina a gas. Agua caliente por calefon. -Baño completo, con bañera, bidet y vanitory, de epoca y en perfecto funcionamiento. -Edificio de epoca, super bien mantenido. Construcción sólida. -Ubicación de privilegio, cerca de todos los medios de transporte (subte ""d"", tren ""san martin"" y metrobús). -Entrevistas sin compromiso de compra. El departamento se entrega pintado a nuevo";191;Visto
argenprop;palermo;Departamento;EXCELENTE UBICACION - RECIEN PINTADO - BALCON - TODO LUZ - AMBIENTES AMPLIOS;570000;170000;Av Santa Fe 3900, Piso 4;43;;1;;https://www.argenprop.com/departamento-en-alquiler-en-botanico-2-ambientes--2998585;50;"Excelente ubicacion frente al jardin botanico. Zoologico. Plaza italia. A mts de la linea del subte d. Lineas de colectivo. Depto al frente con balcon. Muy luminoso. Recien pintado.Todo luz. * Las medidas expresadas son aproximadas y los metros reales surgen del titulo de propiedad. “Para los casos de alquiler de vivienda, el monto máximo de comisión que se le puede requerir a los propietarios será el equivalente al cuatro con quince centésimos por ciento (4,15%) del valor total del respectivo contrato. Se encuentra prohibido cobrar a los inquilinos que sean personas físicas comisiones inmobiliarias y gastos de gestoría de informes"".- Sigma propiedades ® consultora - inmobiliaria - estudio jurídico telef: /2116 - wpp: lunes a viernes 9:30 a 12:30 y 15:00 a 18:00 titular: adrián giménez mat. Cucicba nro: 2682";175;Visto
argenprop;palermo;Departamento;Monoambiente al frente en Palermo;450000;120000;Cabello 3300, Piso 6;23;;;1;https://www.argenprop.com/departamento-en-alquiler-en-palermo-1-ambiente--18636885;40;[Mel-13209] se trata de un monoambiente pequeño de 26 m2 cubiertos con balcón corrido al frente, consta de 1 baño completo y una cocina tipo kitchenette con puertas rebatibles. Agua caliente con calefón marca longvie. Requisitos: contrato 24 meses ajuste cuatrimestral por ipc garantía propietaria caba o póliza de seguro de caución no se permiten mascotas ambientes: monoambiente (4.7x3.3) servicios: cloacas mel, 50 años concretando sueños nota importante/relevante: las descripciones, fotos, medidas del inmueble, precios, valores de expensas, impuestos y servicios son aproximados y meramente orientativos, y no obligan contractualmente a mel propiedades srl ni resultan vinculantes. Matriculados: julia mel matricula nº 52 maría eva parada matricula nº 251 raúl mel matricula nº 883;175;Visto
argenprop;palermo;Departamento;Alquiler en Palermo - Monoambiente con Balcon Terraza con Ubicación Inmejorable;690000;140000;Santos Dumont 2395;27;;;1;https://www.argenprop.com/departamento-en-alquiler-en-palermo-1-ambiente--18347582;0;Alquiler en palermo - monoambiente con balcon terraza con ubicación inmejorable a estrenar en esq santos dumont y av. Cabildo, zona de palermo, caba. Departamento monoambiente de 33 m2 totales con gran balcón y de 6 m2 que le da mucha luz y aire. Cuenta con cocina integrada con barra y balcón al frente mirando a la calle santos dumont. Buen baño completo y placard de guardado. Ubicación - palermo: cercano a los bosques de palermo y a los mejores accesos a la ciudad (línea d del subterráneo, ferrocarril mitre, metrobus, y viaducto carranza). Un barrio rodeado de restaurantes, comercios, supermercados y hasta institutos educativos, enmarcado por la zona verde más popular de la ciudad, con sus arboledas, lagos y rosedales. Queres conocer mejor el proyecto? Llamanos y te asesoramos! La propiedad publicada está sujeta a la tramitación del código de oferta de transferencia de inmuebles (coti) según la resolución de afip 2371, así como a cualquier otro trámite requerido por ley. Toda la información y medidas son aproximadas, y están sujetas a verificación con la documentación correspondiente brindadas por la desarrolladora o propietario. Sujeto a disponibilidad. Ezequiel solimano dal pos: matricula caba n 9011 matricula cmcpsi 6289 .;136;Visto
argenprop;palermo;Departamento;Hermoso Departamento de 2 Ambientes con cochera móvil en Palermo;800000;240000;Soler 3700;45;2;1;;https://www.argenprop.com/departamento-en-alquiler-en-palermo-2-ambientes--18943478;30;Este encantador departamento en alquiler se encuentra ubicado en la calle soler 3700, en el vibrante barrio de palermo, capital federal. Con un precio de ar$800.000, esta propiedad ofrece una excelente oportunidad para quienes buscan disfrutar de una ubicación privilegiada, a pasos de plaza güemes, el jardín botánico y con fácil acceso a las avenidas coronel díaz y santa fe. Su disposición al frente garantiza luminosidad y ventilación, creando un ambiente acogedor y agradable.El departamento cuenta con una superficie total de 45 m², de los cuales 45 m² son cubiertos, distribuidos en 2 ambientes que incluyen un dormitorio, un baño, cocina y un encantador balcón. La propiedad también dispone de cochera cubierta, lo que añade un valor significativo en esta codiciada zona. Con una antigüedad de 30 años, el inmueble se presenta en buenas condiciones y con detalles que lo hacen accesible, incluyendo agua corriente.Las expensas ascienden a ar$240.000, lo cual permite disfrutar de un espacio comodo y funcional. Este departamento es ideal para aquellos que buscan un lugar cómodo y estratégico en uno de los barrios más emblemáticos de la ciudad, sin ser apto profesional, lo que lo convierte en una opción perfecta para vivir. Permite mascotas. Cochera movil seguro de caución;100;Visto
argenprop;palermo;Departamento;Divino Monoambiente en Palermo de 37 Mts;650000;90000;Jose Cabrera 3400;37;;;1;https://www.argenprop.com/departamento-en-alquiler-en-palermo-1-ambiente--18943616;;Monoambiente en alquiler en la codiciada zona de josé cabrera, palermo, capital federal, ideal para quienes buscan un espacio funcional y moderno. Con un precio de ar$650.000, esta propiedad cuenta con un baño completo y placards, brindando la comodidad necesaria para una vida urbana activa. Su ubicación es estratégica, ya que se encuentra a pocos pasos de la avenida córdoba, lo que permite un fácil acceso a diversas opciones de transporte. Además, la cercanía al hospital de niños ricardo gutiérrez y plaza güemes la convierte en una opción perfecta para quienes valoran la accesibilidad a servicios y áreas recreativas.Con una superficie total de 37 m², este monoambiente ofrece un diseño eficiente que incluye cocina y un encantador balcón, ideal para disfrutar de momentos al aire libre. La propiedad se encuentra en un edificio con ascensor y cuenta con servicios de agua corriente, lo que añade un plus a su confort. La disposición contrafrente asegura un ambiente tranquilo, lejos del bullicio de la calle. Las expensas ascienden a ar$90.000, lo que permite una gestión económica adecuada para el inquilino. Esta es una oportunidad única para vivir en una de las zonas más vibrantes de la ciudad. ¡Llámenos para conocer más en detalle esta propiedad! Tel: email: romani propiedades;100;Visto
argenprop;palermo;Departamento;ALQUILER Gran Monoambiente con Cocina Separada. Cerca de Medios de Transporte. Palermo!;590000;140000;Güemes 3700;35;;;1;https://www.argenprop.com/departamento-en-alquiler-en-palermo-1-ambiente--18772379;35;Gran monoambiente con cocina separada con lugar para una mesa y lugar para lavarropas, ambiente muy amplio con un placard muy cómodo. El ambiente da a un balcón al contrafrente a un pulmón muy abierto. Recién pintado, pisos de parquet, muy luminoso el departamento se encuentra en una de las zonas mas lindas de palermo, cerca de todos los medios de transporte, cerca del shopping alto palermo. Bajas expensas. Para no perder;81;Visto
argenprop;palermo;Departamento;Alquiler Monoambiente divisible Palermo excelente vista;740000;148000;Av. Luis Maria Campos 100, Piso 7;36;;;1;https://www.argenprop.com/departamento-en-alquiler-en-palermo-1-ambiente--19009666;15;"[Lorenafig-116] monoambiente divisible con balcón, amenities y vista abierta en palermo excelente oportunidad de alquiler en una de las zonas más buscadas de palermo. Departamento monoambiente con posibilidad de división, muy luminoso y con balcón propio que ofrece una hermosa vista abierta a espacios verdes, aportando amplitud y tranquilidad. La unidad cuenta con cocina completa, baño completo y un ambiente funcional que permite organizar cómodamente el sector de descanso y el living/comedor. El edificio ofrece amenities de categoría: pileta, sum y parrilla, ideales para disfrutar y recibir invitados. Ubicación estratégica, con fácil acceso a medios de transporte, comercios, espacios gastronómicos y todo lo que caracteriza al barrio de palermo. Una propuesta ideal para quienes buscan confort, buena ubicación y calidad de vida. El departamento posee heladera, lavaropas y sommier requisitos: - demostración de ingresos - 1 mes de adelanto - 1 mes de depósito - seguro de caución o garantía propietaria caba familiar directo - ajuste trimestral por ipc - contrato 24 meses servicios: cloacas, gas otros servicios: sum depósito (meses): 1 impuestos a cargo de: inquilino agua a cargo de: inquilino inciso 8 del artículo 10 de la ley 2340 (texto consolidado según ley n° 5666). Para los casos de alquiler de vivienda, el monto máximo de comisión que se le puede requerir a los propietarios será el equivalente al cuatro con quince centésimos por ciento (4,15%) del valor total del respectivo contrato. Se encuentra prohibido cobrar a los inquilinos que sean personas físicas comisiones inmobiliarias y gastos de gestoría de informes"", según art. 5 de la ley 5.859 de caba. En cumplimiento de la ley 5115, se informa que el inmueble no cuenta con accesos para personas de movilidad reducida, salvo en aquellos casos que en la descripción se especifique lo contrario. Fotografías no vinculantes ni contractuales. Matrícula cucicba 9489 - cmzc 647";61;Visto
argenprop;palermo;Departamento;Precioso Monoambiente al Frente con balcon;600000;200000;Vidt 1600, Piso 7;35;;;1;https://www.argenprop.com/departamento-en-alquiler-en-palermo-1-ambiente--18933987;10;Monoambiente al frente en 7mo piso, todo sol! Acceso a living comedor con cocina semiintegrada, placard, cocina semi in-tegrada, con puerta divisoria, calefón. Desnivel hacia dormitorios, pisos de parquet con baranda en este sector. Balcon al frente muy lindo para disfrutar del sol, baño completo con bañaera y ventilación natural. Alquiler 2 años ajuste trimestral ipc requisitos de alquiler garantía propietaria o sistema s. A., Demostra-ción de ingresos, no se admiten mascotas, se alquila para máximo 2 perso-nas. Disponible desde febrero26 consultas o visitas silvina peirano cmcpsi 6255 medina propiedades cucicba 7503;55;Visto
argenprop;palermo;Departamento;Palermo Hollywood A ESTRENAR Monoambiente 40 m² contra frente con balcón aterrazado;730000;100000;Convencion 1900, Piso 1;35;;;1;https://www.argenprop.com/departamento-en-alquiler-en-palermo-hollywood-1-ambiente--17019801;0;A estrenar - palermo hollywood. La calle más tranquila del barrio: convención entre el salvador y honduras. Monoambiente de 39 m2 al contra frente con balcón corrido, sol toda la tarde. Muy luminoso. Cocina semi integrada con equipamiento de primera línea, anafe y horno empotrado, spar, muebles de cocina completos. Placard de tres puerta con interiores y baulera superior. Conexión para lavarropas oculto con puerta. Aberturas a40 y cortinas de black out de tela. Aire acondicionado frio/calor sistema inverter. Apto profesional. Requisitos: contrato a 2 años con ajuste trimestral por ipc. Se solicitan ingresos demostrables, garantía de inmueble en caba o seguro de caución sa/garantía ya. No se aceptan mascotas. Virtual inmobiliaria cucicba 4166 * las fotos son a modo ilustrativo, las medidas y superficies son aproximadas, a modo orientativo, y no pueden ser consideradas como definitivas ni tienen carácter contractual entre las partes, las reales surgen del plano y/o escritura correspondiente.;52;Visto
argenprop;palermo;Departamento;Alquiler Departamento Palermo Monoambiente Luminoso;530000;180000;Guemes 3000;30;;;1;https://www.argenprop.com/departamento-en-alquiler-en-palermo-1-ambiente--19022425;40;[Roff-1728] -monoambiente en alquiler - contrafrente con balcón - muy luminoso -excelente monoambiente ubicado al contrafrente con balcón, muy luminoso y en excelente estado, recientemente pintado a nuevo. -Superficie: 33 m² -ambiente cómodo y funcional -cocina completa -baño completo -servicios individuales -calefacción por tiro balanceado -antigüedad: 40 años -expensas: $180.000 -excelente ubicación, a pocas cuadras del subte línea d y del shopping alto palermo, con múltiples medios de transporte y zona comercial. Servicios: gas nota 1: las medidas son aprox. Fotos ilustrativas de carácter no contractual. El valor actual de las expensas es aprox. Y sujeto a variaciones del consorcio.- Roffe propiedades consúltenos para alquilar, vender o tasar su propiedad (tasaciones verbales o judiciales), para contratos, sucesiones y/o asesoramiento legal y comercial. Ponemos el foco en sus necesidades y objetivos, los cuál va más allá de comprar, vender o alquilar su propiedad.;30;Visto
argenprop;palermo;Departamento;Vera 900, Monoambiente Divisible, Amoblado Contrafrente con Balcon Palermo;650000;130000;Vera 900. Entre Serrano y Thames;40;;1;;https://www.argenprop.com/departamento-en-alquiler-en-palermo-1-ambiente--18894140;10;Excelente departamento monoambiente divisible, palermo al frente con amplio balcón vista abierta 4to piso 5 años de antiguedad, edificio moderno 45mts totales muy luminoso cocina integrada al ambiente apto profesional cocina integrada eléctrica no se admiten mascotas. A 2 cuadras de av juan b justo y 2 cuadras de av córdoba , todos los medios de transporte consúltenos jumo inmobiliaria telf: - - para los casos de alquiler de vivienda, el monto máximo de comisión que se le puede requerir a los propietarios será el equivalente al cuatro con quince centésimos por ciento (4,15%) del valor total del respectivo contrato. Se encuentra prohibido cobrar a los inquilinos que sean personas físicas comisiones inmobiliarias y gastos de gestoría de informes?. Corredor responsable, juliano montalto, matricula cucciba 2394;13;Visto
argenprop;palermo;Departamento;Hermoso 2 Ambientes moderno;630000;251000;Lavalleja 800, Piso 3;41;2;1;;https://www.argenprop.com/departamento-en-alquiler-en-palermo-2-ambientes--18780618;11;"Hermoso 2 ambientes con balcon aterrazado. Súper luminoso. Conexión para lavarropas en el balcon. Impecable estado gral. Edificio con amenities: piscina, solárium, laundry, sum y parrilla. Las expensas incluyen aysa y losa radiante excelente ubicación ; para agendar entrevista comunicarse telef con inmobiliaria ariel :";10;Visto
argenprop;palermo;Departamento;Hermoso 2 Ambientes moderno;630000;231000;Lavalleja 800, Piso 3;41;2;1;;https://www.argenprop.com/departamento-en-alquiler-en-palermo-viejo-2-ambientes--18106000;11;"Hermoso 2 ambientes con balcon aterrazado. Súper luminoso. Conexión para lavarropas en el balcon. Impecable estado gral. Edificio con amenities: piscina, solárium, laundry, sum y parrilla. Las expensas incluyen aysa excelente ubicación, límite entre palermo y villa crespo ; para agendar entrevista comunicarse telef con inmobiliaria ariel :";5;Visto
argenprop;palermo;Departamento;Departamento en alquiler en Palermo;600000;128000;Avenida Córdoba 4800, Piso 10;34;;;1;https://www.argenprop.com/departamento-en-alquiler-en-palermo-1-ambiente--18874803;17;Hermoso y amplio monoambiente al frente con balcón, amoblado ( no incluye vajillas, ropa de cama ni juego de cocina ). Equipamiento: heladera con freezer nueva, sommier de 2 plazas, escritorio con silla gamer, aire acondicionado. Unidad al frente con balcón, vista panorámica, ubicación de privilegio, sobre av córdoba , cerca universidades uba y up. Edificio con laundry y vigilancia 24hs x tótem. Las expensas incluyen aysa y no se abona abl ( se hace cargo la propietaria ). Para agendar entrevista comunicarse telef con inmobiliaria ariel :;5;Visto
argenprop;palermo;Departamento;Hermoso monoambiente en L con balcón. Mucha luz;550000;102000;General Lucio Norberto Mansilla 4000, Piso 7;35;;;1;https://www.argenprop.com/departamento-en-alquiler-en-palermo-1-ambiente--18895412;38;Hermoso monoambiente y medio con balcón. Todo luz y sol. Aire acondicionado. Todo a nuevo. Excelente ubicación, a pasos av. Santa fe, av. Scalabrini ortiz y subte d para verlo, comunicarse telef. Con inmobiliaria ariel :;5;Visto
argenprop;palermo;Departamento;Departamento - Barrio Norte;700000;130000;Laprida 1575 6° Piso;44;2;1;;https://www.argenprop.com/departamento-en-alquiler-en-palermo-2-ambientes--18106416;35;Alquiler ubicado en una de las calles mas lindas de recoleta laprida al 1500. Depto. 2 ambientes con balcón al contra frente, linda luz natural. Dormitorio con vestidor, cocina, baño y pequeño ambiente escritorio. Se alquila sin muebles para informes y visitas comunicarse al whatsapp gracias por contactarnos! Yacopino inmobiliarias matricula cucicba 5810 la unidad no es apta para personas con movilidad reducida yacopino inmobiliarias mas de 95 años de honestidad profesional;2;Visto
argenprop;palermo;Departamento;Monoambiente en Alquiler las Cañitas - Full Amenities - Pileta, Gimansio, Parilla, Jacuzzi, SUM;750000;178000;Baez al 600, Las cañitas;28;;1;;https://www.argenprop.com/departamento-en-alquiler-en-palermo-1-ambiente--18889637;5;"Monoambiente moderno en alquiler - las cañitas con full amenities ideal para profesional o pareja. Ambiente luminoso y funcional con cocina integrada equipada equipo de aire acondicionado frío/calor y losa radiante edificio con: pileta, gimnasio completo, sum con parrilla, laundry, seguridad 24 hs, espacios verdes. Excelente ubicación: a pasos de restaurantes, supermercados y transporte (subte/metrobus/estaciones de tren cercanas). Expensas incluyen mantenimiento de amenities; disponible para visitas; consultas y condiciones por mensaje o teléfono. Consultanos! Observaciones :estas superficies, medidas y expensas son aproximadas y no resultan vinculantes las reales son las que surgen del título de propiedad y recibo de expensas que serán suministrados por el propietario. Advertencia importante: los montos especificados de expensas responden a una declaración del propietario el día que fue visitada la propiedad por nuestro personal, habitualmente el mismo no esta actualizado. Verificar el monto actualizado previo al alquiler/compra de la propiedad matricula cmcpsi 6076 - matricula cpi 6159 zommer sas. Zap7673769 ""para los casos de alquiler de vivienda en caba, el monto máximo de comisión que se le puede requerir a los propietarios será el equivalente al cuatro con quince centésimos por ciento (4,15%) del valor total del respectivo contrato. Se encuentra prohibido cobrar a los inquilinos que sean personas físicas comisiones inmobiliarias y gastos de gestoría de informes "" en caso que no este aclarado lo contrario, esta propiedad no cumple con las condiciones de accesibilidad para las personas con discapacidades físicas.";2;Visto
argenprop;palermo;Departamento;Excelente y amplio monoambiente totalmente amoblado y equipado en Palermo Hollywood con amenities;750000;190000;Ciudad de la Paz al 151, 1° piso, depto. 102;35;;;1;https://www.argenprop.com/departamento-en-alquiler-en-palermo-1-ambiente--18771065;12;"Impecable excelente monoambiente totalmente amoblado y equipado, de muy buen gusto en edificio construcción body friedman, con amenities: piscina con solarium, laundry, pequeño gym y sum. Muy bien ubicado a pasos de avenida cabildo , metrobus y estación carranza de la línea ""d"" del subterráneo. Baño completo. Cocina abierta al ambiente, con alacenas sobre y bajo mesada. Muy lindo balcón con mueble para guardado de cosas. Placard de dos hojas con puertas espejadas. Pisos de patagonia flooring. Alquiler: $ 750.000 + expensas $ 190.000 (incluyen aysa) + abl cuota 01 del 2026 $ 27.499,87 requisitos: ingresos demostrables y garantía a satisfacción del locador contrato mínimo por seis meses - ajuste trimestral por ipc no apto mascotas martillero responsable: gladys fontela, matrícula cpi 6734";2;Visto
argenprop;palermo;Departamento;Departamento en alquiler en Palermo;700000;185000;Fitz Roy 2400, Piso 1;57;3;2;;https://www.argenprop.com/departamento-en-alquiler-en-palermo-3-ambientes--18923742;58;Muy lindo depto de 3 ambientes al frente con balcon. Todo reciclado a nuevo. 3 calefactores de tiro balanceado y termo- tanque eléctrico. Cocina con conexión para lavarropas. Baño completo. Balcon al frente. Excelente ubicación a pasos av santa fe y subte d ( palermo ), todos los colectivos . Para agendar entrevista comunicarse telef con inmobiliaria ariel :;2;Visto
argenprop;palermo;Departamento;Departamento reciclado de 2 amb con balcón;800000;130000;Cerviño 3200;;2;1;1;https://www.argenprop.com/departamento-en-alquiler-en-palermo-2-ambientes--18782495;25;Departamento reciclado de 2 amb con balcón-living con salida al balcón-aire acondicionado-cocina reciclada-baño completo-dormitorio con placard-muy luminoso. El departamento esta ubicado a una cuadra del hospital fernandez-a dos cuadras de la av. Las heras-a 6 cuadras delos bosques de palermo-medios de transporte y subte.;2;Visto
argenprop;palermo;Departamento;Departamento de 2 ambientes en Barrio Norte. ALQUILER AMOBLADO;750000;250000;Charcas 3369 9º A;45;2;1;;https://www.argenprop.com/departamento-en-alquiler-en-palermo-2-ambientes--18782957;25;2 ambientes en palermo al frente unico amoblado vista panorámica distribución: amplio living comedor con salida a balcón, ak frente cómodo dormitorio. Cocina americana muy equipada. Baño completo con vanitory. Ventajas diferenciales: ubicación preferencial sobre boulervard charcas. Piso alto con vista panorámica. Muy buen amoblamiento y equipamiento. Cocina con bodega y barra en haya. Baño muy agradable. Sol y ventilación cruzada. A-acondicionado split en living y comedor. Placard espejado. Termotanque nuevo. Laundry estado impecable unico entorno: a pasos de la av. Coronel diaz, de la av. Santa fe, del shopping alto palermo, de la plaza guemes (guadalupe) en una zona residencial pero con comercios de distintos rubros. Con universidades, colegios, sanatorios y diversos puntos de interés barrial. Conectividad: a pasos de distintas paradas de colectivos y del subte. Bajamos valor;1;Visto
argenprop;palermo;Departamento;Hermoso Monoambiente En El Corazon de Palermo Soho - Muy Luminoso;650000;220000;Godoy Cruz al 2300;35;;;1;https://www.argenprop.com/departamento-en-alquiler-en-palermo-soho-1-ambiente--18816440;10;- Disponible ya - hermoso y practico monoambiente ubicado en palermo soho, a tres cuadras de av. Santa fe, donde pasan varias líneas de colectivos y subte. Es una unidad muy luminosa y amplia. Cuenta con aire acondicionado frio/calor, losa radiante de control individual, placar de generosas dimensiones y balcon hacia el contrafrente del edificio, muy tranquilo y soleado. El edificio cuenta con una piscina, solarium, sum, jacuzzy y parrilla en la terraza. Laundry y acceso seguro con reconocimineto facial. Apto profesional aysa incluido en expensas, ajuste trimestral por ipc. Jose cifone brokers inmobiliarios cucicba | mat. 6436, t.1, f.240 cmcpsi | mat. 6566 t.10, f.61;1;Visto
argenprop;palermo;Departamento;ALQUILER DE DEPARTAMENTO MONOAMBIENTE EN PALERMO HOLLIWOOD;700000;250000;Fitz Roy al 1400;36;;;1;https://www.argenprop.com/departamento-en-alquiler-en-palermo-hollywood-1-ambiente--18889052;0;Corredor inmobiliario responsable: arq. Jorge fernando moscatelli ipc 4518 hermoso monoambiente a estrenar, muy luminoso, con amplio placard con interiores completos y puerta espejada.Cuenta con cocina integrada equipada con muebles bajo mesada y alacenas, cocina eléctrica y excelente y gran espacio de guardado. Dispone de aire acondicionado frío/calor, cerradura digital. Baño completo con mampara. Balcón con cortinas instaladas. Ideal para quienes buscan confort, seguridad y diseño moderno en uno de los barrios mas hermosos de buenos aires. Coordina tu visita hoy y no te pierdas esta oportunidad! Situar tu lugar en el mundo.Juana manso 1626, puerto madero nota: situar propiedades s.A. No ejerce el corretaje inmobiliario. En cumplimiento de las leyes vigentes que regulan el corretaje inmobiliario, ley nacional 25.028, ley 22.802 de lealtad comercial, ley 24.240 de defensa al consumidor, las normas del código civil y comercial de la nación y constitucionales, los agentes/gestores no ejercen el corretaje inmobiliario. Todas las operaciones inmobiliarias son objeto de intermediación y conclusión por parte del corredor público inmobiliario colegiado a cargo de la publicación, cuyos datos se exhiben en la presente. Situar tu lugar. Matrícula cpi 4.518. En cumplimiento de las leyes vigentes que regulan el corretaje inmobiliario, ley nacional 25.028, ley 22.802 de lealtad comercial, ley 24.240 de defensa al consumidos, las normas del código civil y comercial de la nación y constitucionales, los agentes/gestores no ejercen el corretaje inmobiliario. Todas las operaciones inmobiliarias son objeto de intermediación y conclusión por parte de los corredores públicos inmobiliarios colegiados, cuyos datos se exhiben en cada publicación de propiedad objeto de comercialización. Nota importante: toda la información y medidas provistas son aproximadas y deberán ratificarse con la documentación pertinente y no compromete contractualmente a nuestra empresa. Fotografías no vinculantes ni contractuales.;1;Visto
argenprop;palermo;Departamento;Monoambiente en Palermo al frente a pasos del subte;500000;94000;Thames al 2200;25;;;1;https://www.argenprop.com/departamento-en-alquiler-en-palermo-1-ambiente--18955077;40;"En la mejor zona de paermo! Ambiente al frente con balcon! Sobre thames a dos cuadras a de av. Santa fe, a pasos de todos los medios de trasporte. Ambiente al frente con salida a balcon; cocina aparte con ventanal, baño completo. Servicios individuales. Se alquila amoblada. Requisitos: ingresos demostrables, garantia de caba o seguro de garantia.";1;Visto
argenprop;palermo;Departamento;Departamento en Palermo;500000;86000;Malabia al 2400;30;;1;;https://www.argenprop.com/departamento-en-alquiler-en-palermo-1-ambiente--19003884;50;Departamento monoambiente. Inmejorable ubicación, a metros de av. Santa fe. Cercanía con plaza italia y jardín botánico. Transportes: subte linea d, colectivos. Departamento monoambiente. Amplio y luminoso. Departamento amoblado. Amplio ambiente principal. Cocina completa y equipada. Baño. Equipo de aire acondicionado.;1;Visto
argenprop;palermo;Departamento;Luminoso Monoambiente en Palermo Chico – Apto Profesional;550000;116000;Av. Cerviño al 3200;23;;1;;https://www.argenprop.com/departamento-en-alquiler-en-palermo-chico-1-ambiente--19025549;40;Luminoso monoambiente en palermo chico apto profesional ubicación privilegiada en la esquina de av. Cerviño y bulnes! Departamento monoambiente en 2 piso al frente, con orientación norte que garantiza sol todo el día. Totalmente reciclado, con excelente distribución y muy bajas expensas. Ambiente amplio y cálido con salida a balcón corrido con vistas abiertas y arboladas, ideal para disfrutar al aire libre. Cocina integrada, funcional y moderna. Baño completo refaccionado. Apto profesional, ideal tanto para vivienda como para estudio. El edificio se encuentra en una de las mejores zonas de palermo, a pasos de los parques, rodeado de cafés, restaurantes y con excelentes accesos. - Muchísima luz natural - sol pleno - bajas expensas - apto profesional - excelente ubicación;1;Visto
argenprop;palermo;Departamento;Departamento en Alquiler en Palermo, Capital Federal, Buenos Aires;800000;140000;Avenida cordoba 5200;38;2;1;;https://www.argenprop.com/departamento-en-alquiler-en-palermo-2-ambientes--19029112;0;Hermoso momoambiente a estrenar con posibilidad de hacerlo divisible y convertirlo en dos ambientes. El departamento tiene aberturas de dvh, muebles de cocina y placar jonhson, baño y cocina con grifería superior. El edificio cuenta con: dos terrazas, parrilla, gimnasio, piscina, solárium, sum, laundry. La zona esta próxima a centros de estudios (facultad de medicina, u.T.N. ). Seguridad por totem y cámaras las 24 has. Cucicba 2326. - Mat.;1;Visto
argenprop;palermo;Departamento;Departamento amoblado en el corazón de Palermo;800000;219000;Gurruchaga 2100, Piso 5;63;3;2;;https://www.argenprop.com/departamento-en-alquiler-en-palermo-3-ambientes--16670146;30;Departamento de 3 ambientes, amoblado, con disposición al frente, situado en una calle con arboleda - lo cual le da frescura-, con instalación de aire acondicionado y calefacción en cada ambiente, sector de lavadero, baño principal completo y toilette. Accesible a la línea d de subte (estaciones scalabrini ortiz y plaza italia), al precioso jardín botánico y a la vida de plaza serrano. Disponible para visitar y habitar de inmediato. Corredor inmobiliario: pérez dávila m. Matricula cucicba nº 7543.;0;Visto
argenprop;palermo;PH;Departamento tipo casa en alquiler en Palermo;680000;180000;Avenida Raúl Scalabrini Ortiz 2300, Piso PB;53;;2;;https://www.argenprop.com/ph-en-alquiler-en-palermo-3-ambientes--18971312;65;Muy buen estado gral. Cocina y baño modernos. Techos altos. Muy buen estado gral. Pisos de parquet. Conexión para lavarropas. Se hace parque con expensas incluiidas en $880.000.- Adicional abl, aysa , edenor y metrogas. Excelente ubicación, a pasos subte d, jardín botánico y av santa fe. Para agendar entrevista comunicarse exclusivamente por telef :;10;Visto
argenprop;palermo;PH;ALQUILER DEPARTAMENTO AL FRENTE EN PALERMO;750000;20000;Coronel Niceto Vega 5700;3619;2;1;;https://www.argenprop.com/ph-en-alquiler-en-palermo-2-ambientes--19021876;56;Corredor responsable: ariel champanier cucicba 4330 / andrea berré cmcpsi 6763 - contacto: cristhian brittes alquiler departamento 2 ambientes al frente en palermo departamento de 2 ambientes en buen estado, ubicado en av. Coronel niceto vega 5725, primer piso por escalera, en el barrio de palermo, dentro del distrito audiovisual, una de las zonas con mayor crecimiento y demanda de la ciudad de buenos aires la unidad cuenta con 36,19 m² cubiertos, destacándose por su muy buena luminosidad natural y ventilación, ya que todos sus ambientes ventilan al frente sobre av. Niceto vega, con orientación noroeste. Medidas por ambiente hall de entrada: 2,78 x 1,90 ? 5,28 m² living-comedor: 5,63 x 2,34 ? 13,17 m² cocina: 2,40 x 1,86 ? 4,46 m² dormitorio: 3,34 x 2,21 ? 7,38 m² baño: 2,28 x 1,62 ? 3,69 m² el living-comedor es amplio, cómodo y funcional, con una distribución que permite un excelente aprovechamiento del espacio y buena circulación. La cocina integrada se presenta en correcto estado, con muebles bajo mesada y alacenas, y una barra desayunadora que aporta funcionalidad y delimita el ambiente de manera práctica. El dormitorio es independiente, cuenta con placard empotrado y equipo de aire acondicionado, ofreciendo un espacio confortable y bien aprovechado. El baño es completo, con bañera y ventana de ventilación natural, lo que garantiza buena iluminación y aireación. El edificio es de baja altura, con pocas unidades funcionales, brindando un entorno tranquilo y de fácil acceso. En cuanto a su ubicación, se encuentra estratégicamente situado sobre una de las arterias principales de palermo, con excelente conectividad y cercanía a múltiples medios de transporte: múltiples líneas de colectivos: 34, 39, 93, 108, 111, 140, 151, 166 y 168, con rápida conexión a distintos puntos de la ciudad. La zona cuenta con una amplia oferta de comercios de cercanía, supermercados, farmacias, bancos y centros educativos, además de una destacada propuesta gastronómica y cultural, propia del entorno de palermo. Asimismo, se encuentra próximo a espacios verdes y áreas recreativas, ideales para actividades al aire libre, y cercano a centros de salud y dependencias policiales, aportando mayor tranquilidad al entorno. Una propiedad funcional, luminosa y bien ubicada, ideal para vivienda, en uno de los barrios más buscados de la ciudad de buenos aires. Rau s.R.L. No ejerce el corretaje inmobiliario. El presente sitio web es una plataforma en donde cada oficina inmobiliaria independiente que contrata los servicios re/max puede publicar las propiedades a su cargo. Cada oficina es de propiedad y gestión independiente, por lo que rau s.R.L. No interviene en los datos de la publicación, en la operación inmobiliaria, ni en la confección y/o firma del boleto de compraventa y/o escritura y/o contrato de alquiler. En cumplimiento de las leyes vigentes que regulan el corretaje inmobiliario, ley nacional 25.028, ley 22.802 de lealtad comercial, ley 24.240 de defensa al consumidor, las normas del código civil y comercial de la nación y constitucionales, los agentes/gestores no ejercen el corretaje inmobiliario. Todas las operaciones inmobiliarias son objeto de intermediación y conclusión por parte del corredor público inmobiliario colegiado a cargo de la publicación, cuyos datos se exhiben en la presente. La presente publicación describe las características esenciales del inmueble, debiéndose consultar al corredor público inmobiliario responsable de la operación por la eventual actualización de las medidas, descripciones arquitectónicas y funcionales, valores de expensas, servicios, impuestos, precios y demás información, cuyos valores son aproximados. Para los casos de alquiler de vivienda, el monto máximo de comisión que se le puede requerir a los propietarios será el equivalente al cuatro con quince centésimos por ciento (4,15%) del valor total del respectivo contrato. Se encuentra prohibido cobrar a los inquilinos que sean personas físicas comisiones inmobiliarias y gastos de gestoría de informes. El inmueble no es accesible para personas con discapacidades físicas.;0;Visto
argenprop;parque-chas;Departamento;Depto monoambiente con balcon;550000;120000;Av. Los Incas 5400, Piso 4;30;;;1;https://www.argenprop.com/departamento-en-alquiler-en-parque-chas-1-ambiente--15330337;;Excelente monoambiente luminoso con amplio balcón al frente, cuenta con placard de piso a techo con interiores completos y cocina integrada con espacio para lavarropas y heladera. Transportes cercanos colectivos 80, 87, 110, 111, 123 y a pocas cuadras del subte línea b los requisitos de ingreso son garantia caba o y demostracion de ingresos acorde al valor del alquiler. Para programar una visita comunicarse al .;221;Visto
argenprop;parque-chas;Departamento;Alquiler Monoambiente con Cochera. Parque Chas. Balcón. MuyLuminoso;670000;130000;Behring 2500, Piso 2;37;;;1;https://www.argenprop.com/departamento-en-alquiler-en-parque-chas-1-ambiente--12439253;3;Excelente y cómodo monoambiente divisible con cochera fija cubierta en parque chas. Antigüedad: 3 años piso 2° contrafrente, muy luminoso. Amplio ambiente con cocina abierta. Balcón con hermosa vista al contrafrente. Baño completo con revestimientos cerámicos calcáreos. Pisos vinilicos simil madera. Cocina abierta con artefacto de cocina a gas con anafe de 4 hornallas y horno a gas. Muebles bajo mesada y alacenas. Conexión para lavarropas en la cocina. Agua caliente por termotanque individual. Placard amplio con doble puerta corrediza de piso a techo. Refrigeración y calefacción por aire acondicionado split frío calor. Excelente ubicación: a dos cuadras de avenida de los incas y triunvirato. Líneas de colectivos: 71, 80, 87, 108, 111, 113, 123, 127, 133, 176 subtes (metro): estación incas (línea b) avenida de los incas y triunvirato. Acepta seguro de caución o garantía propietaria. Demostrar solvencia.;3;Visto
argenprop;parque-chas;Departamento;ALQUILER DEPARTAMENTO 2 AMBIENTES CON BALCON, PISCINA, SUM, PARRILLA EN PARQUE CHAS;750000;160000;Andonaegui al 1200;45;2;1;;https://www.argenprop.com/departamento-en-alquiler-en-parque-chas-2-ambientes--18871104;10;"Alquiler departamento 2 ambientes con balcon, piscina, sum, parrilla en parque chas living-comedor con salida a balcón; cocina con muebles completos y barra desayunadora; dormitorio con placard empotrado con puerta espejada; baño completo. Aire acondicionado en ambos ambientes. Muy luminoso amenities: * sum * parrilla * piscina contrato por 2 años con incremento trimestral por ipc. Solo acepta un gato (no acepta perro) garantia seguro de caucion (, , garantina) 1. Las medidas indicadas son aproximadas y al solo efecto orientativo, las medidas reales surgirán del título de propiedad respectivo. 2. El precio del inmueble puede ser modificado sin previo aviso. 3. Fotos de carácter no contractual.";1;Visto
argenprop;parque-chas;Departamento;Alquiler Excelente! Monoambiente Super Luminoso. Inmejorable Ubicación!;450000;120000;Arismendi 2500, Piso 2;2650;;;1;https://www.argenprop.com/departamento-en-alquiler-en-parque-chas-1-ambiente--9036750;8;"Excelente! Monoambiente super luminoso. Recien pintado, piso de pvc imitacion madera. Cocina integrada. Baño completo. Cocina a gas y termotanque electrico. Hall 5x1,2. Ambiente 5x3 con gran placard en el pasillo. Balcon corrido 1,5x1 vivienda familiar, apto profesional y/o oficina comercial. En inmejorable ubicacion en parque chas. A 1 cuadra del subte b y 1 cuadra de av triunvirato y av. Los incas e innumerables medios de transporte, supermercados, bancos, escuelas. Requisitos: garantia propietaria, recibos de sueldo, 1 mes de adelanto, deposito en dolares, informes se deja constancia que los m2 son aproximados, al igual que las medidas parciales y el valor consignado de las expensas mensuales (en caso que corresponda pago de expensas) están sujetos a verificación y/o ajustes, el precio del inmueble puede ser modificado sin previo aviso. En el caso de tratarse de un inmueble en construcción los detalles de terminación y la fecha de entrega están sujetos a revisión. Fotos de carácter no contractual. Las unidades publicadas están sujetas a disponibilidad. Gloria zafrán propiedades mat nº 1130 actúa solamente en carácter de comercializadora de los inmuebles ofrecidos. En caso de tratarse de un terreno, la información de m2 construibles es orientativa, debiendo ser constatada por el interesado. Inmueble no accesible para personas con discapacidad física ley 5115. Únicamente en el caso de tratarse de alquiler de vivienda familiar, rige lo indicado en la ley 5859. ""Para los casos de alquiler de vivienda, el monto máximo de comisión que se le puede requerir a los propietarios será el equivalente al cuatro con quince centésimos por ciento (4,15%) del valor total del respectivo contrato. Se encuentra prohibido cobrar a los inquilinos que sean personas físicas comisiones inmobiliarias y gastos de gestoría de informes"".-";1;Visto
argenprop;parque-chas;Departamento;2 ambientes nuevo con balcón a la calle;650000;195000;Arismendi 2400;33;2;1;;https://www.argenprop.com/departamento-en-alquiler-en-parque-chas-2-ambientes--18957119;9;Corredor responsable: diego josé muiños cmcpsi 5352/ cristian javier alonso cucicba 6252 - contacto: vanina agudo departamento 2 ambientes en alquiler parque chas capital federal departamento de 38 m² ubicado en zona residencial de parque chas, sobre calle arismendi. Propiedad moderna construida en 2017, distribuida estratégicamente en dos ambientes con excelente aprovechamiento del espacio. Características principales: departamento de frente con orientación norte, apto profesional, permite mascotas y habilitado para uso turístico. Cuenta con una superficie total de 38 m², de los cuales 33 m² son cubiertos y 5 m² semicubiertos. Distribución interior con baño completo equipado con bañera y bidet, cocina funcional y una habitación con placard. Dispone de balcón y terraza, ofreciendo espacios exteriores para disfrute y conexión con el entorno. El edificio presenta amenities de alto valor: pileta, solarium, ascensor con portón automático. Servicios completos de electricidad, agua, gas, internet, telefonía y televisión por cable/satelital. Ubicación estratégica a una cuadra de avenida de los incas, con múltiples opciones de transporte público: líneas de colectivo 71, 80, 87, 90, 93, 108, 111, 113, 123, 127, 133, 140 y 176. Estación de subte los incas (línea b) en proximidad inmediata. Zona verde, tranquila y altamente conectada. Ideal para profesionales que valoran comodidad y funcionalidad. Requisitos de alquiler: mes de adelanto, mes de depósito y seguro de caución. Rau s.R.L. No ejerce el corretaje inmobiliario. El presente sitio web es una plataforma en donde cada oficina inmobiliaria independiente que contrata los servicios re/max puede publicar las propiedades a su cargo. Cada oficina es de propiedad y gestión independiente, por lo que rau s.R.L. No interviene en los datos de la publicación, en la operación inmobiliaria, ni en la confección y/o firma del boleto de compraventa y/o escritura y/o contrato de alquiler. En cumplimiento de las leyes vigentes que regulan el corretaje inmobiliario, ley nacional 25.028, ley 22.802 de lealtad comercial, ley 24.240 de defensa al consumidor, las normas del código civil y comercial de la nación y constitucionales, los agentes/gestores no ejercen el corretaje inmobiliario. Todas las operaciones inmobiliarias son objeto de intermediación y conclusión por parte del corredor público inmobiliario colegiado a cargo de la publicación, cuyos datos se exhiben en la presente. La presente publicación describe las características esenciales del inmueble, debiéndose consultar al corredor público inmobiliario responsable de la operación por la eventual actualización de las medidas, descripciones arquitectónicas y funcionales, valores de expensas, servicios, impuestos, precios y demás información, cuyos valores son aproximados. Para los casos de alquiler de vivienda, el monto máximo de comisión que se le puede requerir a los propietarios será el equivalente al cuatro con quince centésimos por ciento (4,15%) del valor total del respectivo contrato. Se encuentra prohibido cobrar a los inquilinos que sean personas físicas comisiones inmobiliarias y gastos de gestoría de informes. El inmueble es accesible para personas con discapacidades físicas.;0;Visto
argenprop;parque-chas;Departamento;MONOAMBIENTE ALQUILER PARQUE CHAS CON BALCON;700000;90000;Avenida Combatientes de Malvinas 3200;4050;;;1;https://www.argenprop.com/departamento-en-alquiler-en-parque-chas-1-ambiente--19012391;8;"Corredor responsable: ariel champanier cucicba 4330 / andrea berré cmcpsi 6763 - contacto: adrian baravas hermoso monoambiente divisible en alquiler en parque chas a metros del subte con balcon. Ingresamos al inmueble y nos encontramos con el living comedor, a travez de el ingresamos a la cocina, la cual cuenta con muebles bajo y sobremesada, pisos de porcelanato, ademas cuenta con conexion para el lavarropas. Baño completo con bañera. Cuenta con un espacio para la cama de 2.85x2.25 con placard empotrado. Balcon corrido de generosas medidas de siete metros. Servicios individuales. Sobre el barrio: a metros del subte de la linea b estacion \""los incas parque chas\"" y de la avenida triunvirato rodeada de restaurantes de alta calidad, espacios verdes y cercano a universidades y establecimientos educativos. Es de facil acceso ya que se encuentra proximo a gran variedad de medios de transporte. Requisitos:- mes de adelanto- mes de deposito- garantia: seguro de caucion (, garantias express, o garantia ya) -excluyente ingresos comprobables que sean minimante tres veces el valor del alquiler con un año minimo de antiguedad rau s.R.L. No ejerce el corretaje inmobiliario. El presente sitio web es una plataforma en donde cada oficina inmobiliaria independiente que contrata los servicios re/max puede publicar las propiedades a su cargo. Cada oficina es de propiedad y gestión independiente, por lo que rau s.R.L. No interviene en los datos de la publicación, en la operación inmobiliaria, ni en la confección y/o firma del boleto de compraventa y/o escritura y/o contrato de alquiler. En cumplimiento de las leyes vigentes que regulan el corretaje inmobiliario, ley nacional 25.028, ley 22.802 de lealtad comercial, ley 24.240 de defensa al consumidor, las normas del código civil y comercial de la nación y constitucionales, los agentes/gestores no ejercen el corretaje inmobiliario. Todas las operaciones inmobiliarias son objeto de intermediación y conclusión por parte del corredor público inmobiliario colegiado a cargo de la publicación, cuyos datos se exhiben en la presente. La presente publicación describe las características esenciales del inmueble, debiéndose consultar al corredor público inmobiliario responsable de la operación por la eventual actualización de las medidas, descripciones arquitectónicas y funcionales, valores de expensas, servicios, impuestos, precios y demás información, cuyos valores son aproximados. Para los casos de alquiler de vivienda, el monto máximo de comisión que se le puede requerir a los propietarios será el equivalente al cuatro con quince centésimos por ciento (4,15%) del valor total del respectivo contrato. Se encuentra prohibido cobrar a los inquilinos que sean personas físicas comisiones inmobiliarias y gastos de gestoría de informes. El inmueble no es accesible para personas con discapacidades físicas.";0;Visto
argenprop;recoleta;Departamento;Monoambiente en alquiler;800000;60000;Arenales 1400;;;;1;https://www.argenprop.com/departamento-en-alquiler-en-recoleta-1-ambiente--18970249;;Monoambiente con cocina estilo kitchenette, baño completo, espacio de guardado y balcón al frente. Cucicba matricula n° 1.800 *ley 24.240 de defensa al consumidor, las normas del código civil y comercial de la nación y constitucionales. Los agentes no ejercen el corretaje inmobiliario. Aviso legal: las descripciones arquitectónicas y funcionales, valores de expensas, impuestos y servicios, fotos y medidas de este inmueble son aproximados. Los datos fueron proporcionados por el propietario y pueden no estar actualizados a la hora de la visualización de este aviso por lo cual pueden arrojar inexactitudes y discordancias con las que surgen de los las facturas, títulos y planos legales del inmueble. El interesado deberá realizar las verificaciones respectivas previamente a la realización de cualquier operación, requiriendo por sí o sus profesionales las copias necesarias de la documentación que corresponda. Venta supeditada al cumplimiento por parte del propietario de los requisitos de la resolución general nº 2371 de la afip (pedido de coti);1500;Visto
argenprop;recoleta;Departamento;ZONA FACULTADES, a Estrenar MONOAMBIENTE 44 m² DIVISIBLE, APTO TODO DESTINO, Cochera opcional, Póliza de Caución. VIVÍ, TRABAJÁ, ESTUDIÁ y RENTÁ en la zona más conectada de la Ciudad!;715000;99000;Dr L Pasteur 700, Piso 1;44;;;1;https://www.argenprop.com/departamento-en-alquiler-en-recoleta-1-ambiente--17515445;;"Tenencia inmediata. Zona facultades, a estrenar, monoambiente de 44 m² divisible, con vestidor, apto todo destino. Amplio balcón con lavadero. Cochera opcional. Viví, trabajá, estudiá y rentá en la zona más conectada de la ciudad! Póliza de caución. - Amplio polo universitario de buenos aires - frente a la facultad de medicina y el hospital de clínicas apto todo destino: vivienda, consultorios, oficinas, alquiler espacios guardacoches. Edificio pasteur 754 amplio monoambientes de 44 m² apto profesional consultorios médicos, oficinas y otros. Las fotos que se muestran son reales. Contrafrente, pulmón de manzana abierto orientación: oeste, todo sol de la tarde y luz natural ubicación privilegiada: frente al hospital de clínicas y emplazado en medio de: - facultad de medicina - facultad de ciencias económicas - facultad de odontología - facultad de ciencias sociales - nueva plaza houssay con su polo de esparcimiento, gastronomía y cines - a 100 m de la estación de subte ""d"" (estación facultad de medicina) y 300 m del subte linea ""b"" (estación pasteur) - a pocos minutos de tribunales, del obelisco y del microcentro. - Próximos a los shoppings alto palermo y abasto. - Circundado por múltiples líneas de colectivos por la av. Córdoba y marcelo t. Alvear. - Rodeado de múltiples clínicas y sanatorios de 1er nivel, locales de servicios, bancos y supermercados - a metros de av. Santa fé. Expensa: $99.000 aysa: $25.000";354;Visto
argenprop;recoleta;Departamento;RESERVADO Monoambiente Dividido | Balcón | Luminoso | Apto Profesional;650000;215000;Laprida 2000, Piso 4;40;;;1;https://www.argenprop.com/departamento-en-alquiler-en-recoleta-1-ambiente--18831811;25;"Reservado muy buen monoambiente dividido, con dormitorio independiente y ventilación natural, una característica muy valorada y poco frecuente en este tipo de unidades. El departamento cuenta con cocina tipo americana, integrada al ambiente principal, práctica y funcional. Baño completo con espacio para lavarropas. El living-comedor tiene salida a balcón, que aporta aire, luz y una agradable expansión. El sector dormitorio se encuentra claramente separado por un amplio placard, con ventilación propia, lo que brinda mayor confort y privacidad. Monoambiente dividido - dormitorio con ventilación natural – balcón - muy luminoso cocina americana – baño completo con espacio para lavarropas - apto profesional ideal tanto para vivienda o como para uso profesional, consultorio u oficina, en una tipología versátil y cómoda. Condiciones de alquiler vivienda: contrato por dos años, con ajuste trimestral basado en el ipc. Un mes de alquiler por adelantado y un mes de depósito en dólares (equivalente al mes de alquiler). Garantía propietaria de caba, provincia si es familiar directo, o seguro de caución a través de ""alquiler garantizado"" o """". Demostración de ingresos de los últimos seis meses. Certificación de firmas del inquilino y garantía (a cargo del inquilino). Gastos e información adicional: para alquileres de vivienda, las comisiones inmobiliarias para el propietario no superan el 4,15% del valor total del contrato y no se cobran comisiones ni gastos de gestoría a inquilinos personas físicas. Nota: los metros publicados son aproximados; los reales se encuentran en la escritura. El monto de los gastos puede variar, consulte por el último período. Gemas gestiones inmobiliarias / corredor responsable: enrique piñeiro - cucicba matrícula 6572";218;Visto
argenprop;recoleta;Departamento;ZONA FACULTADES. Monoambiente divisible de 40 m² con Lavadero y amplio Balcón.;715000;99000;Dr L Pasteur 700, Piso 2;40;4;;1;https://www.argenprop.com/departamento-en-alquiler-en-recoleta-1-ambiente--17514276;0;"Zona facultades, monoambiente divisibles de 40 m² con lavadero. Póliza de caución. Apto todo destino: vivienda, consultorios, oficinas, alquiler espacios guardacoches. Tenencia inmediata. Teléfono - amplio polo universitario de buenos aires - frente a la facultad de medicina edificio pasteur 754 amplios monoambientes divisibles de 40 m² y 44 m² con vestidor apto vivienda, apto profesional consultorios médicos, oficinas y otros. Posesión y escritura inmediata teléfono: las fotos que se muestran son reales. Frente y contrafrente, pulmón de manzana abierto doble orientación: todo sol y luz natural consultar disponibilidad de pisos ubicación privilegiada: frente al hospital de clínicas y emplazado en medio de: - facultad de medicina - facultad de ciencias económicas - facultad de odontología - facultad de ciencias sociales - nueva plaza houssay con su polo de esparcimiento, gastronomía y cines - a 100 m de la estación de subte ""d"" (estación facultad de medicina) y 300 m del subte linea ""b"" (estación pasteur) - a pocos minutos de tribunales, del obelisco y del microcentro. - Próximos a los shoppings alto palermo y abasto. - Circundado por múltiples líneas de colectivos por av. - Córdoba y m.T.Alvear. - Rodeado de múltiples clínicas y sanatorios de 1er nivel, locales de servicios, bancos y supermercados - a metros de av. Santa fé. Edificio - compuesto por 9 pisos, de 4 unidades por piso. Son amplios semipisos monoambientes divisibles de 40 m² y 44 m², al frente y al contrafrente. - 2 ascensores automáticos de última generación, con frecuencia variable, cabinas de acero inoxidable, espejadas y pisos de porcelanato. - Sistema de alarma y cámaras de vigilancia en acceso a edificio y cocheras. - Apertura de puerta de acceso al edificio con cerradura electromagnética codificada y en ascensores también. - Espacios para estacionamiento en planta baja, fijos, cubiertos y descubiertos con acceso por portón automático y control remoto. - Expensas bajas - generosos palieres y escalera con doble pasamano para facilitar las mudanzas. - Cámara transformadora de edesur s.A. Dentro del edificio. - Iluminación eficiente (led) en áreas comunes (palieres, caja de escaleras, cocheras, vereda) - servicios individuales - doble orientación (este/oeste) que favorece la climatización de los ambientes, induciendo a la eficiencia energética. - Inodoros de doble descarga para optimizar el consumo de agua. - En piso 10°: amplia terraza común con espacio semicubierto, solarium con vista abierta y toilette. Unidades funcionales - diseño flexible para uso vivienda o profesional - óptimo asoleamiento y ángulo de visión del cielo abierto, vistas al frente y al contrafrente a generoso pulmón de manzana sin muros de edificios vecinos que obstaculicen las visuales. - Balcones aterrazados con pileta de lavar enlozada ferrum. - Carpinterías “marcomet” de marcos metálicos reforzados y hojas de aluminio anodizado pesado, corredizas con cierre hermético. - Instalaciones individuales para provisión de agua fría, agua caliente por termotanque eléctrico (ecotermo). Se utilizaron cañerías termofusionadas para la distribución de agua fría y caliente (hidro3 de ""saladillo""), desagües cloaclaes y pluviales en awaduct y pvc ramat/tigre de 3,2 mm de espesor. - Instalación eléctrica preparada para instalación de equipos splits frío/calor en todas las unidades. - Enlucidos de yeso proyectable iggam con cantoneras metálicas. - Óptimas terminaciones - pisos de porcellanato cerro negro de 60 cm x 60 cm. - Frente de placard corredizo melamínico de 18 mm. De espesor (piso/techo) con perfilería de aluminio vertical en ambas hojas. - Cocina con horno eléctrico, de acero inoxidable con tapa de vidrio transparente gris oscuro. - Mesadas de granito con pileta de acero inoxidable. - Amoblamientos de cocina completos hechos a medida en melamina de 18 mm. De espesor, con cantoneras de aluminio en puertas y cajones. Alacenas completas con estante para horno microondas, bodeguero y puertas vidriadas traslúcidas. - Cajoneras con guías metálicas. Diseño lineal para permitir independizar el espacio de cocina, del resto del ambiente. - Grifería fv monocomando. - Baños completos: inodoro ""mónaco"" de doble descarga (roca) con tapa de madera laqueada blanca. - Interiores melamínicos de 18 mm. De espesor, completos con cajoneras con guías metálicas, estantes, baulera y doble juego de barrales de aluminio para colgado de ropa. - Bidet ""mónaco"" (roca). Bañera de chapa esmaltada (roca). - Vanitory de loza con mueble laqueado de tapa volcable (ferrum). - Griferías fv monocomando (ferrum). - Espejo sobre vanitory. - Instalación eléctrica preparada para conexión de extractor. - Set de accesorios fv (ferrum). Guarda decorativa permitral vitrificada. Emprendimientos ya totalmente terminados y entregados; - salguero 824 (pisos de 4 amb.) - Almagro - - valentín gómez 3881 (semipisos de 2 amb.) - Almagro - - yatay 479 (semipisos de 2 y 3 amb.) - Almagro - - nicolás repetto 1284 (semipisos de 4 amb.) - Caballito - - av. Honorio pueyrredón 328 (pisos de 4 amb c/dep) - caballito - - bartolomé mitre 4181 (semipisos de 4 amb.) - Almagro - morelos 63 (semipisos de 2 amb) - caballito - - colombres 329 (semipisos de 2 amb) - almagro - - colombres 288 (semipisos de 2 amb) - almagro - - morelos 45 (semipisos de 2 amb) - caballito - - castro barros 852 (monoambientes divisibles) - almagro -";204;Visto
argenprop;recoleta;Departamento;Departamento en alquiler en Recoleta;500000;118000;Av. Pres. Manuel Quintana 400, Piso 5;20;;1;;https://www.argenprop.com/departamento-en-alquiler-en-recoleta-1-ambiente--18979558;40;Excelente monoambiente en alquiler en una zona espectacular de recoleta. Este departamento de 20 m² se presenta como una opción funcional en un entorno urbano, con vistas a edificios y espacios abiertos desde su balcón. La unidad cuenta con un dormitorio y un baño, ofreciendo una distribución eficiente en un ambiente principal que integra el área de estar y la cocina equipada, con muebles bajo mesada y alacena. El baño está revestido en cerámicos y dispone de todos los artefactos necesarios. La superficie cubierta coincide con la superficie total, lo que garantiza el aprovechamiento completo del espacio interior. Las medidas publicadas son aproximadas, las reales surgirán del titulo de propiedad- ley 5115: inmueble sin accesibilidad- (matricula c.U.C.I.C.B.A. Nro. 689);129;Visto
argenprop;recoleta;Departamento;ALQ. 2 AMB. MUY LUMINOSO AL FRENTE CON BALCÓN;750000;252000;Larrea 1300, Piso 6;40;2;1;;https://www.argenprop.com/departamento-en-alquiler-en-recoleta-2-ambientes--15188356;50;"Execelente departamento. Cercano av. Santa fe, av. Pueyrredón. Cercano a línea de subte ""d"" y linea ""h"". Zona de facultad.";100;Visto
argenprop;recoleta;Departamento;ALQ. 2 AMB. MUY LUMINOSO AL CONTRAFRENTE CON BALCÓN;720000;252000;Larrea 1300, Piso 8°;42;2;1;;https://www.argenprop.com/departamento-en-alquiler-en-recoleta-2-ambientes--15186422;45;"Execelente departamento al contrafente. Super luminoso. Cercano av. Santa fe, av. Pueyrredón. Cercano a línea de subte ""d"" y linea ""h"". Zona de facultad.";100;Visto
argenprop;recoleta;Departamento;Monoambiente en Alquiler - Amenities - Rodriguez Peña 1700 - Recoleta.;750000;150000;Rodriguez Peña 1700, Piso 2;35;;;1;https://www.argenprop.com/departamento-en-alquiler-en-recoleta-1-ambiente--19010448;10;"Monoambiente en piso 2 al frente. Luminoso. Baño completo. Aa frio/calor. Cocina eléctrica y conexión para lavarropas. Amenities . Gym ,laundry,totem. Ubicacion; a pocas cuadras de plaza francia. A 2 cuadras de av. Alvear. My buen acceso a salidas a prinicipales puntos de la ciudad. Requisitos : 2 meses de deposito si el departamento esta amoblado. 1 mes de deposito si el departamento no tiene muebles. 1 mes de adelanto garantía: seguro de caución . Certificados comerciales de todos los intervinientes en el contrato (inquilinos) isabel de marco propiedades. Opera con agentes matriculados en c.U.C.I.C.B.A. 4745.";100;Visto
argenprop;recoleta;Departamento;2 ambientes sin muebles en magnifica ubicacion;790000;150000;Azcuénaga 1100, Piso 8;42;2;1;1;https://www.argenprop.com/departamento-en-alquiler-en-recoleta-2-ambientes--19029361;;Muy buen departamento en recoleta, excelente ubicación. 2 ambientes muy luminoso. Living con salida a balcón, dormitorio con baño en suite hecho a nuevo, y placard. Cocina pequeña sin espacio para lavarropas. No se aceptan mascotas. Expensas $150.000.-;100;Visto
argenprop;recoleta;Departamento;Alquiler Monoambiente c/balcón a estrenar piso alto Recoleta;740000;150000;Rodriguez Peña 1000, Piso 9;35;;;1;https://www.argenprop.com/departamento-en-alquiler-en-recoleta-1-ambiente--18897700;0;"Alquiler de departamento monoambiente con balcón vista abierta en piso alto, al frente a estrenar en recoleta. La ubicación es inmejorable, ideal para estudiantes o residentes gracias a su cercanía a universidades, y facultad de medicina. Detalle de la unidad: - baño completo con espejo con led - cocina con anafe eléctrico, bajo mesada y alacenas - se entrega con aire acondicionado instalado - placard - 35.5 m2 totales - balcón - laundry en piso 12. Requisitos: - mes adelantado - 1 mes de depósito - contrato 2 años - ajuste trimestral por ipc - garantía propietaria caba o seguro de caución (consultar por beneficios con garantina seguros de caución). Este moderno edificio de 13 pisos se encuentra en pleno barrio de recoleta, a pocos metros del cruce de la avenida callao y la avenida santa fe. Es una zona privilegiada debido a su vida activa, su cercanía al centro de la ciudad, su actividad comercial, su infraestructura educativa, su oferta gastronómica y de entretenimiento, y la gran cantidad de centros turísticos de interés. Cuenta con unidades monoambientes y estudios profesionales, con un diseño vanguardista y terminaciones de calidad. Servicios: cloacas depósito (meses): 1 impuestos a cargo de: inquilino agua a cargo de: inquilino inciso 8 del artículo 10 de la ley 2340 (texto consolidado según ley n° 5666). Para los casos de alquiler de vivienda, el monto máximo de comisión que se le puede requerir a los propietarios será el equivalente al cuatro con quince centésimos por ciento (4,15%) del valor total del respectivo contrato. Se encuentra prohibido cobrar a los inquilinos que sean personas físicas comisiones inmobiliarias y gastos de gestoría de informes"", según art. 5 de la ley 5.859 de caba. En cumplimiento de la ley 5115, se informa que el inmueble no cuenta con accesos para personas de movilidad reducida, salvo en aquellos casos que en la descripción se especifique lo contrario. Fotografías no vinculantes ni contractuales. Matrícula cucicba 9489 - cmzc 647";51;Visto
argenprop;recoleta;Departamento;Departamento en alquiler en Recoleta de 3 ambientes piso alto con balcon aterrazado a mts de clinica Finochieto.;700000;238000;Av cordoba 2900, Piso 10;;3;2;1;https://www.argenprop.com/departamento-en-alquiler-en-recoleta-3-ambientes--18023892;34;Recoleta hermoso departamento de 3 ambientes al frente con balcon aterrazado. Cocina separada. Lavadero varios placares. Hermosa vista. Baño completo. Recien pintado. Impecable. .Para los casos de alquiler de vivienda, el monto máximo de comisión que se le puede requerir a los propietarios será el equivalente al cuatro con quince centésimos por ciento (4,15%) del valor total del respectivo contrato. Se encuentra prohibido cobrar a los inquilinos que sean personas físicas comisiones inmobiliarias y gastos de gestoría de informes.Consulte...Se entrega con los artefactos de iluminacion....;50;Visto
argenprop;recoleta;Departamento;Departamento en alquiler en Recoleta;450000;150000;Av Santa Fe 2300;28;;;1;https://www.argenprop.com/departamento-en-alquiler-en-recoleta-1-ambiente--18286176;30;Se alquila monoambiente en recoleta. Comodo, en perfecto estado. Listo para ingresar edificio con pileta y seguridad 24 hs. Excelente ubicación y conectividad con todos los medios de transporte. Sobre la av santa fe. Ideal para estudiantes, consultorio, residencia. Requisitos: mes de adelanto mes de depósito seguro de caución: garantía ya, o;40;Visto
argenprop;recoleta;Departamento;Departamento - Barrio Norte;700000;130000;Laprida 1575 6° Piso;44;2;1;;https://www.argenprop.com/departamento-en-alquiler-en-recoleta-2-ambientes--18187805;35;Alquiler ubicado en una de las calles mas lindas de recoleta laprida al 1500. Depto. 2 ambientes con balcón al contra frente, linda luz natural. Dormitorio con vestidor, cocina, baño y pequeño ambiente escritorio. Para informes y visitas comunicarse al whatsapp gracias por contactarnos! Yacopino inmobiliarias matricula cucicba 5810 la unidad no es apta para personas con movilidad reducida yacopino inmobiliarias mas de 95 años de honestidad profesional;2;Visto
argenprop;recoleta;Departamento;MONOAMBIENTE DIVIDIDO ALQUILER APTO PROFESIONAL CON BALCON;550000;150000;Avda Pueyrredon 800, Piso 12;29;;;1;https://www.argenprop.com/departamento-en-alquiler-en-recoleta-1-ambiente--18950030;40;Excelente monoambiente, apto profesional, puede ser destinada como vivienda o comercial, la unidad presenta al ingreso un amplio placard, 1 baño completo, cocina tipo kichinet, espacio dormitorio dividido con salida a balcon, excelentes vistas a la ciudad piso alto, ubicación inmejorable, cercanía facultad de medicina, avda, córdoba,, todo tipo de medios de transporte. Requisitos: contrato 24 meses. Ajustes x ipc, cada 3 meses 1 mes adelantado+ 1 mes deposito no mascotas. Ingresos comprobables , garantia propietaria caba, o seguro de caución. Servicios: cloacas, gas mel, 50 años concretando sueños nota importante/relevante: las descripciones, fotos, medidas del inmueble, precios, valores de expensas, impuestos y servicios son aproximados y meramente orientativos, y no obligan contractualmente a mel propiedades srl ni resultan vinculantes. Matriculados: julia mel matricula nº 52 maría eva parada matricula nº 251 raúl mel matricula nº 883;2;Visto
argenprop;recoleta;Departamento;MONOAMBIENTE - RECOLETA - EXCELENTE UBICACIÓN;590000;200000;RIOBAMBA 900, Piso 6;32;;;1;https://www.argenprop.com/departamento-en-alquiler-en-recoleta-1-ambiente--18556769;50;Alquiler de departamento monoambiente en recoleta, capital federal ambiente único con amoblamiento bajo mesada, ventana hacia balcón con persiana de enrollar. Baño totalmente instalado con bañera departamento actualmente alquilado: se desocupa el 31/12/2025. Contrato: 2 años. Abona: luz, gas, expensas y aysa. Requisito: garante propietario familiar o recibos de sueldo de familiar directo. Incrementos: cuatrimestrales por indice de precios del consumidor (indec) valor inicial: $ 590.000;1;Visto
argenprop;recoleta;Departamento;Alquiler de Excelente Departamento Monoambiente de 35 m² Aya;800000;180000;Ayacuhco 1400;35;;;1;https://www.argenprop.com/departamento-en-alquiler-en-recoleta-1-ambiente--18916517;4;Departamento en alquiler en recoleta, ideal para quienes buscan confort y funcionalidad. Ubicado en una zona estratégica, este departamento de 35 m² construidos (38 m² totales) ofrece un ambiente acogedor y bien distribuido. El interior cuenta con 1 dormitorio y 1 baño, un living comedor integrado que maximiza el espacio y la luminosidad gracias a su disposició contrafrente abierto. La cocina está equipada para satisfacer tus necesidades diarias, además dispone de conexión para lavarropas y aire acondicionado. El edifico cuenta con amenities laundry, zoom, parrilla, solarium y yacusi. Recoleta es una zona residencial y comercial que ofrece una amplia gama de servicios. Encontrarás supermercados, farmacias y bancos a pocos minutos. Además, la zona cuenta con excelentes opciones de transporte público y fácil acceso a las principales avenidas. Para tu tiempo libre, podrás disfrutar de parques, restaurantes y centros culturales.;1;Visto
argenprop;recoleta;Departamento;Departamento Monoambiente en Alquiler - Recoleta;750000;110000;Billinghurst al 2000;;;;1;https://www.argenprop.com/departamento-en-alquiler-en-recoleta-1-ambiente--18925229;38;Escelente semipiso, monoambiente en recoleta en alquiler pisos de parquet balcon, luminoso semi equipado con lavarropas y lava vajillas termotanque individual split frio calor bano reciclado a nuevo cocina morelli electrica nueva alacenas y bajo mesada para guardar, placard impecable por estado y ubicación posee una baulera camaras de seguridad, sin encargado expensas $ 110.000 agip $ 24.000 todas las operaciones inmobiliarias son objeto de intermediación y conclusion por parte del corredor publico inmobiliario colegiado a cargo de la publicación. Maria laura colonna cp 7667.;1;Visto
argenprop;recoleta;Departamento;Departamento - Alquiler - Argentina, Capital Federal - Larrea 910;750000;225000;Larrea 900, Piso 1;70;3;2;;https://www.argenprop.com/departamento-en-alquiler-en-recoleta-3-ambientes--18955471;40;Alquiler de departamento 3 ambientes en recoleta, capital federal departamento en alquiler en recoleta, al frente. Balcón y patio superficie total de 80.00 metros cuadrados, son 3 ambientes con baño y toilette. Bajas expensas. Apto profesional. Precio de alquiler: $750000. Aviso legal: las descripciones arquitectónicas y funcionales, valores de expensas, impuestos y servicios, fotos y medidas de este inmueble son aproximados. Los datos fueron proporcionados por el propietario y pueden no estar actualizados a la hora de la visualización de este aviso por lo cual pueden arrojar inexactitudes y discordancias con las que surgen de los las facturas, títulos y planos legales del inmueble. El interesado deberá realizar las verificaciones respectivas previamente a la realización de cualquier operación, requiriendo por sí o sus profesionales las copias necesarias de la documentación que corresponda. Ley 5115: el inmueble es accesible para personas con movilidad reducida. Ley 5859 art.4: para los casos de alquiler de vivienda, el monto máximo de comisión que se le puede requerir a los propietarios será el equivalente al cuatro con quince centésimos por ciento (4,15%) del valor total del respectivo contrato. Sabaj soluciones inmobiliarias . Leonardo i. Sabaj- corredor inmobiliario mat. 2537 cucicba.;1;Visto
argenprop;recoleta;Departamento;DEPARTAMENTO 2 AMBIENTES EN RECOLETA MUY LUMINOSO EN PISO ALTO;800000;80000;Anchorena al 1200;;2;1;1;https://www.argenprop.com/departamento-en-alquiler-en-recoleta-2-ambientes--19011473;0;Departamento 2 ambientes en alquiler anchorena al 1200, caba ubicado en un 7 piso al contrafrente, este departamento de 43 m2 se destaca por su excelente luminosidad, tranquilidad y funcional distribución. Cuenta con living comedor con piso de parquet, dormitorio con placard empotrado con espejo y salida a balcón de 3 m2, cocina independiente con espacio para despensa y baño completo con pequeño placard de guardado. Al encontrarse al contrafrente, ofrece un entorno silencioso y muy buena entrada de luz natural durante el día. Ubicación estratégica: situado sobre anchorena 1200, en una zona con excelente conectividad. Cercano a av. Córdoba, av. Santa fe y av. Pueyrredón, con múltiples líneas de colectivo y acceso a subte línea d y línea h. La zona cuenta con amplia oferta comercial, supermercados, farmacias, centros de salud, espacios gastronómicos y todos los servicios necesarios para una vida urbana cómoda. Condiciones del contrato: duración: 2 años. Actualización del canon locativo: trimestral (cada 3 meses) según índice de precios al consumidor (ipc). A cargo del locador: impuesto inmobiliario (rentas incluido en boleta agip). Expensas extraordinarias. Expensas comunes ordinarias no habituales. A cargo del locatario: expensas ordinarias habituales. Abl. Servicios: agua, luz, gas, teléfono, internet y cable. Requisitos para el ingreso: depósito en garantía. Adelanto de un mes. Garantía propietaria o seguro de caución. Comprobantes de ingresos (sujetos a evaluación y aprobación). 2026 coldwell banker. Todos los derechos reservados. Coldwell banker y los logotipos de coldwell banker son marcas de servicio de propiedad de coldwell banker real estate llc. El sistema coldwell banker está compuesto por oficinas propias de propiedad de una subsidiaria de anywhere advisors llc y por oficinas adheridas al sistema coldwell banker que son de propiedad y operación independientes. En cumplimiento con la normativa vigente, los asistentes no ejercen el corretaje inmobiliario. La intermediación y conclusión de las operaciones inmobiliarias es desarrollada por martilleros y corredores públicos. Esta oficina inmobiliaria se encuentra a cargo de federico godi, cucicba 9650 libro 2 tomo 2 folio 60 cpmcal 648 tomo 2 folio 75, adherido/a al sistema coldwell banker destino, cuit -1, arenales 1901 (cp 1124) caba.;1;Visto
argenprop;recoleta;Departamento;Luminoso Departamento en alquiler – 2 ambientes, Recoleta;580000;200000;Av. Cnel. Díaz 1965;33;2;1;;https://www.argenprop.com/departamento-en-alquiler-en-recoleta-2-ambientes--18291846;40;Departamento en alquiler 2 ambientes, recoleta dirección: av. Cnel. Díaz 1965, frente al alto palermo características: interno pero luminoso puerta blindada cocina independiente con ventana living con balcón francés dormitorio con ventana al pulmón pasillo de distribución parquet plastificado muchos placares de gran tamaño baño renovado (grifería, va nitor, etc.) Calefón de tiro balanceado aire acondicionado split nuevo ventajas: ubicación estratégica, frente al alto palermo luminosidad y seguridad ideal para una persona o pareja dirección: av. Cnel. Díaz 1965, frente al alto palermo;0;Visto
argenprop;recoleta;Departamento;Departamento - Recoleta;700000;154000;Pacheco de melo al 2700;32;;;1;https://www.argenprop.com/departamento-en-alquiler-en-recoleta-1-ambiente--18641937;12;Salaya romera propiedades ofrece en alquiler amoblado una excelente opcion en recoleta - unidad monoambiente amplia con balcon a pulmon de manzana, abierto, con vista verde y super silencioso ! Ideal para estudiantes o para quienes buscan descansar en un entorno exclusivo como el barrio de recoleta- - excelente ubicacion : pacheco de melo entre austria y sanchez de bustamante.- A pocas cuadras de av las heras y del parque las heras, con cercania a subte linea d , y linea h y a las principales universidades de la zona ! - La unidad se distribuye de la siguiente manera, al ingreso cocina americana incorporada con amoblamiento completo de alacenas y bajo mesada- la unidad cuenta con heladera y todo el amoblamiento y utensillos comodos para cocinar. - El baño es completo con bañera ambiente amplio sectorizado con una cama de 2 plazas rebatible y living armado con sillon de dos cuerpos y mesa y sillas la unidad tiene pocos años de antiguedad, el edificio es moderno , cuenta con servicio comun de laundry. - Agende su entrevista ! - Se alquila integramente amoblado. No es apto mascotas.- - Buscamos inquilino de 6 meses , o mas - no apto periodos cortos o por dia.- Actualice el valor de su propiedad. Solicite tasación. Las imágenes aquí contenidas han sido incluídas al solo y único efecto ilustrativo de esta presentación. Las medidas son aproximadas y han sido suministradas por los propietarios. Cucicba 3638;0;Visto
argenprop;recoleta;Departamento;Alquiler Departamento monoambiente amplio en Recoleta;600000;180000;LOPEZ, VICENTE entre PUEYRREDON, AV. y AZCUENAGA;40;;;1;https://www.argenprop.com/departamento-en-alquiler-en-recoleta-1-ambiente--18731548;35;Salaya romera propiedades ofrece en alquiler tradicional monoambiente amplio en recoleta, sobre la calle vicente lopez y azcuenaga ! Pleno recoleta ! Departamento con balcon al frente, cocina separada y baño completo. Ademas es apto profesional. Cuenta con encargado permanente y vigilancia por totem servicios individuales, agua caliente por termotanque eléctrico y la calefacción es por aire acondicionado ! Requisitos para alquilar : demostración de ingresos garantía propietaria de caba o seguro de caución 1 mes de adelanto y un mes de deposito no se aceptan mascotas. Agende su visita! Las imágenes aquí contenidas han sido incluidas al solo y único efecto ilustrativo de esta presentación. Las medidas son aproximadas y han sido suministradas por los propietarios. Cucicba 3638;0;Visto
argenprop;recoleta;Departamento;Departamento en Alquiler en Las Cañitas, Capital Federal, Buenos Aires;520000;125000;Ortega y Gasset 1600;21;;;1;https://www.argenprop.com/departamento-en-alquiler-en-recoleta-1-ambiente--18739722;35;Alquiler- departamento- monoambiente- balcón -vista al polo- las cañitas. Monoambiente todo reciclado a nuevo, vista abierta al polo con mucha luz en piso alto. Ambiente con pisos de porcelanato símil madera que abre al balcón con una excelente vista abierta y luz natural. Cocina integrada con mueble bajo mesada y alacena. Placar y baño completo box de ducha y mamparas de vidrio. Termotanque y heladera. Cortina roller screen. Aire acondicionado frío calor. Inmejorable ubicación! A 2 cuadras de libertador y a 3 de luis maría campos, con múltiples transportes. Seguridad por ojo de alcón. Muy bajos gastos. Seguinos en ig: @baupropiedades bau propiedades palermo. - Mat.;0;Visto
argenprop;recoleta;Departamento;Alquiler de Departamento en Recoleta;550000;110000;José León Pagano 2700;38;2;1;;https://www.argenprop.com/departamento-en-alquiler-en-recoleta-1-ambiente--18809992;40;Departamento en alquiler – recoleta excelente departamento de 2 ambientes ubicado en pagano al 2700, en una de las zonas más buscadas de recoleta, a metros de av. Del libertador. La unidad se encuentra al frente, con balcón, lo que le aporta muy buena luminosidad y ventilación. Ideal para quienes buscan comodidad y una ubicación estratégica. Zona residencial y a la vez muy conectada, con varias líneas de colectivo, cercanía a espacios verdes, comercios y principales avenidas. Las medidas publicadas son aproximadas, las reales surgirán del titulo de propiedad- ley 5115: inmueble sin accesibilidad- (matricula c.U.C.I.C.B.A. Nro. 689);0;Visto
argenprop;recoleta;Departamento;Alquiler monoambiente divisible con balcón Balvanera;490000;175000;Ecuador al 900;37;;1;;https://www.argenprop.com/departamento-en-alquiler-en-recoleta-1-ambiente--18823105;45;Alquiler un ambiente divisible, 5 piso al frente, con balcón, luminoso excelente ubicación a media cuadra de av. Córdoba, subte linea h. Cercanía facultades, medicina, ciencias sociales y económicas. Monoambiente amplio, con posibilidad de división para dormitorio, placad. Baño completo con ventilación natural. Cocina separada, espacio para lavarropas. Medidas: espacio dormitorio: 2.40x2.50 espacio living comedor: 3.50x4.70 aire acondicionado.Z edificio con encargado con vivienda, ideal para mayor seguridad y mantenimiento. Ideal estudiantes! Condiciones para ingreso: un mes de adelanto + un mes de deposito garantía: seguro de caución o propiedad en caba + recibos de sueldo 2026 coldwell banker. Todos los derechos reservados. Coldwell banker y los logotipos de coldwell banker son marcas de servicio de propiedad de coldwell banker real estate llc. El sistema coldwell banker está compuesto por oficinas propias de propiedad de una subsidiaria de anywhere advisors llc y por oficinas adheridas al sistema coldwell banker que son de propiedad y operación independientes. En cumplimiento con la normativa vigente, los asistentes no ejercen el corretaje inmobiliario. La intermediación y conclusión de las operaciones inmobiliarias es desarrollada por martilleros y corredores públicos. Esta oficina inmobiliaria se encuentra a cargo de juan pablo mazzara, c.U.C.I.C.B.A. Número 9308, tomo 2, folio 47, adherido al sistema coldwell banker seniority, c.U.I.T. -1, eduardo costa 3041 cp 1425 y alejandro morrone c.M.C.P.D.J.L.M número 1110, tomo 2, folio 170, adherido al sistema coldwell banker seniority, c.U.I.T. -9, eduardo costa 3041 cp 1425 nota: la información gráfica y escrita contenida en el presente aviso es meramente a titulo estimativo y no forma parte de ningún tipo de documentación contractual. Las medidas y superficies definitivas surgirán del título de propiedad del inmueble referido. Asimismo los importes de tasas, servicios y expensas indicados están sujetos a verificación. El valor del inmueble indicado en el presente puede ser modificado sin previo aviso. Operación supeditada a que el propietario cumplimente con la reg.2371 coti. Toda la información y medidas provistas son aproximadas y deberán ratificarse con la documentación pertinente y no compromete contractualmente a nuestra empresa.;0;Visto
argenprop;recoleta;Departamento;Departamento en Alquiler;750000;170000;Av Santa Fe al 2500;37;;1;;https://www.argenprop.com/departamento-en-alquiler-en-recoleta-2-ambientes--18823157;20;-;0;Visto
argenprop;recoleta;Departamento;Departamento en Venta en Recoleta Calle Laprida Dacal Bienes Raices;600000;149000;Laprida al 2150 Piso 7;32;;;1;https://www.argenprop.com/departamento-en-alquiler-en-recoleta-1-ambiente--18829980;40;Alquiler de monoambiente con balcón en recoleta. Ubicado sobre laprida no 2149 entre av. Las heras y calle juan maría gutierrez. Piso 7 con vista al frente. Consta de: - cocina integrada con mesada de acero inoxidable, anafes eléctricos y alacena. - Baño completo con ducha, luz y ventilación natural por ventana. - Ambiente funcional, luminoso y cómodo con placard. - Balcón al frente. - Aire acondicionado características generales: edificio de 8 pisos con tres unidades por piso. Expensas bajas. El edificio cuenta con encargado.;0;Visto
argenprop;recoleta;Departamento;MONOAMBIENTE CON BALCON MUY LUMINOSO PISO ALTO;500000;57300;Ecuador 1400;28;;;1;https://www.argenprop.com/departamento-en-alquiler-en-recoleta-1-ambiente--18832181;;"Monoambiente alto luminoso, cocina abierta al living, pisos de parquet, baño con ducha, lavadero separado, balcón aterrazado con cerramiento, aire acondicionado frio calor. Agua caliente central, expensas $98.000.- Abl $12.130.- Superficie 30m2 por reglamento del edificio no se permiten mascotas. Para los casos de alquiler de vivienda está prohibido cobrar honorarios inmobiliarios a los inquilinos, en caso de ser personas físicas. Los mismos serán soportados por los propietarios siendo el porcentaje autorizado el equivalente al cuatro con quince centésimos (4,15%) del valor total del contrato. (Ley 5859) ley 5115: ""excepto que en la descripción de la propiedad se indique lo contrario, el edificio puede no contar con rampa para personas con movilidad reducida, y no ser accesible para personas con discapacidades físicas."" Cucicba 6419 | mónica chiaramonte";0;Visto
argenprop;recoleta;Departamento;Alquiler departamento monoambiente apto profesional con cochera opcional super luminoso;520000;140000;Mansilla al 2800 (Anchorena y Laprida );42;;1;;https://www.argenprop.com/departamento-en-alquiler-en-recoleta-1-ambiente--18880017;40;Apto profesional. Recoleta, cerca de todo! Mansilla entre laprida y anchorena. Monoambiente dividido, con cochera opcional. Super luminoso y en muy buen estado! Único ambiente de 6.60x3 dividido por un placard, balcón (3x1.50) a contrafrente abierto. Amplia cocina de 4x2 con ventana/barra al living, lavadero incorporado y conexión para lavarropas. Pisos de cerámicos. Persianas. Agua caliente individual por calefón. Calefacción con radiador eléctrico. Edificio de 6 pisos, 4 departamentos por piso. Cochera opcional: $ 140.000 filippo propiedades;0;Visto
argenprop;recoleta;Departamento;DEPARTAMENTO MONOAMBIETE EN ALQUILER C/BALCON;550000;190000;Agüero 1900;24;;1;;https://www.argenprop.com/departamento-en-alquiler-en-recoleta-1-ambiente--18886064;36;Corredor responsable: zmz bienes raices s.R.L. Verónica zaltzman cpi 8072 - cmcpdjm 3960 - contacto: maría paula rosso departamento monoambiete en alquiler c/balcon en recoleta se trata de un departamento monoambiente súper luminoso con balcón. Se puede entrega con los muebles que se ven en la publicación, hechos a medida (consultar valor) la propiedad consta de las siguientes características: -living comedor súper luminoso con salida al balcón -cocina integrada con barra desayunador -baño completo -placard empotrado requisitos: 1 mes de adelantado 1 mes de depósito seguro de caución (excluyente) mascotas: solo gatos contrato en pesos por 2 años y aumentos trimestrales conforme al ipc. No deje de consultarnos ante cualquier duda o inquietud, estamos a disposición. Las medidas son estimativas y pueden sufrir modificaciones. Los datos definitivos son los que surgirán del título de la propiedad, planos y/o comprobantes respaldatorios. Rau s.R.L. No ejerce el corretaje inmobiliario. El presente sitio web es una plataforma en donde cada oficina inmobiliaria independiente que contrata los servicios re/max puede publicar las propiedades a su cargo. Cada oficina es de propiedad y gestión independiente, por lo que rau s.R.L. No interviene en los datos de la publicación, en la operación inmobiliaria, ni en la confección y/o firma del boleto de compraventa y/o escritura y/o contrato de alquiler. En cumplimiento de las leyes vigentes que regulan el corretaje inmobiliario, ley nacional 25.028, ley 22.802 de lealtad comercial, ley 24.240 de defensa al consumidor, las normas del código civil y comercial de la nación y constitucionales, los agentes/gestores no ejercen el corretaje inmobiliario. Todas las operaciones inmobiliarias son objeto de intermediación y conclusión por parte del corredor público inmobiliario colegiado a cargo de la publicación, cuyos datos se exhiben en la presente. La presente publicación describe las características esenciales del inmueble, debiéndose consultar al corredor público inmobiliario responsable de la operación por la eventual actualización de las medidas, descripciones arquitectónicas y funcionales, valores de expensas, servicios, impuestos, precios y demás información, cuyos valores son aproximados. Para los casos de alquiler de vivienda, el monto máximo de comisión que se le puede requerir a los propietarios será el equivalente al cuatro con quince centésimos por ciento (4,15%) del valor total del respectivo contrato. Se encuentra prohibido cobrar a los inquilinos que sean personas físicas comisiones inmobiliarias y gastos de gestoría de informes. El inmueble no es accesible para personas con discapacidades físicas.;0;Visto
argenprop;recoleta;Departamento;Departamento Monoambiente en alquiler - 1 Baño - Recoleta;560000;130000;Avenida Santa Fe e/ Cerrito y Libertad;28;;;1;https://www.argenprop.com/departamento-en-alquiler-en-recoleta-1-ambiente--18888423;30;_ Departamento monoambiente en alquiler ubicado sobre avenida santa fe entre cerrito y libertad (mar del plata, buenos aires). Desarrollado en piso alto por ascensor, con disposición frente y orientación al este. _ El mismo posee cocina equipada con muebles sobre y bajo mesada, un espacio principal con espacios de guardado empotrados y un baño completo. Luminoso, cuenta con balcón y muy buena ventilación natural. _ La propiedad tiene una superficie total de aproximadamente 28mts2 cubiertos. _ Las expensas al día 20/01/2026 son de aproximadamente $130.000. Yacoub | construimos confianza innovación | calidad | sustentabilidad | diseño 70 mil metros cuadrados | 23 torres la información descripta en el presente aviso es meramente orientativa y no forma parte de ningún tipo de documentación contractual. Los datos enunciados fueron proporcionados por los propietarios y pueden arrojar inexactitudes, las superficies definitivas surgirán del título de propiedad del inmueble referido. Se deja constancia de que los valores y/o expensas pueden estar sujetas a verificación o ajuste. Lo que estás buscando lo tenemos | estés donde estés vendemos en todos lados.;0;Visto
argenprop;recoleta;Departamento;Alquiler 2 amb luminoso y con balcón en Recoleta;700000;165000;Austria 1700;40;2;1;;https://www.argenprop.com/departamento-en-alquiler-en-recoleta-2-ambientes--18894347;66;Corredor responsable: uno bienes raices s.R.L. - Nicolás sundblad cpi 7144 / csi 5821 - contacto: claudia spalletta hermoso dos ambientes super luminoso, con balcón, en la zona privilegiada de recoleta. El departamento es pura luz. Se accede por una entrada semiprivada. Cuenta con un living comedor con vista abierta, y un balcón de generosas dimensiones. Posee una cocina funcional con termotanque y horno eléctricos -no tiene gas- y espacio para lavarropas. Habitación con amplio espacio de guardado y baño completo con ducha, en suite. Posee un aire frio/calor inverter, pisos de parquet en la habitación y living, y una generosa baulera. El edificio cuenta con encargado con vivienda y dos ascensores. La propiedad se entrega sin muebles. No es apto mascotas, ni apto profesional. Se encuentra ubicado a tan solo una cuadra de la av. Santa fe y tres cuadras de av. Coronel díaz, lo que le da una excelente conectividad con la ciudad por medio de múltiples líneas de colectivo y las líneas d y h de subte. ¡Vení a conocer tu próximo hogar! Requisitos de alquiler: - alquiler por 2 años - 1 mes de adelanto - 1 mes de depósito en garantía - seguro de caución o garantía propietaria - ingresos demostrables y comprobables - indexación cada 6 meses por ipc rau s.R.L. No ejerce el corretaje inmobiliario. El presente sitio web es una plataforma en donde cada oficina inmobiliaria independiente que contrata los servicios re/max puede publicar las propiedades a su cargo. Cada oficina es de propiedad y gestión independiente, por lo que rau s.R.L. No interviene en los datos de la publicación, en la operación inmobiliaria, ni en la confección y/o firma del boleto de compraventa y/o escritura y/o contrato de alquiler. En cumplimiento de las leyes vigentes que regulan el corretaje inmobiliario, ley nacional 25.028, ley 22.802 de lealtad comercial, ley 24.240 de defensa al consumidor, las normas del código civil y comercial de la nación y constitucionales, los agentes/gestores no ejercen el corretaje inmobiliario. Todas las operaciones inmobiliarias son objeto de intermediación y conclusión por parte del corredor público inmobiliario colegiado a cargo de la publicación, cuyos datos se exhiben en la presente. La presente publicación describe las características esenciales del inmueble, debiéndose consultar al corredor público inmobiliario responsable de la operación por la eventual actualización de las medidas, descripciones arquitectónicas y funcionales, valores de expensas, servicios, impuestos, precios y demás información, cuyos valores son aproximados. Para los casos de alquiler de vivienda, el monto máximo de comisión que se le puede requerir a los propietarios será el equivalente al cuatro con quince centésimos por ciento (4,15%) del valor total del respectivo contrato. Se encuentra prohibido cobrar a los inquilinos que sean personas físicas comisiones inmobiliarias y gastos de gestoría de informes. El inmueble no es accesible para personas con discapacidades físicas.;0;Visto
argenprop;recoleta;Departamento;ALQUILER DEPARTAMENTO EN RECOLETA CON BALCÓN;550000;150000;Juncal 2100;27;;;1;https://www.argenprop.com/departamento-en-alquiler-en-recoleta-1-ambiente--18914419;46;Corredor responsable: maria de los angeles meade cpi 9172 cmcpm 3083 - contacto: maria de los angeles meade monoambiente en alquiler, excelente ubicación, muy buen estado, luminoso. El departamento tiene cocina separada, baño completo, placard y balcón corrido con bacha. Posee horno a gas y calefón en cocina. Además tiene una baulera de uso exclusivo de la unidad en el subsuelo. Esta recién pintado integro (ambiente, cocina, baño, interior de placard, puertas y azulejos del baño). Recientemente se cambiaron los pisos por porcelanato simil madera, que lo hace mas moderno y amplio. Luminoso, con dos amplias ventanas (en cocina y ambiente) y puerta ventana al balcón. Aunque da al lateral, recibe muy buena luz natural. El edificio es muy tranquilo, esta en buen estado general y tiene encargada de lunes a sábado. Excelente ubicación. A metros de av. Santa fe, con muy buena conectividad a múltiples líneas de colectivos y subte línea d y h. Cercano a facultad de medicina y ciencias sociales. Condiciones: * mes de adelanto * 1 mes de depósito * seguro de caución * actualización trimestral por icl. Rau s.R.L. No ejerce el corretaje inmobiliario. El presente sitio web es una plataforma en donde cada oficina inmobiliaria independiente que contrata los servicios re/max puede publicar las propiedades a su cargo. Cada oficina es de propiedad y gestión independiente, por lo que rau s.R.L. No interviene en los datos de la publicación, en la operación inmobiliaria, ni en la confección y/o firma del boleto de compraventa y/o escritura y/o contrato de alquiler. En cumplimiento de las leyes vigentes que regulan el corretaje inmobiliario, ley nacional 25.028, ley 22.802 de lealtad comercial, ley 24.240 de defensa al consumidor, las normas del código civil y comercial de la nación y constitucionales, los agentes/gestores no ejercen el corretaje inmobiliario. Todas las operaciones inmobiliarias son objeto de intermediación y conclusión por parte del corredor público inmobiliario colegiado a cargo de la publicación, cuyos datos se exhiben en la presente. La presente publicación describe las características esenciales del inmueble, debiéndose consultar al corredor público inmobiliario responsable de la operación por la eventual actualización de las medidas, descripciones arquitectónicas y funcionales, valores de expensas, servicios, impuestos, precios y demás información, cuyos valores son aproximados. Para los casos de alquiler de vivienda, el monto máximo de comisión que se le puede requerir a los propietarios será el equivalente al cuatro con quince centésimos por ciento (4,15%) del valor total del respectivo contrato. Se encuentra prohibido cobrar a los inquilinos que sean personas físicas comisiones inmobiliarias y gastos de gestoría de informes. El inmueble no es accesible para personas con discapacidades físicas.;0;Visto
argenprop;recoleta;Departamento;Cordoba al 3600 2 Amb. Recoleta. Amueblado con balcon;650000;216000;Cordoba al 3600;30;2;1;;https://www.argenprop.com/departamento-en-alquiler-en-recoleta-2-ambientes--18919645;60;Departamento de 2 ambientes super luminoso al contrafrente con balcón cubierto, estar comedor con salida al balcón con cocina integrada . Dormitorio con placard con ventana al balcón. Hall distribuidor con placard y espejo. Mobiliario: en living comedor: mesa con dos sillas, sillón de 2 plazas, mesa escritorio con dos banquetas, lampara de pie, mueble guardado, lampara colgante, equipo de aire acondicionado frio calor, en cocina: calefón, artefacto cocina, microondas, pava eléctrica y utensillos. En dormitorio: 2 camas de 1 plaza con colchones y 2 mesitas de luz. Alquiler: requisitos: contrato a 1 año. Ajustes trimestrales. Indice ipc. Mes de adelanto. $650.000 depósito. U$$ 600 garantia: seguro de caución (garantía premier s.A.). Demostración de ingresos en blanco. No se cobran honorarios. Condiciones: 2 personas, no apto mascotas (perro), apto profesional. Ley 5859 art. 5 se encuentra prohibido cobrar comisiones inmobiliarias y gastos de gestoría de informes a los inquilinos que sean personas físicas. Para los casos de alquiler de vivienda, el monto máximo de comisión que se le puede requerir a los propietarios será el equivalente al cuatro con quince centésimos por ciento (4,15%) del valor total del respectivo contrato. Inmueble no accesible para personas con discapacidad física ley 5115. Se deja constancia que los m2 son aproximados, al igual que las medidas parciales de los ambientes, y el valor consignado de las expensas mensuales está sujeto a verificación y/o ajustes, el precio del inmueble puede ser modificado sin previo aviso. Fotos de carácter no contractual. Las unidades publicadas están sujetas a disponibilidad. Inmobiliaria arquitectura arq. Fermoselle actúa solamente en carácter de comercializadora de los inmuebles ofrecidos. El precio del inmueble puede ser modificado sin previo aviso. Toda foto y/o gráfico es de carácter no contractual. Toda información es a sólo efecto orientativo. Las medidas, superficies, metrajes y proporciones informados son aproximados, las medidas reales surgirán del título de propiedad respectivo.;0;Visto
argenprop;recoleta;Departamento;Alquiler Monoambiente Palermo Luz Balcon Impecable;600000;120000;Billinghurst 1100;31;;1;;https://www.argenprop.com/departamento-en-alquiler-en-recoleta-1-ambiente--18930089;11;Corredor responsable: uno bienes raices s.R.L. - Nicolás sundblad cpi 7144 / csi 5821 - contacto: ángeles costa se alquila monoambiente amplio, con cocina separada con espacio para lavadero balcon al contrafrente super luminoso edificio moderno con muy buen mantenimiento 2 ascensores y solo 3 departamentos por piso pisos de parquet eskabe en el living y aire acondicionado baño completo placard de 2 puertas con baulera requisitos: ingresos demostrables seguro de caución o garantia propietaria no se aceptan mascotas indexación cada 3 meses por ipc rau s.R.L. No ejerce el corretaje inmobiliario. El presente sitio web es una plataforma en donde cada oficina inmobiliaria independiente que contrata los servicios re/max puede publicar las propiedades a su cargo. Cada oficina es de propiedad y gestión independiente, por lo que rau s.R.L. No interviene en los datos de la publicación, en la operación inmobiliaria, ni en la confección y/o firma del boleto de compraventa y/o escritura y/o contrato de alquiler. En cumplimiento de las leyes vigentes que regulan el corretaje inmobiliario, ley nacional 25.028, ley 22.802 de lealtad comercial, ley 24.240 de defensa al consumidor, las normas del código civil y comercial de la nación y constitucionales, los agentes/gestores no ejercen el corretaje inmobiliario. Todas las operaciones inmobiliarias son objeto de intermediación y conclusión por parte del corredor público inmobiliario colegiado a cargo de la publicación, cuyos datos se exhiben en la presente. La presente publicación describe las características esenciales del inmueble, debiéndose consultar al corredor público inmobiliario responsable de la operación por la eventual actualización de las medidas, descripciones arquitectónicas y funcionales, valores de expensas, servicios, impuestos, precios y demás información, cuyos valores son aproximados. Para los casos de alquiler de vivienda, el monto máximo de comisión que se le puede requerir a los propietarios será el equivalente al cuatro con quince centésimos por ciento (4,15%) del valor total del respectivo contrato. Se encuentra prohibido cobrar a los inquilinos que sean personas físicas comisiones inmobiliarias y gastos de gestoría de informes. El inmueble no es accesible para personas con discapacidades físicas.;0;Visto
argenprop;recoleta;Departamento;Departamento Monoambiente en alquiler - 1 Baño - Recoleta;690000;220000;Paraguay e/ Ecuador y Avenida Pueyrredón;45;;;1;https://www.argenprop.com/departamento-en-alquiler-en-recoleta-1-ambiente--18938366;0;_ Departamento monoambiente en alquiler ubicado sobre calle paraguay entre ecuador y avenida pueyrredón (recoleta, ciudad autónoma de buenos aires). Desarrollado en piso alto por ascensor, con disposición contra frente y orientación al norte. _ El mismo posee cocina equipada con muebles sobre y bajo mesada, un espacio principal con espacios de guardado empotrados y un baño completo. Luminoso, cuenta con balcón y equipo de aire acondicionado. _ La propiedad tiene una superficie total de aproximadamente 45ubiertos. Yacoub | construimos confianza innovación | calidad | sustentabilidad | diseño 70 mil metros cuadrados | 23 torres la información descripta en el presente aviso es meramente orientativa y no forma parte de ningún tipo de documentación contractual. Los datos enunciados fueron proporcionados por los propietarios y pueden arrojar inexactitudes, las superficies definitivas surgirán del título de propiedad del inmueble referido. Se deja constancia de que los valores y/o expensas pueden estar sujetas a verificación o ajuste. Lo que estás buscando lo tenemos | estés donde estés vendemos en todos lados.;0;Visto
argenprop;recoleta;Departamento;Departamento azcuenaga;780000;154000;Azcuenaga al 1600;30;2;1;;https://www.argenprop.com/departamento-en-alquiler-en-recoleta-1-ambiente--18947219;10;"Refugio en el corazón de la ciudad monoambiente con balcon corrido un baño completo + toilette. Es todo lo que necesitas para vivir con estilo y tranquilidad. Esta propuesta que tenemos para vos, es una unidad que tecnicamente es una tipologia de ""monoambiente"", pero al contar con una division solida entre ambientes, podria ofrecertela como un dos ambientes, por su comodidad y funcionalidad. La ubicacion excelente, cercano a todos los medios de transportes. - Contrafrente, para disfrutar de la luz natural y la vista - toilette y baño completo, para tu comodidad y relajación a la hora de recibir invitados. - Un hermoso balcón con vista abierta, perfecto para tomar un café o simplemente disfrutar del aire libre la propiedad sse calefacciona por losa radiante y aire acondicionado. El edificio cuenta con sum. Adicional, cochera descubierta (consultar precio) apto profesional no se permiten mascotas no dudes en contactarme y organizamos una visita. Todas las operaciones son a cargo y están bajo la supervisión del martillero y corredor responsable matias castelli cucicba 3678 - cmcpsi 6099. Toda la información y medidas son aproximadas.";0;Visto
argenprop;recoleta;Departamento;ALQUILER 2 AMBIENTES RECOLETA;800000;250000;Azcuénaga 1000, Piso 3;42;2;1;;https://www.argenprop.com/departamento-en-alquiler-en-recoleta-2-ambientes--18964401;0;Alquiler – departamento 2 ambientes con balcones en recoleta ubicado en azcuénaga esquina marcelo t. De alvear, en pleno barrio de recoleta, una de las zonas más buscadas de la ciudad, con excelente conectividad y entorno urbano consolidado. El departamento cuenta con 45 m² totales, distribuidos en 40 m² cubiertos y 5 m² descubiertos, y se encuentra en un tercer piso. Dispone de dos balcones: uno con salida desde el living comedor y otro con acceso desde el dormitorio, lo que garantiza muy buena ventilación cruzada y gran luminosidad natural en todos los ambientes. Ambos al frente. La unidad ofrece cocina separada y completa, con espacio para lavarropas, baño completo y placard en el pasillo de distribución, optimizando el espacio de guardado. Departamento funcional, cómodo e hiper luminoso. Excelente accesibilidad, con múltiples líneas de colectivos en las inmediaciones (como 61, 62, 64, 68, 92, 95, 101, 110, entre otras), y rápida conexión con avenidas principales como santa fe, córdoba y pueyrredón. Zona cercana a facultades, centros de salud, comercios y servicios, lo que lo hace ideal para estudiantes o jóvenes profesionales. Javier cerpavicius matrícula cucicba 1468 teléfonos de contacto todas las propiedades que figuran en esta publicación se encuentran a cargo del profesional matriculado javier cerpavicius, matrícula cucicba 1468 por lo tanto la intermediación y la conclusión de las operaciones serán llevadas exclusivamente por él. En cumplimiento de la ley 10.973 de la provincia de buenos aires, ley nacional 25.028, ley nacional 20.266, ley 22.802 de lealtad comercial, ley 24.240 de defensa al consumidor, las normas del código civil y comercial de la nación y constitucionales, los asesores o agentes no ejercen el corretaje inmobiliario. Todas las operaciones inmobiliarias son objeto de intermediación y conclusión por parte del martillero y corredor colegiado, cuyos datos se exhiben en el nombre de la inmobiliaria. Ley 5115: excepto que en la descripción de la propiedad se indique lo contrario, el edificio puede no contar con rampa para personas con movilidad reducida, y no ser accesible para personas con discapacidades físicas. Venta sujeta a la obtención del coti por parte del propietario. Las medidas son aproximadas, las reales surgen del título o plano de mensura. Las reservas se toman exclusivamente en la inmobiliaria con el matriculado cucicba 1468;0;Visto
argenprop;recoleta;Departamento;ALQUILER – DEPARTAMENTO 2 AMBIENTES AMOBLADO EN RECOLETA;750000;67000;José Andrés Pacheco De Melo 2600;35;2;1;;https://www.argenprop.com/departamento-en-alquiler-en-recoleta-2-ambientes--18978111;50;Excelente departamento 2 ambientes amoblado en recoleta josé andrés pacheco de melo 2655 recoleta excelente departamento de dos ambientes, totalmente amoblado y equipado, listo para ingresar. Incluye ropa de cama y baño, ideal para quienes buscan comodidad y una ubicación estratégica en recoleta. Aire acondicionado frío/calor cocina independiente heladera microondas cafetera televisión secador de pelo condiciones: garantía propietaria 1 mes de adelanto 1 mes de depósito no se aceptan mascotas contrato tradicional por 2 años con ajustes trimestrales o contrato temporal por 6 meses servicios del edificio: encargado electricidad gas agua corriente cloacas internet pavimento excelente oportunidad en recoleta;0;Visto
argenprop;recoleta;Departamento;"ALQUILER MONOAMBIENTE CON BALCON EN ""RECOLETA""";550000;162000;Gallo 1000;3060;;1;;https://www.argenprop.com/departamento-en-alquiler-en-recoleta-1-ambiente--18981733;18;Corredor responsable: marcelo trujillo cpi 6470 / cmcpdjlm 810 - contacto: sergio esteban pacheco monoambiente en excelente ubicación – recoleta ubicado en gallo al 1000l, a metros de av. Córdoba, este cómodo monoambiente, funcional, muy luminoso y con excelente detalles de terminación. La unidad cuenta con 30 m² cubiertos y un balcón amplio y cómodo de 2,68 m², lo que totaliza casi 34 m² totales. El ambiente principal posee piso de parquet, muy buen ingreso de luz natural y salida al balcón. Dispone de aire acondicionado frío-calor y estufa. Cocina integrada, equipada con cocina a gas, y el departamento cuenta con baño completo. El edificio se destaca por sus muy buenos detalles de terminación y mantenimiento general. Excelente conectividad, cercanía a medios de transporte, universidades, centros de salud, comercios y espacios verdes, en pleno corazón de recoleta. Requisitos: un mes de deposito. Un mes de adelanto. Seguro de caucion, garantia-ya o . Rau s.R.L. No ejerce el corretaje inmobiliario. El presente sitio web es una plataforma en donde cada oficina inmobiliaria independiente que contrata los servicios re/max puede publicar las propiedades a su cargo. Cada oficina es de propiedad y gestión independiente, por lo que rau s.R.L. No interviene en los datos de la publicación, en la operación inmobiliaria, ni en la confección y/o firma del boleto de compraventa y/o escritura y/o contrato de alquiler. En cumplimiento de las leyes vigentes que regulan el corretaje inmobiliario, ley nacional 25.028, ley 22.802 de lealtad comercial, ley 24.240 de defensa al consumidor, las normas del código civil y comercial de la nación y constitucionales, los agentes/gestores no ejercen el corretaje inmobiliario. Todas las operaciones inmobiliarias son objeto de intermediación y conclusión por parte del corredor público inmobiliario colegiado a cargo de la publicación, cuyos datos se exhiben en la presente. La presente publicación describe las características esenciales del inmueble, debiéndose consultar al corredor público inmobiliario responsable de la operación por la eventual actualización de las medidas, descripciones arquitectónicas y funcionales, valores de expensas, servicios, impuestos, precios y demás información, cuyos valores son aproximados. Para los casos de alquiler de vivienda, el monto máximo de comisión que se le puede requerir a los propietarios será el equivalente al cuatro con quince centésimos por ciento (4,15%) del valor total del respectivo contrato. Se encuentra prohibido cobrar a los inquilinos que sean personas físicas comisiones inmobiliarias y gastos de gestoría de informes. El inmueble no es accesible para personas con discapacidades físicas.;0;Visto
argenprop;recoleta;Departamento;Departamento Monoambiente en Recoleta;500000;100000;Jose Evaristo Uriburu al 1300;30;;;1;https://www.argenprop.com/departamento-en-alquiler-en-recoleta--19002482;40;Departamento monoambiente en recoleta departamento monoambiente, ultimo piso al frente, hermoso balcon aterrazado, muy buena ilumunacion. Zona de excelente acceso y facil transporte, cerca de avenidas importantes y universidades, ideal para estudiantes. 30m2 cubiertos 5m2 descubiertos;0;Visto
argenprop;recoleta;Departamento;AMPLIO 2 AMB C BALCON - BILLINGHURST Y PARAGUAY;600000;237000;BILLINGHURST 1300, Piso 4;46;2;1;;https://www.argenprop.com/departamento-en-alquiler-en-recoleta-2-ambientes--19003306;60;Alquiler de departamento 2 ambientes con balcon en recoleta, capital federal se entrega recien pintado. Requisitos excluyentes para avanzar con el alquiler: garantía propietaria de caba o del interior de la provincia de buenos aires o seguro de caución de argenprop y contar con ingresos comprobables (recibos de sueldo, monotributo, autónomos, etc.) Aclaración: el propietario no acepta perros. Contrato tradicional 2 años ajuste cada 3 meses por ipc. Contacto para visitas: para agendar, escribinos por whatsapp al . Avisos legales: - se encuentra prohibido cobrar comisiones inmobiliarias y gastos de gestoría de informes a los inquilinos que sean personas físicas. Para los casos de alquiler de vivienda, el monto máximo de comisión que se le puede requerir a los propietarios será el equivalente al cuatro con quince centésimos por cientos (4,15%) del valor total del respectivo contrato. - Las descripciones arquitectónicas y funcionales, valores de expensas, impuestos y servicios, fotos y medidas de este inmueble son aproximados. Los datos fueron proporcionados por el propietario y pueden no estar actualizados a la hora de la visualización de este aviso por lo cual puede arrojar inexactitudes y discordancias con las que surgen de las facturas, títulos y planos legales del inmueble. El interesado debe realizar las verificaciones respectivas previamente a la realización de cualquier operación, requiriendo por si o sus profesionales las copias necesarias de la documentación que corresponda. Corredores inmobiliarios: juan carlos sardi cucicba 2174 luciano lance cucicba 2173;0;Visto
argenprop;recoleta;Departamento;DEPARTAMENTO EN ALQUILER – 2 AMBIENTES EN RECOLETA;560000;160000;Ecuador 1300;32;2;1;;https://www.argenprop.com/departamento-en-alquiler-en-recoleta-2-ambientes--19005117;60;Excelente zona, muy buscada por su ubicación, conectividad y servicios. 3er piso departamento de dos ambientes dormitorio luminoso living comedor con balcón al frente cocina independiente muy buena ventilación e iluminación natural alquiler: $560.000 expensas: $160.000 no acepta mascotas disponibilidad inmediata consultanos para más información o para coordinar una visita;0;Visto
argenprop;recoleta;Departamento;Departamento - Recoleta;470000;100000;Cabrera al 3000;27;;;1;https://www.argenprop.com/departamento-en-alquiler-en-recoleta-1-ambiente--19006339;50;Departamento monoambiente luminoso con balcón amplio. Departamento ubicado en un piso alto, muy luminoso y con excelente ventilación natural. El ambiente principal es amplio, con salida directa a un balcón al frente, que aporta luz durante gran parte del día y una agradable vista abierta con verde. Cuenta con pisos de parquet en espiga, que le dan calidez y un estilo clásico al espacio. La cocina es independiente, con ventana al exterior, muebles bajo mesada y alacenas, cocina a gas instalada y calefón. Espacio funcional y con buena luz natural, el baño es completo, con revestimientos cerámicos. Nota importante: toda la información y medidas provistas son aproximadas y deberán ratificarse con la documentación pertinente y no compromete contractualmente a nuestra empresa. Los gastos (expensas, abl) expresados refieren a la última información recabada y deberán confirmarse. Fotografias no vinculantes ni contractuale;0;Visto
argenprop;recoleta;Departamento;ALQUILER AMPLIO MONOAMBIENTE CON BALCÓN EN RECOLETA;450000;189000;AV. Santa Fe al 2200;30;;;1;https://www.argenprop.com/departamento-en-alquiler-en-recoleta-1-ambiente--19008860;40;Excelente monoambiente luminoso y divisible en recoleta. El departamento se encuentra en una de las zonas mas buscadas debido a su acceso a múltiples medios de transporte, desde colectivos a líneas de subte d y h. Cercanía con las facultades de uba medicina, uba ciencias sociales, up ciencias económicas, usal medicina, san andrés, etc. Ideal para estudiantes! Cómodo monoambiente con cocina kitchenette y baño completo. Se encuentra en un piso 7 al frente. Tiene un amplio balcón con vista abierta y con mucho ingreso de luz. El departamento no cuenta con gas, es todo eléctrico. Tiene encargado con vivienda y cuenta con refrigeración por aire acondicionado. Condiciones del contrato e ingreso: - contrato por 2 años con ajuste por ipc. - Servicios, expensas ordinarias y boleta agip a cargo del inquilino. - Para ingresar se requiere 1 mes de adelanto + 1 mes de depósito y garantia de fianza o propietaria en caba. Coldwell banker destino (+54 /86 nota: la información gráfica y escrita contenida en el presente aviso es meramente a título estimativo y no forma parte de ningún tipo de documentación contractual. Las medidas y superficies definitivas surgirán del título de propiedad del inmueble referido. Asimismo, los importes de tasas, servicios y expensas indicados están sujetos a verificación. El valor del inmueble indicado en el presente puede ser modificado sin previo aviso. Operación supeditada a que el propietario cumplimente con la reg.2371 coti. 2025 coldwell banker. Todos los derechos reservados. Coldwell banker y los logotipos de coldwell banker son marcas de servicio de propiedad de coldwell banker real estate llc. El sistema coldwell banker está compuesto por oficinas propias de propiedad de una subsidiaria de anywhere advisors llc y por oficinas adheridas al sistema coldwell banker que son de propiedad y operación independientes. En cumplimiento con la normativa vigente, los asistentes no ejercen el corretaje inmobiliario. La intermediación y conclusión de las operaciones inmobiliarias es desarrollada por martilleros y corredores públicos. Esta oficina inmobiliaria se encuentra a cargo de federico godi bienes raices cucicba 9650 libro 2 tomo 2 folio 60? Guillermo torry cpmclz 3095 libro vi folio 312 adheridos al sistema coldwell banker destino, arenales 1901, recolecta, caba.;0;Visto
argenprop;recoleta;Departamento;Departamento ALQUILER 2 Ambientes Recoleta;800000;200000;José Andrés Pacheco de Melo 2700;3291;2;1;;https://www.argenprop.com/departamento-en-alquiler-en-recoleta-2-ambientes--19010426;11;Corredor responsable: monica alejandra mazza cucicba 5609 / ezequiel luceti cmcpsi 6635 - contacto: joaquin jeanneret 2 ambientes en alquiler – recoleta – edificio moderno con seguridad departamento de 2 ambientes en alquiler ubicado en una de las zonas más buscadas de recoleta, sobre pacheco de melo al 2700, rodeado de servicios, comercios y excelente conectividad. La unidad se destaca por su tranquilidad y luminosidad. Cuenta con balcón interno, ideal para quienes priorizan silencio en pleno corazón del barrio. El departamento es apto profesional. Características del departamento: living comedor cómodo y funcional dormitorio con buena luz natural balcón interno baño completo con bañera, mampara y bidet cocina eléctrica departamento totalmente eléctrico aire acondicionado frío/calor características del edificio: edificio moderno seguridad monitoreada 24 horas laundry en planta baja (lavadora y secadora) ubicación estratégica: a 3 cuadras de av. Del libertador a 2 cuadras de av. Las heras a 6 cuadras de av. Santa fe 500 metros subte línea h (las heras) 800 metros subte línea d (agüero) requisitos: recibo de sueldo o comprobantes de ingresos contrato a 2 años ajuste trimestral por ipc garantía propietaria en caba o seguro de caución excelente opción para quienes buscan vivir en recoleta, con cercanía a espacios verdes, transporte y centros comerciales. Consultanos para coordinar una visita. Rau s.R.L. No ejerce el corretaje inmobiliario. El presente sitio web es una plataforma en donde cada oficina inmobiliaria independiente que contrata los servicios re/max puede publicar las propiedades a su cargo. Cada oficina es de propiedad y gestión independiente, por lo que rau s.R.L. No interviene en los datos de la publicación, en la operación inmobiliaria, ni en la confección y/o firma del boleto de compraventa y/o escritura y/o contrato de alquiler. En cumplimiento de las leyes vigentes que regulan el corretaje inmobiliario, ley nacional 25.028, ley 22.802 de lealtad comercial, ley 24.240 de defensa al consumidor, las normas del código civil y comercial de la nación y constitucionales, los agentes/gestores no ejercen el corretaje inmobiliario. Todas las operaciones inmobiliarias son objeto de intermediación y conclusión por parte del corredor público inmobiliario colegiado a cargo de la publicación, cuyos datos se exhiben en la presente. La presente publicación describe las características esenciales del inmueble, debiéndose consultar al corredor público inmobiliario responsable de la operación por la eventual actualización de las medidas, descripciones arquitectónicas y funcionales, valores de expensas, servicios, impuestos, precios y demás información, cuyos valores son aproximados. Para los casos de alquiler de vivienda, el monto máximo de comisión que se le puede requerir a los propietarios será el equivalente al cuatro con quince centésimos por ciento (4,15%) del valor total del respectivo contrato. Se encuentra prohibido cobrar a los inquilinos que sean personas físicas comisiones inmobiliarias y gastos de gestoría de informes. El inmueble no es accesible para personas con discapacidades físicas.;0;Visto
argenprop;recoleta;Departamento;Departamento en Recoleta;760000;180000;Arenales al 2800;30;2;1;;https://www.argenprop.com/departamento-en-alquiler-en-recoleta-2-ambientes--19011957;20;Alquiler departamento de 2 ambientes, con un espacio bien distribuido. La propiedad cuenta con un luminoso living-comedor con salida a balcón, perfecto para disfrutar del aire libre y la luz natural. La cocina es semiabierta, integrada al ambiente principal, lo que brinda amplitud y practicidad, manteniendo a la vez una sutil separación de espacios. Dispone de un dormitorio cómodo con placard integrado, ofreciendo muy buen espacio de guardado. Además, cuenta con un baño completo y un toilette de recepción, un diferencial que aporta mayor comodidad para el día a día y para recibir visitas. Se destaca por su excelente entrada de luz natural en todos los ambientes, generando espacios cálidos y agradables. Nota importante: toda la información y medidas provistas son aproximadas y deberán ratificarse con la documentación pertinente y no compromete contractualmente a nuestra empresa. Los gastos (expensas, abl) expresados refieren a la última información recabada y deberán confirmarse. Fotografias no vinculantes ni contractuales.;0;Visto
argenprop;recoleta;Departamento;ALQUILER MONOAMBIENTE EN RECOLETA AMUEBLADO;700000;185000;Uruguay 1200;38;;;1;https://www.argenprop.com/departamento-en-alquiler-en-recoleta-1-ambiente--19013997;31;Corredor responsable: graciela menazzi cmcpdjlm 841 / cpi 6344 - contacto: romina nieves mena esectacular departamento en alquiler monoambiente con cocina separada y cama en entrepiso. Este departamento cuenta con: contrafrente a impecable pulmón de manzana verde con vista de árboles y palmeras. Cocina separada: equipamiento completo con cocina eléctrica, hornito y heladera pequeña. Baño amplio: con ducha y gran mesada, ventilación al pulmón. Amplio placard: ideal para almacenamiento. Living cómodo: equipado con un sillón de 3 cuerpos y mesa con seis sillas. Entrepiso funcional: espacio para cama y escritorio con silla, ideal para trabajar o estudiar. Características adicionales: piso de parquet balcón con vista a un hermoso jardín y arboles aire acondicionado para mayor confort valor publicado + expensas + gastos condiciones para ingresar: 1 mes de adelanto - 1 mes y medio de deposito - gastos adm- seguro caución departamento amoblado en calle uruguay entre juncal y arenales. Rau s.R.L. No ejerce el corretaje inmobiliario. El presente sitio web es una plataforma en donde cada oficina inmobiliaria independiente que contrata los servicios re/max puede publicar las propiedades a su cargo. Cada oficina es de propiedad y gestión independiente, por lo que rau s.R.L. No interviene en los datos de la publicación, en la operación inmobiliaria, ni en la confección y/o firma del boleto de compraventa y/o escritura y/o contrato de alquiler. En cumplimiento de las leyes vigentes que regulan el corretaje inmobiliario, ley nacional 25.028, ley 22.802 de lealtad comercial, ley 24.240 de defensa al consumidor, las normas del código civil y comercial de la nación y constitucionales, los agentes/gestores no ejercen el corretaje inmobiliario. Todas las operaciones inmobiliarias son objeto de intermediación y conclusión por parte del corredor público inmobiliario colegiado a cargo de la publicación, cuyos datos se exhiben en la presente. La presente publicación describe las características esenciales del inmueble, debiéndose consultar al corredor público inmobiliario responsable de la operación por la eventual actualización de las medidas, descripciones arquitectónicas y funcionales, valores de expensas, servicios, impuestos, precios y demás información, cuyos valores son aproximados. Para los casos de alquiler de vivienda, el monto máximo de comisión que se le puede requerir a los propietarios será el equivalente al cuatro con quince centésimos por ciento (4,15%) del valor total del respectivo contrato. Se encuentra prohibido cobrar a los inquilinos que sean personas físicas comisiones inmobiliarias y gastos de gestoría de informes. El inmueble no es accesible para personas con discapacidades físicas.;0;Visto
argenprop;recoleta;Departamento;Anchorena al 1200 departamento en alquiler de 2 ambientes con balcón en Recoleta;680000;122000;Dr. Tomás Manuel de Anchorena al 1200;;2;1;1;https://www.argenprop.com/departamento-en-alquiler-en-recoleta-2-ambientes--19024105;50;"Departamento de 2 ambientes al contrafrente living comedor con salida al balcón. Cocina separada lavadero sectorizado. Dormitorio con placard con baulera. Baño completo. Excelente ubicación : 3 cuadras de av. Pueyrredon y 2 de av. Cordoba *contrato 24 meses* requisitos: garantía de caba, o sistema - ingresos demostrables. Aumento trimestral por ipc, boleta agip a cargo del locatario. Vremont daniel amado -mat. 367 ley 5115: accesible. ""Se deja constancia que las medidas y superficies indicadas en el presente son aproximadas y sujetas a verificación, variación y/o ajuste. El monto de expensas fue proporcionado por el propietario al momento de autorizar la venta y las mismas pueden haber sufrido modificaciones a la fecha."". Ley 5859 art. 4 - caba incorpórase como inciso 8 del artículo 10 de la ley 2340 (texto consolidado según ley n 5666) el siguiente texto: hacer constar en todo ofrecimiento publicitario de locación de inmuebles con destino habitacional que se emita vía páginas web, propias o de terceros, la siguiente leyenda: para los casos de alquiler de vivienda, el monto máximo de comisión que se le puede requerir a los propietarios será el equivalente al cuatro con quince centésimos por ciento (4,15%) del valor total del respectivo contrato. Se encuentra prohibido cobrar a los inquilinos que sean personas físicas comisiones inmobiliarias y gastos de gestoría de informes vremont daniel amado doblas 312 - caba propiedades en uruguay móvil uruguay : mail: propiedades en argentina tel: / móvil: +549 mail:";0;Visto
argenprop;recoleta;Departamento;Anchorena al 1200 departamento en alquiler de 2 ambientes con balcón en Recoleta;680000;122000;Dr. Tomás Manuel de Anchorena al 1200;;2;1;1;https://www.argenprop.com/departamento-en-alquiler-en-recoleta-2-ambientes--19024108;50;"Departamento de 2 ambientes al contrafrente living comedor con salida al balcón. Cocina separada lavadero sectorizado. Dormitorio con placard con baulera. Baño completo. Excelente ubicación : 3 cuadras de av. Pueyrredon y 2 de av. Cordoba *contrato 24 meses* requisitos: garantía de caba, o sistema - ingresos demostrables. Aumento trimestral por ipc, boleta agip a cargo del locatario. Vremont daniel amado -mat. 367 ley 5115: accesible. ""Se deja constancia que las medidas y superficies indicadas en el presente son aproximadas y sujetas a verificación, variación y/o ajuste. El monto de expensas fue proporcionado por el propietario al momento de autorizar la venta y las mismas pueden haber sufrido modificaciones a la fecha."". Ley 5859 art. 4 - caba incorpórase como inciso 8 del artículo 10 de la ley 2340 (texto consolidado según ley n 5666) el siguiente texto: hacer constar en todo ofrecimiento publicitario de locación de inmuebles con destino habitacional que se emita vía páginas web, propias o de terceros, la siguiente leyenda: para los casos de alquiler de vivienda, el monto máximo de comisión que se le puede requerir a los propietarios será el equivalente al cuatro con quince centésimos por ciento (4,15%) del valor total del respectivo contrato. Se encuentra prohibido cobrar a los inquilinos que sean personas físicas comisiones inmobiliarias y gastos de gestoría de informes vremont daniel amado doblas 312 - caba propiedades en uruguay móvil uruguay : mail: propiedades en argentina tel: / móvil: +549 mail:";0;Visto
argenprop;recoleta;Departamento;ALQUILER DPTO 2 AMBIENTES RECOLETA BALCON;700000;125867;FRENCH 2300;3986;2;1;;https://www.argenprop.com/departamento-en-alquiler-en-recoleta-2-ambientes--19026942;57;Corredor responsable: daniel acosta cpi 2406 / cmcpsi 5953 - contacto: javier frank departamento 2 ambientes en venta - recoleta - capital federal departamento de 45 m² ubicado en zona premium de recoleta, sobre calle french. Propiedad estratégicamente emplazada en octavo piso de edificio tradicional, con excelente distribución y orientación noroeste. Condiciones • alquiler por 12 meses, ajuste trimestral indice ipc • mes de ingreso • mes de deposito • garantia de fianza • demostración de ingresos distribución • dormitorio principal • living/comedor integrado • cocina independiente • baño completo • lavadero • balcón con vista al exterior servicios y amenities • ascensor • aire acondicionado • servicios de electricidad, agua y gas • orientación noroeste con ingreso de luz natural rau s.R.L. No ejerce el corretaje inmobiliario. El presente sitio web es una plataforma en donde cada oficina inmobiliaria independiente que contrata los servicios re/max puede publicar las propiedades a su cargo. Cada oficina es de propiedad y gestión independiente, por lo que rau s.R.L. No interviene en los datos de la publicación, en la operación inmobiliaria, ni en la confección y/o firma del boleto de compraventa y/o escritura y/o contrato de alquiler. En cumplimiento de las leyes vigentes que regulan el corretaje inmobiliario, ley nacional 25.028, ley 22.802 de lealtad comercial, ley 24.240 de defensa al consumidor, las normas del código civil y comercial de la nación y constitucionales, los agentes/gestores no ejercen el corretaje inmobiliario. Todas las operaciones inmobiliarias son objeto de intermediación y conclusión por parte del corredor público inmobiliario colegiado a cargo de la publicación, cuyos datos se exhiben en la presente. La presente publicación describe las características esenciales del inmueble, debiéndose consultar al corredor público inmobiliario responsable de la operación por la eventual actualización de las medidas, descripciones arquitectónicas y funcionales, valores de expensas, servicios, impuestos, precios y demás información, cuyos valores son aproximados. Para los casos de alquiler de vivienda, el monto máximo de comisión que se le puede requerir a los propietarios será el equivalente al cuatro con quince centésimos por ciento (4,15%) del valor total del respectivo contrato. Se encuentra prohibido cobrar a los inquilinos que sean personas físicas comisiones inmobiliarias y gastos de gestoría de informes. El inmueble no es accesible para personas con discapacidades físicas.;0;Visto
argenprop;recoleta;Departamento;ALQ DEPTO Amb y 1/2 BALCÓN Cocina Lavad RECOLETA;650000;89000;Gral. Lucio Norberto Mansilla 2500;35;;1;;https://www.argenprop.com/departamento-en-alquiler-en-recoleta-1-ambiente--19030439;40;"Corredor responsable: ariel champanier cucicba 4330 / andrea berré cmcpsi 6763 - contacto: felisa hadid amplio monoambiente divisible más escritorio - gran balcón cocina separada - lavadero independiente - expensas bajas edificio ubicado en gral. Lucio n. Mansilla casi av. Pueyrredón subte líneas \""d\"" y \""h\"" - múltiples líneas de colectivos a 2 cuadras de av. Santa fe y también de av. Córdoba lindísimo departamento con amplios espacios para guardado excelente estado! - Luminoso - refaccionado con detalles de calidad - semipiso con balcón aterrazado para que lo disfrutes todo el año! - Funcional ambiente divisible y gran placard de piso a techo. - Además posee un espacio aparte para escritorio. - Cocina separada y lavadero independiente. - Baño completo con luminosidad y ventilación naturales. Este baño posee un práctico placard, especialmente diseñado. - Aire acondicionado y estufa de tiro balanceado. - Baulera en el departamento. - Mosquiteros en todas las aberturas. - Balcón aterrazado y con toldo rebatible. Es un departamento cómodo, alegre, silencioso, luminoso, para que estés viviendo tus mejores momentos! Requisitos: demostración de ingresos garantías que se aceptan: \""garantía express\"", \""garantía ya\"", \""\"" coordinamos visitas con tu solicitud preaprobada de garantía toda la información es aproximada y a solo efecto orientativo. Los datos exactos surgirán de la documentación respectiva. Rau s.R.L. No ejerce el corretaje inmobiliario. El presente sitio web es una plataforma en donde cada oficina inmobiliaria independiente que contrata los servicios re/max puede publicar las propiedades a su cargo. Cada oficina es de propiedad y gestión independiente, por lo que rau s.R.L. No interviene en los datos de la publicación, en la operación inmobiliaria, ni en la confección y/o firma del boleto de compraventa y/o escritura y/o contrato de alquiler. En cumplimiento de las leyes vigentes que regulan el corretaje inmobiliario, ley nacional 25.028, ley 22.802 de lealtad comercial, ley 24.240 de defensa al consumidor, las normas del código civil y comercial de la nación y constitucionales, los agentes/gestores no ejercen el corretaje inmobiliario. Todas las operaciones inmobiliarias son objeto de intermediación y conclusión por parte del corredor público inmobiliario colegiado a cargo de la publicación, cuyos datos se exhiben en la presente. La presente publicación describe las características esenciales del inmueble, debiéndose consultar al corredor público inmobiliario responsable de la operación por la eventual actualización de las medidas, descripciones arquitectónicas y funcionales, valores de expensas, servicios, impuestos, precios y demás información, cuyos valores son aproximados. Para los casos de alquiler de vivienda, el monto máximo de comisión que se le puede requerir a los propietarios será el equivalente al cuatro con quince centésimos por ciento (4,15%) del valor total del respectivo contrato. Se encuentra prohibido cobrar a los inquilinos que sean personas físicas comisiones inmobiliarias y gastos de gestoría de informes. El inmueble es accesible para personas con discapacidades físicas.";0;Visto
argenprop;villa-ortuzar;Departamento;Alquiler departamento 2 ambientes con balcón, cocina y lavadero, Villa Ortuzar. E-FURIO.;650000;170000;AV ALVAREZ THOMAS al 1500;40;2;1;;https://www.argenprop.com/departamento-en-alquiler-en-villa-ortuzar-2-ambientes--19001935;35;Recibidor al ingresar al inmueble. Cocina independiente con artefacto de cocina a gas, calefón, mesada, bajo mesada y alacenas. Lavadero separado con pileta de lavadero, conexión para lavarropas, sogas para colgar ropa y gran ventana. Living-comedor con balcón a contrafrente. Armario de guardado en hall de distribución. Baño completo con bañadera. Habitación con ventana a contrafrente y placard embutido de dos cuerpos. Pisos de parquet. En las fotos se visualiza sectores de parquet levantados en living-comedor que están siendo re-colocados por la administración debido a un trabajo que han realizado. El inmueble se entrega con estos re-colocados. Las expensas incluyen aysa. Ubicado al limite entre colegiales y villa ortuzar, a dos cuadras de la plaza 25 de agosto, dos cuadras de av de los incas, y 6 cuadras de la estacion de subte linea b villa ortuzar y a 7 cuadras del cementerio aleman, britanico y de chacarita. *Para los casos de alquiler de vivienda, el monto máximo de comisión que se le puede requerir a los propietarios será el equivalente al cuatro con quince centésimos por ciento (4,15%) del valor total del respectivo contrato. Se encuentra prohibido cobrar a los inquilinos que sean personas físicas comisiones inmobiliarias y gastos de gestoría de informes. *Se deja constancia que las medidas y superficies indicados son aproximados y al sólo efecto orientativo. Las medidas reales surgirán del título de propiedad respectivo. Las medidas parciales y/o de los ambientes y el valor consignado de expensas mensuales está sujeto a verificación y/o ajuste. Fotos de carácter no contractual. El precio del inmueble puede ser modificado sin previo aviso. E furio srl - div. Servicios inmobiliarios enrique d. Furio c.U.C.I.C.B.A mat. No 439;35;Visto
argenprop;villa-ortuzar;Departamento;MONOAMBIENTE C/ BALCÓN AL FRENTE VILLA ORTÚZAR;590000;150000;CHORROARIN 1200, Piso 6;36;;;1;https://www.argenprop.com/departamento-en-alquiler-en-villa-ortuzar--10157649;5;Monoambiente de 39 mts con balcón al frente sobre av chorroarín a 3 cuadras de la estación de subte tronador de la línea b de subte que está sobre la av triunvirato. Super luminoso y aireado split frío/calor conexión para lavarropas se acepta mascota pequeña estado del departamento impecable;2;Visto
argenprop;villa-ortuzar;Departamento;Departamento en Villa Ortuzar;650000;210000;Charlone al 2100;39;2;1;;https://www.argenprop.com/departamento-en-alquiler-en-villa-ortuzar-2-ambientes--18505436;6;"Excelente departamento de 2 abmientes al contra- frente con cocina incorporada toilette y suite con vestidor calefacción central. Unidad de 2 ambientes al contra- frente con orientación este. Todo luz hall de entrada con recibidor. Amplio living-comedor con cocina incorporada; ventanal de acceso al balcón corrido. Piso de porcelanato. Cocina con muebles completos (alacenas y bajo mesada), mesada de granito, conexión para lavarropa y artefacto de cocina eléctrico. Cómo desayunador de madera. Toilette dormitorio en suite con un amplio vestidor que cuenta con interior completo. Información importante -contrato por 24 meses. -Ajustes cuatrimestrales por ipc. * Garante de caba y acreditación de haberes acordes al alquiler * no es apto para mascotas. Transportes cercanos colectivos: 71, 80, 87, 90, 93, 108, 111, 113, 123, 127, 133, 140, 176 subtes: de los incas (línea b) ubicación privilegiada, a metros de avenidas principales ( triunvirato/ alvarez thomas/ av. De los incas), comercios, transporte público (subte y colectivos) para los casos de alquiler de vivienda, el monto máximo de comisión que se le puede requerir a los propietarios será el equivalente al cuatro con quince centésimos por ciento (4,15%) del valor total del respectivo contrato. Será por cuenta del inquilino el pago impuestos, tasas, servicios, expensas y la contratación de un seguro contra incendio. Los importes publicados de impuestos, tasas, servicios y expensas, son orientativos y los mismos serán determinados por los entes correspondientes. * Aviso legal la información detallada sobre este inmueble como características, calidades constructivas y funcionales, valores de expensas, impuestos, servicios, superficies y medidas ha sido proporcionada por el propietario. Si bien se presenta de forma orientativa y con fines informativos, puede no estar actualizada o no coincidir exactamente con los datos que surgen de la documentación oficial. * Las medidas exactas serán las que figuren en los títulos y planos legales del inmueble. Las imágenes publicadas tienen un fin ilustrativo y muestran el estado general de la propiedad al momento de ser tomadas, pudiendo no reflejar su situación actual. Los muebles, accesorios o elementos visibles en las fotos no forman parte de la oferta de venta, salvo aclaración expresa. * Se recomienda a los interesados realizar una visita al inmueble y verificar personalmente toda la información, así como solicitar la documentación correspondiente, antes de concretar cualquier operación. C.U.C.I.C.B.A 2244";1;Visto
argenprop;villa-ortuzar;Departamento;ALQUILER - Monoambiente en Villa Ortúzar.;600000;153000;Triunvirato Avda 3500;35;;;1;https://www.argenprop.com/departamento-en-alquiler-en-villa-ortuzar-1-ambiente--18552127;10;Moderno departamento monoambiente en alquiler en excelente ubicación. Cochera propia opcional. Cocina espaciosa con mesada y anafe eléctrico, integrada al living comedor, muebles de alacena y bajo mesada. Baño completo. Gran balcón de 5m2 !. - Mat.;0;Visto
argenprop;villa-ortuzar;Departamento;Departamento en alquiler - 1 Dormitorio 1 Baño - Villa Ortúzar;600000;50000;Guevara e/ Estomba y Heredia;27;;1;;https://www.argenprop.com/departamento-en-alquiler-en-villa-ortuzar-2-ambientes--18780572;50;_ Departamento de un dormitorio en alquiler ubicado sobre calle guevara entre estomba y heredia (villa ortúzar, ciudad autónoma de buenos aires). Desarrollado en primer piso por escalera, con disposición frente y orientación norte. _ El mismo posee cocina equipada con muebles sobre y bajo mesada, living comedor, un dormitorio con placard empotrado y un baño completo. Luminoso, cuenta con balcón y muy buena ventilación natural. _ La propiedad tiene una superficie total de aproximadamente 29mts2, de los cuales 27mts2 son cubiertos. _ Las expensas al día 05/01/2026 son de aproximadamente $50.000. Yacoub | construimos confianza innovación | calidad | sustentabilidad | diseño 70 mil metros cuadrados | 23 torres la información descripta en el presente aviso es meramente orientativa y no forma parte de ningún tipo de documentación contractual. Los datos enunciados fueron proporcionados por los propietarios y pueden arrojar inexactitudes, las superficies definitivas surgirán del título de propiedad del inmueble referido. Se deja constancia de que los valores y/o expensas pueden estar sujetas a verificación o ajuste. Lo que estás buscando lo tenemos | estés donde estés vendemos en todos lados.;0;Visto
argenprop;villa-ortuzar;Departamento;Departamento en Aquiler con Muebles;700000;110000;Triunvirato 3000, Piso 0;4592;2;1;;https://www.argenprop.com/departamento-en-alquiler-en-villa-ortuzar-2-ambientes--18800457;26;"Alquiler de departamento 2 ambientes en villa ortuzar completamente equipado, capital federal dos ambientes al frente con balcón. El departamento se alquila completamente amoblado. Dormitoriocama de dos plazas mesas de luz veladores cortinas aire acondicionado living comedor mesa y sillas; vajillero televisión; cortinas; balcón con red de protección; cocina equipada con vajilla para cuatro personas. Heladera; lavadero independiente baño completo con bañera. Calefacción central sectorizada por ambientes. El edificio tiene sum y solárium. Posibilidad de alquilar cocheras aparte. El living y el dormitorio cuentan con cortinas.El baño y el lavadero cuentan con ventanas. Requisitos dos meses de deposito dólar billete mes de alquiler adelantado. Garantía propietaria. Recibo de sueldo. No acepta mascota la intermediación y la conclusión de las operaciones de todas las propiedades que figuran en este perfil se encuentran a cargo de gisi lm s.A. Se realizan con la intervención de vanesa amanda garcía cucicba 8237/ cpmcal 562. En cumplimiento de las leyes provinciales vigentes que regulan el corretaje inmobiliario, ley nacional 25.028, ley 22.802 de lealtad comercial, ley 24.240 de defensa al consumidor, las normas del código civil y comercial de la nación y constitucionales, los agentes/gestores/asesores no ejercen el corretaje inmobiliario. En cumplimiento de lo dispuesto por la ley 5115, se informa que, el presente inmueble posee acceso para personas con discapacidad físicas. ""Para los casos de alquiler de vivienda, el monto máximo de comisión que se le puede requerir a los propietarios será el equivalente al cuatro con quince centésimos por ciento (4,15%) del valor total del respectivo contrato. Se encuentra prohibido cobrar a los inquilinos que sean personas físicas comisiones inmobiliarias y gastos de gestoría de informes"". Vanesa garcia matrícula cucicba 8237 / cmpsi 3483 teléfonos de contacto / todas las propiedades que figuran en esta publicación se encuentran a cargo del profesional matriculado vanesa garcia, matrícula cucicba 8237 / cmpsi 3483 por lo tanto la intermediación y la conclusión de las operaciones serán llevadas exclusivamente por él. En cumplimiento de la ley 10.973 de la provincia de buenos aires, ley nacional 25.028, ley nacional 20.266, ley 22.802 de lealtad comercial, ley 24.240 de defensa al consumidor, las normas del código civil y comercial de la nación y constitucionales, los asesores o agentes no ejercen el corretaje inmobiliario. Todas las operaciones inmobiliarias son objeto de intermediación y conclusión por parte del martillero y corredor colegiado, cuyos datos se exhiben en el nombre de la inmobiliaria. Ley 5115: excepto que en la descripción de la propiedad se indique lo contrario, el edificio puede no contar con rampa para personas con movilidad reducida, y no ser accesible para personas con discapacidades físicas. Venta sujeta a la obtención del coti por parte del propietario. Las medidas son aproximadas, las reales surgen del título o plano de mensura. Las reservas se toman exclusivamente en la inmobiliaria con el matriculado cucicba 8237 / cmpsi 3483";0;Visto
argenprop;villa-ortuzar;Departamento;Departamento 2 ambientes al frente con balcón, dormitorio en suite y toilette;600000;150000;Av. Triunvirato al 2800;42;2;1;;https://www.argenprop.com/departamento-en-alquiler-en-villa-ortuzar-2-ambientes--18893464;12;Hermoso departamento de 2 ambientes al frente con balcón, dormitorio en suite, toilette de recepción. Sum y piscina. En cumplimiento a la ley 5115, se informa que el inmueble no es accesible para personas con discapacidades físicas. Ley 5858 - art.5 se encuentra prohibido cobrar comisiones inmobiliarias y gastos de gestoría de informes a los inquilinos que sean personas físicas. Para los casos de alquiler de vivienda, el monto máximo de comisión que se puede requerir a los propietarios será el equivalente al cuatro quince centésimos por ciento (4,15%) del valor total del respectivo contrato. Cucicba mat. No 27/67;0;Visto
argenprop;villa-ortuzar;Departamento;Alquiler MonoAmb Divisible a Estrenar Amenities;750000;102000;Plaza 1000;4080;;;1;https://www.argenprop.com/departamento-en-alquiler-en-villa-ortuzar-1-ambiente--18969453;;Corredor responsable: niceto propiedades sa cpi 6346 / jose david winer cmcpsi 6433 - contacto: gabriela costa queres estrenar tu nueva vivienda? Plaza al 1000. Entre roseti y fraga. A 1 cuadra y media de la av. Triunvirato estación tronador (línea b) espectacular pileta! Full amenities. Bajas expensas. Piso 3 al contrafrente. Muy luminoso. Super silencioso, pulmon abierto. Balcon aterrado. Ventilacion cruzada, tiene un ventanal que da al pulmon del edificio. Ventanal en el baño aportando luz y circulacion del aire. Edificio boutique de 24 unidades. Por cada piso hay dos departamentos al frente y dos al contrafrente. Amplísimo pulmón de manzana. Amenities espectaculares! En el 7mo piso se encuentra un amplio sum con gran vista abierta, terraza para disfrutar a pleno! Pileta de 7x4 envuelta en un deck de madera con una ducha exterior, solarium y laundry. Techos de hormigón visto. Aberturas herméticas aluar. Porcelanatto importado. Baño importado con sanitarios línea roca, grifería fv. Pileta de cocina de acero. Horno empotrado eléctrico. Conexión a gas en cocina con anafe de dos hornallas. Aire acondicionado frio calor instalado. Muebles de cocina hechos a medida de muy buena calidad. Condiciones del contrato: un mes de depósito se toma en dolares un mes de alquiler garantía propietaria o seguro de caución ingresos comprobables ajuste trimestral por ipc rau s.R.L. No ejerce el corretaje inmobiliario. El presente sitio web es una plataforma en donde cada oficina inmobiliaria independiente que contrata los servicios re/max puede publicar las propiedades a su cargo. Cada oficina es de propiedad y gestión independiente, por lo que rau s.R.L. No interviene en los datos de la publicación, en la operación inmobiliaria, ni en la confección y/o firma del boleto de compraventa y/o escritura y/o contrato de alquiler. En cumplimiento de las leyes vigentes que regulan el corretaje inmobiliario, ley nacional 25.028, ley 22.802 de lealtad comercial, ley 24.240 de defensa al consumidor, las normas del código civil y comercial de la nación y constitucionales, los agentes/gestores no ejercen el corretaje inmobiliario. Todas las operaciones inmobiliarias son objeto de intermediación y conclusión por parte del corredor público inmobiliario colegiado a cargo de la publicación, cuyos datos se exhiben en la presente. La presente publicación describe las características esenciales del inmueble, debiéndose consultar al corredor público inmobiliario responsable de la operación por la eventual actualización de las medidas, descripciones arquitectónicas y funcionales, valores de expensas, servicios, impuestos, precios y demás información, cuyos valores son aproximados. Para los casos de alquiler de vivienda, el monto máximo de comisión que se le puede requerir a los propietarios será el equivalente al cuatro con quince centésimos por ciento (4,15%) del valor total del respectivo contrato. Se encuentra prohibido cobrar a los inquilinos que sean personas físicas comisiones inmobiliarias y gastos de gestoría de informes. El inmueble no es accesible para personas con discapacidades físicas.;0;Visto
argenprop;villa-ortuzar;Departamento;Departamento en alquiler en Villa Ortuzar Estomba 1428 - Av. de los Incas;530000;98000;Estomba 1400, Piso 1;29;;;1;https://www.argenprop.com/departamento-en-alquiler-en-villa-ortuzar-1-ambiente--19020216;35;Muy buen monoambiente en excelente ubicación, estomba 1428 a metros de av de los incas, todo luz y sol, al contrafrente con balcón y vista abierta. Amplio ambiente con placard empotrado, cocina independiente, lavadero separado, baño completo. Servicios indiviaduales, 1 aire acond tipo split, 1 estufa de tiro balanceado. El depto se encuentra en un entorno residencial, con diversos comercios y oferta gastronómica. Cuenta con varias líneas de colectivos y cercanía a estación de subte.;0;Visto
argenprop;villa-urquiza;Departamento;DEPARTAMENTO 2 AMBIENTES - VILLA URQUIZA, CAPITAL FEDERAL;790000;210000;ALTOLAGUIRRE 2200, Piso 7;50;2;1;;https://www.argenprop.com/departamento-en-alquiler-en-villa-urquiza-2-ambientes--18291945;10;Edificio moderno de aproximadamente de unos 10 años de antigüedad. Ubicado proximo a numerosos medios de transportes: subte b estación juan manuel de rosas estación urquiza y de varias lineas de colectivos . El edificio de 8 pisos, con un amplio ascensor y palier semi privado. La unidad consta de: living comedor a balcón aterrazado al frente con vista abierta a copas de arboles, dormitorio en suite al frente con excelente placard, toilette de recepción y cocina integrada. El artefacto de cocina es eléctrico. Los servicios son mixtos, el agua caliente central por caldera y la calefacción individual por aire acondicionado de frio y calor ubicados, uno en el living y el otro en el dormitorio . En el ultimo piso se encuentra un pequeño sum y una parrilla, el edificio también cuenta con un lundry . Junto con las expensas vienen incorporado el servicio de aysa y las fichas para el uso del lundry . Abl $36.500. Los requisitos son: contrato a dos años con ajustes trimestrales por el ipc . El edificio cuenta con accesibilidad para personas de movilidad reducida ( ley 5115). Contacto: elena peña robirosa superficie total uso propio uf: 54 m2 luminosidad: 10 calefacción: otro tipo aire acondicionado: sin aire acond. Agua caliente: caldera ctral. Superficie de balcones: 4 m2 categoría del edificio: buena mes de expensas: noviembre tipo de palier: s.Priv. Oferta provista por sistema som - codigo: fra1154;1800;Visto
argenprop;villa-urquiza;Departamento;2 AMB.SEMI PISO AMPLIOS SUPER LUMINOSOS FRENTE BALCON EXC. ESTADO IMPECABLE COC INDEP. LAV INCORP. 1 C SUBTE B Y FF. CC. MITRE;730000;230000;Blanco Encalada 5000, Piso 4;46;2;1;;https://www.argenprop.com/departamento-en-alquiler-en-urquiza-r-2-ambientes--18962725;20;Condiciones: contrato 2 años 1 mes de depósito 1 mes adelantado ajuste trimestral por índice ipc seguro de vivienda obligatorio garantía de sistema de fianzas .;1201;Visto
argenprop;villa-urquiza;Departamento;Departamento Monoambiente c/cochera en Muy buen estado - PISO FLOTANTE = NO MASCOTAS;585000;204000;M Pedraza 5200, Piso 3;34;;;1;https://www.argenprop.com/departamento-en-alquiler-en-villa-urquiza-1-ambiente--5487015;14;"Departamento monoambiente con cochera descubierta recientemente pintado cocina con equipamiento completo pisos flotantes super luminoso - ventanal con acceso al balcón y rejas ! Contrato dos años * ley 5115 art. 1 ""edificio con accesibilidad para discapacitados"" matricula c.U.C.I.C.B.A 3915 * para mayor información y coordinar una visita pueden comunicarse con nosotros al 4542 - 1589 - y en nuestras redes sociales: ley 5859 art. 5 ""se encuentra prohibido cobrar honorarios y gastos de gestoría de informes a los inquilinos que sera personas físicas. Para los casos de alquiler de vivienda el monto máximo de honorario que se puede cobrar sera el equivalente al cuatro con quince centésimos por ciento (4.15%) del total del respectivo contrato "" + ig: @aliciamazzini_propiedades";1100;Visto
argenprop;villa-urquiza;Departamento;Se alquila dpto de 2 amb y medio en hermosa zona residencial;630000;120000;Juramento 5100, Piso 10;;2;1;1;https://www.argenprop.com/departamento-en-alquiler-en-urquiza-r-2-ambientes--18322128;0;Alquiler villa urquiza r juramento 5100 48m2 cubiertos departamento 2 amb y medio $630000 expensas $120000 piso alto (dos por escalera) vista panoramica. Orientación este departamento de 2 ambientes y medio ubicado en excelente zona de villa urquiza r. A dos cuadras del subte línea b. Múltiples lineas de colectivos. Cercanía a ffcc linea mitre. A pasos del centro comercial y polo gastronomico de villa urquiza. Es un departamento atípico, con hermosas vistas ya que se encuentra en el piso 10, con la particularidad que el ascensor llega hasta el piso 8, teniendo que acceder los dos últimos pisos por escalera. Requisitos. Seguro de caucion premiun, respaldar. ( Pre aprobado) no se aceptan mascotas;770;Visto
argenprop;villa-urquiza;Departamento;ALQUILER 2 AMBIENTES EN VILLA URQUIZA;750000;205000;Tomás A. Le Bretón 4900, Piso 8;42;2;1;;https://www.argenprop.com/departamento-en-alquiler-en-villa-urquiza-2-ambientes--18989052;15;"Excelente semipiso de 2 ambientes al contrafrente con balcon de 45 m2. Totales - 42 m2. Cubiertos - 3 m2. De balcon gran living - pisos de parquet - aire frio/calor dormitorio con placard hasta el techo - pisos parquet - aire frio/calor cocina comedor independiente completa - muebles de cocina - lavadero independiente amplio - espacio lavarropas y para colgar - baño completo - muy luminoso - sol de mañana - excelente ubicacion - cerca estacion urquiza y subte ""b"" - todo impecable - para mudarse ya";720;Visto
argenprop;villa-urquiza;Departamento;Alquiler Monoambiente con Cochera. Villa Urquiza, Parque Chas. Balcón. MuyLuminoso;670000;130000;Behring 2500, Piso 2;37;;;1;https://www.argenprop.com/departamento-en-alquiler-en-villa-urquiza-1-ambiente--18799050;3;Excelente y cómodo monoambiente divisible con cochera fija cubierta en parque chas. Antigüedad: 3 años piso 2° contrafrente, muy luminoso. Amplio ambiente con cocina abierta. Balcón con hermosa vista al contrafrente. Baño completo con revestimientos cerámicos calcáreos. Pisos vinilicos simil madera. Cocina abierta con artefacto de cocina a gas con anafe de 4 hornallas y horno a gas. Muebles bajo mesada y alacenas. Conexión para lavarropas en la cocina. Agua caliente por termotanque individual. Placard amplio con doble puerta corrediza de piso a techo. Refrigeración y calefacción por aire acondicionado split frío calor. Excelente ubicación: a dos cuadras de avenida de los incas y triunvirato. Líneas de colectivos: 71, 80, 87, 108, 111, 113, 123, 127, 133, 176 subtes (metro): estación incas (línea b) avenida de los incas y triunvirato. Acepta seguro de caución o garantía propietaria. Demostrar solvencia.;600;Visto
argenprop;villa-urquiza;Departamento;ALQUILER MONOAMBIENTE APAISADO FRENTE BALCÓN VISTA PANOR;600000;120000;Capdevila 2828 , Piso 9;33;;;1;https://www.argenprop.com/departamento-en-alquiler-en-villa-urquiza-1-ambiente--18372621;12;Moambiente apaisado, al frente, balcón corrido, vista panorámica, muy luminoso, cocina totalmente equipada con muebles de sobre y bajo mesada, instalación para lavarropas, baño completo, pisos de parquet entablonados e hidrolaqueados, split frío-calor, portero visor, apto profesional, servicios individuales, agua caliente por termotanque eléctrico. Edificio con sum, solarium con ducha. No se aceptan mascotas.- Condiciones del alquiler: contrato 24 meses (2 años), actualizaciones trimestrales por el índice ipc, garantía en caba , ingresos comprobables, 1 mes de adelanto, 1 mes de depósito, gastos de averiguación de garantía y certificación de firma ante escribano.- Servicios: cloacas, gas otros servicios: sum depósito (meses): 1 impuestos a cargo de: inquilino agua a cargo de: inquilino;550;Visto
argenprop;villa-urquiza;Departamento;ALQUILER MONOAMBIENTE CON BALCÓN, COCHERA Y PARRILLA URQUIZA;650000;176000;Juramento 5036 , Piso 3;37;;;1;https://www.argenprop.com/departamento-en-alquiler-en-villa-urquiza-1-ambiente--18773152;15;Amplio monoambiente en alquiler al frente con balcón y cochera descubierta. Apto profesional. Ambiente equipado con aire acondicionado frio/calor. Cocina integrada con muebles completos. Baño completo. El edificio posee parrillas en la planta baja, laundry en el último piso (también está la instalación preparada para colocar un lavarropas en el baño del inmueble) y sistema de cámaras de vigilancia. Excelente ubicación a metros de av. Triunvirato y estación 'echeverria' (subte línea 'b'). Contrato a 24 meses, con aumentos trimestrales por el ipc. Requisitos: ingresos comprobables + garantía de caba o seguro de caución. Gastos: mes de deposito y mes de adelanto. En caso de uso profesional 5% + iva de honorarios. Se entrega sin muebles.;501;Visto
argenprop;villa-urquiza;Departamento;Divino Monoambiente frente con balcón, Todo Sol;490000;66000;Mariano Acha 2500;24;;;1;https://www.argenprop.com/departamento-en-alquiler-en-villa-urquiza-1-ambiente--18453759;20;Precioso dpto monoambiente con balcón todo sol precioso departamento al frente con balcón, super luminoso! Pisos de parquet en perfecto estado, gran placard, espacio de guardado. Cocina completa con alacena y bajomesada, conexión de lavarropas, calefón (2 años de uso), lindo balcón al frente de m acha con sol, en un 4to piso y con arboles alrededor. Baño completo con bañera. Estufa tiro balanceado. Requisitos de alquiler garantía propietaria o sistema s. A., Demostración de ingresos y no se admiten mascotas. Consultas y/o visitas medina propiedades cucicba 7503;300;Visto
argenprop;villa-urquiza;Departamento;Departamento en alquiler en Urquiza R;700000;155000;AVENIDA OLAZABAL 4800, Piso 10;40;2;1;1;https://www.argenprop.com/departamento-en-alquiler-en-urquiza-r-2-ambientes--19009699;;Departamento dos ambientes impecable con cochera y baulera. Excelente ubicacion pleno centro comercial villa urquiza, subte, tren mitre suarez - retiro. Lineas de colectivo 133,114,71,127,140, se alquila con a sin muebles living comedor cocina integtada balcon con cerramiento con lavadero , dormitorio con placard baño completo aire acondicionado caldera duo aporta agua caliente y calefacion condiciones garantía propietaria de caba -ingresos demostrables- sin mascotas para los casos de alquiler de vivienda, el monto máximo de comisión que se le puede requerir a los propietarios será el equivalente al 4,15% del valor total del respectivo contrato. Se encuentra prohibido cobrar a los inquilinos que sean personas físicas comisiones inmobiliarias y gastos de gestoría de informes. Ley 5115 excepto que en la descripción de la propiedad se indique lo contrario, el edificio puede no contar con rampa para personas con movilidad reducida, y no ser accesible para `personas con discapacidades físicas.;300;Visto
argenprop;villa-urquiza;Departamento;ALQUILER DEPARTAMENTO 2 AMBIENTES CON BALCÓN VILLA URQUIZA;750000;230000;La Pampa 5041 , Piso 8;42;2;1;;https://www.argenprop.com/departamento-en-alquiler-en-villa-urquiza-2-ambientes--18946421;7;[Garciaenri-2636] departamento 2 ambientes en alquiler con balcón al frente. Living comedor con cocina incorporada. Dormitorio completo equipado con aire acondicionado. Baño completo y amplio. Las expensas se verán reducidas en el próximo mes ya que las actuales contemplan la impermeabilización del edificio. No se aceptan mascotas. A metros de estación 'echeverria' (subte 'b') en av. Triunvirato. Requisitos: ingreso registrados que tripliquen el valor del alquiler. Mes por adelantado y mes de deposito. Garantia de c.A.B.A. O seguro de caución. Servicios: cloacas, gas otros servicios: portero visor depósito (meses): 1 impuestos a cargo de: inquilino agua a cargo de: inquilino;253;Visto
argenprop;villa-urquiza;Departamento;ALQUILER 2 AMBIENTES CON BALCÓN AL FRENTE EN V. URQUIZA;650000;208350;Blanco Encalada 5297 , Piso 4;40;2;1;;https://www.argenprop.com/departamento-en-alquiler-en-urquiza-r-2-ambientes--7512042;40;[Garciaenri-585] departamento de 2 ambientes, al frente, con balcón en dormitorio, amplio, muy luminoso, cocina independiente, lavadero incorporado, horno y anafe eléctrico, excelente ubicación a metros de av. Olazabal y a pocas cuadras de la estación 'echeverria' (subte 'b') y 'urquiza' (tren 'mitre'). Condiciones del alquiler : - garantía de caba o seguro de caución ( o garantia ya) - ingresos comprobables propios que tripliquen el valor del alquiler. Contrato: - dos años (24 meses) - aumentos trimestrales por ipc.- Gastos: - 1 mes de adelanto. - 1 mes de deposito. + Informes de dominio e inhibicion y firmas. Servicios: cloacas, gas otros servicios: reciclado depósito (meses): 1 impuestos a cargo de: inquilino agua a cargo de: inquilino;250;Visto
argenprop;villa-urquiza;Departamento;Depto. monoambiente c/cochera Alquiler Villa Urquiza;590000;110000;Bucarelli 3100 , Piso 2;30;;;1;https://www.argenprop.com/departamento-en-alquiler-en-villa-urquiza-1-ambiente--18691909;5;Departamento monoambiente con cochera amplio living comedor con cocina integrada divisible con placar de dos puertas corredizas balcón al frente muy luminoso baño completo con bañera desagüe y conexión para lavarropas edificio muy tranquilo , en una excelente zona , a metros de triunvirato se encuentra prohibido cobrar comisiones inmobiliarias y gastos de gestoría de informes a los inquilinos que sean personas físicas. Para los casos de alquiler de vivienda, el monto máximo de comisión que se le puede requerir a los propietarios será el equivalente al cuatro con quince centésimos por ciento (4,15%) del valor total del respectivo contrato.- Aviso legal: todas las descripciones arquitectónicas y funcionales, valores de expensas, impuestos, servicios y las medidas de este inmueble son meramente orientativas. Las medidas exactas serán las que se expresen en el respectivo título de propiedad de cada inmueble. Todas las fotos, imágenes y videos son meramente ilustrativos y no contractuales. Los precios no son contractuales y pueden cambiarse sin previo aviso. Los datos fueron proporcionados por el propietario y pueden no estar actualizados, por lo cual, pueden arrojar inexactitudes y discordancias con las que surgen de las facturas, títulos y planos legales del inmueble. El interesado deberá realizar las verificaciones respectivas previamente a la realización de cualquier operación, requiriendo por sí o sus profesionales las copias necesarias de la documentación que corresponda. Venta supeditada al cumplimiento por parte del propietario de los requisitos de la resolución general no 2371 de la afip (pedido de coti). Ochiuto negocios inmobiliarios c.U.C.I.C.B.A 7649 c.M.C.P.S.I. 6627;121;Visto
argenprop;villa-urquiza;Departamento;ALQUILER MONOAMBIENTE AMUEBLADO CON BALCÓN;700000;140000;Mendoza 5477 , Piso 2;34;;;1;https://www.argenprop.com/departamento-en-alquiler-en-villa-urquiza-1-ambiente--6197141;10;Excelente monoambiente al frente con balcón, servicios individuales, apto profesional, pisos de parquet entablonados, calefón y cocina a gas natural, calefacción por tiro balanceado, lavadero incorporado, placard. No apto mascotas. La unidad locada se entrega con los siguientes muebles: mueble cama rebatible, mesa de madera con 4 sillas de madera, mueble para televisor, banquetas para barra desayunadora, cuadros decorativos. Condiciones: garantía c.A.B.A. E ingresos registrados. Gastos: 1 mes de adelanto, 1 meses de depósito. Certificación de firmas e informes de dominio e inhibición (garantía de inmueble). Servicios: cloacas, gas otros servicios: amueblado depósito (meses): 1 impuestos a cargo de: inquilino agua a cargo de: inquilino;101;Visto
argenprop;villa-urquiza;Departamento;DEPARTAMENTO DOS AMBIENTES CON BALCON;800000;100000;Avenida Álvarez Thomas 2800, Piso 3;41;2;1;1;https://www.argenprop.com/departamento-en-alquiler-en-villa-urquiza-2-ambientes--19018811;;Departamento de dos ambientes en excelente ubicacion con balcon aterrazado muy lumino amplio living comedor - amplia cocina - lavadero independiente - baño completo - dormitorio con placard - balcon aterrazado sobre av. Alvarez thomas / a metros de av. Olazábal / a dos cuadras de av. Triunvirato / a cinco cuadras del metro estacion urquiza / a seis cuadras de la plaza zapiola / varias lineas de colectivo cerca condiciones de ingreso: - contrato por 24 meses - ajustes trimestrales por ipc - deposito de garantia - un mes adelantado - garantia propietaria o seguro de caucion - ingresos inquilino que tripliquen el importe del alquiler en blanco - impuestos, expensas - seguro contra incendio y responsabilidad civil - informe garantia las descripciones, medidas, valores de expensas, impuestos y servicios son aproximados. Es posible que no se encuentren actualizados al momento de la visualización del aviso. Florencia waiman matricula cucicba nº 8844 hugo waiman matricula cmcpsi nº 5341;84;Visto
argenprop;villa-urquiza;Departamento;Departamento en alquiler en Urquiza R;640000;134000;AVENIDA OLAZABAL 4800, Piso 7;40;2;1;1;https://www.argenprop.com/departamento-en-alquiler-en-urquiza-r-2-ambientes--18827204;;Departamento dos ambientes con excelente ubicacion. Cercania al centro comercial villa urquiza, subte, tren mitre suarez - retiro. Lineas de colectivo 133,114,71,127,140, etc. Condiciones garantía propietaria de caba -ingresos demostrables- sin mascotas para los casos de alquiler de vivienda, el monto máximo de comisión que se le puede requerir a los propietarios será el equivalente al 4,15% del valor total del respectivo contrato. Se encuentra prohibido cobrar a los inquilinos que sean personas físicas comisiones inmobiliarias y gastos de gestoría de informes. Ley 5115 excepto que en la descripción de la propiedad se indique lo contrario, el edificio puede no contar con rampa para personas con movilidad reducida, y no ser accesible para `personas con discapacidades físicas.;80;Visto
argenprop;villa-urquiza;Departamento;MONOAMBIENTE 40 mt BALCÓN PILETA SUM PARRILLAS LAUNDRY SUBTE;520000;200000;Olazabal 5400 , Piso 2;36;;;1;https://www.argenprop.com/departamento-en-alquiler-en-villa-urquiza-1-ambiente--18933406;12;Monoambiente de 40 mts. cocina equipada con desayunador. Balcón aterrazado. Baño completo. Aire acondicionado pileta en un hermoso fondo. Sum. Laundry. Terraza con parrillas. Olazábal y altolaguirre. Cerca del subte estación rosas y tren. Apto profesional el propietario no acepta mascotas. No es negociable condiciones: mes adelantado. 2 meses de depósito. Recibos de ingresos que tripliquen el importe a abonar. Garantía propietaria de caba (solo de caba) o . Contrato: 2 años. Actualización: trimestral ipc ambientes: pileta salón usos múltiples servicios: cloacas, gas otros servicios: balcón terraza, sum, sauna, portero visor depósito (meses): 1 impuestos a cargo de: inquilino agua a cargo de: inquilino;51;Visto
argenprop;villa-urquiza;Departamento;Semipiso de 2 ambientes;750000;200000;Blanco Encalada al 5500;45;2;1;;https://www.argenprop.com/departamento-en-alquiler-en-urquiza-r-2-ambientes--18593243;15;Muy lindo semipiso de 2 ambientes al frente el living con balcon vista al norte al contrafrente el dormitorio vista al sur con vestidor baño completo pisos de ceramicos calefaccion es por radiadores agua caliente central;50;Visto
argenprop;villa-urquiza;Departamento;Departamento 2 ambientes frente balcón edificio con SUM parrilla y pequeña pileta;690000;180000;Quesada al 5300;42;2;1;;https://www.argenprop.com/departamento-en-alquiler-en-villa-urquiza-2-ambientes--19023553;18;Muy lindo departamento 2 ambientes al frente con balcón, edificio con sum, parrilla y pequeña pileta. A metros de av. Triunvirato. Las expensas incluyen aysa condiciones para alquilarlo: 1 mes de alquiler 1 mes de depósito (dólar ee.Uu) garantía de caba (familiar) o contrato por 24 meses aumentos trimestrales por ipc se acepta una mascota. Cifre profesionales inmobiliarios sucursal villa pueyrredon - sucursal villa urquiza - sucursal villa devoto - nueva sucursal belgrano -;33;Visto
argenprop;villa-urquiza;Departamento;Bauness y Juramento;450000;102000;Bauness 1900, Piso 3D;33;;;1;https://www.argenprop.com/departamento-en-alquiler-en-urquiza-r-1-ambiente--18939947;10;Monoambiente al frente en inmejorable zona residencial. Pisos de madera, cocina integrada. Placard. Baño completo. Agua caliente central. Calefacción por estufa. Cerca de medios de transporte (subte b, f.F.C.C. Y colectivos). Requisitos: ingresos comprobables , garante propietario o seguro de caucion. Condiciones: plazo a convenir, ajuste trimestral por ipc, deposito en garantia $ 600.000;20;Visto
argenprop;villa-urquiza;Departamento;Excelente monoambiente amueblado,balcón, amenities.;690000;200000;Tomas Le Breton 4500;33;;;1;https://www.argenprop.com/departamento-en-alquiler-en-villa-urquiza-1-ambiente--18292692;12;Monoambiente con balcón en complejo nuevo. Excelente estado. Ambiente divisible on mucha luz y vista a jardines!, Baño completo con mampara, cocina integrada, todo eléctrico. Balcón aterrazado. Se entrega totalmente amueblado , placares , heladera bajo mesada patrik , cama plaza y media tipo sillón , aire acondicionado lg , blackout que cubren toda la ventana hacia el balcón , artefactos de luces .. Edificio con sum , parrillas , piscina. Las expensas incluyen aysa y gas. Sucursal vicente lópez sucursal martínez sucursal la lucila .;10;Visto
argenprop;villa-urquiza;Departamento;Hermoso Departamento 2 ambientes en Villa Urquiza;800000;130000;Av Olazabal 5000;37;2;1;1;https://www.argenprop.com/departamento-en-alquiler-en-villa-urquiza-2-ambientes--18687111;;Ubicado en la tranquila calle av. Olazabal, en el corazón de villa urquiza, este departamento en alquiler ofrece una excelente oportunidad para quienes buscan un espacio acogedor y funcional. Con una superficie total de 37 m², este inmueble se compone de 2 ambientes, incluyendo un dormitorio y un baño, ideal para una persona o una pareja que desee disfrutar de la comodidad y la cercanía a importantes avenidas como av. Triunvirato.El departamento cuenta con un encantador balcón que permite disfrutar de la luz natural, así como un living comedor espacioso que se integra con la cocina, proporcionando un ambiente perfecto para la vida diaria. Equipado con aire acondicionado, este espacio se adapta a las necesidades de confort durante todo el año. Su disposición interna garantiza privacidad y tranquilidad, haciendo de este lugar un refugio en medio de la ciudad.Con un costo de ar$800.000 más expensas de ar$130.000, este departamento es una opción atractiva para quienes buscan una propiedad accesible y bien ubicada en la capital federal. Cabe destacar que, aunque no cuenta con cochera y no es apto profesional, su diseño y características lo convierten en un lugar ideal para disfrutar de la vida urbana con todas las comodidades necesarias.;10;Visto
argenprop;villa-urquiza;Departamento;Departamento monoambiente a estrenar. Villa Urquiza.;750000;50000;Galvan al 3100;30;;;1;https://www.argenprop.com/departamento-en-alquiler-en-villa-urquiza-1-ambiente--18775049;0;Excelente departamento a estrenar de categoría, living comedor divisible, cocina equipada con gas, balcón, baño completo, lavadero, calefacción y agua caliente por caldera individual, aire acondicionado, baulera. Muy bajas expensas. Muy luminoso. Muy buena ubicación. Sucursal vicente lópez sucursal martínez sucursal la lucila .;10;Visto
argenprop;villa-urquiza;Departamento;Monoambiente con balcon . USO Profesional o Vivienda - Ceretti al 2200;600000;120000;Ceretti 2200, Piso 4;35;;;1;https://www.argenprop.com/departamento-en-alquiler-en-villa-urquiza-1-ambiente--5803594;8;Monoambiente como nuevo - uso profesional o vivienda - al contrafrente con balcón - muy luminoso - anafe a gas y horno eléctrico - agua caliente central -aire acondicionado split frio calor - amplio balcón con espacio para lavarropas - a mts de av olazabal y a 5 cuadras de av. Triunvirato. Subre b y tren linea mitre - baño completo - no se aceptan mascotas - expensas $ 130.000 ( incluye aysa y agua caliente) - todos los medios de transporte y comercios.: Nota: los metros cuadrados expresados en este aviso son orientativos y aproximados. Las medidas exactas surgen del titulo y planos de la propiedad * consultas por whatsapp al: matriculado: silvio berardi matricula nº: 1111 - cucicba;10;Visto
argenprop;villa-urquiza;Departamento;Departamento en alquiler en Villa Urquiza;650000;245000;MENDOZA 4800, Piso 2;45;2;1;1;https://www.argenprop.com/departamento-en-alquiler-en-villa-urquiza-2-ambientes--18870507;;Alquiler de depto.de 2 amb. Con balcon en villa urquiza ubicado sobre la calle mendoza al 4800 entre combatiente de malvinas y pacheco. Esta propiedad tiene una excelente ubicacion. Rodeado de un importante centro comercial por donde circulan varias lineas de colectivos. Y se encuentra la estacion de subte linea b el depto.cuenta con : living comedor con cocina integrada con balcon 1 dormitorio con placard 1 baño completo en su terraza cuenta con sum con parrilla. Condiciones del alquiler : 1 mes de deposito $ 650.000 1 mes de alquiler $ 650.000 presentar garantia propietaria de caba o seguro de caución tambien se puede presentar recibos de sueldo como garantia . ( En este caso consultar ) ### no se aceptan chicos ni mascotas ### para ver esta propiedad llamar al tel. (Sr. Marcelo);6;Visto
argenprop;villa-urquiza;Departamento;Villa urquiza, hermoso departamento de 2 ambientes al frente con balcón , lavadero, vista abierta;580000;120000;Av Alvarez Thomas 3600, Piso 7;45;2;1;;https://www.argenprop.com/departamento-en-alquiler-en-villa-urquiza-2-ambientes--5332120;18;Villa urquiza, hermoso departamento de 2 ambientes al frente con balcón cocina completa , comedor diario, lavadero y baño completo. Aysa incluida en expensas. Las especificaciones y medidas son informativas y aproximadas.No se incluyen: mobiliarios, artefactos eléctricos, luminarias o de aire ..Para los casos de alquiler de vivienda, el monto máximo de comisión que se le puede requerir a los propietarios será el equivalente al cuatro con quince centésimos por ciento (4,15%) del valor total del respectivo contrato. Se encuentra prohibido cobrar a los inquilinos que sean personas físicas comisiones inmobiliarias y gastos de gestoría de informes.Consulte...;5;Visto
argenprop;villa-urquiza;Departamento;C/COCHERA CUBTA.! HERMOSO 2 AMB.LAT. VISTA ABTA. TODO SOL HECHO TOT. A NVO. EN LO MEJOR DE URQUIZA;700000;130000;PEDRO IGNACIO RIVERA 4700, Piso 4;40;2;1;;https://www.argenprop.com/departamento-en-alquiler-en-villa-urquiza-2-ambientes--16311672;30;Presentamos este departamento de 2 ambientes con cochera fija cubierta refaccionado a nuevo que se entrega con todas sus terminaciones en lo mejor de villa urquiza se trata de un departamento en 4to piso lateral que mira al oeste con gran ventanal en el living con salida a un balcón de 0,70 x 2 desde donde se ven los mas bellos atardeceres con la misma orientación y luminosidad en el dormitorio, los pisos son de porcelanato la cocina está integrada y tiene lavadero separado con gran ventanal corredizo ideal para tender allí el dormitorio es cómodo con pisos de parquet plastificados y placard con interiores también tiene un placard de blanco en el hall de distribución al baño el cual también fue hecho a nuevo al igual que la cocina . Todas las cañerías de termofusión la electricidad también es toda nueva con disyuntor y llave térmica. El departamento tiene toda la instalación y también tiene rehabilitado el servicio de gas aire acondicionado split en el living . La cochera es muy grande y cómoda (guardan una camioneta grande) y las expensas por el departamento y la cochera son en total $ 130.000.- É incluyen el servicio de aysa gran oportunidad se alquila unicamente con garante propietario de caba - ingresos demostrables y sin mascotas;2;Visto
argenprop;villa-urquiza;Departamento;DEPARTAMENTO 2 AMB. AL FRENTE C/ BALCÓN - VILLA URQUIZA;750000;100000;Bucarelli 2500, Piso 6;45;2;1;;https://www.argenprop.com/departamento-en-alquiler-en-villa-urquiza-2-ambientes--10340056;40;Departamento 2 ambientes al frente con balcón luminoso y aireado habitación con placard todo pintado y reciclado a nuevo estado impecable se encuentra sobre la calle bucarelli y roosevelt a 2 cuadras de la estación de subte rosas de la línea b. Zona comercial av triunvirato y roosevelt, monroe etc se acepta mascota pequeña;2;Visto
argenprop;villa-urquiza;Departamento;Alquiler Amb c/Balcon Frente Apto Profesional Parque Chas Villa Urquiza;450000;208000;BARZANA 1300, Piso 5;25;;;1;https://www.argenprop.com/departamento-en-alquiler-en-villa-urquiza-1-ambiente--18770423;8;"Alquiler de departamento monoambiente. Quinto piso al frente. Ambiente comodo de 5x4 con cocina semi integrada, anafe y horno electrico. Baño completo con ducha de pie. Super luminoso! Apto profesional! Magnifica ubicacion sobre la calle barzana esquina av. De los incas. A tres cuadras de av. Constituyentes y a seis de av. Triunvirato con acceso a principales lineas de colectivo y subte ""b"". Villa urquiza, capital federal expensas: $208.000.- Aysa y abl incluidos.- Agua caliente central.- Aire acondicionado frio calor.- Artefactos de cocina electricos.- Superficie total: 30m2.- Cubiertos: 25m2.- Balcon: 5m2.- ¡Agendá tu visita hoy mismo! Nuestro horario de atención es de lunes a viernes de 10 a 18 hs. Corredor profesional: menasches, victor ariel - matrícula: 2883 cucicba ""para los casos de alquiler de vivienda, el monto máximo de comisión que se le puede requerir a los propietarios será el equivalente al cuatro con quince centésimos por ciento (4,15%) del valor total del respectivo contrato. Se encuentra prohibido cobrar a los inquilinos que sean personas físicas comisiones inmobiliarias y gastos de gestoría de informes"".-";2;Visto
argenprop;villa-urquiza;Departamento;Excelente Departamento de un ambiente a la calle;520000;200000;Pasaje Lituania al 5400;3;;;1;https://www.argenprop.com/departamento-en-alquiler-en-urquiza-r-1-ambiente--18677060;15;Excelente departamento a tres cuadras de la estacion ( mitre ) a tres cuadras del subte b de un ambien al frente con balcon amplio a la calle luminoso moderno con baño comleto cocina con muebles bajo mesada y alacena;1;Visto
argenprop;villa-urquiza;Departamento;ALQUILER MONOAMBIENTE EN VILLA URQUIZA CON COCHERA FIJA;570000;167000;Colodrero al 2700;28;;;1;https://www.argenprop.com/departamento-en-alquiler-en-villa-urquiza-1-ambiente--18739295;15;Se alquila monoambiente con cochera fija descubierta en el barrio de villa urquiza. Se trata de un piso 4 al contrafrente. Condiciones y requisitos. Por favor antes de generar visita leer detenidamente y consultar cualquier inquietud. Apto gatito (solo uno). Perritos no. Contrato a 2 (dos) años. Alquiler mensual de $590.000.- Ajuste cada 3 meses por icl (índice de contrato de locación) expensas, luz, gas, abl a cargo del inquilino 1 mes de adelanto depósito de u$s 500 garantía propietaria caba o seguro de caución máximo 2 personas. No niños. Demostración de ingresos de los últimos 6 meses. Características de la propiedad: cocina integrada. Gas natural. Termotanque. 1 baño completo con bañera placard con interiores recién pintado de blanco. Aire acondicionado estufa de tiro balanceado. Balcon con orientacion so. Características del edificio: encargado sin vivienda 1 ascensor . Expensas aprox $ 167.000 (aysa incluido) . 9 pisos (3 dptos por piso). Laundry parrilla en terraza contáctame para más información!;1;Visto
argenprop;villa-urquiza;Departamento;Departamento en alquiler en Villa Urquiza;690000;100000;TAMBORINI 4800;42;2;1;1;https://www.argenprop.com/departamento-en-alquiler-en-villa-urquiza-2-ambientes--18804131;;Amplio 2 amb luminoso - puerta de ingreso con rejas. Cocina con bajo mesada y alacena espacio para el lavarropa y heladera patio con rejas que conecta a la cocina baño completo con bañera dormitorio con placard y estufa con salida al balcon con rejas. Requisitos : contrato x 2 años . Incremento trimestral x ipc- recibos de sueldo o demostración de ingresos. Garantía de caba o seguro de caución ¡Llámenos para conocer más en detalle esta propiedad! Tel: +63 email: sr bienes raices;1;Visto
argenprop;villa-urquiza;Departamento;ALQUILER MONOAMBIENTE CON BALCÓN VILLA URQUIZA;500000;100000;CULLEN 5800, Piso 6;32;;;1;https://www.argenprop.com/departamento-en-alquiler-en-villa-urquiza-1-ambiente--18895318;10;"Alquiler de departamento monoambiente en villa urquiza, capital federal departamento en villa urquiza excelente ubicación, monoambiente con balcón al frente, cocina a gas, termotanque eléctrico, calefactor panel electrico instalado y baño completo con bañera, balcón . Excelente estado transportes cercanos colectivos: 90, 107, 110, 111, 114, 127, 140, 169 para más información y visitas, no dudes en contactarnos. ¡No pierdas la oportunidad de hacer de este hermoso departamento tu nuevo hogar! Contrato a 24 meses con incremento semestral por ipc requisitos: - 1 mes de deposito. -1 mes de adelanto. -Garantía propietaria de caba o fianza . -Gs. De informes + certificación de firma ante escribano. - Ingresos demostrables en blanco. Advertencia importante: los montos especificados de expensas responden a una declaración del propietario el día que fue visitada la propiedad por nuestro personal, habitualmente el mismo no esta actualizado. Verificar el monto actualizado previo al alquiler/compra de la propiedad. Estas superficies, medidas y expensas son aproximadas y no resultan vinculantes las reales son las que surgen del título de propiedad y recibo de expensas que serán suministrados por el propietario. Aviso legal: ""para los casos de alquiler de vivienda, el monto máximo de comisión que se le puede requerir a los propietarios será el equivalente al cuatro con quince centésimos por ciento (4,15%) del valor total del respectivo contrato. Se encuentra prohibido cobrar a los inquilinos que sean personas físicas comisiones inmobiliarias y gastos de gestoría de informes"". No apto para personas con movilidad reducida. Corredor responsable: pablo fontana cucicba 6059, ccsm 2669.";1;Visto
argenprop;villa-urquiza;Departamento;Monoambiente con Balcón Aterrazado, Patio y Cochera;800000;80000;Pacheco al 2000;60;;;1;https://www.argenprop.com/departamento-en-alquiler-en-villa-urquiza--18905858;12;Hermoso monoambiente al contrafrente, con balcón aterrazado, patio y cochera. Cocina con barra desayunadora y muebles completos, alacena y bajo mesada. Posee instalación para lavarropas. Placard empotrado. Baño completo.;1;Visto
argenprop;villa-urquiza;Departamento;Dos ambientes en excelente ubicación;750000;260000;Andonaegui 2200, Piso 7;56;2;1;;https://www.argenprop.com/departamento-en-alquiler-en-villa-urquiza-2-ambientes--18962917;10;[Mel-13621] hermoso dos ambientes ubicado en la zona mas buscada de villa urquiza, a tres cuadras de la linea b de subte. El edificio cuenta con un encargado de tiempo completo, dispone de piscina con solárium y parrilla en el ultimo piso. La unidad te recibe con un amplio living comedor con acceso al balcón, un toilette de recepción, cocina a gas semi integrada con ventilación natural, en la misma también encontraremos la caldera dual con manejo individual de agua caliente y calefacción. El dormitorio cuenta con baño completo en suite y amplio espacio de guardado. Requisitos: - contrato a 24 meses. -Ajustes cuatrimestrales por ipc -no se permiten mascotas. -Se solicitan ingresos demostrables que tripliquen el valor del alquiler. -Se solicita un mes de deposito y un mes de adelanto. -Como garantía se pide seguro de caución o garantía propietaria de caba. Servicios: cloacas, gas mel, 50 años concretando sueños nota importante/relevante: las descripciones, fotos, medidas del inmueble, precios, valores de expensas, impuestos y servicios son aproximados y meramente orientativos, y no obligan contractualmente a mel propiedades srl ni resultan vinculantes. Matriculados: julia mel matricula nº 52 maría eva parada matricula nº 251 raúl mel matricula nº 883;1;Visto
argenprop;villa-urquiza;Departamento;Alquiler Monoambiente con Cochera. Villa Urquiza, Parque Chas. Balcón. MuyLuminoso;670000;130000;Behring 2500, Piso 2;37;;;1;https://www.argenprop.com/departamento-en-alquiler-en-villa-urquiza-1-ambiente--18977227;3;Excelente y cómodo monoambiente divisible con cochera fija cubierta en parque chas. Antigüedad: 3 años piso 2° contrafrente, muy luminoso. Amplio ambiente con cocina abierta. Balcón con hermosa vista al contrafrente. Baño completo con revestimientos cerámicos calcáreos. Pisos vinilicos simil madera. Cocina abierta con artefacto de cocina a gas con anafe de 4 hornallas y horno a gas. Muebles bajo mesada y alacenas. Conexión para lavarropas en la cocina. Agua caliente por termotanque individual. Placard amplio con doble puerta corrediza de piso a techo. Refrigeración y calefacción por aire acondicionado split frío calor. Excelente ubicación: a dos cuadras de avenida de los incas y triunvirato. Líneas de colectivos: 71, 80, 87, 108, 111, 113, 123, 127, 133, 176 subtes (metro): estación incas (línea b) avenida de los incas y triunvirato. Acepta seguro de caución o garantía propietaria. Demostrar solvencia.;1;Visto
argenprop;villa-urquiza;Departamento;ALQUILER / 2 AMBIENTES DUPLEX / VILLA ORTUZAR;800000;220000;Giribone y Holmberg;50;2;1;;https://www.argenprop.com/departamento-en-alquiler-en-villa-urquiza-2-ambientes--18987302;5;Excelente duplex con terraza propia.. 1 dormitorio con placard y baño completo.. Toillete de recepcion. Cocina integrada. Edificio en esquina. Cercano a nueva zona de moda barrio doho el departamento se entrega con aire acondicionado e interiores de placard parrilla y laundry en el edificio requisitos *1 mes adelantado + 1 mes deposito *garantia caba *apto sistemas de garantias de alquiler *recibos haberes comprobables *se deja constancia que las medidas (tanto totales como parciales), superficies, m2 y proporciones indicadas en el presente son aproximadas y sujetas a verificación, variación y/o ajuste. El precio de la presente operación y/o de las expensas aquí indicadas están sujetos a modificación sin previo aviso. David melamud propiedades matricula cucicba 7794;1;Visto
argenprop;villa-urquiza;Departamento;Depto 2 amb al frente c/balcón;580000;95000;Bauness 2300, Piso 2;38;2;1;;https://www.argenprop.com/departamento-en-alquiler-en-villa-urquiza-2-ambientes--18184906;30;"Depto 2 amb al frente c/balcón, living 4,50 x 3 pisos de parquet y salida a balcón, cocina completa 3,50 x 1,50, hall 1,50 x 1, baño completo 2,20 x 1,50, lavadero 1,50 x 1, dormitorio 3 x 3 c/placard, piso de parquet, balcón 1,50 x 1. Expensas aprox $95.000. Muy buen estado. Excelente ubicación, frente a estación v. Urquiza y frente al subte ""b"". Matrícula nº 9723. Cucicba. Para los casos de alquiler de vivienda, el monto máximo de comisión que se le puede requerir a los propietarios será el equivalente al cuatro con quince centésimos por ciento (4,15%) del valor total del respectivo contrato. Se encuentra prohibido cobrar a los inquilinos que sean personas físicas comisiones inmobiliarias y gastos de gestoría de informes";0;Visto
argenprop;villa-urquiza;Departamento;Departamento 2 ambientes cntrafrente con balcón;700000;180000;Mendoza al 4900;43;2;1;;https://www.argenprop.com/departamento-en-alquiler-en-villa-urquiza-2-ambientes--18275889;25;Hermoso departamento de 2 ambientes contrafrente con balcón se alquila equipado y con algunos muebles excelente estado y ubicación en cumplimiento a la ley 5115, se informa que el inmueble no es accesible para personas con discapacidades físicas. Ley 5858 - art.5 se encuentra prohibido cobrar comisiones inmobiliarias y gastos de gestoría de informes a los inquilinos que sean personas físicas. Para los casos de alquiler de vivienda, el monto máximo de comisión que se puede requerir a los propietarios será el equivalente al cuatro quince centésimos por ciento (4,15%) del valor total del respectivo contrato. Cucicba mat. No 27/67;0;Visto
argenprop;villa-urquiza;Departamento;Departamento en alquiler - 1 Dormitorio 1 Baño - Villa Urquiza;800000;130000;Avenida Olazábal y Bauness;35;;1;;https://www.argenprop.com/departamento-en-alquiler-en-villa-urquiza-2-ambientes--18309341;0;_ Departamento de un dormitorio en alquiler ubicado sobre avenida olazábal y bauness (villa urquiza, ciudad autónoma de buenos aires). Desarrollado en piso alto por ascensor, con disposición contra frente y orientación noroeste. _ El mismo posee cocina eléctrica equipada con muebles sobre y bajo mesada, toilette, living comedor, un dormitorio con placard empotrado y un baño completo. Luminoso, cuenta con balcón y muy buena ventilación natural. _ Cochera con capacidad para un vehículo. _ La propiedad tiene una superficie total de aproximadamente 37mts2, de los cuales 35mts2 son cubiertos. _ Las expensas al 09/10/2025 son de aproximadamente $130.000. Yacoub | construimos confianza innovación | calidad | sustentabilidad | diseño 70 mil metros cuadrados | 23 torres la información descripta en el presente aviso es meramente orientativa y no forma parte de ningún tipo de documentación contractual. Los datos enunciados fueron proporcionados por los propietarios y pueden arrojar inexactitudes, las superficies definitivas surgirán del título de propiedad del inmueble referido. Se deja constancia de que los valores y/o expensas pueden estar sujetas a verificación o ajuste. Lo que estás buscando lo tenemos | estés donde estés vendemos en todos lados.;0;Visto
argenprop;villa-urquiza;Departamento;Departamento en alquiler - Monoambiente - Villa Urquiza;650000;224000;Pacheco y Nuñez;32;;;1;https://www.argenprop.com/departamento-en-alquiler-en-villa-urquiza-1-ambiente--18468962;8;_ Departamento monoambiente en alquiler ubicado sobre calle pacheco y nuñez (villa urquiza, ciudad autónoma de buenos aires). Desarrollado en segundo piso por ascensor, con disposición frente y orientación al sureste. _ El mismo posee cocina equipada con muebles sobre y bajo mesada, un espacio principal con espacios de guardado empotrados y un baño completo. Luminoso, cuenta con balcón y muy buena ventilación natural. _ La propiedad tiene una superficie total de aproximadamente 32mts2 cubiertos. _ Las expensas al día 06/11/2025 son de aproximadamente $224.000. Yacoub | construimos confianza innovación | calidad | sustentabilidad | diseño 70 mil metros cuadrados | 23 torres la información descripta en el presente aviso es meramente orientativa y no forma parte de ningún tipo de documentación contractual. Los datos enunciados fueron proporcionados por los propietarios y pueden arrojar inexactitudes, las superficies definitivas surgirán del título de propiedad del inmueble referido. Se deja constancia de que los valores y/o expensas pueden estar sujetas a verificación o ajuste. Lo que estás buscando lo tenemos | estés donde estés vendemos en todos lados.;0;Visto
argenprop;villa-urquiza;Departamento;2 ambientes con balcón, excelente luminosidad y a pasos del subte.;550000;175000;Roosevelt 5000, Piso 7;;2;1;1;https://www.argenprop.com/departamento-en-alquiler-en-villa-urquiza-2-ambientes--18496312;;Amplio y luminoso departamento de 2 ambientes con balcón y baño completo, cocina independiente. La mejor ubicación y la comodidad de todos los accesos que te dan el subte b, tren, numerosas líneas de colectivo. Roosevelt y triunvirato, justo entre la zona comercial y el barrio más tranquilo. Muy buen placard de guardado, aire acondicionado frío calor tipo split, baño completo con bañera y mampara. Dormitorio y living con persianas. Conexión para lavarropas en el balcón y además terraza de uso común para tendido de ropa. Se acepta garantía propietario o seguro de caución. Visitas programadas vía telefónica. No pierdas la oportunidad. Aviso legal: se deja constancia de que, tanto las medidas así como superficies, y/o proporciones indicadas en el presente aviso son meramente informativas y aproximadas por lo que se encuentran sujetas a verificación, variación y/o ajuste. El precio de la presente operación y/o de las expensas aquí indicadas están sujetos a modificación sin previo aviso. Matrícula cucicba 3721 en cumplimiento de la ley 5115 caba se deja constancia de que el inmueble no es accesible para personas con discapacidades físicas.;0;Visto
argenprop;villa-urquiza;Departamento;Departamento en alquiler en Villa Urquiza;550000;80000;Andonaegui 3400, Piso 1;3925;2;1;;https://www.argenprop.com/departamento-en-alquiler-en-villa-urquiza-2-ambientes--18558334;40;Departamento de 2 ambientes en alquiler, primer piso por escalera con bajas expensas.;0;Visto
argenprop;villa-urquiza;Departamento;Alquiler depto 2 amb balcón y cochera Villa Urquiz;800000;258652;Nahuel Huapi 4900;4294;2;1;;https://www.argenprop.com/departamento-en-alquiler-en-villa-urquiza-2-ambientes--18635681;15;Corredor responsable: andrea oliveri csi 6401 / cucicba 7190 - contacto: mercedes serena cottet alquiler departamento 2 ambientes en villa urquiza, super luminoso, con cochera fija descubierta. ¡Impecable estado! Al ingresar encontramos: cocina semi integrada con espacio para lavarropas y cocina a gas. Comedor de generosas dimensiones balcón con red de protección baño completo con bañera habitación con vestidor piso alto, contrafrente. Super luminoso y silencioso. El departamento cuenta con dos aires acondicionados y dos estufas de tiro balanceado, ambos ubicados en habitación y comedor. Edificio con agua central, portero con vivienda y ascensor. Posibilidad de alquilarlo amueblado. Condiciones de ingreso: contrato por un año. Depósito de garantía en dólares billete equivalente a un mes y medio de alquiler. Seguro de caución. No se aceptan mascotas. Máximo para dos personas. Ajuste trimestral por icl. Ubicación: a 1 cuadra de álvarez thomas a 2 cuadras de av. Congreso a 2 cuadras de av. Triunvirato a 5 cuadras de la estación juan manuel de rosas, línea b de subterráneo a 10 cuadras de la estación ramal mitre, estación dr. Luis m. Drago numerosas líneas de colectivos a sus alrededores. Expensas periodo octubre 2025 no dejes de visitarlo, te va a encantar! Rau s.R.L. No ejerce el corretaje inmobiliario. El presente sitio web es una plataforma en donde cada oficina inmobiliaria independiente que contrata los servicios re/max puede publicar las propiedades a su cargo. Cada oficina es de propiedad y gestión independiente, por lo que rau s.R.L. No interviene en los datos de la publicación, en la operación inmobiliaria, ni en la confección y/o firma del boleto de compraventa y/o escritura y/o contrato de alquiler. En cumplimiento de las leyes vigentes que regulan el corretaje inmobiliario, ley nacional 25.028, ley 22.802 de lealtad comercial, ley 24.240 de defensa al consumidor, las normas del código civil y comercial de la nación y constitucionales, los agentes/gestores no ejercen el corretaje inmobiliario. Todas las operaciones inmobiliarias son objeto de intermediación y conclusión por parte del corredor público inmobiliario colegiado a cargo de la publicación, cuyos datos se exhiben en la presente. La presente publicación describe las características esenciales del inmueble, debiéndose consultar al corredor público inmobiliario responsable de la operación por la eventual actualización de las medidas, descripciones arquitectónicas y funcionales, valores de expensas, servicios, impuestos, precios y demás información, cuyos valores son aproximados. Para los casos de alquiler de vivienda, el monto máximo de comisión que se le puede requerir a los propietarios será el equivalente al cuatro con quince centésimos por ciento (4,15%) del valor total del respectivo contrato. Se encuentra prohibido cobrar a los inquilinos que sean personas físicas comisiones inmobiliarias y gastos de gestoría de informes. El inmueble no es accesible para personas con discapacidades físicas.;0;Visto
argenprop;villa-urquiza;Departamento;Departamento 3 ambientes al frente con balcón Excelente estado;800000;230000;Avenida Triunvirato al 3000;1;3;2;;https://www.argenprop.com/departamento-en-alquiler-en-urquiza-r-3-ambientes--18662683;15;"Excelente departamento de 3 ambientes al frente con balcón, living comedor con cocina integrada y barra desayunadora, 2 dormitorios con placard, baño completo. Calefacción y agua caliente individual por caldera dual. Muy luminoso. Excelente ubicación, frente al subte ""b"" estación tronador. En cumplimiento a la ley 5115, se informa que el inmueble no es accesible para personas con discapacidades físicas. Ley 5858 - art.5 se encuentra prohibido cobrar comisiones inmobiliarias y gastos de gestoría de informes a los inquilinos que sean personas físicas. Para los casos de alquiler de vivienda, el monto máximo de comisión que se puede requerir a los propietarios será el equivalente al cuatro quince centésimos por ciento (4,15%) del valor total del respectivo contrato. Cucicba mat. No 27/67";0;Visto
argenprop;villa-urquiza;Departamento;Departamento Monoambiente en alquiler - 1 Baño - Villa Urquiza;650000;223482;Núñez e/ Díaz Colodrero y Pacheco;30;;;1;https://www.argenprop.com/departamento-en-alquiler-en-villa-urquiza-1-ambiente--18668690;8;_ Departamento monoambiente en alquiler ubicado sobre calle nuñez entre díaz colodrero y pacheco (villa urquiza, ciudad autónoma de buenos aires). Desarrollado en segundo piso por ascensor, con disposición interna y orientación al sureste. _ El mismo posee cocina equipada con muebles sobre y bajo mesada, un espacio principal con espacios de guardado empotrados y un baño completo. Luminoso, cuenta con balcón y muy buena ventilación natural. _ La propiedad tiene una superficie total de aproximadamente 32mts2, de los cuales 30mts2 son cubiertos. Yacoub | construimos confianza innovación | calidad | sustentabilidad | diseño 70 mil metros cuadrados | 23 torres la información descripta en el presente aviso es meramente orientativa y no forma parte de ningún tipo de documentación contractual. Los datos enunciados fueron proporcionados por los propietarios y pueden arrojar inexactitudes, las superficies definitivas surgirán del título de propiedad del inmueble referido. Se deja constancia de que los valores y/o expensas pueden estar sujetas a verificación o ajuste. Lo que estás buscando lo tenemos | estés donde estés vendemos en todos lados.;0;Visto
argenprop;villa-urquiza;Departamento;Monoambiente en alquiler en Charlone al 2100 - Villa Urquiza;550000;140000;Charlone al 2100;28;;;1;https://www.argenprop.com/departamento-en-alquiler-en-barrio-parque-saavedra-1-ambiente--18692692;0;Monoambiente en alquiler - villa urquiza ubicado en charlone al 2100, a dos cuadras de la línea b del subte (estacion avenida de los incas), esta propiedad moderna con excelente luz natural cuenta con: - cocina integrada en el living - vestidor individual - baño completo - balcón - parrilla comunitaria - ascensor cerrando asi una propuesta ideal para personas que buscan algo simple, moderno, con una ubicación estratégica en una cuadra tranquila para evitar ruidos y molestias. Requisitos: - aumento trimestral segun ipc - deposito de usd 600 - seguro de caución observaciones: las medidas indicadas son aproximadas y al solo efecto orientativo. Las reales surgirán del título de propiedad respectivo. El valor de las expensas puede variar sin previo aviso. Legal: ley 5859 caba para los casos de alquiler de vivienda, el monto máximo de comisión que se le puede requerir a los propietarios será el equivalente al cuatro con quince centésimos por ciento (4,15 %) del valor total del respectivo contrato. Se encuentra prohibido cobrar a los inquilinos que sean personas físicas comisiones inmobiliarias y gastos de gestoría de informes. Ley 24.314: el edificio cuenta con rampa de ingreso para personas con movilidad reducida. Zampone propiedades c.U.C.I.C.B.A. 4629 c.S.I. 5792;0;Visto
argenprop;villa-urquiza;Departamento;ALQUILER - MONOAMBIENTE- MILLER AL 2300 / VILLA URQUIZA;530000;197000;MILLER al 2300;30;;;1;https://www.argenprop.com/departamento-en-alquiler-en-urquiza-r-1-ambiente--18800318;12;Muy buen monoambiente en villa urquiza amplio ambiente con salida a balcón corrido, cocina integrada y baño completo. El edificio cuenta con amenities de categoría: laundry, jacuzzi, sum y parrilla. Ubicación estratégica, con fácil acceso a múltiples medios de transporte y servicios. Las expensas incluyen aysa. Condiciones para el alquiler - contrato a dos años - ajuste trimestral por ipc ingresos demostrables - garantía propietaria o seguro de caución. - Deposito en dólares u$s600 - no se aceptan mascotas - 1 mes de adelanto las medidas son aproximadas y se encuentran sujetas al titulo de propiedad. El importe de las expensas puede sufrir variaciones y la empresa no se respnsabiliza de estos cambios;0;Visto
argenprop;villa-urquiza;Departamento;Departamento 2 ambientes con espacio Guardacoche;750000;230000;Cullen al 5300;37;2;1;;https://www.argenprop.com/departamento-en-alquiler-en-urquiza-r-2-ambientes--18823164;12;Departamento 2 ambientes al frente con balcon cocina integrada. Espacio guardacoche cubiero fijo . Tiene baulera en la cochera terraza c/pileta, solarium y parrilla en cumplimiento a la ley 5115, se informa que el inmueble no es accesible para personas con discapacidades físicas. Ley 5858 - art.5 se encuentra prohibido cobrar comisiones inmobiliarias y gastos de gestoría de informes a los inquilinos que sean personas físicas. Para los casos de alquiler de vivienda, el monto máximo de comisión que se puede requerir a los propietarios será el equivalente al cuatro quince centésimos por ciento (4,15%) del valor total del respectivo contrato. Cucicba mat. No 27/67;0;Visto
argenprop;villa-urquiza;Departamento;AMPLIO MONOAMBIENTE AL FRENTE EN GRAN UBICACÍÓN DE V URQUIZA;740000;50000;Donado 2600, Piso 3;45;;;1;https://www.argenprop.com/departamento-en-alquiler-en-villa-urquiza-1-ambiente--18825763;0;Excelente semipiso, apto profesional o vivienda, al frente con balcón de un ambiente hiper amplio con gran luminosidad. Cocina integrada dividida con barra desayunadora donde se encuentra instalación para lavarropas/lavavajillas. Baño completo con mampara. Cerca de accesos en hermosa zona de villa urquiza puerta blindada y aberturas con doble vidrio. Portero visor. Incremento trimestral indice ipc valor de expensas vto 01/26 diego lopez pereyra propiedades cucicba 6539-cmcpsi 6290- se deja constancia que las medidas, superficie y m2 consignados son aproximados y al solo efecto orientativo. Las medidas reales surgirán del título de propiedad respectivo. En inmuebles con expensas, las mismas están sujetas a variación. Fotos de carácter no contractual.;0;Visto
argenprop;villa-urquiza;Departamento;Alquiler departamento 2 ambientes Villa urquiza;800000;100000;Galván 3100;38;2;1;;https://www.argenprop.com/departamento-en-alquiler-en-villa-urquiza-2-ambientes--18875976;2;Corredor responsable: diego mastrangelo cucicba 7615 csi 6609 - contacto: giuliano larroca galvan 3171, villa urquiza departamento 2 ambientes a estrenar en villa urquiza este departamento cuenta con 40m2 totales cubiertos: 38m2 semicubiertos 2m2 cuenta con: - cocina - living comedor - baño completo - balcón -baulera con cercania al hospital pirovano transporte cercano colectivos: 41, 71, 93, 107, 110, 140, 169, 176 rau s.R.L. No ejerce el corretaje inmobiliario. El presente sitio web es una plataforma en donde cada oficina inmobiliaria independiente que contrata los servicios re/max puede publicar las propiedades a su cargo. Cada oficina es de propiedad y gestión independiente, por lo que rau s.R.L. No interviene en los datos de la publicación, en la operación inmobiliaria, ni en la confección y/o firma del boleto de compraventa y/o escritura y/o contrato de alquiler. En cumplimiento de las leyes vigentes que regulan el corretaje inmobiliario, ley nacional 25.028, ley 22.802 de lealtad comercial, ley 24.240 de defensa al consumidor, las normas del código civil y comercial de la nación y constitucionales, los agentes/gestores no ejercen el corretaje inmobiliario. Todas las operaciones inmobiliarias son objeto de intermediación y conclusión por parte del corredor público inmobiliario colegiado a cargo de la publicación, cuyos datos se exhiben en la presente. La presente publicación describe las características esenciales del inmueble, debiéndose consultar al corredor público inmobiliario responsable de la operación por la eventual actualización de las medidas, descripciones arquitectónicas y funcionales, valores de expensas, servicios, impuestos, precios y demás información, cuyos valores son aproximados. Para los casos de alquiler de vivienda, el monto máximo de comisión que se le puede requerir a los propietarios será el equivalente al cuatro con quince centésimos por ciento (4,15%) del valor total del respectivo contrato. Se encuentra prohibido cobrar a los inquilinos que sean personas físicas comisiones inmobiliarias y gastos de gestoría de informes. El inmueble no es accesible para personas con discapacidades físicas.;0;Visto
