Portal;Barrio;Tipo;Titulo;Precio;Expensas;Direccion;Metros_Totales;Ambientes;Dormitorios;Baños;URL;Bajo_Precio;Cocheras;Etiqueta_Destacado;Porcentaje_Rebaja
zonaprop;belgrano;Departamento;11 Ver datos fratelli grupo inmobiliario alquilasin mueblesamplio 2 ambientes piso 13ºapto vivienda/profesionalmuy buen edificio, tipo torre. 15 pisos, con seguridad nocturna y encargado permanente. Al frente. Súper luminoso. Vista abierta. Orientación Este. Balcón corrido!! El departamento cuenta con 53mts2 distribuidos en: Living-comedor de 4, 50x3, 00 con balcón francés. Cocina Separada con muebles completos, lavadero incorporado. 1 dormitorio doble (de 3, 50x5, 3) más placar. Originalmente era dos dormitorios que hoy se encuentran unidos, dando posibilidad de poner un escritorio ó dividirlo. 1 baño completo con vanitory y ventilación. Estado: Impecable. Se entrega recién pintado con pisos de madera plastificados. Persianas. La parte eléctrica fue reciclada totalmente. Puerta blindada. Además se deja con las cortinas, que fueron hechas a medida. Muy buenos placares: en el dormitorio y en el living. Servicios: Centrales. Agua caliente central y Calefacción por losa radiante. * expensas incluyen: aysa, calefacción por losa radiante y agua caliente central*Excelente Ubicación: A media cuadra s de Metrobus Av. Cabildo. Todas las líneas de colectivos y a 2 cuadras del subte línea D y el tren (Estación Ministro Carranza). -Condiciones: Plazo 2 años- Mes adelantado- Ajuste trimestral por ipc - Deposito - Garantía Propietaria ó Seguro de Caución de Finaer - Recibo de Sueldo o Ingresos Comprobables - Apto Profesional se abonan Honorarios Profesionalesaviso legal: Las descripciones arquitectónicas y funcionales, valores de expensas, impuestos y servicios, fotos y medidas de este inmueble son aproximados. Los datos fueron proporcionados por el propietario y pueden no estar actualizados a la hora de la visualización de este aviso por lo cual pueden arrojar inexactitudes y discordancias con las que surgen de los las facturas, títulos y planos legales del inmueble. El interesado deberá realizar las verificaciones respectivas previamente a la realización de cualquier operación, requiriendo por sí o sus profesionales las copias necesarias de la documentación que corresponda.;720000;360000;Santos Dumont al 2400;53;2;1;1;https://www.zonaprop.com.ar/propiedades/clasificado/alclapin-2-ambientes-de-50-m-sup2-.-balcon-aterrazado-con-vista-57948381.html?n_src=Listado&n_pills=Encargado&n_pg=1&n_pos=1;False;;Super destacado;
zonaprop;belgrano;Departamento;Dúplex 2 Ambientes en Alquiler en Colegiales – Excelente Ubicación y con cocheraEspectacular dúplex de 2 ambientes en alquiler, ubicado en el barrio de Colegiales, a tan solo media cuadra de Av. Cabildo, con acceso inmediato a todos los medios de transporte y a una amplia oferta comercial y gastronómica. La propiedad se destaca por su excelente distribución, amplitud y muy buena iluminación natural, ofreciendo espacios cómodos y funcionales, listos para habitar. Características del departamento: Living comedor amplio y luminoso, con salida directa a balcón. Cocina integrada, práctica y moderna. Toilette de recepción, ideal para visitas. Dormitorio amplio en planta superior, con muy buenos placards y excelente espacio de guardado. Muy cómodo, funcional y bien distribuido. Con cocheraUbicación y conectividad: Ubicado en una zona estratégica, a pasos de Av. Cabildo y con excelente conectividad hacia distintos puntos de la ciudad. Transportes cercanos: Subte Línea D: Estación OllerosTren: Colegiales (Mitre) Colectivos: 41, 42, 57, 59, 60, 63, 67, 68, 152, 161, 168, 194Una excelente opción para quienes buscan vivir con comodidad, buena luz y conectividad, en uno de los barrios más buscados de la ciudad.;800000;250000;Teodoro Garcia al 2400;60;2;1;1;https://www.zonaprop.com.ar/propiedades/clasificado/alclapin-departamento-belgrano-58343662.html?n_src=Listado&n_pills=Aire+acondicionado&n_pg=1&n_pos=2;False;1;Super destacado;
zonaprop;belgrano;Departamento;Excelente ubicacion en la Imprenta-Belgrano, 2 amb a bcon aterrazado, al frente, luminoso, cocina independiente, lavadero, impecable. Cerca del Shopping El Solar de la Abadia, de la ub y todos los medios de transporte. lacroze propiedades de Alejandro Jorge Silberman. Matricula 1593 cucicba. La propiedad no posee accesibilidad con movilidad reducida salvo que en la publicación se indique lo contrario.;800000;250000;Federico Lacroze al 1800;50;2;1;1;https://www.zonaprop.com.ar/propiedades/clasificado/alclapin-2-ambientes-con-bcon-aterrazado-en-la-imprenta-57856474.html?n_src=Listado&n_pills=Aire+acondicionado&n_pg=1&n_pos=3;False;;Super destacado;
zonaprop;belgrano;Departamento;"-se alquila amoblado Y equipado unicamente-Excelente dos ambientes. Todo a nuevo! Al frente con balcón corridoSuper luminoso, Al frente con balcón corridoSuper luminoso, todo externo! Living-comedor apaisado con salida a balcón corrdio, al frente; Cocina amplia, con conexión de lavarropas y con barra a living-comedor;Dormitorio con placard doble y salida al balcón; baño competo con ventilación natural. Todo reciclado a nuevo. Pisos de living-comedor, pasillo de distribución y dormitorio tarugados recién plastificados. Calefacción: Estufa tiro balanceado. Equipos de aire acondicionado el del dormitirio frio calor y el del living-comedor frio. Se desocupa en febrero 2026. Alquiler amueblado y equipado integramente. Contrato a dos años, ingresos demostrables, garantia de Caba o bien seguro de caución. Depósito dos meses.";800000;180000;Jose Hernandez al 1500;47;2;1;1;https://www.zonaprop.com.ar/propiedades/clasificado/alclapin-amoblado-y-equipado-a-pasos-de-las-barrancas-58164766.html?n_src=Listado&n_pills=Aire+acondicionado&n_pg=1&n_pos=4;False;;Super destacado;
zonaprop;belgrano;Departamento;Ubicado en el barrio de Belgrano. Ofrece una experiencia de vida urbana inigualable. Con una orientación noreste y disposición al frente, este espacio garantiza una iluminación natural excelente durante todo el día. El departamento, de 25 años de antigüedad, cuenta con dos ambientes bien distribuidos: un dormitorio y un baño completo. La cocina separada. Además, se destaca un balcón que permite disfrutar de vistas despejadas y un respiro al aire libre. El edificio ofrece una variedad de amenities que complementan el estilo de vida moderno: piscina, solárium, y un salón de usos múltiples (sum) gimnasio y una plaza central. Vigilancia las 24 horas. También cuenta con accesibilidad para personas con movilidad reducida. Es condición del alquiler que la garantía sea un seguro de caución de Premium Group. andereggen propiedadescucicba Mat. Nº Ver datosWhatsapp Ver datos;800000;335000;Roosevelt al 1800;45;2;1;1;https://www.zonaprop.com.ar/propiedades/clasificado/alclapin-departamento-de-dos-ambientes-en-edificio-torre.-58349939.html?n_src=Listado&n_pills=Pileta&n_pg=1&n_pos=5;False;;Super destacado;
zonaprop;belgrano;Departamento;Alquiler sin muebles- No se acepta mascotas - Apto profesional. Inmejorable ubicación, a 2 cuadras de av Cabildo - Todos los medios de transportes y Subte Linea D. Hermoso departamento - Luminoso - Con Patio - Amplio Living Comedor, Dormitorio con Placard, Baño Completo y Cocina con Lavadero. Dentro de las expensas, incluye aysa (Agua). El propietario se hace cargo de las Expensas Extraordinarias y agip-abl. Las medidas, superficies y valores de esta ficha son aproximadas y a título informativo únicamente. Kerner Propiedades WhatsApp Ver datos;750000;100000;Mendoza al 2100;48;2;1;1;https://www.zonaprop.com.ar/propiedades/clasificado/alclapin-bajas-expensas-divino-2-ambientes-con-patio-apto-58262535.html?n_src=Listado&n_pills=Lavadero&n_pg=1&n_pos=6;False;;Super destacado;
zonaprop;belgrano;Departamento;Alquiler | Belgrano C | Impecable 2 Ambientes | Arcos al 2700Valor: $700. 000 + ExpensasUbicado en la zona más estratégica de Belgrano, presentamos este departamento de 2 ambientes que combina calidez, luminosidad y un estado de mantenimiento excepcional. Situado en un 4to piso contrafrente, ofrece la tranquilidad necesaria en plena ciudad. Living-comedor luminoso con balcón francés, que garantiza una excelente circulación de aire y luz natural durante todo el día. Calidad de Materiales: Pisos de parquet impecable en toda la unidad, ). Se entrega recién pintado. Cocina Independiente con conexión para lavarropas. Muy cómoda, con mobiliario completo y ventilación natural al exterior. Calefón a GasDormitorio: Confortable, con placard con interiores completos y persiana de enrollar. Baño: Completo, con bañera y en perfectas condiciones de higiene mantenimiento y funcionamiento. Ubicación de Excelencia: A solo 200 metros de Av. Cabildo y la estación Congreso de Tucumán (Línea D) hace que sea sumamente dinámico para movilizarse hacia los distintos puntos de la ciudad tanto hacia zona norte como al centro con excelentes accesos tanto en auto como en transporte publico. Cercanía inmediata a universidades, centros de salud, gimnasios, atracciones culturales y la mejor oferta gastronómica de la zonaContrafrente silencioso y con vista abierta. Estado: Pintado y listo para mudarse. Condiciones de Ingreso: Mes de adelanto. Mes de depósito. Seguro de Caución. Ingresos en Blanco Comprobables. agenda ya tu visita! Tu primer hogar te espera!;700000;118500;Arcos al 2700 | Belgrano;34;2;1;;https://www.zonaprop.com.ar/propiedades/clasificado/alclapin-dos-ambientes-alquiler-belgrano-58373658.html?n_src=Listado&n_pills=SUM&n_pg=1&n_pos=7;False;;Super destacado;
zonaprop;belgrano;Departamento;Hermoso departamentoo de 2 ambientes con balcón en Belgrano. Excelente ubicación. Cerca de todos los medios de transporte. El departamento de 43m2 tiene piso de madera, cocicna con barra y en la habitación un placard espejado. El edificio cuenta con terraza, solarium, jacuzzi, sauna, deck, sum, gym, ducha escocesa, laundry y totem de seguridad. Apto profesional!!;800000;260000;Soldado de la Independencia 1200;40;2;1;1;https://www.zonaprop.com.ar/propiedades/clasificado/alclapin-alquiler-hermoso-2-ambientes-43-m-con-balcon-en-58292907.html?n_src=Listado&n_pills=Terraza&n_pg=1&n_pos=8;False;;Super destacado;
zonaprop;belgrano;Departamento;Alquiler depto. 2 amb. - piso 6 - cochera fija cubierta - sin muebles - belgrano rmuy lindo departamento de 2 ambientes con cochera cubierta muy cómoda en excelente zona de Belgrano R límite con Coghlan. Entrada a living comedor con balcon frances y pasillo con gran placard que da acceso a dormitorio con placard, cocina separada y baño completo. Todos los ambientes cuentan con ventilación naturalUn baño completo. Detalles: Conexión para lavarropas en cocina - calefón con bomba presurizadora - pisos de madera recien plastificados - aire acondicionado frio/calor en livingcomedor - segundo placard en pasillo - ventilador de techo en dormitorio - acceso a terraza para secar ropa. no acepta mascotascontrato por 2 años actualizable cada 4 meses por ipc. apto sistema de garantía de alquiler finaerubicación: Blanco encalada 3400 (Entre Superi y Av. Melian). Visitar solo acompañado por personal de la firmaNo apto para personas con movilidad reducida. Belga inmobiliaria S. A. Mat. 5111 - cucicba - Martín Gonzalo GallegosMat. 8347 - cucicba - Lucas JoorisMat. 6528 - cmcpsi - Martín Gonzalo GallegosToda la información y medidas provistas son aproximadas, deberán ratificarse con la documentación pertinente y no compromete contractualmente a nuestra empresa. Los gastos (Expensas, abl, etc) expresados, refieren a la última información recabada y deberán confirmarse al día de la fecha. Las fotografías son no vinculantes ni contractuales.;650000;209000;Blanco Encalada al 3400;40;2;1;1;https://www.zonaprop.com.ar/propiedades/clasificado/alclapin-alquiler-depto.-2-amb.-piso-6-interno-cochera-fija-58227509.html?n_src=Listado&n_pills=Encargado&n_pg=1&n_pos=9;False;1;Super destacado;
zonaprop;belgrano;Departamento;Luminoso 2 ambientes lateral con orientación Este y vista panorámica, se destaca por su distribución funcional. Ubicado en Belgrano R, combina tranquilidad residencial y cercanía a los principales centros comerciales, a metros de plaza Castelli, a 8 cuadras de Av. Cabildo y a 3 cuadras de Av. Cramer, con excelente conectividad: subte línea D y múltiples líneas de colectivos por la zona. Características: - Hall 1, 4 m x 1 m- Living-comedor 4, 2 m x 3 m con balcón francés- Dormitorio con placard 2, 9 m x 2, 8 m- Baño completo- Cocina independiente 3 m x 1, 5 m con espacio para heladera y lavarropasDetalles: - Pisos de Parquet- Servicios individuales- Muy buena luminosidad y ventilaciónEl Edificio cuenta con: - sum- Espacio de guardabicicletas;550000;212000;Mendoza al 3200;35;2;1;1;https://www.zonaprop.com.ar/propiedades/clasificado/alclapin-belgrano-r-todo-luz-y-sol!-vista-panoramica!-57915298.html?n_src=Listado&n_pills=SUM&n_pg=1&n_pos=10;True;;Super destacado;8%
zonaprop;belgrano;Departamento;Dos ambientes, ubicado en el tercer piso. Consta de living comedor con gran ventanal al aire y luz. Dormitorio separado con balcón a pulmón de manzana. Placard muy cómodo. Cocina separada con espacio para lavarropas y comedor diario pequeño. Posee ventilador de techo en cocina. Pisos de porcelanato, muebles modernos. Baño completo actualizado con ventana al exterior. Los pisos son de parquet en muy buen estado. Split. La planta cuenta con muy buena luminosidad. El estado es muy bueno. Servicios centrales. Ubicación Sobre la calle Santos Dumont, entre las calles Zapata y la Av. Cabildo, en el barrio de Palermo. Accesos De muy fácil acceso por ubicarse a metros de importantes Avenidas. Alquiler por 24 meses. Ajuste ipc trimestral. Requisitos Garantia y demostración de ingresos.;750000;200000;Santos Dumont al 2400;44;2;1;1;https://www.zonaprop.com.ar/propiedades/clasificado/alclapin-belgrano.-alquiler-dos-ambientes.-58384027.html?n_src=Listado&n_pills=Aire+acondicionado&n_pg=1&n_pos=11;False;;Super destacado;
zonaprop;belgrano;Departamento;Departamento de 2 ambientes. 36m2. Aproximados. Lateral Servicios: Calefacción por losa radiante. Agua caliente por calefón. Muy Luminoso. Edificio de 15 Pisos 6 departamentos por piso- grupo electrógeno- 2 ascensores. detalle: Living-Comedor de 5 x 3 balcón francés. Hall distribución. 1 Dormitorio de 3 x 3 con placard – piso parquet. Baño completo. Cocina de 2. 50 x 2 mesada de mármol muebles bajo mesada instalación para lavarropa. Piso granito. Propiedad no apta para personas con movilidad reducida. Sergio Arias mat 81. Para los casos de alquiler de vivienda, el monto máximo de comisión que se le puede requerir a los propietarios será el equivalente a l cuatro con quince centésimos por ciento (4. 15%) del valor total del respectivo contrato. Se encuentra prohibido cobrar a los inquilinos que sean personas físicas comisione inmobiliarias y gastos de gestoría de informes;650000;;Olazábal 3215;36;2;1;1;https://www.zonaprop.com.ar/propiedades/clasificado/alclapin-belgrano-r-2-ambientes-muy-luminoso-52089794.html?n_src=Listado&n_pg=1&n_pos=12;False;;Super destacado;
zonaprop;belgrano;Departamento;Dos ambientes funcional, con una distribución simple y efectiva. Al contrafrente, en muy buen estado. Recién pintado. Dormitorio y Living-Comedor a balcón con vista a verde. Amplica cocina con espacio para colocar mesay lavadero incorporado. Baño completo. Antigüedad 40 años. En las cercanías de muchos medios de transporte. Actualización trimestral por ipc. Garantía de cabaingresos comprobables que tripliquen aprox el valor del alquiler1 mes de adelanto 1 mes de depósito. Contrato 24 mese;650000;187000;Cramer Av. al 1800;48;2;1;1;https://www.zonaprop.com.ar/propiedades/clasificado/alclapin-dos-ambientes-con-balcon-en-belgrano.-57955358.html?n_src=Listado&n_pills=Lavadero&n_pg=1&n_pos=14;False;;Destacado;
zonaprop;belgrano;Departamento;"Alquiler en una de las zonas mas lindas de belgrano R. Ubicación y Entorno. Dirección: Blanco Encalada 3100 (entre Zapiola y Freire). Conectividad: Excelente acceso a avenidas principales (Balbín a 100m y Cramer a 200m) y cercanía al tren (Estación Belgrano R de la línea Mitre a 400m). Servicios cercanos: Cercanía inmediata al Hipermercado Coto y al Hospital Pirovano, lo que garantiza acceso a abastecimiento y salud. Entorno visual: Al ser un edificio en torre y estar en una zona arbolada, ofrece vistas abiertas y mayor privacidad que un edificio entre medianeras. Características del Departamento. Distribución: 2 ambientes (living-comedor y un dormitorio). Luminosidad y Ventilación: Al ser ""al frente"", tener balcón y ser una torre, la entrada de luz natural y la circulación de aire son puntos clave. - Comodidades: Baño completo. Cocina independiente con lavadero (ideal para no tener la ropa a la vista en la cocina). Placard amplio en el dormitorio. - Climatización: Calefacción: Losa radiante (sistema confortable y parejo). Refrigeración: 1 equipo de aire acondicionado. Agua caliente: Calefón individual. Consideración Extra. - Tiene Totem de seguridad en la entrada del edificio, ademas de encargado. - Cochera: El hecho de que el edificio cuente con cocheras disponibles (aunque sea con costo aparte) es un valor agregado importante, ya que estacionar en esa zona de Belgrano puede ser dificultoso en horarios comerciales. El contrato puede ser de 1 o 2 años, con aumento trimestral por icl. El inquilino tiene que abonar, el alquiler mensual, expensas ordinarias, luz, agua, gas, abl y seguro de incendio. La garantía es con el seguro de Finaer o un garante con propiedad en Caba. Llámenos al +54 9 11 para más información o para agendar una visita. Tanto descripciones como medidas consignadas en esta ficha son aproximadas, de manera orientativa. Además, los montos de expensas, tasas e impuestos deben de ser confirmados ya que dependen de la fecha en la que se obtuvo la información. Cucicba Matrícula Nº 6342";700000;140000;Blanco Encalada 3100;50;2;1;1;https://www.zonaprop.com.ar/propiedades/clasificado/alclapin-alquiler-belgrano-r-blanco-encalada-3100-58325686.html?n_src=Listado&n_pills=Aire+acondicionado&n_pg=1&n_pos=15;False;;Destacado;
zonaprop;belgrano;Departamento;Excepcional departamento con balcon vista abierta a jardines, piso 6°, superluninoso, impecable. Sup. 36m2 cub, 37m2 totales. El balcon da al Living comedor. Cocina completa con lavadero, baño completo. Dormitorio, también con ventana con vista abierta a verde y placares. Excelente Ubicacion. Condiciones: 1 mes de adelanto, un mes de deposito, actualización trimestral por ipc, garantía propietaria en caba o seguro de caucion de entidad bancaria Gloria V Morelli, Cel: Ver datos Inmobiliaria. Cucicba 6404;600000;220000;Mendoza 3278;37;2;1;1;https://www.zonaprop.com.ar/propiedades/clasificado/alclapin-excelente-2-amb-con-balcon-superluminoso-vista-abierta-58204542.html?n_src=Listado&n_pills=Encargado&n_pg=1&n_pos=16;False;;Destacado;
zonaprop;belgrano;Departamento;Alquiler 2 Ambientes con Balcones – Muy Luminoso – Belgrano – Cochera Opcional. Departamento de 2 ambientes de 51 m² totales, ubicado en segundo piso al frente, en una excelente zona de Belgrano. La unidad se destaca por su gran luminosidad, orientación este y ventilación cruzada, con balcón al frente desde el living y segundo balcón al contrafrente con salida desde el dormitorio. Cuenta con un amplio living comedor muy luminoso con salida al balcón, cocina completa semi integrada con buen espacio de guardado, baño completo y dormitorio cómodo con dos amplios placares y salida al balcón contrafrente. Los pisos son de parquet en excelente estado. El departamento posee calefacción por radiadores y agua caliente por caldera individual, lo que brinda mayor confort y control del consumo. Edificio moderno con amenities que incluyen terraza con parrilla y sum, ideal para reuniones y uso social. Cochera (espacio guardacoches) opcional: $120. 000. Ubicación estratégica en Belgrano, con cercanía a Av. Cabildo, Av. Congreso y Av. Crámer, con excelente conectividad. Próximo a estación de Subte línea D, Metrobus Norte y múltiples líneas de colectivo, lo que permite rápido acceso a distintos puntos de la ciudad. Zona residencial consolidada con amplia oferta comercial, gastronómica, educativa y de servicios, además de cercanía a espacios verdes y centros de salud. La información descripta en el presente aviso es meramente orientativa y no forma parte de ningún tipo de documentación contractual. Los datos enunciados fueron proporcionados por los propietarios y pueden arrojar inexactitudes, las superficies definitivas surgirán del Título de Propiedad del Inmueble, el Reglamento de Copropiedad del edificio y disposiciones municipales vigentes al referido. Se deja constancia de que los valores y/o expensas pueden estar sujetas a verificación o ajuste.;730000;230000;Moldes 1000;48;2;1;1;https://www.zonaprop.com.ar/propiedades/clasificado/alclapin-departamento-de-44-m-sup2--con-1-dormitorio-en-58378060.html?n_src=Listado&n_pills=Parrilla&n_pg=1&n_pos=17;False;1;Destacado;
zonaprop;belgrano;Departamento;Mcal. Antonio J. Sucre y Av. Crámer. * Excelente Dpto. Al Fte. Con Balcón. * con redes O. Norte. * Amplio Living Com con salida a balcón. * Amplio Dormti. C-plac. * Amplia Cocina equipada. * Baño completo. * A-Ac. * Recién pintado. * Promocion Febrero por Carnaval!.;600000;220672;Mcal. Antonio J. Sucre 2920;48;2;1;1;https://www.zonaprop.com.ar/propiedades/clasificado/alclapin-mcal.-a.-j.-sucre-y-av-cramer-al-fte.-bcon-2-amb.-coc.-57436036.html?n_src=Listado&n_pills=Encargado&n_pg=1&n_pos=18;False;;Destacado;
zonaprop;belgrano;Departamento;Departamento en alquiler de 2 ambiente ubicado en Coghaln. En excelente estado, muy luminoso, balcón al frente, cocina integrada y baño completo. Amenities, sum, Solarium, parrilla, y laundryAmueblado opcionalExpensas $ 150. 000sapVer datos;790000;150000;Rivera al 3000;44;2;1;1;https://www.zonaprop.com.ar/propiedades/clasificado/alclapin-departamento-apto-profesional-en-coghlan-58390709.html?n_src=Listado&n_pills=SUM&n_pg=1&n_pos=19;False;;Destacado;
zonaprop;belgrano;Departamento;Hermoso dos ambientes, muy amplio y luminoso, balcon frances, apto profesional, ideal consultorio. Totalmente remodelado a nuevo, listo para estrenar, en el corazon de Belgrano, a pasos de Avda. Cabildo, a 2 cuadras de la estacion de subte Jose Hernandez, todas las principales lineas de colectivos, vigilancia las 24 horas para acceso a las unidades evitando bajar a abrir. Oportunidad unica en la mejor zona de Belgrano. Dueño directo, contrato a dos años valor actualizable por ipc, garantía propietaria de caba, ingresos verificables, mes de deposito y mes adelantado, no cobramos comisión;750000;120000;Virrey del Pino 2600;40;2;1;1;https://www.zonaprop.com.ar/propiedades/clasificado/alclappa-hermoso-dos-ambientes-muy-amplio-y-luminoso-apto-57591607.html?n_src=Listado&n_pills=Encargado&n_pg=1&n_pos=20;False;;Destacado;
zonaprop;belgrano;Departamento;Hermoso 2 amb. En dúplex con balcón. Hermosa vista a pulmón de manzana. Luz y silencio. Se encuentra en una excelente ubicación de Palermo, a mts de Av. Del Libertador, en un área comercial, rodeada de puntos verdes y accesos. pb: Toilette de recepción y cocina completa con espacio para heladera o posible lavarropas. Pa: Dormitorio con placard y baño completo. Calefacción mediante aa. Agua caliente por caldera individual. Datos útiles- Barrio: Belgrano. - Comuna: 13. - Área Hospitalaria: htal. Dr. Pirovano. - Colectivos: 15, 29, 107, 114, 130. - Tren: Mitre. - Subte: Línea D. Requisitos y condiciones: - Ingresos demostrables que tripliquen el costo de alquiler (podes complementar con los de familiares/allegados) - Garantía propietaria de capital federal o en su defecto, Póliza de sistema finaer S. A- Abonar mes de alquiler por adelantado. - Abonar mes de depósito en garantía. - Abonar un proporcional de días (si aplica). Asesoramiento: - Línea comercial (WhatsApp): Ver datos. - Líneas generales: Ver datos o Ver datos. - Horario de atención: de Lunes a Viernes de 9 a 13 y de 14 a 18hs. aviso legal: La ficha, la gráfica de planos y las fotos del presente inmueble son facilitadas por Veglienzone Gestión Inmobiliaria, al solo efecto de otorgar una rápida visualización del inmueble. Todas las medidas son meramente descriptivas y esquemáticas. Las mismas han sido computadas con medidor ultrasónico de distancias, por lo cual se deja expresamente aclarado que pueden existir discordancias con las medidas exactas que surgen de la realidad y/o de la escritura y/o de los planos del inmueble. M. Cucicba 4184.;800000;297660;Franklin D Roosevelt al 1800;55;2;1;1;https://www.zonaprop.com.ar/propiedades/clasificado/alclapin-alquiler-dpto-2-amb-duplex-belgrano-58310209.html?n_src=Listado&n_pills=Aire+acondicionado&n_pg=1&n_pos=21;False;;Destacado;
zonaprop;belgrano;Departamento;En av. Olazabal Y zapiola A metros de av. Cramer y av. Balbínte presentamos este hermoso dos ambientes con balcón al crontrafrente. Pintado a nuevo y pisos plastificados. En muy buen estado. Cocina separada y lavadero cubierto. Livíngo con salida al balcón. Pasillo distribuidor y dormitorio con placard. El Baño es completo Podes visitarlo. condiciones: Contrato por 24 mesesDepósito: dos meses (en pesos o dólares) Ajustes cuatrimestrales por icl Presentar seguro de caución (finaer / mi alquiler / respaldar / afianzar) o garantía propietaria en cabaingresos demostrables. Dnipara una O dos personas maximono se aceptan mascotas;630000;190000;Olazabal al 3000;38;2;1;1;https://www.zonaprop.com.ar/propiedades/clasificado/alclapin-departamento-de-2-amb.-balcon.-belgrano-57998771.html?n_src=Listado&n_pills=Lavadero&n_pg=1&n_pos=22;False;;Destacado;
zonaprop;belgrano;Departamento;2 ambientes al frente con balcón y aire acondicionado. 1º piso x escalera. Dormitorio al frente con amplio placard. Baño completo. Cocina independiente. Contrato por 2 años ajustado trimestralmente por ipc. 1 mes de depósito. 1 mes de adelanto. Gastos administrativos. Garantía propietaria caba familiar directo o seguro de caución de Finaer. Ingresos comprobables. Se deja constancia que las medidas, superficies y proporciones indicadas son aproximadas y al solo efecto orientativo, las cuales están sujetas a verificación, variación y/o ajuste. Los valores de la presente operación y/o de las expensas pueden estar sujetos a variación y/o modificación sin previo aviso. Las fotos publicadas son ilustrativas, no contractuales.;670000;160000;Manuel Ugarte 2328;46;2;1;1;https://www.zonaprop.com.ar/propiedades/clasificado/alclapin-dpto.-2-amb-balcon-frente-a-pasos-de-cabildo-58275641.html?n_src=Listado&n_pills=Aire+acondicionado&n_pg=1&n_pos=23;False;;Destacado;
zonaprop;belgrano;Departamento;Alquiler hermoso 2 amb de 45M2 con balcon al contra frente en excelente zona comercial A metros de av cabildo. cocina. lavadero separado. baño completo. living comedor. dormitorio con placard. pisos de parquet. muy luminoso Y vista abierta;670000;185000;SUCRE 2496;45;2;1;1;https://www.zonaprop.com.ar/propiedades/clasificado/alclapin-alquiler-departamento-belgrano-2-amb-cta-fte-con-57883915.html?n_src=Listado&n_pills=Encargado&n_pg=1&n_pos=24;False;;Destacado;
zonaprop;belgrano;Departamento;Excelente 2 ambientes súper luminoso en Belgrano – Santos Dumont entre Ciudad de la Paz y Av. Cabildo 2 ambientes mega luminoso, ubicado en una de las zonas más buscadas de Belgrano, a pasos de Avenida Cabildo, metrobus, subte y todos los medios de transporte. Living-comedor amplio y lleno de luz natural gracias a sus ventanales al frente. Cocina separada, funcional y con excelente ventilación. Dormitorio cómodo con armario/placard y muy buena entrada de luz. Baño completo con ventilación. La ubicación es inmejorable: rodeado de comercios, cafés, espacios verdes y todo lo que hace la vida cotidiana más práctica y cómoda. llamanos para coordinar una visita*Se deja constancia que las medidas (tanto totales como parciales), superficies, m2 y proporciones indicadas en el presente son aproximadas y sujetas a verificación, variación y/o ajuste. El precio de la presente operación y/o de las expensas aquí indicadas están sujetos a modificación sin previo aviso. David melamud propiedades Matricula cucicba 7794;655000;230000;Excelente 2 ambientes súper luminoso en Belgrano – Santos Dumont entre Ciudad de la Paz y Av. Cabildo 2 ambientes mega luminoso, ubicado en una de las zonas más buscadas de Belgrano, a pasos de Avenida Cabildo, metrobus, subte y todos los medios de transporte. Living;52;2;1;1;https://www.zonaprop.com.ar/propiedades/clasificado/alclapin-2-ambientes-alquiler-belgrano-57702560.html?n_src=Listado&n_pills=Luminoso&n_pg=1&n_pos=26;False;;Destacado;
zonaprop;belgrano;Departamento;Departamento de dos ambientes en alquiler, ubicado en una de las mejores zonas comerciales de Belgrano, a metros de Av. Del Libertador y con excelente conectividad gracias a la gran variedad de medios de transporte disponibles sobre Av. Luis María Campos. La unidad se alquila sin muebles y se encuentra al frente. Cuenta con un living comedor amplio y luminoso, con salida a un gran balcón sobre Av. Lacroze, un dormitorio, cocina separada y baño completo. El departamento posee pisos alfombrados. Disponible a partir del mes de noviembre. El contrato contempla ajuste trimestral por ipc. El canon locativo se abona junto con expensas, gastos de servicios, Impuesto Inmobiliario y abl. Vendedora Encargada Veronica Levi +54 9 11 Ver datosLa propiedad cumple con la ley 5115. Accesible para personas con discapacidad reducida. Ezequiel Rubinowiczmatrícula cucicba N°7717eapVer datosEzequiel Rubinowicz Negocios Inmobiliarios;800000;210000;Av. Federico Lacroze al 1800;56;2;1;1;https://www.zonaprop.com.ar/propiedades/clasificado/alclapin-alquiler-2-ambientes-al-frente-con-gran-balcon-en-57902137.html?n_src=Listado&n_pills=Aire+acondicionado&n_pg=1&n_pos=27;False;;;
zonaprop;belgrano;Departamento;Corredor Responsable: Jorge Salafia cucicba 5666 / csi 5888- Contacto: Maria Carolina Voci. * visitas A partir del 17-2 * departamento 2 ambientes en alquiler belgrano capital federal. Este departamento ubicado estratégicamente a 1 cuadra de Cabildo y Monroe, sobre Ciudad de la Paz cuenta con acceso a todos los medios de transporte. El edificio tiene Totem de Vigilancia las 24hs. Posibilidad de alquilar cochera en el mismo edificio. Lavadero con conexion de lavarropas. Sus 2 ambientes están distribuidos con precisión: un dormitorio con placard y salida al balcon, pasillo con placard, living con salida al balcon y cocina con lavadero separado y un baño completo con ventilacion. La disposición de contrafrente orientacion oeste (sol por la tarde) garantiza tranquilidad y privacidad, alejándote del bullicio mientras mantienes la conexión con la ciudad. Requisitos para ingresar: - Contrato a 24 meses ajustable por ipc. ⁠- Deposito en garantía en Dólares. ⁠- Seguro de caución únicamente. ⁠- Ingresos Comprobables. Si te interesa visitarla coordinamos! Rau S. R. L. No ejerce el corretaje inmobiliario. El presente sitio web es una plataforma en donde cada oficina inmobiliaria independiente que contrata los servicios re/max puede publicar las propiedades a su cargo. Cada oficina es de propiedad y gestión independiente, por lo que rau S. R. L. No interviene en los datos de la publicación, en la operación inmobiliaria, ni en la confección y/o firma del boleto de compraventa y/o escritura y/o contrato de alquiler. En cumplimiento de las leyes vigentes que regulan el corretaje inmobiliario, Ley Nacional 25. 028, Ley 22. 802 de Lealtad Comercial, Ley 24. 240 de Defensa al Consumidor, las normas del Código Civil y Comercial de la Nación y Constitucionales, los agentes/gestores no ejercen el corretaje inmobiliario. Todas las operaciones inmobiliarias son objeto de intermediación y conclusión por parte del corredor público inmobiliario colegiado a cargo de la publicación, cuyos datos se exhiben en la presente. La presente publicación describe las características esenciales del inmueble, debiéndose consultar al corredor público inmobiliario responsable de la operación por la eventual actualización de las medidas, descripciones arquitectónicas y funcionales, valores de expensas, servicios, impuestos, precios y demás información, cuyos valores son aproximados. Para los casos de alquiler de vivienda, el monto máximo de comisión que se le puede requerir a los propietarios será el equivalente al cuatro con quince centésimos por ciento (4, 15%) del valor total del respectivo contrato. Se encuentra prohibido cobrar a los inquilinos que sean personas físicas comisiones inmobiliarias y gastos de gestoría de informes. El inmueble no es accesible para personas con discapacidades físicas.;750000;150000;Ciudad de la Paz 2400;41;2;1;1;https://www.zonaprop.com.ar/propiedades/clasificado/alclapin-alquiler-departamento-2-ambientes-belgrano-balcon-58378130.html?n_src=Listado&n_pills=Encargado&n_pg=1&n_pos=28;False;;;
zonaprop;belgrano;Departamento;Departamento en alquiler | belgrano - Capital Federal | 2 ambientes. Al lateral de torre, en muy buen estado, muy luminoso, excelente ubicación, sobre Av. Cabildo con metro bus en la puerta y a 3 cuadras del Subte D. Consta de living con salida a balcón francés, dormitorio con placard y balcón frencés - Cocina y lavadero aparte. En edificio de 14 pisos, 8 departamentos por piso, 3 ascensores. Apto Discapacitados: si. Código oppel: Ver datos. Las especificaciones y medidas son informativas y aproximadas. No se incluyen: mobiliarios, artefactos eléctricos, luminarias o de aire. Oppel S. A. Mariano Oppel M. 468 F. 19 L. 1 - cucicba. reforma ley 2340 La reforma a la ley 2340 nos obliga entre otras cosas a comunicarle al público su alcance, conforme luce en esta descripción. Respetamos la ley y también nuestro derecho a manifestar el profundo desacuerdo contra una norma arbitraria e inconstitucional. Defenderemos nuestro derecho a trabajar, ejercer la profesión y el derecho de propiedad (arts. 14 y 17 Constitución Nacional). Estamos dispuestos, como siempre hemos estado, a trabajar para solucionar la dificultad de acceso a la vivienda, pero partiendo de un diagnóstico correcto. . Para los casos de alquiler de vivienda, el monto máximo de comisión que se le puede requerir a los propietarios será el equivalente al cuatro con quince centésimos por ciento (4, 15%) del valor total del respectivo contrato. Se encuentra prohibido cobrar comisiones inmobiliarias y gastos de gestoría de informes a los inquilinos, en el caso de ser personas físicas.;600000;194735;CABILDO 2400. Entre Monroe y Balnco Encalada;40;2;1;1;https://www.zonaprop.com.ar/propiedades/clasificado/alclapin-oppel-departamento-en-alquiler-belgrano-capital-57660440.html?n_src=Listado&n_pills=Aire+acondicionado&n_pg=1&n_pos=29;False;;;
zonaprop;belgrano;Departamento;Corredor Responsable: power bienes raíces S. R. L. - Sabrina Cocconi cpi 6800 / cmcpsi 6258- Contacto: Marilina Carrio. departamento dúplex 2 ambientes en alquiler belgrano capital federal. Departamento dúplex de 49 m² ubicado estratégicamente sobre Avenida José Hernández en el prestigioso barrio de Belgrano. Diseñado con criterio contemporáneo, este inmueble combina funcionalidad y estética en un espacio moderno y luminoso. La propiedad se distribuye en dos niveles, optimizando cada metro cuadrado con un diseño inteligente. En la planta baja, living con salida a balcón aterrazado se integra perfectamente con una cocina de líneas modernas. El deck de madera exterior permite disfrutar de espacios al aire libre con privacidad. En la planta alta, el dormitorio principal ofrece privacidad y confort. Cuenta con un baño completo y un toilette adicional que complementan la distribución. Grandes ventanales permiten el ingreso de luz natural, potenciando la sensación de amplitud. El edificio, presenta amenities de primer nivel que incluyen terraza con piscina y espacios comunes modernos y bien mantenidos. Su ubicación sobre Avenida José Hernández garantiza excelente conectividad, con proximidad a medios de transporte, comercios, restaurantes y espacios verdes. Características técnicas: - Superficie total: 49 m² - Superficie cubierta: 40 m² - Superficie semicubierta: 9 m² Ideal para profesionales o parejas que valoran diseño, ubicación y funcionalidad en un entorno urbano de alta calidad. Requisitos: mes de deposito. mes de anticipo. seguro de caucion. (garantor excluyente) rau S. R. L. No ejerce el corretaje inmobiliario. El presente sitio web es una plataforma en donde cada oficina inmobiliaria independiente que contrata los servicios re/max puede publicar las propiedades a su cargo. Cada oficina es de propiedad y gestión independiente, por lo que rau S. R. L. No interviene en los datos de la publicación, en la operación inmobiliaria, ni en la confección y/o firma del boleto de compraventa y/o escritura y/o contrato de alquiler. En cumplimiento de las leyes vigentes que regulan el corretaje inmobiliario, Ley Nacional 25. 028, Ley 22. 802 de Lealtad Comercial, Ley 24. 240 de Defensa al Consumidor, las normas del Código Civil y Comercial de la Nación y Constitucionales, los agentes/gestores no ejercen el corretaje inmobiliario. Todas las operaciones inmobiliarias son objeto de intermediación y conclusión por parte del corredor público inmobiliario colegiado a cargo de la publicación, cuyos datos se exhiben en la presente. La presente publicación describe las características esenciales del inmueble, debiéndose consultar al corredor público inmobiliario responsable de la operación por la eventual actualización de las medidas, descripciones arquitectónicas y funcionales, valores de expensas, servicios, impuestos, precios y demás información, cuyos valores son aproximados. Para los casos de alquiler de vivienda, el monto máximo de comisión que se le puede requerir a los propietarios será el equivalente al cuatro con quince centésimos por ciento (4, 15%) del valor total del respectivo contrato. Se encuentra prohibido cobrar a los inquilinos que sean personas físicas comisiones inmobiliarias y gastos de gestoría de informes. El inmueble no es accesible para personas con discapacidades físicas.;750000;300000;José Hernández 2700;49;2;1;1;https://www.zonaprop.com.ar/propiedades/clasificado/alclapin-departamento-2-ambientes-alquiler-belgrano-pileta-58323936.html?n_src=Listado&n_pills=Terraza&n_pg=1&n_pos=30;False;;;
zonaprop;belgrano;Departamento;Corredor Responsable: Jorge Salafia cucicba 5666 / csi 5888- Contacto: Maria Carolina Voci. * visitas A partir del 17-2 * departamento 2 ambientes en alquiler belgrano capital federal. Este departamento ubicado estratégicamente a 1 cuadra de Cabildo y Monroe, sobre Ciudad de la Paz cuenta con acceso a todos los medios de transporte. El edificio tiene Totem de Vigilancia las 24hs. Posibilidad de alquilar cochera en el mismo edificio. Lavadero con conexion de lavarropas. Sus 2 ambientes están distribuidos con precisión: un dormitorio con placard y salida al balcon, pasillo con placard, living con salida al balcon y cocina con lavadero separado y un baño completo con ventilacion. La disposición de contrafrente orientacion oeste (sol por la tarde) garantiza tranquilidad y privacidad, alejándote del bullicio mientras mantienes la conexión con la ciudad. Requisitos para ingresar: - Contrato a 24 meses ajustable por ipc. ⁠- Deposito en garantía en Dólares. ⁠- Seguro de caución únicamente. ⁠- Ingresos Comprobables. Si te interesa visitarla coordinamos! Rau S. R. L. No ejerce el corretaje inmobiliario. El presente sitio web es una plataforma en donde cada oficina inmobiliaria independiente que contrata los servicios re/max puede publicar las propiedades a su cargo. Cada oficina es de propiedad y gestión independiente, por lo que rau S. R. L. No interviene en los datos de la publicación, en la operación inmobiliaria, ni en la confección y/o firma del boleto de compraventa y/o escritura y/o contrato de alquiler. En cumplimiento de las leyes vigentes que regulan el corretaje inmobiliario, Ley Nacional 25. 028, Ley 22. 802 de Lealtad Comercial, Ley 24. 240 de Defensa al Consumidor, las normas del Código Civil y Comercial de la Nación y Constitucionales, los agentes/gestores no ejercen el corretaje inmobiliario. Todas las operaciones inmobiliarias son objeto de intermediación y conclusión por parte del corredor público inmobiliario colegiado a cargo de la publicación, cuyos datos se exhiben en la presente. La presente publicación describe las características esenciales del inmueble, debiéndose consultar al corredor público inmobiliario responsable de la operación por la eventual actualización de las medidas, descripciones arquitectónicas y funcionales, valores de expensas, servicios, impuestos, precios y demás información, cuyos valores son aproximados. Para los casos de alquiler de vivienda, el monto máximo de comisión que se le puede requerir a los propietarios será el equivalente al cuatro con quince centésimos por ciento (4, 15%) del valor total del respectivo contrato. Se encuentra prohibido cobrar a los inquilinos que sean personas físicas comisiones inmobiliarias y gastos de gestoría de informes. El inmueble no es accesible para personas con discapacidades físicas.;750000;150000;Ciudad de la Paz 2400;41;2;1;1;https://www.zonaprop.com.ar/propiedades/clasificado/alclapin-alquiler-departamento-2-ambientes-belgrano-balcon-58378130.html?n_src=Listado&n_pills=Encargado&n_pg=2&n_pos=1;False;;;
zonaprop;belgrano;Departamento;2 Ambientes Muy Luminoso al Frente – BelgranoExcelente ubicación en una zona estratégica de Belgrano, con fácil acceso a múltiples medios de transporte: Línea de Tren MitreDiversas líneas de colectivos sobre Av. CabildoEstación Lacroze del Subte dla unidad se encuentra en un 1° piso, totalmente externa y muy luminosa. Distribución: Amplio living-comedor con salida a balcón corridoCocina independienteBaño completoHall distribuidorDormitorio principal de generosas dimensiones con grandes placares empotradosIdeal como inversión o primera vivienda. Servicios: electricidad, gas, agua corriente y pavimento. -Se deja constancia que las medidas, superficies, m2 y proporciones consignadas son aproximados, al igual que las medidas parciales y/o de los ambientes esta sujeto a verificación y/o ajuste. El valor indicado de expensas esta sujeto a variación. El precio del inmueble puede ser modificado sin previo aviso. Fotos de carácter no contractual. ezequiel wierzba martillero publico, C. U. C. I. C. B. A 6383. ezequiel wierzba negocios inmobiliarios / click aparts S. A. S, C. P.. M. C. L. Z 4507-click aparts Contáctenos: Oficina: +Ver datosCelular: +Ver datos 5 Ver datosE-mail: Ver datos: Facebook: /click. apartsInstagram: /click. aparts;750000;140000;Aguilar al 2400;38;2;1;1;https://www.zonaprop.com.ar/propiedades/clasificado/alclapin-venta-2-ambientes-c-balcon-inmejorable-ubicacion-58199153.html?n_src=Listado&n_pills=Encargado&n_pg=2&n_pos=2;False;;;
zonaprop;belgrano;Departamento;Departamento en alquiler | belgrano - Capital Federal | 2 ambientes. Al lateral de torre, en muy buen estado, muy luminoso, excelente ubicación, sobre Av. Cabildo con metro bus en la puerta y a 3 cuadras del Subte D. Consta de living con salida a balcón francés, dormitorio con placard y balcón frencés - Cocina y lavadero aparte. En edificio de 14 pisos, 8 departamentos por piso, 3 ascensores. Apto Discapacitados: si. Código oppel: Ver datos. Las especificaciones y medidas son informativas y aproximadas. No se incluyen: mobiliarios, artefactos eléctricos, luminarias o de aire. Oppel S. A. Mariano Oppel M. 468 F. 19 L. 1 - cucicba. reforma ley 2340 La reforma a la ley 2340 nos obliga entre otras cosas a comunicarle al público su alcance, conforme luce en esta descripción. Respetamos la ley y también nuestro derecho a manifestar el profundo desacuerdo contra una norma arbitraria e inconstitucional. Defenderemos nuestro derecho a trabajar, ejercer la profesión y el derecho de propiedad (arts. 14 y 17 Constitución Nacional). Estamos dispuestos, como siempre hemos estado, a trabajar para solucionar la dificultad de acceso a la vivienda, pero partiendo de un diagnóstico correcto. . Para los casos de alquiler de vivienda, el monto máximo de comisión que se le puede requerir a los propietarios será el equivalente al cuatro con quince centésimos por ciento (4, 15%) del valor total del respectivo contrato. Se encuentra prohibido cobrar comisiones inmobiliarias y gastos de gestoría de informes a los inquilinos, en el caso de ser personas físicas.;600000;194735;CABILDO 2400. Entre Monroe y Balnco Encalada;40;2;1;1;https://www.zonaprop.com.ar/propiedades/clasificado/alclapin-oppel-departamento-en-alquiler-belgrano-capital-57660440.html?n_src=Listado&n_pills=Aire+acondicionado&n_pg=2&n_pos=3;False;;;
zonaprop;belgrano;Departamento;"Sup total: 33. 87 m2. Excelente 2 ambientes. A media cuadra de Avda. Cabildo, metrobus, Subte línea D, variedad de rubros de comerciales. Living comedor con balcón francés. Dormitorio con placard. Pisos de parquet. Cocina independiente. Baño completo, ambos reciclados. Impecable estado de presentación. Es apto para profesionales. El edificio cuenta con grupo electrógeno, vigilancia, 2 porteros y llave electrónica de acceso. El valor de las expensas incluye Aysa. Las medidas parciales, totales y de cada ambiente y la antigüedad del edificio expuestas aquí, en mails y whatsapp enviados, en nuestra web y demás sitios de publicación, son aproximados y al solo efecto orientativo; el monto expresado de expensas puede sufrir modificaciones importantes producto del crecimiento inflacionario. Dichas situaciones deberán ser confirmadas por la persona interesada con la documentación correspondiente, sin que ello comprometa contractualmente a Cabildo 500 y a su matriculado. Las fotos no son vinculantes ni contractuales. Accesible. Para los casos de alquiler de vivienda, el monto máximo de comisión que se le puede requerir a los propietarios será el equivalente al cuatro con quince centésimos por ciento (4, 15%) del valor total del respectivo contrato. Se encuentra prohibido cobrar a los inquilinos que sean personas físicas comisiones inmobiliarias y gastos de gestoría de informes. Matrícula 4285. Ç Propietario busca comprar Depto 2 Amb en Palermo, Belgrano. U$S 70 Milxintel(ca5-ca5-7710)";506000;240000;SANTOS DUMONT 2400. Entre Av Cabildo y Zapata;33;2;1;1;https://www.zonaprop.com.ar/propiedades/clasificado/alclapin-alquiler-de-depto-2-ambientes-en-belgrano-56838657.html?n_src=Listado&n_pills=Encargado&n_pg=2&n_pos=4;False;;;
zonaprop;belgrano;Departamento;Corredor Responsable: Diego Mastrangelo cucicba 7615 csi 6609- Contacto: Dalia Levy Mayo. alquiler de departamento dos ambientes con balcón en belgrano. 5to piso al frente. Características del departamento: - living-comedor con gran ventanal y salida a balcón. - cocina separada. - dormitorio con placard empotrado. - baño completo con ventilación. - 35m2 cubiertos y 3m2 descubiertos. - Lavadero propio en ultimo piso. Expensas Febrero 2026: $246. 000. Conectividad: -Líneas de colectivo cercanas: 29, 41, 44, 57, 59, 60, 63, 65, 67, 68, 80, 113, 151, 152, 161, 168, 184, 194. -Subtes (Metro): jose hernandez (Línea D), juramento (Línea D) - a 300 metros de Av. Cabildo. - a 200 metros de Av. Crámer. Requisitos: - Garantía caba o Seguro de caución. - Demostración de ingresos que triplique el valor del alquiler. - 1 mes de deposito. - 1 mes de adelanto. - Ajuste trimestral x ipc. - No acepta mascotas. rau S. R. L. No ejerce el corretaje inmobiliario. El presente sitio web es una plataforma en donde cada oficina inmobiliaria independiente que contrata los servicios re/max puede publicar las propiedades a su cargo. Cada oficina es de propiedad y gestión independiente, por lo que rau S. R. L. No interviene en los datos de la publicación, en la operación inmobiliaria, ni en la confección y/o firma del boleto de compraventa y/o escritura y/o contrato de alquiler. En cumplimiento de las leyes vigentes que regulan el corretaje inmobiliario, Ley Nacional 25. 028, Ley 22. 802 de Lealtad Comercial, Ley 24. 240 de Defensa al Consumidor, las normas del Código Civil y Comercial de la Nación y Constitucionales, los agentes/gestores no ejercen el corretaje inmobiliario. Todas las operaciones inmobiliarias son objeto de intermediación y conclusión por parte del corredor público inmobiliario colegiado a cargo de la publicación, cuyos datos se exhiben en la presente. La presente publicación describe las características esenciales del inmueble, debiéndose consultar al corredor público inmobiliario responsable de la operación por la eventual actualización de las medidas, descripciones arquitectónicas y funcionales, valores de expensas, servicios, impuestos, precios y demás información, cuyos valores son aproximados. Para los casos de alquiler de vivienda, el monto máximo de comisión que se le puede requerir a los propietarios será el equivalente al cuatro con quince centésimos por ciento (4, 15%) del valor total del respectivo contrato. Se encuentra prohibido cobrar a los inquilinos que sean personas físicas comisiones inmobiliarias y gastos de gestoría de informes. El inmueble no es accesible para personas con discapacidades físicas.;750000;246000;Moldes 1800;38;2;1;1;https://www.zonaprop.com.ar/propiedades/clasificado/alclapin-alquiler-dpto-2-ambientes-con-balcon-muy-lumnoso-58310132.html?n_src=Listado&n_pills=Lavadero&n_pg=2&n_pos=5;False;;;
zonaprop;belgrano;Departamento;Monoambiente en semipiso al frente con Balcón dividido en 2 ambientes en Venta / Alquiler en Belgrano, frente a Plazoleta Portugal caba. Living comedor con cocina. Baño completo. El dormitorio da al frente y el living al pulmon. Superficies: 40, 28m² cubiertos. 3, 22m² descubiertos. 43, 50m² totales. Living comedor 3, 23x6, 26Dormitorio 3, 21x3, 76Cocina 1, 46x2, 62Baño 2, 69x1, 20Balcón 2, 69x1. 20Requisitos para alquilar: * 1 mes de depósito* 1 mes por adelantado* Ingresos comprobables que tripliquen el alquiler + expensas* Garantía propietaria en caba o seguro de caución FinaerContrato por 24 meses con ajuste cuatrimestral por ipc. Alquiler $500. 000. -Expensas $258. 000. - ene 2026abl $ 15. 000 ene 2026 aviso legal: Se hace saber que las características descriptas del inmueble publicado, calidades y cualidades constructivas y funcionales, valores de expensas, impuestos y servicios, y medidas y superficies, son aproximados y consignados en base a datos que fueron proporcionados por el propietario, no tienen valor contractual y que pueden no ser exactos y/o no estar actualizados a la hora de la visualización de este aviso, pudiendo surgir discordancias con los datos que emanen de la documentación respectiva. Las medidas y superficies exactas son las que surgen de los títulos y planos legales del inmueble. Las imágenes publicadas lo son al mero efecto orientativo de las características generales y circunstancias del inmueble en el momento en que han sido tomadas, pudiendo las mismas diferir del estado y circunstancias actuales del mismo. Asimismo, los mobiliarios, accesorios, elementos, y otros, que se visualizan en las imágenes publicadas, no integran la oferta de venta, salvo manifestación explícita, al contrario. En todos los casos el interesado deberá realizar una visita al inmueble y efectuar las verificaciones respectivas previamente a la realización de cualquier operación u oferta requiriendo la documentación que corresponda. Los valores están sujetos a cambios. Inmueble no accesible a personas con discapacidad física Ley 5115.;500000;258000;Av. Cramer al 1600;43;2;1;1;https://www.zonaprop.com.ar/propiedades/clasificado/alclapin-alquiler-departamento-2-ambientes-con-balcon-56556842.html?n_src=Listado&n_pills=Aire+acondicionado&n_pg=2&n_pos=6;False;;;
zonaprop;belgrano;Departamento;Departamento de dos ambientes en alquiler, ubicado en una de las mejores zonas comerciales de Belgrano, a metros de Av. Del Libertador y con excelente conectividad gracias a la gran variedad de medios de transporte disponibles sobre Av. Luis María Campos. La unidad se alquila sin muebles y se encuentra al frente. Cuenta con un living comedor amplio y luminoso, con salida a un gran balcón sobre Av. Lacroze, un dormitorio, cocina separada y baño completo. El departamento posee pisos alfombrados. Disponible a partir del mes de noviembre. El contrato contempla ajuste trimestral por ipc. El canon locativo se abona junto con expensas, gastos de servicios, Impuesto Inmobiliario y abl. Vendedora Encargada Veronica Levi +54 9 11 Ver datosLa propiedad cumple con la ley 5115. Accesible para personas con discapacidad reducida. Ezequiel Rubinowiczmatrícula cucicba N°7717eapVer datosEzequiel Rubinowicz Negocios Inmobiliarios;800000;210000;Av. Federico Lacroze al 1800;56;2;1;1;https://www.zonaprop.com.ar/propiedades/clasificado/alclapin-alquiler-2-ambientes-al-frente-con-gran-balcon-en-57902137.html?n_src=Listado&n_pills=Aire+acondicionado&n_pg=2&n_pos=7;False;;;
zonaprop;belgrano;Departamento;2 ambientes muy luminosos, contrafrente, con balcón, vista abierta, cocina y lavadero separado, living de 4. 70 x 3. 00, dormitorio de 3. 10 x 3. 00 con placard y aire acondicionado, calefacción por losa radiante, recién pintado, pisos de parquets recién pulidos y plastificados, ventiladores en ambos ambientes, zona comercial, Av. Cabildo entre Blanco Encalada y Monroe, próximo a estación de subte Juramento. Frery Propiedades – Mónica L. Destéfanis - cucicba 1145 / Teléfonos de contacto Ver datos / Ver datos / Ver datos. Ley 5115: Propiedad no apta para personas con movilidad reducida. - Ley 5859. Art. 5: Para los casos de alquiler de vivienda, el monto máximo de comisión que se le puede requerir a los propietarios será el equivalente al cuatro con quince centésimos por ciento (4, 15%) del valor total del respectivo contrato. Se encuentra prohibido cobrar a los inquilinos que sean personas físicas comisiones inmobiliarias y gastos de gestoría de informes. -;800000;100000;Avenida Cabildo 2426;43;2;1;1;https://www.zonaprop.com.ar/propiedades/clasificado/alclapin-departamento-de-2-ambientes-en-alquiler-57997067.html?n_src=Listado&n_pills=Aire+acondicionado&n_pg=2&n_pos=8;False;;;
zonaprop;belgrano;Departamento;Departamento 2 ambientes en Las Cañitas, frente al Hospital Militar y próximo a Av Cabildo, Subte D y Ferrocarril Mitre (Estación Carranza). El departamento esta recién pintado, esta ubicado en un 7º piso, muy luminoso, tiene un living comedor con balcón francés al lateral, cocina independiente, lavadero independiente, baño completo y dormitorio con amplios placards. El monto de expensas incluye Aysa, Las medidas, superficies y montos de expensas consignadas en la presente descripción son aproximadas, a solo título orientativo y no son vinculantes. Las medidas y superficies reales surgen del Título respectivo, y el monto de expensas real, del recibo emitido por la Administración del Consorcio de Copropietarios que rige el inmueble. Para los casos de alquiler de vivienda, el monto máximo de comisión que se le puede requerir a los propietarios será el equivalente al cuatro con quince centésimos por ciento (4, 15%) del valor total del respectivo contrato. Se encuentra prohibido cobrar comisiones inmobiliarias y gastos de gestoría de informes a los inquilinos, en el caso de ser personas físicas. Corredor responsable Juan Daniel Luisio, matrícula 2. 375, cpixintel(lui-lu1-Ver datos);630000;200000;CAMPOS, LUIS MARIA 400. Entre Ortega Y Gasset y Chenaut, Indalecio, Gral.;38;2;1;1;https://www.zonaprop.com.ar/propiedades/clasificado/alclapin-departamento-2-ambientes.-campos-luis-maria-al-400-57527802.html?n_src=Listado&n_pills=Lavadero&n_pg=2&n_pos=9;False;;;
zonaprop;belgrano;Departamento;Departamento de dos ambientes en alquiler ubicado en Belgrano C. Cuenta con living comedor con balcón frances, cocina independiente con espacio para heladera y lavadero incorporado con conexión para lavarropas, dormitorio con placard y acceso al balcón, y baño completo. Es super luminoso, con orientación Sudeste y disposición al contrafrente. Las expensas incluyen Aysa y expensas de cochera. Medidas: - Living comedor: 3, 40 m x 4, 60 m. - Cocina: 3, 60 m x 1, 80 m. - Dormitorio: 3, 00 m x 3, 00 m. - Balcón: 3, 00 m² Excelente ubicación a 1 cuadra de Av. Juramento y a 4 cuadras de Av. Cabildo. Colectivos: 15, 29, 41, 42, 44, 55, 57, 59, 60, 63, 64, 65, 67, 68, 80, 107, 113, 114, 118, 133, 152, 161, 168, 184, 194. Subtes (Metro): juramento (Línea D) Trenes: Belgrano C (mitre) Hector Ruben Cancellara - cpi - Mat. 1334.;800000;120000;O'Higgins 2243;43;2;1;1;https://www.zonaprop.com.ar/propiedades/clasificado/alclapin-alquiler-departamento-2-ambientes-con-balcon-belgrano-58316701.html?n_src=Listado&n_pills=Lavadero&n_pg=2&n_pos=10;False;1;;
zonaprop;belgrano;Departamento;Excelente departamento de dos ambientes de 41 m², piso alto, con gran entrada de luz natural lo que lo hace muy ventilado y agradable. Consta de living/comedor con mueble de guardado, cocina con grandes alacenas y bajo mesada, lavadero independiente cubierto, balcón al frente, baño completo, habitación con placard remodelado, mueble con estantes, cajones y split frío. A pasos de Av Cabildo con todas las comodidades al alcance: gran variedad de comercios, supermercados, bancos, restaurantes y cafés. Conectividad inmejorable: líneas de colectivos y a 2 cuadras de cabecera Subte D Congreso de Tucumán. El edificio cuenta de encargado con vivienda. Ideal para quienes buscan comodidad y buena ubicación. Requisitos: - mes adelantado. - garantía caba o Provincia familiar directo. - recibo de sueldo acorde. - depósito en dólares;700000;160000;Franklin Roosevelt 2300;41;2;1;1;https://www.zonaprop.com.ar/propiedades/clasificado/alclappa-alquiler-en-belgrano-2-ambientes.-58247032.html?n_src=Listado&n_pills=Aire+acondicionado&n_pg=2&n_pos=11;False;;;
zonaprop;belgrano;Departamento;"2 Ambientes al frente con balcón, Vigilancia permanente. El balcón posee una red de seguridad instalada. El edificio cuenta con generador eléctrico. Expensas: $220. 000. abl $15. 000. Características de contrato: *1 mes de adelanto. * 1 meses de deposito en dólares. *Contrato a 2 años. * Aumento cuatrimestral por icl. Requisitos para entrar: *ingresos comprobables de los inquilinos que sea por lo menos 2. 5 veces el monto del alquiler y expensas. *seguro de caución (Finaer s. a. / Garantia ya / Total Fianza), preferiblemente, o garante propietario (Preferiblemente Familiar directo) no se acepta mascotas. visitar con agente de la firma. importante: Se deja constancia que la información gráfica y escrita; las medidas (tanto totales como parciales), superficies, m2 y proporciones indicadas en el presente son aproximadas y sujetas a verificación, variación y/o ajuste. Asimismo los precios indicados podrán modificarse sin previo aviso. El interesado deberá realizar las verificaciones respectivas previamente a la realización de cualquier operación, requiriendo por sí o sus profesionales las copias necesarias de la documentación que corresponda. Ambientes: Dormitorio (3x3) Servicios: Electricidad, Gas, Agua Corriente. Otros Servicios: Balcón";700000;225000;Montañeses 1800;42;2;1;1;https://www.zonaprop.com.ar/propiedades/clasificado/alclapin-2-ambientes-al-frente-con-balcon-frente-a-la-est.-58046661.html?n_src=Listado&n_pills=Encargado&n_pg=2&n_pos=12;False;;;
zonaprop;belgrano;Departamento;Departamento de 2 ambientes en Alquiler ubicado en Av Congreso al 2000El departamento es muy luminoso, cuenta con vista lateral abierta. Living-comedor, habitación, baño completo y conexión para lavarropas. Excelente ubicación, con muy buena conectividad, cercano a medios de transporte, comercios, supermercados, servicios. Ideal para quienes buscan comodidad, practicidad y una buena ubicación en la ciudad. Requisitos: - garantía de capital o seguro de caución -ingresos comprobables Carolina Serebrenik mn: 9334;750000;165000;Congreso al 2000;48;2;1;1;https://www.zonaprop.com.ar/propiedades/clasificado/alclapin-2-ambientes-luminoso-en-alquiler-excelente-ubicacion-58253523.html?n_src=Listado&n_pills=Aire+acondicionado&n_pg=2&n_pos=13;False;;;
zonaprop;belgrano;Departamento;Departamento de 2 Ambientes en Alquiler - Belgrano R. Excelente oportunidad sobre Av. Cramer al 1900, en una de las zonas más buscadas y conectadas del barrio. Esta unidad destaca por su excepcional luminosidad natural y el impecable estado de sus terminaciones. Características principales: Ambientes: Living-comedor de generosas dimensiones con salida a balcón, orientado para aprovechar la luz del sol durante gran parte del día. Interiores: Pisos de parquet recientemente pulidos y plastificados en toda la superficie social y privada. Dormitorio: Cuenta con un amplio ventanal y un generoso placard de pared a pared con baulera superior, optimizando el espacio de guardado. Cocina Independiente: Funcional, con ventilación natural, mobiliario bajo mesada y cocina a gas en perfecto estado. Baño: Completo, con bañera, bidet y revestimientos cerámicos. El departamento se entrega con equipo de aire acondicionado instalado y cuenta con una distribución que garantiza privacidad y confort térmico. Ubicación estratégica a pasos de centros comerciales, polos gastronómicos y diversos medios de transporte. Requisitos. 1 mes de adleanto. 1 mes de deposito. garantia caba O seguro de caucion. ingresos que tripliquen el valor del alquiler. ajustes trimestral por ipc. se acepta mascota pequeña;700000;78000;Av Cramer 1900;49;2;1;1;https://www.zonaprop.com.ar/propiedades/clasificado/alclapin-excelente-2-ambientes-en-belgrano-r-58239420.html?n_src=Listado&n_pills=Aire+acondicionado&n_pg=2&n_pos=14;False;;;
zonaprop;belgrano;Departamento;[semeria-570] Departamento 2 ambientes Muy cómodo, Belgrano. No apto mascotas. Unidad con excelente distribución. Cocina separada del living, equipada con muebles bajo y sobre mesada a nuevo y extractor nuevo. Living con pisos de parquet, ventanal al exterior y balcón francés. Baño completo con ventilación natural. Dormitorio amplio con placard nuevo. Muy buena luminosidad. 7º piso. Medidas: Living: 4, 40 x 3, 00 m. Dormitorio: 2, 95 x 2, 90 m. Espacio para heladera: 0, 85 x 1, 85 m. Servicios: Electricidad, Pavimento, Cloacas, Gas, Teléfono, Agua Corriente, Videocable. Responsable Matriculado: Federico Semeria - matricula nro. 7974 - cucicba. Semeria propiedades. Aviso legal: Se hace saber que las características descriptas del inmueble publicado, calidades y cualidades constructivas y funcionales, valores de expensas, impuestos y servicios, y medidas y superficies, son aproximados y consignadas en base a datos que fueron proporcionados por el propietario y que pueden no ser exactos y/o no estar actualizados a la hora de la visualización de este aviso, pudiendo surgir discordancias con los datos que surgen de la documentación respectiva. Las medidas y superficies exactas son las que surgen de los títulos y planos legales del inmueble.. - Las imágenes publicadas lo son al mero efecto ostentativo de las características generales y circunstancias del inmueble. En todos los casos el interesado deberá realizar una visita al inmueble y efectuar las verificaciones respectivas previamente a la realización de cualquier operación, requiriendo la documentación que corresponda. Para los casos de alquiler de vivienda, el monto máximo de comisión que se le puede requerir a los propietarios será el equivalente al cuatro con quince centésimos por ciento (4, 15%) del valor total del respectivo contrato. Se encuentra prohibido cobrar a los inquilinos que sean personas físicas comisiones inmobiliarias y gastos de gestoría de informes.;670000;140000;Congreso 1500;38;2;1;1;https://www.zonaprop.com.ar/propiedades/clasificado/alclapin-alquiler-belgrano-2-ambientes-57844204.html?n_src=Listado&n_pg=2&n_pos=15;False;;;
zonaprop;belgrano;Departamento;En alquiler | Dpto. 2amb | Zona belgrano! Luminoso. Balcón francés. Cocina separada. Baño completo. Dormitorio con placard. Posee pisos de madera parquet plastificados. Recién pintado. Alquiler $570. 000. - con incremento trimestral por ipcexpensas $ 152. 900Requisitos: (1) Garantía inmueble de Capital Apto seguro CauciónIngresos Comprobables. Condiciones: (1) mes de adelanto / 1 mes de depósito (Actualizable) Honorarios Inmob a cargo propietarioCertificación firmas y certificados a cargo inquilino. Guidetti Propiedades - Tasaciones - Ventas - Alquileres;570000;153000;Zabala al 2400;35;2;1;1;https://www.zonaprop.com.ar/propiedades/clasificado/alclapin-alquiler-departamento-2-ambientes-40-m-sup2--58064436.html?n_src=Listado&n_pg=2&n_pos=16;True;;;5%
zonaprop;belgrano;Departamento;Alquiler 2 ambientes frente balcon piso alto gran cocina lavadero, 60 m2. Calefaccion central. Excelente ubicacion cerca subte vista panoramica. Apto profesional. Pisos de parquet pullidos y plastificados;600000;190000;Av. Cabildo 900;60;2;1;1;https://www.zonaprop.com.ar/propiedades/clasificado/alclapin-departamento-en-alquiler-2-ambientes-amplios-frente-58217552.html?n_src=Listado&n_pills=Lavadero&n_pg=2&n_pos=17;False;;;
zonaprop;belgrano;Departamento;Excelente 2 ambientes en belgrano - con balcon frances amplio living comedor con balcón francéscómodo dormitorio con placardcocina independiente con lavadero separadobaño completomuy buen estado — listo para habitarinmejorable ubicación, A 2 cuadras de av. Cabildo, con rápido acceso A múltiples medios de transportecondiciones deposito en usdseguro de caución O garantía propietariano acepta mascotasbienvende amelia claro debora vanesa fernandez claro cucicba 3236* Toda la información y medidas provistas son aproximadas y deberán ratificarse con la documentación pertinente y no compromete contractualmente a nuestra empresa. Los gastos expresados (expensas, abl, Aysa, entre otros) se refieren a la última información recabada y podrán ser revisados y confirmados a solicitud del interesado ante cualquier negociación ** Para los casos de alquiler de vivienda, el monto máximo de comisión que se le puede requerir a los propietarios será el equivalente al cuatro con quince centésimos por ciento (4, 15%) del valor total del respectivo contrato. Se encuentra prohibido cobrar a los inquilinos que sean personas físicas comisiones inmobiliarias y gastos de gestoría de informes”. (Ley 5859) ** no accesible personas con movilidad reducida (ley 5115);580000;98000;Virrey Arredondo al 2400;40;2;1;1;https://www.zonaprop.com.ar/propiedades/clasificado/alclapin-excelente-2-ambientes-en-belgrano-con-balcon-frances-58352080.html?n_src=Listado&n_pills=Aire+acondicionado&n_pg=2&n_pos=18;False;;;
zonaprop;belgrano;Departamento;Departamento en alquiler | belgrano - Capital Federal | 2 ambientes. Al contrafrente, en buen estado, luminoso, excelente ubicación próximo a avenidas y medios de transporte. Consta de living con salida a balcón al contrafrente, dormitorio con placard, baño completo, cocina amplia. Cuenta con calefacción por estufa, agua caliente por calefón, pisos de parquet en todo el departamento. En edificio de 9 pisos, 4 departamentos por piso, 1 ascensor. Apto Discapacitados: no. Código oppel: 942. Las especificaciones y medidas son informativas y aproximadas. No se incluyen: mobiliarios, artefactos eléctricos, luminarias o de aire. Oppel S. A. Mariano Oppel M. 468 F. 19 L. 1 - cucicba. reforma ley 2340 La reforma a la ley 2340 nos obliga entre otras cosas a comunicarle al público su alcance, conforme luce en esta descripción. Respetamos la ley y también nuestro derecho a manifestar el profundo desacuerdo contra una norma arbitraria e inconstitucional. Defenderemos nuestro derecho a trabajar, ejercer la profesión y el derecho de propiedad (arts. 14 y 17 Constitución Nacional). Estamos dispuestos, como siempre hemos estado, a trabajar para solucionar la dificultad de acceso a la vivienda, pero partiendo de un diagnóstico correcto. . Para los casos de alquiler de vivienda, el monto máximo de comisión que se le puede requerir a los propietarios será el equivalente al cuatro con quince centésimos por ciento (4, 15%) del valor total del respectivo contrato. Se encuentra prohibido cobrar comisiones inmobiliarias y gastos de gestoría de informes a los inquilinos, en el caso de ser personas físicas.;600000;176237;AVENIDA LUIS MARIA CAMPOS 1500. Entre Virrey Del Pino y Virrey Loret;39;2;1;1;https://www.zonaprop.com.ar/propiedades/clasificado/alclapin-oppel-departamento-en-alquiler-belgrano-capital-56481278.html?n_src=Listado&n_pills=Aire+acondicionado&n_pg=2&n_pos=19;False;;;
zonaprop;belgrano;Departamento;2 ambientes frente con balcon living 4 x 4. 5dormitorio: 3 x 3cocina 2 X 1. 80 baño completocondiciones: garantia de capital1 mes adelantado2 meses depositocomprobante de ingresosteléfono Ver datos /matricula 5612;490000;180000;Concepción Arenal al 2300;35;2;1;1;https://www.zonaprop.com.ar/propiedades/clasificado/alclapin-departamento-en-palermo-57519567.html?n_src=Listado&n_pg=2&n_pos=20;False;;;
zonaprop;belgrano;Departamento;Departamento en alquiler en Belgrano C, . Cuenta con 1 dormitorio y 2 ambientes bien distribuidos en 40 m². Disposición al frente y orientación ne, lo que garantiza muy buena luminosidad natural. El departamento posee aire acondicionado, calefacción, cocina y living comedor, además de un balcón aterrazado para disfrutar del aire libre. El edificio ofrece amenities como pileta, solarium y sum, sumado a la seguridad y vigilancia 24 hs para tu tranquilidad. También cuenta con encargado y ascensor. Ubicado en una zona residencial y comercial de Belgrano C, con fácil acceso a transporte público y cercanía a importantes avenidas. Encontrarás una amplia variedad de comercios, servicios, instituciones educativas y espacios verdes en los alrededores. Además, la zona cuenta con vigilancia, brindando mayor seguridad a sus residentes.;650000;280000;11 de Septiembre de 1888 2628;40;2;1;1;https://www.zonaprop.com.ar/propiedades/clasificado/alclapin-impecable-departamento-de-40-m-sup2--con-1-dormitorio-58379351.html?n_src=Listado&n_pills=Pileta&n_pg=2&n_pos=21;False;;;
zonaprop;belgrano;Departamento;Corredor Responsable: Diego José Muiños cmcpsi 5352/ Cristian Javier Alonso cucicba 6252- Contacto: Virginia Fiorentino. Alquiler amoblado – 2 ambientes en Belgrano. Excelente departamento dos ambientes amueblado, ubicado en una de las mejores zonas de Belgrano. Cuenta con balcón aterrazado, ideal para disfrutar del aire libre y la luz natural. Aire acondicionado en todos los ambientes. Muy luminoso. Excelente distribución. Ubicación estratégica: A solo 3 cuadras de Av. Cabildo y 6 cuadras de Av. Del Libertador, con rápido acceso a todos los medios de transporte, comercios, gastronomía y espacios verdes. Ideal para quienes buscan confort, ubicación y practicidad. Requisitos: seguro de caución o garantía propietaria. Consultanos para coordinar una visita. Rau S. R. L. No ejerce el corretaje inmobiliario. El presente sitio web es una plataforma en donde cada oficina inmobiliaria independiente que contrata los servicios re/max puede publicar las propiedades a su cargo. Cada oficina es de propiedad y gestión independiente, por lo que rau S. R. L. No interviene en los datos de la publicación, en la operación inmobiliaria, ni en la confección y/o firma del boleto de compraventa y/o escritura y/o contrato de alquiler. En cumplimiento de las leyes vigentes que regulan el corretaje inmobiliario, Ley Nacional 25. 028, Ley 22. 802 de Lealtad Comercial, Ley 24. 240 de Defensa al Consumidor, las normas del Código Civil y Comercial de la Nación y Constitucionales, los agentes/gestores no ejercen el corretaje inmobiliario. Todas las operaciones inmobiliarias son objeto de intermediación y conclusión por parte del corredor público inmobiliario colegiado a cargo de la publicación, cuyos datos se exhiben en la presente. La presente publicación describe las características esenciales del inmueble, debiéndose consultar al corredor público inmobiliario responsable de la operación por la eventual actualización de las medidas, descripciones arquitectónicas y funcionales, valores de expensas, servicios, impuestos, precios y demás información, cuyos valores son aproximados. Para los casos de alquiler de vivienda, el monto máximo de comisión que se le puede requerir a los propietarios será el equivalente al cuatro con quince centésimos por ciento (4, 15%) del valor total del respectivo contrato. Se encuentra prohibido cobrar a los inquilinos que sean personas físicas comisiones inmobiliarias y gastos de gestoría de informes. El inmueble no es accesible para personas con discapacidades físicas.;680000;150000;O'higgins 2500;44;2;1;1;https://www.zonaprop.com.ar/propiedades/clasificado/alclapin-alquiler-dos-ambientes-belgrano-amueblado-58253198.html?n_src=Listado&n_pills=Aire+acondicionado&n_pg=2&n_pos=22;False;;;
zonaprop;belgrano;Departamento;Alquiler de Departamento 2 Ambientes en Belgrano, Capital Federal. hermoso depto. De 2 ambientes C balcon corrido - jorge newbery esq. Av. Cabildo - todo al frente - 42 M2. - impecable - todo externo - apto profesional - baño Y cocina completos - placard - servicios individuales. -lavadero incorporado - edificio C vigilancia las 24 horas - cercano A subte D Y metrobus av. Cabildo. Requisitos: - Garantía propietaria de caba o seguro de caución. - Ingresos comprobables. ingreso: Un mes de depósito. Un mes de adelanto. Contrato 24 meses, ajuste trimestral por ipc. El valor consignado de expensas está sujeto a variación yo ajuste. Las medidas y superficies indicados son aproximados y solo a título informativo. Estela donofrio Propiedades - Av. Federico Lacroze 2909 caba Horarios de atención: Lun a Vie de 10 a 13hs y 15 a 19hs Sab de 10 a 13hs. Para los casos de alquiler de vivienda, el monto máximo de comisión que se le puede requerir a los propietarios será el equivalente al cuatro con quince centésimos por ciento (4, 15%) del valor total del respectivo contrato. Se encuentra prohibido cobrar a los inquilinos que sean personas físicas comisiones inmobiliarias y gastos de gestoría de informesxintel(edp-edp-2317);680000;110000;JORGE NEWBERY 2410. Entre Av. cabildo y Zapata;43;2;1;1;https://www.zonaprop.com.ar/propiedades/clasificado/alclapin-departamento-2-ambientes.-jorge-newbery-2410-58372214.html?n_src=Listado&n_pills=Encargado&n_pg=2&n_pos=23;False;;;
zonaprop;belgrano;Departamento;Alquiler 3 ambientes al frente con balcon, superficie 48M2, cocina integrada, lavadero incorporado, calefon nuevo, alacenas Y bajo mesadas, aire acondicionado en el living, loza radiante, living de 5X3 con salida al balcon, baño completo, dormitorio de 3X3 con placard Y 2 dormitorio de 3X2, 2 con placard. Pisos de parque. Portero electrico externo E interno especial para uso profesional. Cercano A cabildo Y el subte D. Apto profesional;750000;140000;Mariscal Antonio Sucre 2683;48;3;2;1;https://www.zonaprop.com.ar/propiedades/clasificado/alclapin-3-ambientes-al-frente-54661751.html?n_src=Listado&n_pills=Terraza&n_pg=2&n_pos=24;False;;;
zonaprop;belgrano;Departamento;Muy lindo departamento de 2 ambientes el alquiler en Belgrano. Super luminosoInmejorable ubicación: a 4 cuadras de Av. Cabildo con infinidad de medios de transporteZona comercial, colectivos y Subte Linea D. Living comedorDormitorio cono placard Balcón cerrado con placard y lavaderoPisos de madera recientemente plastificadosExpensas $ 130. 000Requisitos: Ingresos de mostrables y garantía propietaria o seguro de caución. Ajuste trimestral según ipc;730000;130000;Vidal al 2100;40;2;1;1;https://www.zonaprop.com.ar/propiedades/clasificado/alclapin-alquiler-departamento-2-ambientes-en-belgrano-58282570.html?n_src=Listado&n_pills=Lavadero&n_pg=2&n_pos=25;False;;;
zonaprop;belgrano;Departamento;Alquiler de departamento lateral de 2 ambientes en el barrio de Belgrano, a una cuadra de Cabildo, Subte y Metrobus. Terraza de uso común. apto profesional. Se ingresa a un living comedor con balcón francés que ventila a pulmón del edificio, y frente a él se encuentra la cocina con ventana al exterior. A continuación del living, un cómodo dormitorio con placard empotrado y un baño completo con ventana que brinda ventilación natural. Expensas: $140. 000 aproximadamente. Dimensiones aproximadas: - Living comedor: 4 x 3 m. - Cocina: 2 x 2 m. - Baño: 2 x 2 m. - Dormitorio: 3 x 3 mts. + placard empotradoColectivos: 29, 41, 44, 57, 59, 60, 63, 65, 67, 68, 80, 113, 151, 152, 161, 168, 184, 194Subtes: José Hernández (Línea D) El barrio de Belgrano, que posee una gran historia, ofrece una inmensa cantidad de actividades en un entorno residencial y comercial, lugares de esparcimiento, educación, deportes e interés cultural para visitar. Compras, gastronomía, paseos, museos y todo lo que hace a una excelente calidad de vida. tasamos su propiedad en el diasomos profesionales altamente especializados en tasaciones para obtener el valor real de las propiedades utilizando los criterios más adecuados, respetando y cuidando el patrimonio del cliente que confía en nuestros servicios. aviso legallas medidas son aproximadas, las reales surgen del titulo de propiedad o plano de mensura. Las imágenes son a mero título ilustrativo. Las descripciones y valores de expensas, impuestos y servicios son aproximados y fueron proporcionados por el propietario y pueden no estar actualizados a la hora de la visualización de este aviso. Los precios indicados podrán modificarse sin previo aviso. Venta supeditada alcumplimiento por parte del propietario de la solicitud de coti, requisito de la resolución general Nº 2371 de la afip. Bötts Real EstateMartín BottgerMatrícula cucicba 8102 / cmcpsi 6853tasamos su propiedad en el diasomos profesionales altamente especializados en tasaciones para obtener el valor real de las propiedades utilizando los criterios más adecuados, respetando y cuidando el patrimonio del cliente que confía en nuestros servicios. aviso legallas medidas son aproximadas, las reales surgen del titulo de propiedad o plano de mensura. Las imágenes son a mero título ilustrativo. Las descripciones y valores de expensas, impuestos y servicios son aproximados y fueron proporcionados por el propietario y pueden no estar actualizados a la hora de la visualización de este aviso. Los precios indicados podrán modificarse sin previo aviso. Venta supeditada al cumplimiento por parte del propietario de la solicitud de coti, requisito de la resolución general Nº 2371 de la afip. Bötts Real Estate sasmartín BottgerMatrícula cucicba 8102 / cmcpsi 6853;700000;140000;Ciudad de la Paz al 1700;33;2;1;1;https://www.zonaprop.com.ar/propiedades/clasificado/alclapin-departamento-belgrano-58275430.html?n_src=Listado&n_pills=Terraza&n_pg=2&n_pos=26;False;;;
zonaprop;belgrano;Departamento;Excelente Torre en muy buena ubicación, Zabala y Villanueva, subte, tren, colectivos, todo cerca. Piso 11 lateral vista, muy luminoso, Living-comedor a balcón chico, amplio dormitorio con placard, cocina con lavadero incorporado y baño completo, Servicios centrales vigilancia 24 apto profesional;650000;180000;Excelente Torre en muy buena ubicación, Zabala y Villanueva, subte, tren, colectivos, todo cerca. Piso 11 lateral vista, muy luminoso, Living;39;2;1;1;https://www.zonaprop.com.ar/propiedades/clasificado/alclapin-excelente-2-ambientes-apto-prof-luminosos-46627284.html?n_src=Listado&n_pills=Encargado&n_pg=2&n_pos=27;False;;;
zonaprop;belgrano;Departamento;Hermoso y muy bien divino monoambiente. Balcón corrido al frente. Todo luz y sol. Apto profesional o vivienda. Recién pintado. Aire acondicionado Split. Ubicación de privilegio, frente a Barrancas de Belgrano. A pasos Av Del Libertador. Cocina kitchinette y baño completo. Cerca a Universidad Di Tella. Las expensas incluyen aysa. Pata agendar entrevista comunicarse telef con inmobiliaria ariel: 011 Ver datos / Ver datos;470000;202000;José Hernández 1600;39;2;1;1;https://www.zonaprop.com.ar/propiedades/clasificado/alclapin-departamento-de-39-m-con-1-dormitorio-en-alquiler-en-58134495.html?n_src=Listado&n_pills=Aire+acondicionado&n_pg=2&n_pos=28;False;;;
zonaprop;belgrano;Departamento;Alquiler dos ambientes en la calles sucre Y amenabar, piso 2, lateral con balcon frances, luminoso, superficie 45M2, cocina separada con alacena Y bajo mesada, lavadero incorporado, cocina A gas con cuatro hornallas Y horno A gas, living con pisos de madera, aire acondicionado frio calor, dormitorio amplio con placar, baño con mampara Y sanitarios nuevos, vanitory, A una cuadra de av cabildo, cerquita del metrobus Y el subte D, muy buena comunicacion A toda la ciudad.;680000;170000;MCAL. GRAL. ANTONIO SUCRE 2557;45;2;1;1;https://www.zonaprop.com.ar/propiedades/clasificado/alclapin-dos-ambientes-56287650.html?n_src=Listado&n_pills=Lavadero&n_pg=2&n_pos=29;False;;;
zonaprop;belgrano;Departamento;Se alquila hermoso depto. En Av. Cabildo al 2600, en pleno corazón del barrio de Belgrano. Zona totalmente estratégica, rodeada de múltiples medios de transporte, muchísimas líneas de colectivos, comercios, y a pocos metros del Subte D (Estación Congreso de Tucumán). La planta es super luminosa, cuenta con balcón corrido al contra frente. Tiene 2 dormitorios, cocina, lavadero con ventana, 1 baño completo. Pisos de parque. El edificio esta en perfecto estado de conservación, cuenta con 2 ascensores, y rampa para acceso en hall de entrada!! Vale la pena su visita!! para mas info llamar al sr. Jonathan al Ver datosfernanda haber Ver datos mas info llamar al sr. Jonathan al Ver datosfernanda haber Ver datos 9254;750000;236000;Av. Cabildo al 2600 Belgrano Caba;65;3;2;1;https://www.zonaprop.com.ar/propiedades/clasificado/alclapin-departamento-3-ambientes-en-alquiler-en-av-cabildo-al-58339265.html?n_src=Listado&n_pills=Lavadero&n_pg=2&n_pos=30;False;;;
zonaprop;belgrano;Departamento;Departamento en alquiler en Belgrano C, . Cuenta con 1 dormitorio y 2 ambientes bien distribuidos en 40 m². Disposición al frente y orientación ne, lo que garantiza muy buena luminosidad natural. El departamento posee aire acondicionado, calefacción, cocina y living comedor, además de un balcón aterrazado para disfrutar del aire libre. El edificio ofrece amenities como pileta, solarium y sum, sumado a la seguridad y vigilancia 24 hs para tu tranquilidad. También cuenta con encargado y ascensor. Ubicado en una zona residencial y comercial de Belgrano C, con fácil acceso a transporte público y cercanía a importantes avenidas. Encontrarás una amplia variedad de comercios, servicios, instituciones educativas y espacios verdes en los alrededores. Además, la zona cuenta con vigilancia, brindando mayor seguridad a sus residentes.;650000;280000;11 de Septiembre de 1888 2628;40;2;1;1;https://www.zonaprop.com.ar/propiedades/clasificado/alclapin-impecable-departamento-de-40-m-sup2--con-1-dormitorio-58379351.html?n_src=Listado&n_pills=SUM&n_pg=3&n_pos=1;False;;;
zonaprop;belgrano;Departamento;Hermoso y muy bien divino monoambiente. Balcón corrido al frente. Todo luz y sol. Apto profesional o vivienda. Recién pintado. Aire acondicionado Split. Ubicación de privilegio, frente a Barrancas de Belgrano. A pasos Av Del Libertador. Cocina kitchinette y baño completo. Cerca a Universidad Di Tella. Las expensas incluyen aysa. Pata agendar entrevista comunicarse telef con inmobiliaria ariel: 011 Ver datos / Ver datos;470000;202000;José Hernández 1600;39;2;1;1;https://www.zonaprop.com.ar/propiedades/clasificado/alclapin-departamento-de-39-m-con-1-dormitorio-en-alquiler-en-58134495.html?n_src=Listado&n_pills=Aire+acondicionado&n_pg=3&n_pos=2;False;;;
zonaprop;belgrano;Departamento;"Dpto 2 ambientes en Belgrano. Living comedor y dormitorio con salida al balcón, piso parquet. Placard de recepcion. Luminoso, ubicado en un 5to piso con vista abierta, Cocina y lavadero independientes, con ventilación al exterior. Termotanque eléctrico. Baño completo. Red de proteccion en balcon y ventanas. Se instlará equipo de aire acondicionado frio/calor en el living. Las expensas incluyen aysa. Excelente ubicacion, todos los medios de trasnporte. Condiciones: - Un mes adelantado. - Un mes de deposito. - Garantía: Seguro de caución. - Ingresos comprobables. - No se permiten mascotas. Se deja constancia que las expensas pueden sufrir variación. - Inmueble no accesible para personas con discapacidad física- Ley 5115. ""Para los casos de alquiler de vivienda, el monto máximo de comisión que se le puede requerir a los propietarios será el equivalente al cuatro con quince centésimos por ciento (4, 15%) del valor total del respectivo contrato. Se encuentra prohibido cobrar a los inquilinos que sean personas físicas comisiones inmobiliarias y gastos de gestoría de informes""";650000;155000;Monroe 2100;37;2;1;1;https://www.zonaprop.com.ar/propiedades/clasificado/alclapin-luminoso-2-amb-en-belgrano-58288189.html?n_src=Listado&n_pills=Lavadero&n_pg=3&n_pos=3;False;;;
zonaprop;belgrano;Departamento;Living comedor con piso de parquet, / balcón francés- dormitorio con doble placard- baño completo. Excelente zona Cramer y Av. Elcano. Comunicarse con B. E. I bucafusco Ver datos /Ver datos /Ver datos.;650000;153000;Av Elcano 2956 9no piso;38;2;1;1;https://www.zonaprop.com.ar/propiedades/clasificado/alclapin-excelente-zona.-cramer-y-elcano-2-amb.-luminoso.-56568574.html?n_src=Listado&n_pg=3&n_pos=4;False;;;
zonaprop;belgrano;Departamento;Departamento 2 ambientes con balcon en alquiler. caracteristicas: - balcon. - cocina separada. - dormitorio con placart. - living comedor. - baño completo. C. U. C. I. C. B. A., Nº de Matrícula habilitante 1457, Hector Ezequiel Cruz “Para los casos de alquiler de vivienda, el monto máximo de comisión que se le puede requerir a los propietarios será el equivalente al cuatro con quince centésimos por ciento (4, 15%) del valor total del respectivo contrato. Se encuentra prohibido cobrar a los inquilinos que sean personas físicas comisiones inmobiliarias y gastos de gestoría de informes”.;680000;110000;Conesa 2221;35;2;1;1;https://www.zonaprop.com.ar/propiedades/clasificado/alclapin-2-ambientes-con-balcon-57878727.html?n_src=Listado&n_pills=Lavadero&n_pg=3&n_pos=5;False;;;
zonaprop;belgrano;Departamento;Cómodo departamento de 2 ambientes internos ubicados en Av. Cabildo entre Ugarte y Rivera. Excelente zona, frente a la estación Congreso de Tucumán. Living (ventila al exterior a través de la puerta del lavadero), dormitorio (con balcón francès al aire y luz del edificio), cocina amplia y baño completo. apto para profesional. Baño completo, cocina completa con lavadero independiente. Dormitorio con placard de 2 cuerpos. Muy buen estado general tanto del departamento como del edificio. Expensas incluyen aysa;480000;123000;Avenida Cabildo 2780;36;2;1;1;https://www.zonaprop.com.ar/propiedades/clasificado/alclapin-belgrano-av-cabildo-2700-1-piso-apto-profesional-58383363.html?n_src=Listado&n_pills=Lavadero&n_pg=3&n_pos=6;False;;;
zonaprop;belgrano;Departamento;Alquiler 3 ambientes al frente con balcon, superficie 48M2, cocina integrada, lavadero incorporado, calefon nuevo, alacenas Y bajo mesadas, aire acondicionado en el living, loza radiante, living de 5X3 con salida al balcon, baño completo, dormitorio de 3X3 con placard Y 2 dormitorio de 3X2, 2 con placard. Pisos de parque. Portero electrico externo E interno especial para uso profesional. Cercano A cabildo Y el subte D. Apto profesional;750000;140000;Mariscal Antonio Sucre 2683;48;3;2;1;https://www.zonaprop.com.ar/propiedades/clasificado/alclapin-3-ambientes-al-frente-54661751.html?n_src=Listado&n_pills=Aire+acondicionado&n_pg=3&n_pos=7;False;;;
zonaprop;belgrano;Departamento;Excelente 2 ambientes en belgrano - con balcon frances amplio living comedor con balcón francéscómodo dormitorio con placardcocina independiente con lavadero separadobaño completomuy buen estado — listo para habitarinmejorable ubicación, A 2 cuadras de av. Cabildo, con rápido acceso A múltiples medios de transportecondiciones deposito en usdseguro de caución O garantía propietariano acepta mascotasbienvende amelia claro debora vanesa fernandez claro cucicba 3236* Toda la información y medidas provistas son aproximadas y deberán ratificarse con la documentación pertinente y no compromete contractualmente a nuestra empresa. Los gastos expresados (expensas, abl, Aysa, entre otros) se refieren a la última información recabada y podrán ser revisados y confirmados a solicitud del interesado ante cualquier negociación ** Para los casos de alquiler de vivienda, el monto máximo de comisión que se le puede requerir a los propietarios será el equivalente al cuatro con quince centésimos por ciento (4, 15%) del valor total del respectivo contrato. Se encuentra prohibido cobrar a los inquilinos que sean personas físicas comisiones inmobiliarias y gastos de gestoría de informes”. (Ley 5859) ** no accesible personas con movilidad reducida (ley 5115);580000;98000;Virrey Arredondo al 2400;40;2;1;1;https://www.zonaprop.com.ar/propiedades/clasificado/alclapin-excelente-2-ambientes-en-belgrano-con-balcon-frances-58352080.html?n_src=Listado&n_pills=Lavadero&n_pg=3&n_pos=8;False;;;
zonaprop;belgrano;Departamento;Departamento en alquiler | belgrano - Capital Federal | 2 ambientes. Al contrafrente, en buen estado, luminoso, excelente ubicación próximo a avenidas y medios de transporte. Consta de living con salida a balcón al contrafrente, dormitorio con placard, baño completo, cocina amplia. Cuenta con calefacción por estufa, agua caliente por calefón, pisos de parquet en todo el departamento. En edificio de 9 pisos, 4 departamentos por piso, 1 ascensor. Apto Discapacitados: no. Código oppel: 942. Las especificaciones y medidas son informativas y aproximadas. No se incluyen: mobiliarios, artefactos eléctricos, luminarias o de aire. Oppel S. A. Mariano Oppel M. 468 F. 19 L. 1 - cucicba. reforma ley 2340 La reforma a la ley 2340 nos obliga entre otras cosas a comunicarle al público su alcance, conforme luce en esta descripción. Respetamos la ley y también nuestro derecho a manifestar el profundo desacuerdo contra una norma arbitraria e inconstitucional. Defenderemos nuestro derecho a trabajar, ejercer la profesión y el derecho de propiedad (arts. 14 y 17 Constitución Nacional). Estamos dispuestos, como siempre hemos estado, a trabajar para solucionar la dificultad de acceso a la vivienda, pero partiendo de un diagnóstico correcto. . Para los casos de alquiler de vivienda, el monto máximo de comisión que se le puede requerir a los propietarios será el equivalente al cuatro con quince centésimos por ciento (4, 15%) del valor total del respectivo contrato. Se encuentra prohibido cobrar comisiones inmobiliarias y gastos de gestoría de informes a los inquilinos, en el caso de ser personas físicas.;600000;176237;AVENIDA LUIS MARIA CAMPOS 1500. Entre Virrey Del Pino y Virrey Loret;39;2;1;1;https://www.zonaprop.com.ar/propiedades/clasificado/alclapin-oppel-departamento-en-alquiler-belgrano-capital-56481278.html?n_src=Listado&n_pills=Aire+acondicionado&n_pg=3&n_pos=9;False;;;
zonaprop;belgrano;Departamento;Alquiler dos ambientes en la calles sucre Y amenabar, piso 2, lateral con balcon frances, luminoso, superficie 45M2, cocina separada con alacena Y bajo mesada, lavadero incorporado, cocina A gas con cuatro hornallas Y horno A gas, living con pisos de madera, aire acondicionado frio calor, dormitorio amplio con placar, baño con mampara Y sanitarios nuevos, vanitory, A una cuadra de av cabildo, cerquita del metrobus Y el subte D, muy buena comunicacion A toda la ciudad.;680000;170000;MCAL. GRAL. ANTONIO SUCRE 2557;45;2;1;1;https://www.zonaprop.com.ar/propiedades/clasificado/alclapin-dos-ambientes-56287650.html?n_src=Listado&n_pills=Lavadero&n_pg=3&n_pos=10;False;;;
zonaprop;belgrano;Departamento;Departamento de dos ambientes en alquiler ubicado en Belgrano C. Cuenta con living comedor con balcón frances, cocina independiente con espacio para heladera y lavadero incorporado con conexión para lavarropas, dormitorio con placard y acceso al balcón, y baño completo. Es super luminoso, con orientación Sudeste y disposición al contrafrente. Las expensas incluyen Aysa y expensas de cochera. Medidas: - Living comedor: 3, 40 m x 4, 60 m. - Cocina: 3, 60 m x 1, 80 m. - Dormitorio: 3, 00 m x 3, 00 m. - Balcón: 3, 00 m² Excelente ubicación a 1 cuadra de Av. Juramento y a 4 cuadras de Av. Cabildo. Colectivos: 15, 29, 41, 42, 44, 55, 57, 59, 60, 63, 64, 65, 67, 68, 80, 107, 113, 114, 118, 133, 152, 161, 168, 184, 194. Subtes (Metro): juramento (Línea D) Trenes: Belgrano C (mitre) Hector Ruben Cancellara - cpi - Mat. 1334.;800000;120000;O'Higgins 2243;43;2;1;1;https://www.zonaprop.com.ar/propiedades/clasificado/alclapin-alquiler-departamento-2-ambientes-con-balcon-belgrano-58316701.html?n_src=Listado&n_pills=Lavadero&n_pg=3&n_pos=11;False;1;;
zonaprop;belgrano;Departamento;Departamento en alquiler en Belgrano Chico. Cuenta con 45 m² de superficie construida y 47 m² de superficie total. Disposición frente y muy luminoso, con orientación no. El inmueble posee 1 dormitorio, 1 baño y 2 ambientes. Cocina equipada, living, hall y balcón. Apliques de luz en todos los ambientes! El edificio cuenta con ascensor, encargado y acceso para personas con movilidad reducida. Además, posee aire acondicionado split frio /calor, ventilador de techo en pintado listo para ingresar! Cerca barrio chino! Medios de transportes. - Antigüedad de 30 años aproximada. - Ubicado en una zona residencial tranquila, con fácil acceso a transporte público y cercanía a comercios y servicios. Ideal para quienes buscan comodidad y funcionalidad en un entorno agradable.. - contrato 2 años, aumento trimestral por ipc. garantia: seguro de causion finaer. - Las medidas son estimativas: las reales surgen del titulo de propiedad. -;560000;;Avenida Juramento 1290;50;2;1;1;https://www.zonaprop.com.ar/propiedades/clasificado/alclapin-bajo-belgrano-impecable-2-ambientes-al-frente-57681876.html?n_src=Listado&n_pills=Encargado&n_pg=3&n_pos=12;False;;;
zonaprop;belgrano;Departamento;Departamento de 2 ambientes ubicado en una zona estratégica. Se trata de una unidad en 2do piso por escalera, que destaca por su excelente luminosidad en todos sus ambientes. La propiedad cuenta con un cómodo living-comedor con salida al balcón y aire acondicionado, cocina independiente, dormitorio con placard con salida al balcón, y baño completo. Inmejorable ubicación, a una cuadra de Av. Cabildo. Colectivos: 29, 41, 57, 59, 60, 68, 107, 114, 133, 152, 161, 168, 169, 184, 194. Subtes: congreso de tucuman (Línea D). Aclaracion: No acepta mascotas. Medidas principales: Living: 4, 60m x 3, 00m. Cocina: 1, 50m x 2, 80m. Dormitorio: 3, 00m x 3, 00m. Hector Ruben Cancellara - cpi - Mat. 1334.;650000;130000;Manuel Ugarte 2297;46;2;1;1;https://www.zonaprop.com.ar/propiedades/clasificado/alclapin-alquiler-2-ambientes-al-frente-con-balcon-58312594.html?n_src=Listado&n_pills=Encargado&n_pg=3&n_pos=13;False;;;
zonaprop;belgrano;Departamento;Excelente Torre en muy buena ubicación, Zabala y Villanueva, subte, tren, colectivos, todo cerca. Piso 11 lateral vista, muy luminoso, Living-comedor a balcón chico, amplio dormitorio con placard, cocina con lavadero incorporado y baño completo, Servicios centrales vigilancia 24 apto profesional;650000;180000;Excelente Torre en muy buena ubicación, Zabala y Villanueva, subte, tren, colectivos, todo cerca. Piso 11 lateral vista, muy luminoso, Living;39;2;1;1;https://www.zonaprop.com.ar/propiedades/clasificado/alclapin-excelente-2-ambientes-apto-prof-luminosos-46627284.html?n_src=Listado&n_pills=Lavadero&n_pg=3&n_pos=14;False;;;
zonaprop;belgrano;Departamento;Alquiler 2 ambientes frente balcon piso alto gran cocina lavadero, 60 m2. Calefaccion central. Excelente ubicacion cerca subte vista panoramica. Apto profesional. Pisos de parquet pullidos y plastificados;600000;190000;Av. Cabildo 900;60;2;1;1;https://www.zonaprop.com.ar/propiedades/clasificado/alclapin-departamento-en-alquiler-2-ambientes-amplios-frente-58217552.html?n_src=Listado&n_pills=Lavadero&n_pg=3&n_pos=15;False;;;
zonaprop;belgrano;Departamento;Living. 5. 5x4 con cocina integrada y salida a gran balcòn terraza semicubierto al frente sobre Blanco Encalada. Dormitorio 3. 5x3 con vestidor y salida a gran balcòn terrazo semicubierto a corazòn de manzana, baño completo, ambos ambientes muy luminosos, provisto cada uno de acondicionadores Split frio/calor. Amenities: Piscina, solarium, sum, parrilla, laundry completa. Inmejorable ubicaciòn con acceso a multiples medios de transporte pùblico: a 3 cuadras de Cabildo y 3 cuadras de Juramento, principales lìneas de colectivos, a Subte lìnea D, y estaciòn de trenes Belgrano R;800000;247000;Blanco Encalada 2731;58;2;1;1;https://www.zonaprop.com.ar/propiedades/clasificado/alclappa-espectacular-2-amb-muy-luminoso-frente-belgrano-r-58111000.html?n_src=Listado&n_pills=Pileta&n_pg=3&n_pos=17;False;;;
zonaprop;belgrano;Departamento;Este departamento ofrece una gran prestación de espacio, comodidad y ubicación. Cuenta con aire acondicionado, una cama de dos plazas, biblioteca y heladera. Para aprovechar!;690000;145000;Vidal;39;2;1;1;https://www.zonaprop.com.ar/propiedades/clasificado/alclappa-oportunidad.-silencio-sol-y-ubicacion-58084096.html?n_src=Listado&n_pills=Encargado&n_pg=3&n_pos=18;False;;;
zonaprop;belgrano;Departamento;Cómodo departamento en excelente zona en Belgrano, José Hernández y Amenabar, a pasos de Subte línea D. Varias líneas de colectivos. Zona muy segura y de fácil acceso. El departamento se encuentra en un 4to piso contra frente por lo que resulta muy silencioso y a la vez luminoso con óptima ventilación. Divinos pisos de parquet en roble de eslavonia, cocina separada, baño completo. Balcón con cerramiento. Excelente y sólido edificio con muy buenos materiales de construcción. Terraza de uso común. Disponible! Consultas preferentemente por whatsapp todo el día. Ver datos;650000;80000;Cómodo departamento en excelente zona en Belgrano, José Hernández y Amenabar, a pasos de Subte línea D. Varias líneas de colectivos. Zona muy segura y de fácil acceso. El departamento se encuentra en un 4to piso contra frente por lo que resulta muy silencioso y a la vez luminoso con óptima ventilación. Divinos pisos de parquet en roble de eslavonia, cocina separada, baño completo. Balcón con cerramiento. Excelente y sólido edificio con muy buenos materiales de construcción. Terraza de uso común. Disponible! Consultas preferentemente por whatsapp todo el día. Ver datos;43;2;1;1;https://www.zonaprop.com.ar/propiedades/clasificado/alclappa-alquiler-2-ambientes-belgrano-58227104.html?n_src=Listado&n_pills=Terraza&n_pg=3&n_pos=19;False;;;
zonaprop;belgrano;Departamento;2 ambientes amplios en alquiler en Av. Juramento y Vidal. Excelente estado, ubicado en piso alto en zona premium de Belgrano. Características de la propiedad: Distribución: Living comedor con balcón corrido con vista a Av. Juramento. Aire Acondicionado. Dormitorio con ventana grande a calle Vidal, con placard empotrado y baulera superior. Cocina amplia reciclada, con espacio para lavarropas y acceso a balcón corrido. Baño completo reciclado. Detalles: Totalidad de los ambientes con orientación al frente, garantizando la mejor iluminación natural. Pisos de parquet en excelente estado de mantenimiento. Baño y cocina reciclados. Características del edificio: Muy linda entrada, de categorìa, con amplio hall. Encargado con vivienda en el edificio. Posibilidad de cochera fija cubierta en planta baja $125. 000. Condiciones comerciales: Sistema de actualización: trimestral por índice ipc. Requisitos: Ingresos suficientes, garantía propietaria o seguro de caución. Ubicación: Av. Juramento, esquina Vidal. Barrio Belgrano. Zona de alta conectividad con transporte público, acceso a servicios, comercios y centros educativos. Ley 5115. No apto para personas con movilidad reducida. Se encuentra prohibido cobrar comisiones inmobiliarias y gastos de gestoría de informes a los inquilinos que sean personas físicas. Para los casos de alquiler fe vivienda el monto máximo de comisión que se le puede requerir a los propietarios será el equivalente al cuatro con quince centésimos por ciento (4, 15%) del valor total del respectivo contrato;725000;240000;Avenida Juramento 2801;48;2;1;1;https://www.zonaprop.com.ar/propiedades/clasificado/alclappa-2-ambientes-grandes-muy-luminosos-en-alquiler.-balcon-58107920.html?n_src=Listado&n_pills=Encargado&n_pg=3&n_pos=20;False;;;
zonaprop;coghlan;Departamento;Hermoso departamento de 2 ambientes con balcón aterrazado, en torre con amenities y vigilancia 24hs. Ubicado a 2 cuadras de la estación de tren de Coghlan, a mts de Av. Monroe y a pocas cuadras de Av. Balbín. El departamento tiene una gran vista abierta. Cuenta con living comedor a un balcón aterrazado, cocina separada con lavadero integrado, dormitorio y baño completo. El departamento tiene piso de porcelanato simil madera nuevo y está recién pintado. El complejo tiene jardín, pileta, juego para niños, pileta de bebés y duchas. imperdible!;700000;260000;Washington 2500;50;2;1;1;https://www.zonaprop.com.ar/propiedades/clasificado/alclapin-alquiler.-hermoso-2-ambientes-con-balcon-aterrazado.-58205938.html?n_src=Listado&n_pills=Encargado&n_pg=1&n_pos=1;False;;Super destacado;
zonaprop;coghlan;Departamento;_ Departamento de un dormitorio en alquiler ubicado sobre calle Nahuel Huapi y Tronador (Coghlan, Ciudad Autónoma de Buenos Aires). Desarrollado en planta baja, con disposición interna y orientación al sur. _ El mismo posee cocina equipada con muebles sobre y bajo mesada, living comedor, un dormitorio con placard empotrado y un baño completo. Luminoso, cuenta con balcón y muy buena ventilación natural. _ La propiedad tiene una superficie total de aproximadamente 50mts2, de los cuales 43mts2 son cubiertos. _ Las expensas al 20/12/2025 son de aproximadamente $150. 000. Yacoub | Construimos ConfianzaInnovación | Calidad | Sustentabilidad | Diseño70 Mil Metros Cuadrados | 23 TorresLa información descripta en el presente aviso es meramente orientativa y no forma parte de ningún tipo de documentación contractual. Los datos enunciados fueron proporcionados por los propietarios y pueden arrojar inexactitudes, las superficies definitivas surgirán del título de propiedad del inmueble referido. Se deja constancia de que los valores y/o expensas pueden estar sujetas a verificación o ajuste. Lo que estás buscando lo tenemos | Estés Donde EstésVendemos en Todos Lados.;750000;150000;Nahuel Huapi 3977 y Tronador;50;2;1;1;https://www.zonaprop.com.ar/propiedades/clasificado/alclapin-departamento-en-alquiler-1-dormitorio-1-bano-58150781.html?n_src=Listado&n_pills=Luminoso&n_pg=1&n_pos=2;False;;Destacado;
zonaprop;coghlan;Departamento;"3 años antigüedad, ""apto profesional"", cochera opcional. Excelente Departamento de 2 ambientes ó estudio profesional con cochera fija (opcional) en edificio ubicado a media cuadra Av Balbin y 2 cuadras Av Congreso. Barrio muy tranquilo con mayoría de casas bajas o edificios de 4 pisos. El edificio estas desarrollado en planta baja y 4 pisos por ascensor, sin portería, 4 departamentos por piso, dos al frente y dos al contrafrente, todos muy luminosos. El departamento esta ubicado al contrafrente, super luminoso con vista abierta a pulmón de manzana, tiene un amplio ambiente divisible (con una pared se puede generar un dormitorio con acceso al patio), tiene dos ventanas balcón, una al contrafrente a amplio balcón en ""L"" y otra al patio propio (aprox 11 m2), cocina con lavadero en ""L"" (posibilidad de colocar cerramiento en la cocina y que quede independiente) y baño completo. La cocina y el termotanque funcionan a gas, la calefacción es a través de un equipo de aire acondicionado friocalor. Opcional cochera fija en planta baja. Las medidas, superficies y montos de expensas consignadas en la presente descripción son aproximadas, a solo título orientativo y no son vinculantes. Las medidas y superficies reales surgen del Título respectivo, y el monto de expensas real, del recibo emitido por la Administración del Consorcio de Copropietarios que rige el inmueble. Para los casos de alquiler de vivienda, el monto máximo de comisión que se le puede requerir a los propietarios será el equivalente al cuatro con quince centésimos por ciento (4, 15%) del valor total del respectivo contrato. Se encuentra prohibido cobrar comisiones inmobiliarias y gastos de gestoría de informes a los inquilinos, en el caso de ser personas físicas. Corredor responsable Juan Daniel Luisio, matrícula 2. 375, cpixintel(lui-lui-Ver datos)";790000;138000;PEREZ, ROQUE 3100. Entre Ibera y Tamborini, Jose P.;55;2;1;1;https://www.zonaprop.com.ar/propiedades/clasificado/alclapin-departamento-2-ambientes.-perez-roque-al-3100-58282200.html?n_src=Listado&n_pills=Aire+acondicionado&n_pg=1&n_pos=3;False;1;;
zonaprop;coghlan;Departamento;Gran edificio en esquinaexcelente 2 ambientes al frente con salida a balcon corrido. Muy luminoso!! Piso altoestar comedor con cocina integrada. Mueblas bajo mesada y anafe de 4 hornallas. 1 dormitorios mas 1 baño completo y toillete de recepcionEl edificio cuenta con Solarium, parrilla, y laundry. Requisitos alquiler. Garantia propietaria de caba o Provincia familia directo o seguro Finaer caucion. Comprobantes de ingresos. 1 mes adelantado + 1 mes de deposito *Se deja constancia que las medidas (tanto totales como parciales), superficies, m2 y proporciones indicadas en el presente son aproximadas y sujetas a verificación, variación y/o ajuste. El precio de la presente operación y/o de las expensas aquí indicadas están sujetos a modificación sin previo aviso. David melamud propiedades Matricula cucicba 7794;790000;190000;Gran edificio en esquinaexcelente 2 ambientes al frente con salida a balcon corrido. Muy luminoso!! Piso altoestar comedor con cocina integrada. Mueblas bajo mesada y anafe de 4 hornallas. 1 dormitorios mas 1 baño completo y toillete de recepcionEl edificio cuenta con Solarium, parrilla, y laundry. Requisitos alquiler. Garantia propietaria de caba o Provincia familia directo o seguro Finaer caucion. Comprobantes de ingresos. 1 mes adelantado + 1 mes de deposito *Se deja constancia que las medidas (tanto totales como parciales), superficies, m2 y proporciones indicadas en el presente son aproximadas y sujetas a verificación, variación y/o ajuste. El precio de la presente operación y/o de las expensas aquí indicadas están sujetos a modificación sin previo aviso. David melamud propiedades Matricula cucicba 7794;48;2;1;1;https://www.zonaprop.com.ar/propiedades/clasificado/alclapin-2-ambientes-alquiler-coghlan-frente-con-toilette-58155453.html?n_src=Listado&n_pills=Luminoso&n_pg=1&n_pos=4;False;;;
zonaprop;coghlan;Departamento;Excelente Departamento de 2 ambientes muy luminoso con Balcón al Frente. Cuenta con anafe electrico de 4 hornallas. Espacio para lavarropas. Agua caliente por termotanque, interiores de placard, Split frio/calor en living y dormitorio. - Semipiso. - Un solo ascensor. - Amenities en edificio: Terraza con parrilla, solarium, ducha. Se alquila paquete: alquiler, expensas, abl y aysa $900. 000. Mi telefono es 11. 2650. 6798. aclaraciones: el departamento esta ocupado hasta el 31/12. Las visitas pueden ser coordinadas a partir del 01/01. El piso del depto y el vanitory del baño son como lo muestra las ultimas 2 fotos.;690000;;Nuñez 3462;45;2;1;1;https://www.zonaprop.com.ar/propiedades/clasificado/alclappa-hermoso-departamento-de-2-ambientes-muy-moderno-57966551.html?n_src=Listado&n_pills=Aire+acondicionado&n_pg=1&n_pos=5;False;;;
zonaprop;coghlan;Departamento;Ubicado en Coghlan, Calle Núñez y Washington, a 30 metros de Avenida Balbín, en una zona actualmente puesta en valor, con inmuebles de baja altura, que permite disfrutar tanto del espacio abierto como la practicidad de sus comercios de cercanía. Es un departamento de 2 ambientes amplios, con una superficie total de 51m2. De reciente construcción, muy luminoso, al frente, incluye balcón. Edificación de muy buena calidad. Alquiler mensual 700. 000 pesos - Actualización trimestral por ipc. Requisitos: Ingresos demostrables. Garantía de caba / Seguro de caución;700000;;Nuñez 3819;51;2;1;1;https://www.zonaprop.com.ar/propiedades/clasificado/alclappa-coghlan-departamento-2-ambientes-amplios-51-m-sup2-58299900.html?n_src=Listado&n_pg=1&n_pos=6;False;;;
zonaprop;coghlan;Departamento;Departamento de 2 amb con balcon corrido al contrafte vista verde Y lugar de guardado //muy luminoso. excelente ubicación A mts de av congreso. living comedor con aa frio calor // cocina equipada Y completa con desayunador// dormitorio con amplio placard// baño completo// equipo de aa frio Y calor Y calefactor en living. terraza con. parrilla //solárium // guarda bicis. para coordinar visitas comunicarse al whatsapp 11Ver datos;750000;250000;Departamento de 2 amb con balcon corrido al contrafte vista verde Y lugar de guardado //muy luminoso. excelente ubicación A mts de av congreso. living comedor con aa frio calor // cocina equipada Y completa con desayunador// dormitorio con amplio placard// baño completo// equipo de aa frio Y calor Y calefactor en living. terraza con. parrilla //solárium // guarda bicis. para coordinar visitas comunicarse al whatsapp 11Ver datos;54;2;1;1;https://www.zonaprop.com.ar/propiedades/clasificado/alclappa-2amb-balcon-contrafte-parrilla-54527169.html?n_src=Listado&n_pills=Encargado&n_pg=1&n_pos=7;False;;;
zonaprop;colegiales;Departamento;Lindísimo departamento, de dos ambientes, piso alto con vista abierta en toda la unidad. Calle tranquila lindisimo barrio, en pleno colegiales. Espacio guardacoche. Living con balcón francés super luminoso, dormitorio con balcón con lindos atardeceres, baño con luz natural y cocina con lavadero separado, en muy buen estado. Cuenta con espacio guardacoche. Servicios individuales. La expensas incluyen aysa y expensas de la cochera. Contrato a dos años indexado cada 3 meses por ipc. Las medidas son aproximadas y deberán confirmarse con el título y documentación correspondiente. Esta publicación es informativa y está sujeta al cumplimiento del coti por parte del propietario;790000;162000;Palpa al 3100;39;2;1;1;https://www.zonaprop.com.ar/propiedades/clasificado/alclapin-luminoso-2-amb-en-colegiales-excelente-ubicacion-con-58326594.html?n_src=Listado&n_pills=Luminoso&n_pg=1&n_pos=1;False;1;Super destacado;
zonaprop;colegiales;Departamento;"Departamento 3 ambientes en alquiler – ColegialesLuminoso y funcional departamento de 3 ambientes, ubicado en una zona residencial y bien conectada del barrio de Colegiales. Cuenta con living-comedor con piso de parquet y salida a balcón, ideal para disfrutar del aire libre. La cocina es independiente, con lavadero incorporado, cómoda y bien ventilada. Dispone de dos dormitorios con placard, ambos con aire acondicionado, y ventiladores de techo en todos los ambientes, brindando confort durante todo el año. El departamento posee un baño completo, en buen estado. Excelente ubicación, con rápido acceso a medios de transporte: líneas de colectivos cercanas y estación Colegiales del Tren Mitre a pocas cuadras. Ideal para quienes buscan tranquilidad, buena conectividad y un departamento cómodo para vivir. Medios de trasporte: Colectivos: 151, 168, 42, 63, 184Tren mitre, estación Colegiales Subte linea dse deja onstancia que los m2 son aproximados, al igual que las medidas parciales de los ambientes, y el valo consignado de las expensas mensuales esta sujeto a verificación y/o ajustes, el precio del inmueble puede ser modificado sin previo aviso. Fotos de carácter no contractual. Las unidades publicadas están sujetas a disponibilidad. Vremont actúa solamente en carácter de comercializadora de los inmuebles ofrecidos. En el cumplimiento de la ley nacional 25. 028, ley 22. 802 de lealtad comercial. Ley 24. 240 de defensa al consumidor, las normas del código civil y comercial de la nación y constitucionales. Los agentes no ejercen el corretaje inmobiliario. Ley 5859-Art. 4: &quot;Para los casos de alquiler de vivienda, el monto máximo de comisión que se le puede requerir a los propietarios será el equivalente al cuatro con quince centésimos por ciento (4, 15%) del valor total del respectivo contrato. Se encuentra prohibido cobrar a los inquilinos que sean personas físicas comisiones inmobiliarias&quot;. (En caso de ser alquiler) Ley 5115- Art. 1: El inmueble publicado es accesible para personas con capacidades físicas reducidas. (En caso de no ser accesible). Vremont Rozenblat Matricula cucicba 2875 cpi Adolfo Rozenblat vremont Rozenblat cucicba 2875. Desde 1977 Tasaciones reales Venta, alquileres de inmuebles y administraciones de alquileres Compra y venta simultaneavremont rozenblatdra. Elsa Munoz RozenblatAbogadacucicba Ver datos/ Ver datos.";800000;243000;Zapiola al 600;52;3;2;1;https://www.zonaprop.com.ar/propiedades/clasificado/alclapin-departamento-en-colegiales-57916874.html?n_src=Listado&n_pills=Encargado&n_pg=1&n_pos=2;False;;Super destacado;
zonaprop;colegiales;Departamento;Departamento de 2 ambientes ubicado en el barrio de Colegiales, en muy buen estado. Living-comedor luminoso con balcón francés. Cocina independiente con acceso al lavadero. Baño completo. Dormitorio con salida a balcón. Buena distribución y ventilación. Acepta mascotas. requisitos: Mes de depósito (en dólares) Mes de adelantoSeguro de caución finaer o garantía propietaria en capitalRecibos de sueldoContrato a 2 años con ajuste cuatrimestral por índice ipcmedidas de la propiedadLiving - Comedor 4, 85 x 3, 30Cocina 2, 25 x 2, 25Dormitorio 3 x 2, 90Baño 2, 10 x 1, 65Lavadero 1, 75 x 1, 75Balcón 1, 8 x 1, 10larocca propiedadescucicba 2905aviso legal: Las descripciones arquitectónicas y funcionales, valores de expensas, impuestos y servicios, fotos y medidas de este inmueble son aproximados. Los datos fueron proporcionados por el propietario y pueden no estar actualizados a la hora de la visualización de este aviso por lo cual pueden arrojar inexactitudes y discordancias con las que surgen de los las facturas, títulos y planos legales del inmueble. Para los casos de alquiler de vivienda, el monto máximo de comisión que se le puede requerir a los propietarios será el equivalente al cuatro con quince centésimos por -ciento (4, 15%) del valor total del respectivo contrato. Se encuentra prohibido cobrar a los inquilinos que sean personas físicas comisiones inmobiliarias y gastos de gestoría de informes;750000;;Cramer al 1600 1°;41;2;1;1;https://www.zonaprop.com.ar/propiedades/clasificado/alclapin-departamento-alquiler-colegiales-2-ambientes-58372501.html?n_src=Listado&n_pills=Encargado&n_pg=1&n_pos=3;False;;Super destacado;
zonaprop;colegiales;Departamento;Magnifico Departamento 2 amb - Lateral y contrafrente- Sup. Total: 31 m2 cubierto Exp.: $ 142. 000. - (serv. Ind: agua caliente por calefón y calefacción- Características Generales: Edificio de 35 años aprox. - 8 pisos, 3 deptos por c/u-Orientación Oeste- Características de la Unidad: Living Comedor de 3, 50 x 3, 30 con ventana al aire-luz (abierto, se ve la calle Conde) - piso de parquette pulido y plastificado- Balcón cerrado de 1, 90 x 1, 50 con ventanales que puede utizarse como recepción (en caso de uso profesional) o como espacio escritorio para computadora (queda armado mueble y estanterías) este sector con piso cerámico, vista abierta al ne. Hall – Baño completo, revestimiento y piso cerámico reciclado) Dormitorio de 3 x 2, 90 con placard y ventana al contrafrente, vista panorámica, piso de parquette - Cocina de 2 x 1, 90 con ventana. - Revestimiento y piso cerámico (remodelada);600000;;Conde 908;31;2;1;1;https://www.zonaprop.com.ar/propiedades/clasificado/alclapin-hermoso-2-amb-y-medio-en-colegiales-58333084.html?n_src=Listado&n_pg=1&n_pos=4;False;;Super destacado;
zonaprop;colegiales;Departamento;Departamento en alquiler en el barrio de Colegiales, con una superficie construida de 60 m², piso alto, vista abierta, living-comedor con balcón francés, amplia cocina y lavadero separado, 2 dormitorios con placards y baño completo. Disposición lateral y orientación Oeste, excelente luminosidad. Edificio de 20 pisos con 6 departamentos por piso, 3 ascensores, vigilancia nocturna, zona residencial y comercial. El transporte público es accesible, con varias líneas de colectivos que conectan el barrio con el resto de la ciudad y próximo a estación de subte. Aguilar entre Ciudad de La Paz y Amenábar a 2 cuadras de Av. Cabildo. Frery Propiedades – Mónica L. Destéfanis - cucicba 1145 / Teléfonos de contacto Ver datos / Ver datos / Ver datos. Ley 5115: Propiedad no apta para personas con movilidad reducida. - Ley 5859. Art. 5: Para los casos de alquiler de vivienda, el monto máximo de comisión que se le puede requerir a los propietarios será el equivalente al cuatro con quince centésimos por ciento (4, 15%) del valor total del respectivo contrato. Se encuentra prohibido cobrar a los inquilinos que sean personas físicas comisiones inmobiliarias y gastos de gestoría de informes. -;750000;260000;Aguilar 2547;63;3;2;1;https://www.zonaprop.com.ar/propiedades/clasificado/alclapin-departamento-de-60-m-sup2--de-3-ambientes-en-alquiler-57568712.html?n_src=Listado&n_pills=Lavadero&n_pg=1&n_pos=5;False;;Super destacado;
zonaprop;colegiales;Departamento;Departamento moderno y luminoso, con excelente distribución. Amplio living comedor, cocina integrada con buen espacio de guardado, dormitorio cómodo y baño completo. Balcón que aporta luz natural y ventilación. Ubicado en zona estratégica, cercano a medios de transporte y servicios. El departamento esta en un 1° piso, no hay ascensor en el edificio. Maxim Propiedades – cucicba 7527A cargo: Maximiliano MatzkinCondiciones para ingresar: 1 mes de adelanto - 1 mes de deposito - gastos adm. La información publicada puede no ser exacta, sufrir cambios, errores, omisiones, o modificaciones, incluyendo el precio o la retirada de oferta sin previo aviso, las imágenes son de carácter ilustrativo e informativo. Los metros reales surgirán de los datos de la escritura.;750000;130000;Zapiola al 1000;40;2;1;1;https://www.zonaprop.com.ar/propiedades/clasificado/alclapin-2-ambientes-comodo-en-colegiales-58238648.html?n_src=Listado&n_pills=Aire+acondicionado&n_pg=1&n_pos=6;False;;Super destacado;
zonaprop;colegiales;Departamento;Cómodo 2 ambientes con balcón, al contrafrente, 2 años de antigüedad. Ubicado estratégicamente en el barrio de Colegiales. La propiedad cuenta con: - Living comedor con cocina integrada. - Toilette de recepción. - Dormitorio en suite y vestidor equipado con placard amplio. - Aire acondicionado Split frío-calor en el dormitorio. - Anafe eléctrico de 2 hornallas- Hornito eléctrico instalado- Espacio para heladera- Cocina con amplio espacio de guardado en bajo mesada y alacenas. - Extractor de cocina. Edificio de consta de: - Fachada con imagen moderna, materiales de Hormigón Armado a la vista, barandas de acero, vidrio y revestimientos plásticos texturados. - Hall de acceso. - Ascensor Schindler de última generación. - Local comercial a la calle. - Amenities en piso 10- sum c/parrilla eléctrica. - Laundry- Solárium- PiletaTodas las imágenes, planos, descripciones, y características indicadas son meramente referenciales e ilustrativas y podrán ser modificadas sin previo aviso. Las superficies indicadas son estimadas. Las superficies y medidas definitivas surgirán del plano de mensura final aprobado oportunamente por el gcba. Las fechas de inicio de obra o posesión son estimadas, podrán ser reprogramadas por la Dirección de obra y dependerán a su vez de un proceso de aprobaciones municipales u otros organismos intervinientes. Los precios indicados podrán modificarse sin previo aviso. El interesado deberá realizar las verificaciones respectivas previamente a la realización de cualquier operación, requiriendo por sí o sus profesionales las copias necesarias de la documentación que corresponda.;780000;115000;Maure al 3500;49;2;1;1;https://www.zonaprop.com.ar/propiedades/clasificado/alclapin-departamento-2-ambientes-amenities-colegiales-58170331.html?n_src=Listado&n_pills=Laundry&n_pg=1&n_pos=7;False;;;
zonaprop;colegiales;Departamento;"Departamento el alquiler de 2 Ambientes en Colegiales: importante!: No se alquila amoblado. (Las fotos son anteriores al estado actual. Hoy está vacío) *Luminoso*Piso 4*La entrada es por Av. Federico Lacroze. El departamento da a calle Freire*3 ascensores*Cocina independiente con lavadero y ventilación natural*Living-comedor con salida a balcón*Baño completo con bañera*Dormitorio con ventana a FreireUbicación privilegiada en Colegiales: *A 7 cuadras de Av. Cabildo y Lacroze y estación &quot;olleros&quot; de linea &quot;D&quot; de Subte*A 3 cuadras de estación &quot;colegiales&quot; de Tren Mitre (Retiro-Mitre) *Lineas de colectivo: 19, 39, 42, 44, 63, 65, 90, 93, 140, 151, 168, 176, 184*Barrio residencial con buena oferta comercial y educativaEn cumplimiento a la ley 5115, se informa que el inmueble es accesible para personas con movilidad reducida o discapacidad física. Corredor interviniente: Milagros Sarachaga cucicba 7799 Paolo Menghi cucicba 9171 cmcpdjlm 1005La tasación, intermediación y la conclusión de las operaciones sobre esta propiedad son actividades exclusivas de este corredor matriculado, conforme las previsiones de la ley 20. 266, la ley caba 2340, la ley provincial 10. 973 y sus modif. Y las normas reglamentarias dictadas por los colegios departamentales.";800000;150000;Av Federico Lacroze al 3100;39;2;1;1;https://www.zonaprop.com.ar/propiedades/clasificado/alclapin-departamento-en-alquiler-de-2-ambientes-en-colegiales-57949252.html?n_src=Listado&n_pills=Lavadero&n_pg=1&n_pos=8;False;;;
zonaprop;colegiales;Departamento;Hermoso 2 Ambientes en edificio Boutique ubicado estratégicamente en el barrio de Colegiales, sobre la Calle Maure y a metros de la Avenida Córdoba. Consta de Planta Baja y 10 pisos, un local comercial y 38 unidades de primera calidad, aptas para vivienda y uso profesional. Fachada con una imagen moderna con materiales de Hormigón Armado a la vista, barandas de acero, vidrio y revestimientos plásticos texturados. Hall de acceso al edificio de aluminio y vidrio, con local comercial a la calle. Ascensor Schindler de última generación. La unidad consta de: - Living comedor con salida a balcón al frente. - Cocina integrada- Dormitorio- Baño completo Amenities en el Piso 10: - Sum- Pileta- Parrilla- Laundry- SoláriumTodas las imágenes, planos, descripciones, y características indicadas son meramente referenciales e ilustrativas y podrán ser modificadas sin previo aviso. Las superficies indicadas son estimadas. Las superficies y medidas definitivas surgirán del plano de mensura final aprobado oportunamente por el gcba. Las fechas de inicio de obra o posesión son estimadas, podrán ser reprogramadas por la Dirección de obra y dependerán a su vez de un proceso de aprobaciones municipales u otros organismos intervinientes. Los precios indicados podrán modificarse sin previo aviso. El interesado deberá realizar las verificaciones respectivas previamente a la realización de cualquier operación, requiriendo por sí o sus profesionales las copias necesarias de la documentación que corresponda.;740000;153000;Maure 3500;49;2;1;1;https://www.zonaprop.com.ar/propiedades/clasificado/alclapin-departamento-en-alquiler-2-ambientes-amenities-58373353.html?n_src=Listado&n_pills=Laundry&n_pg=1&n_pos=9;False;;;
zonaprop;colegiales;Departamento;[mel-Ver datos] 2 amplios ambientes pasantes con excelente luz natural. Living con salida a balcón. Cocina integrada con anafe eléctrico, horno y lugar para lavarropas. Baño completo. Dormitorio con vestidor. Baulera. Amenities del edificio: Parrilla. Solarium. Jacuzzi. requisitos: Ingresos comprobables que tripliquen el valor del alquiler. Garantía propietaria de caba o Seguro de Caución. Contrato por 2 años. Ajuste trimestral por ipc. Mascotas a evaluar. Para el ingreso: Mes de adelanto y Mes de deposito (en usd). Ubicado en una zona tranquila y arbolada, con excelente conexión a medios de transporte, cercano a bares, cafés, plazas y centros culturales. Ambientes: Dormitorio (3x3) Servicios: Electricidad, Pavimento, Cloacas, Agua Corriente. Otros Servicios: Balcón. Mel, 50 años concretando sueños. Nota importante/relevante: Las descripciones, fotos, medidas del inmueble, precios, valores de expensas, impuestos y servicios son aproximados y meramente orientativos, y no obligan contractualmente a Mel propiedades srl ni resultan vinculantes. Matriculados: Julia Mel Matricula Nº 52. María Eva Parada Matricula Nº 251. Raúl Mel Matricula Nº 883;750000;331000;Moldes 800;44;2;1;1;https://www.zonaprop.com.ar/propiedades/clasificado/alclapin-hermoso-2-ambientes-con-balcon-58363937.html?n_src=Listado&n_pills=Parrilla&n_pg=1&n_pos=10;False;;;
zonaprop;colegiales;Departamento;Departamento de 2 ambientes contrafrente muy luminoso. Living comedor. Balcon frances. Cocina con lavadero incorporado. Dormitorio con placard. Balcon. Baño completo. Hall de distribucion. Ubicación: Entre Cramer y Conesa. A 1 cuadra de Estación Colegiales. Condiciones basicas de alquiler de caba: depósito, mes adelantado, Garantía (preferentemente garantía propietaria de caba o gba Zona Norte o Garantía de fianza), Justificación de ingresos, gastos de certificación de firmas. De lisio consultores inmobiliarios. C. U. C. I. C. B. A 9785. Para los casos de alquiler de vivienda, el monto máximo de comisión que se le puede requerir a los propietarios será el equivalente al cuatro con quince centésimos por ciento (4. 15%) del valor total del respectivo contrato. Se encuentra prohibido cobrar comisiones inmobiliarias y gastos de gestoría de informes a los inquilinos, en el caso de ser personas físicas. Se deja constancia que los m2 indicados son aproximados, al igual que las medidas parciales de los ambientes, y el valor consignado de expensas mensuales está sujeto a verificación y/o ajustes, el precio del inmueble puede ser modificado sin previo aviso. Fotos de carácter no contractual. Medidas aproximadas. living comedor. 5 x 3. 2. cocina con lavadero incorporado. 1. 5 x 2. 3. dormitorio con placard. 3. 5 x 3. balcon 2. 8 x 1. baño completo. 2 x 1. 5. hall de distribucion. 1. 5 x 0. 9;700000;107000;TEODORO GARCIA 2800;41;2;1;1;https://www.zonaprop.com.ar/propiedades/clasificado/alclapin-departamento-de-2-ambientes-en-alquiler-a-m-de-50935598.html?n_src=Listado&n_pills=Permite+mascotas&n_pg=1&n_pos=11;False;;;
zonaprop;colegiales;Departamento;"Departamento de 2 ambientes en muy buena ubicacion-cocina separada con artefactos A gas-living comedor con un pequeño balcon frances-baño completo con bañera-habitacion con placard empotrado-pisos ceramicos en toda la unidadrequisitos para el alquiler: -demostracion de ingresos (que al menos triplique el monto del alquiler) -garantia propietaria (puede ser de caba Y si es de provincia de bs as O del interior tiene que ser de un familiar directo) -no trabajamos con seguiros de caucion&quot;Se deja constancia que los m2 son aproximados, al igual que las medidas parciales y el valor consignado de las expensas mensuales (en caso que corresponda pago de expensas) están sujetos a verificación y/o ajustes, el precio del inmueble puede ser modificado sin previo aviso. Fotos de carácter no contractual. Las unidades publicadas están sujetas a disponibilidad. Gaed Inmobiliaria actúa solamente en carácter de comercializadora de los inmuebles ofrecidos. Inmueble no accesible para personas con discapacidad física ley 5115. Únicamente en el caso de tratarse de alquiler de vivienda familiar, rige lo indicado en la ley 5859. &quot;gaed inmobiliaria. Cucicba matricula 226";600000;70000;Maure al 2500;36;2;1;1;https://www.zonaprop.com.ar/propiedades/clasificado/alclapin-alquiler-departamento-2-ambientes-en-muy-buena-58074720.html?n_src=Listado&n_pills=Encargado&n_pg=1&n_pos=12;False;;;
zonaprop;colegiales;Departamento;Leer requisitos al final. Se trata de un departamento tipo ph, que se encuentra en un edificio de P. B. + 3 pisos, de tan solo 8 unidades, con ascensor. A este depto se ingresa a la planta del living-comedor (2do piso del edificio) con cocina integrada, toilette con ducha, y dos balcones a cada lado del star, y cada balcón tiene una medida de 4 m x 1, 35, y en uno de ellos se encuentra la conexión para lavarropas. La cocina es a gas y el calefón también, asi como la estufa de tiro balanceado con salida al exterior que se encuentra en el living. En la planta alta se ubica un amplio dormitorio con vestidor y baño completo con bañera. Aire Acondicionado en el dormitorio. El edificio posee sum y terraza con parrilla. Los requisitos son: ingresos comprobables que superen el doble del valor del alquiler, garantia de Capital Federal o Seguro de Caución de Finaer. Contrato por 2 años con indexacion trimestral por ipc. Aquellos interesados enviar whatsapp al 11 Ver datos Sra Roxana, detallando nombre completo y ocupación por favor. Muchas gracias;750000;100000;Conde 1241;60;2;1;1;https://www.zonaprop.com.ar/propiedades/clasificado/alclapin-alquilo-divino-depto-de-2-amb-en-dos-plantas-super-53420526.html?n_src=Listado&n_pills=Terraza&n_pg=1&n_pos=13;False;;;
zonaprop;colegiales;Departamento;Departamento en alquiler 2 ambientes con balcon en colegiales sobre la av. Federico lacroze la propiedad esta ubicada en un segundo piso, el edificio cuenta con 15 pisos 8 uf por piso. El departamento consta con living comedor con salida al balcon, cocina, dormitorio con placard empotrado Y baño. * caracteristicas A destacar: - muy luminoso. - excelente ubicacion. - buena distribucion de los espacios. Transportes CercanosColectivos: 19, 39, 42, 44, 63, 65, 90, 93, 140, 151, 168, 176, 184;600000;210000;Av. Federico Lacroze al 3100;34;2;1;1;https://www.zonaprop.com.ar/propiedades/clasificado/alclapin-departamento-en-alquiler-2-ambientes-con-balcon-en-58076391.html?n_src=Listado&n_pills=Luminoso&n_pg=1&n_pos=14;False;;;
zonaprop;colegiales;Departamento;Departamento 2 ambientes con balcón, disposición frente con vista abierta al parque de colegiales. Muy Luminoso durante todo el día. Cocina living separados. Baño completo con ducha. Ubicado a 3 cuadras de la Av. Cabildo con accesos muy cercano a subte, colectivos y trenes. Zona muy tranquila.;800000;180000;Departamento 2 ambientes con balcón, disposición frente con vista abierta al parque de colegiales. Muy Luminoso durante todo el día. Cocina living separados. Baño completo con ducha. Ubicado a 3 cuadras de la Av. Cabildo con accesos muy cercano a subte, colectivos y trenes. Zona muy tranquila.;44;2;1;1;https://www.zonaprop.com.ar/propiedades/clasificado/alclappa-departamento-2-ambientes-con-amplio-balcon-muy-58369318.html?n_src=Listado&n_pills=Permite+mascotas&n_pg=1&n_pos=16;False;;;
zonaprop;colegiales;Departamento;Semipiso de 2 ambientes de 48 m2, segundo piso al contrafrente muy luminoso y tranquilo. Ubicación Amenabar entre Cespedes y Aguilar. Living comedor con cocina integrada dividida con barra desayunadora. Cocina a gas, posee muebles de alacena y bajo mesada completos. Habitación con baño en suite y amplio placard espejado. Balcón con lavadero y conexión para lavarropas. Aire acondicionado frio calor en living y ventilador de techo en habitación. Agua caliente y calefacción por caldera con regulación individual. Se entrega con todas las luminarias. Posee cortinas en living y habitación. Pisos flotantes en living y habitación. Se encuentra en excelente estado y recién pintado. Ingresos comprobables y garantía. Expensas $200. 000. Edificio sin amenities. no se acepta ningun tipo de mascota. No insistir.;800000;200000;Amenábar 1000;48;2;1;1;https://www.zonaprop.com.ar/propiedades/clasificado/alclappa-alquilo-semipiso-2-amb-48-m-sup2--excelente-estado!-no-48853120.html?n_src=Listado&n_pills=Lavadero&n_pg=1&n_pos=17;False;;;
zonaprop;colegiales;PH;Alquiler de Oficina 2 ambientes en Colegiales, Capital Federal. Ph para uso de Oficina, Comercial o Profesional. Pb al Fondo. Habitación con entrepiso para deposito, baño completo, cocina y lavadero. Amplia Terraza Descubierta. Magnifica ubicacion sobre la calle Conesa entre Zabala y Aguilar. A dos cuadras de la Estación Colegiales Ferrocarril Mitre. A tres cuadras de la Av. Federico Lacroze. No paga expensas. - Superficie total 80m2. - Cub: 38m2. - Desc: 42m2. - abl: $15. 000. - Aysa: $10. 000. - Agua caliente por calefon. ¡Agendá tu visita hoy mismo! Nuestro horario de atención es de Lunes a Viernes de 10 a 18 hs. - Corredor Profesional: Menasches, Victor Ariel - Matrícula: 2883 cucicbaxintel(mnp-mnp-1540);700000;;CONESA 1035. Entre Zabala y Aguilar;80;2;1;1;https://www.zonaprop.com.ar/propiedades/clasificado/alclphin-alquiler-ph-comercial-oficina-profesional-en-57089874.html?n_src=Listado&n_pills=Lavadero&n_pg=1&n_pos=1;False;;;
zonaprop;colegiales;PH;El dpto es muy luminoso, amplio para ser un dos ambientes, la cocina infcluye lavadero, y todos los ambientes tienen ventana con lo cual luz garantizada, lo mejor no tiene expensas, y esta en el Corazon de Colegiales. Entonces, luz, comodo, lavadero, cocina con mesita desayunador, cerca de todo subte B, de Cabildo y Lacroze, y dueño directo. Requisitos. garantia capital O seguro caucion. 1 mes de deposito. 1 mes de adelanto. recibo de sueldo. ajuste del alquiler cada 6 meses. No se aceptan mascotas.;800000;;Ciudad de la Paz 500;43;2;1;1;https://www.zonaprop.com.ar/propiedades/clasificado/alclphpa-ph-2-amb-canchero-en-colegiales-luminoso-sin-58337073.html?n_src=Listado&n_pills=Lavadero&n_pg=1&n_pos=2;False;;;
zonaprop;palermo;Departamento;Dpto. 2 ambientes (suite), balcón aterrazado al frente con parrilla a gas- amenities- Sup. Total: 50 m2 aprox. (7 m2 balcón). Servicios individuales: agua caliente y piso radiante por caldera dual- Características Generales. Edificio 15 años, linda entrada. 8 pisos, 4 deptos. Semipisos en dos cuerpos. 2 Ascensores automáticos- Solarium con deck y parrilla, sanitario en último piso (espacios de uso común). Piscina en jardín de planta baja contrafrente. - Características de la unidad: Palier semiprivado. Hall de entrada de 1, 20 x 1. 00. Living- Comedor de 6. 00 x 3, 60 con piso de madera entablonada, con ventanal y salida a balcón aterrazado de 3, 60 x 1, 90 hacia el frente, con parrilla eléctrica, instalación para conectar lavarropas. Cocina con barra americana, muebles alto y bajo mesada y divisorio de recepción. Toilette de recepción con revestimiento cerámico y piso entablonado en madera, vanitory. Suite: dormitorio de 3 x 3 piso alfombrado, con placard puertas corredizas, y baño completo con piso y revestimiento cerámico con detalles, vanitory. Observaciones: Muy luminoso –Excelentes terminaciones- Propiedad no apto para personas con movilidad reducida. Sergio Arias mat 81. Para los casos de alquiler de vivienda, el monto máximo de comisión que se le puede requerir a los propietarios será el equivalente al cuatro con quince centésimos por ciento (4, 15%) del valor total del respectivo contrato. Se encuentra prohibido cobrar a los inquilinos que sean personas físicas comisiones inmobiliarias y gastos de gestoría de informes.;750000;;Estado de Palestina 1186;50;2;1;1;https://www.zonaprop.com.ar/propiedades/clasificado/alclapin-2-ambientes-suite-en-palermo-57586364.html?n_src=Listado&n_pills=SUM&n_pg=1&n_pos=1;False;;Super destacado;
zonaprop;palermo;Departamento;"Excelente dos ambientes en Migueletes y Matienzo. Zona imprenta, Las cañitas. Belgrano. Muy buen Acceso hacia el centro o provincia, a una cuadra de Av Libertador. La unidad cuenta con un recibidor de generosas dimensiones y buen espacio de guardado. Cocina independiente. Amplio living-comedor con salida a un balcón corrido al frente, lo que aporta gran luminosidad y amplitud al ambiente. El dormitorio en suite dispone de placard empotrado de amplias dimensiones, y baño completo. Una excelente opción por su distribución, luz natural y ubicación. orwelseguinos en nuestras redes! &quot;Las medidas, superficies y expensas consignadas en la presente son aproximadas; y al solo efecto orientativo. Los datos definitivos son los que surgirán del titulo de la propiedad y de los comprobantes respaldatorios. &quot;&quot;Para los casos de alquiler de vivienda, el monto maximo de comision que se le puede requerir a los propietarios sera el equivalente al cuatro con quince centesimos por ciento (4, 15%) del valor total del respectivo contrato. Se encuentra prohibido cobrar a los inquilinos que sean personas fisicas comisiones inmobiliarias y gastos de gestoria de informes&quot;. La propiedad cuenta con Accesibilidad para personas con movilidad reducidaci: 905 / 4955cmcpsi: 7264";790000;320000;Migueletes al 600;45;2;1;1;https://www.zonaprop.com.ar/propiedades/clasificado/alclapin-departamento-2-ambientes-alquiler-en-las-canitas-58338329.html?n_src=Listado&n_pills=Aire+acondicionado&n_pg=1&n_pos=2;False;;Super destacado;
zonaprop;palermo;Departamento;Alquiler de Departamento 2 Ambientes en Palermo Hollywood, Capital Federal. 2 ambientes - al frente - con patio y balcón - estado muy bueno - cocina separada - lavadero separado - dormitorio con placard - baño completo - excelente ubicación. - Nota: debido al proceso inflacionario, se recomienda consultar últimos valores de expensas actualizados. - Para los casos de alquiler de vivienda, el monto máximo de comisión que se le puede requerir a los propietarios será el equivalente al cuatro con quince centésimos por ciento (4, 15%) del valor total del respectivo contrato. Se encuentra prohibido cobrar a los inquilinos que sean personas físicas comisiones inmobiliarias y gastos de gestoría de informes- loria Inmobiliaria: matriculas cpi Ver datos. Caba. -xintel(lor-lor-2036);670000;183000;GUATEMALA 5804. Entre A J Carranza y Dr E Ravignani;50;2;1;1;https://www.zonaprop.com.ar/propiedades/clasificado/alclapin-2-amb.-frente-con-patio-buen-estado.-58236398.html?n_src=Listado&n_pills=Lavadero&n_pg=1&n_pos=3;True;;Super destacado;10%
zonaprop;palermo;Departamento;11 Ver datos fratelli grupo inmobiliario alquilasin mueblesamplio 2 ambientes piso 13ºapto vivienda/profesionalmuy buen edificio, tipo torre. 15 pisos, con seguridad nocturna y encargado permanente. Al frente. Súper luminoso. Vista abierta. Orientación Este. Balcón corrido!! El departamento cuenta con 53mts2 distribuidos en: Living-comedor de 4, 50x3, 00 con balcón francés. Cocina Separada con muebles completos, lavadero incorporado. 1 dormitorio doble (de 3, 50x5, 3) más placar. Originalmente era dos dormitorios que hoy se encuentran unidos, dando posibilidad de poner un escritorio ó dividirlo. 1 baño completo con vanitory y ventilación. Estado: Impecable. Se entrega recién pintado con pisos de madera plastificados. Persianas. La parte eléctrica fue reciclada totalmente. Puerta blindada. Además se deja con las cortinas, que fueron hechas a medida. Muy buenos placares: en el dormitorio y en el living. Servicios: Centrales. Agua caliente central y Calefacción por losa radiante. * expensas incluyen: aysa, calefacción por losa radiante y agua caliente central*Excelente Ubicación: A media cuadra s de Metrobus Av. Cabildo. Todas las líneas de colectivos y a 2 cuadras del subte línea D y el tren (Estación Ministro Carranza). -Condiciones: Plazo 2 años- Mes adelantado- Ajuste trimestral por ipc - Deposito - Garantía Propietaria ó Seguro de Caución de Finaer - Recibo de Sueldo o Ingresos Comprobables - Apto Profesional se abonan Honorarios Profesionalesaviso legal: Las descripciones arquitectónicas y funcionales, valores de expensas, impuestos y servicios, fotos y medidas de este inmueble son aproximados. Los datos fueron proporcionados por el propietario y pueden no estar actualizados a la hora de la visualización de este aviso por lo cual pueden arrojar inexactitudes y discordancias con las que surgen de los las facturas, títulos y planos legales del inmueble. El interesado deberá realizar las verificaciones respectivas previamente a la realización de cualquier operación, requiriendo por sí o sus profesionales las copias necesarias de la documentación que corresponda.;720000;360000;Santos Dumont al 2400;53;2;1;1;https://www.zonaprop.com.ar/propiedades/clasificado/alclapin-2-ambientes-de-50-m-sup2-.-balcon-aterrazado-con-vista-57948385.html?n_src=Listado&n_pills=Permite+mascotas&n_pg=1&n_pos=4;False;;Super destacado;
zonaprop;palermo;Departamento;"Departamento de 2 ambientes en palermo hollywood. *sin amoblar* Se aceptan mascotas pequeñas y tranquilas. Cochera opcional. Precio con cochera: $900. 000. Hermoso departamento de 2 ambientes en piso 5°. Cómodo living-comedor con muy buena luz. Su dormitorio es de buenas dimensiones y cuenta con placard y mueble para tv. Su balcón, de disposición al contrafrente, brinda vistas abiertas a la ciudad. Baño completo, con ducha. La cocina es separada, con horno y anafe a gas; posee conexión para lavarropas. El agua caliente es central. Preinstalación de aa en living-comedor y dormitorio. Edificio de categoría y moderno, con amenities: Solarium y amplia piscina en planta baja, sum con parrilla. Encargado permanente. Inmejorable ubicación, con mucha vida, tanto de día como de noche, rodeado de variada oferta gastronómica y paseos comerciales. Proximidad con medios de transporte. Se ofrece en alquiler por 1 año, con posible renovación. Sin amoblar. El precio del alquiler se ajustará por Índice ipc. Corresponde al inquilino abonar las expensas comunes ordinarias, los servicios y el Abl. Condiciones del alquiler: -Demostración de ingresos. -Garantía propietaria. Quedamos atentos a su consulta! Corredor Público Inmobiliario Leonel Nicolás Michani - cucicba N. º 9104.";780000;140000;Arevalo 1742;46;2;1;1;https://www.zonaprop.com.ar/propiedades/clasificado/alclapin-depto.-de-2-amb-sin-amoblar-en-alquiler-amenities-52945264.html?n_src=Listado&n_pills=Pileta&n_pg=1&n_pos=5;False;;Super destacado;
zonaprop;palermo;Departamento;2 ambientes en excelente ubicación. Bajas expensas $Ver datos. Primer piso al frente con vista verde. Contrato a 1 o 2 años. Valor inicial $Ver datos. - con ajuste trimestral x ipc. Requisitos para el ingreso: Mes de adelanto - Mes de depósitoDemostración de ingresos en blancoSeguro de caución o título de propiedad para la garantía.;700000;133000;Bulnes al 1600;40;2;1;1;https://www.zonaprop.com.ar/propiedades/clasificado/alclapin-alquiler-departamento-2-ambientes-en-palermo-58012542.html?n_src=Listado&n_pg=1&n_pos=6;False;;Super destacado;
zonaprop;palermo;Departamento;Hermoso momoambiente A estrenar! Con posibilidad de hacerlo divisible y convertirlo en Dos Ambientes. El Departamento tiene aberturas de dvh, Muebles de Cocina y Placar Jonhson, Baño y Cocina con Grifería superior. El Edificio cuenta con: Dos Terrazas, Parrilla, Gimnasio, Piscina, Solárium, sum, Laundry. La zona esta próxima a Centros de Estudios (Facultad de Medicina, U. T. N. ). Seguridad por totem y Cámaras las 24 has. Cucicba 2326;800000;140000;Avenida cordoba 5200;42;2;1;1;https://www.zonaprop.com.ar/propiedades/clasificado/alclapin-departamento-en-alquiler-en-palermo-capital-federal-58357509.html?n_src=Listado&n_pills=Lavadero&n_pg=1&n_pos=7;False;;Super destacado;
zonaprop;palermo;Departamento;Bajas expensas - excelente ubicación - Güemes entre Thames y Borges Divino Departamento sin muebles 2 Ambientes Apto Profesional, ubicado en una de las zonas mas bonitas de Buenos Aires. Cerca de todos los medios de comunicación. El departamento cuenta con un amplio Living comedor, cocina con lavadero incorporado. Balcón francés. Baño completo, Dormitorio con placard. Se entrega con ventilador de techo con luces en el dormitorio y artefactos de iluminación en todo el departamento. El edificio cuenta con totem de seguridad. Las medidas, superficies y valores de esta ficha son aproximadas y a título informativo únicamente. Kerner Propiedades WhatsApp Ver datos;700000;130000;Guemes al 4400;35;2;1;1;https://www.zonaprop.com.ar/propiedades/clasificado/alclapin-bajas-expensas-divino-2-ambientes-apto-profesional-58194742.html?n_src=Listado&n_pills=Lavadero&n_pg=1&n_pos=8;False;;Super destacado;
zonaprop;palermo;Departamento;Alquiler Departamento 2 Ambientes en Palermo con Balcón – Excelente Ubicación. Luminoso y moderno departamento de 2 ambientes ubicado en una de las mejores zonas de Palermo. La unidad cuenta con un amplio living-comedor con salida a un balcón ideal para disfrutar del aire libre. Cocina independiente, equipada con muebles altos y bajos y buen espacio de guardado. El dormitorio es cómodo, con placard empotrado. Baño completo. El edificio cuidado y ofrece comodida, ascensor y espacios comunes en excelente estado. Ubicado a metros de avenidas principales, transporte público, comercios, bares y todo el movimiento característico del barrio. Ideal para quienes buscan confort, buena distribución y una ubicación privilegiada. Expensas $340. 000! Solo seguro de caucion como garantia! Leandro David Dziencielsky y Luis Román García Matrícula C. U. C. I. C. B. A 8301 / C. S. I 6738 Teléfonos de contacto Ver datos Ver datos. Todas las propiedades que figuran en esta publicación se encuentran a cargo del profesional matriculado Leandro David Dziencielsky y Luis Román García, Matrícula C. U. C. I. C. B. A 8301 / C. S. I 6738 por lo tanto la intermediación y la conclusión de las operaciones serán llevadas exclusivamente por él. En cumplimiento de la Ley 10. 973 de la Provincia de Buenos Aires, Ley Nacional 25. 028, Ley Nacional 20. 266, Ley 22. 802 de Lealtad Comercial, Ley 24. 240 de Defensa al Consumidor, las normas del Código Civil y Comercial de la Nación y Constitucionales, los asesores o agentes no ejercen el corretaje inmobiliario. Todas las operaciones inmobiliarias son objeto de intermediación y conclusión por parte del martillero y corredor colegiado, cuyos datos se exhiben en el nombre de la inmobiliaria. Ley 5115: excepto que en la descripción de la propiedad se indique lo contrario, el edificio puede no contar con rampa para personas con movilidad reducida, y no ser Accesible para personas con discapacidades físicas. Venta sujeta a la obtención del coti por parte del propietario. Las medidas son aproximadas, las reales surgen del título o plano de mensura. Las reservas se toman exclusivamente en la inmobiliaria con el matriculado C. U. C. I. C. B. A 8301 / C. S. I 6738;550000;340000;Guatemala 4242;45;2;1;1;https://www.zonaprop.com.ar/propiedades/clasificado/alclapin-alquiler-departamento-2-ambientes-en-palermo-con-57900430.html?n_src=Listado&n_pg=1&n_pos=9;False;;Super destacado;
zonaprop;palermo;Departamento;Hermoso departamentoo de 2 ambientes con balcón en Belgrano. Excelente ubicación. Cerca de todos los medios de transporte. El departamento de 43m2 tiene piso de madera, cocicna con barra y en la habitación un placard espejado. El edificio cuenta con terraza, solarium, jacuzzi, sauna, deck, sum, gym, ducha escocesa, laundry y totem de seguridad. Apto profesional!!;800000;260000;Soldado de la Independencia 1200;43;2;1;1;https://www.zonaprop.com.ar/propiedades/clasificado/alclapin-alquiler-hermoso-2-ambientes-43-m-en-belgrano-las-58292652.html?n_src=Listado&n_pills=Lavadero&n_pg=1&n_pos=10;False;;Super destacado;
zonaprop;palermo;Departamento;Emplazado sobre Avenida Córdoba, pero en el décimo piso contrafrente, lo que permite disfrutar de hermosa luz natural que riega toda la unidad y óptimo silencio, se destaca departamento dos ambientes, con cocina independiente. Baño completo. Pisos de parquet recién plastificados. Agradable balcón con franca vista abierta. Extraordinaria ubicación, a cinco cuadras Universidad de Palermo, múltiples combinaciones de transporte.;500000;215000;Avenida Córdoba 3621;43;2;1;1;https://www.zonaprop.com.ar/propiedades/clasificado/alclapin-excelente-dos-amb-todo-luz-extraordinaria-ubicacion!-58237474.html?n_src=Listado&n_pills=Lavadero&n_pg=1&n_pos=12;False;;Super destacado;
zonaprop;palermo;Departamento;Alquiler en excelente ubicación! Departamento de 2 ambientes en contrafrente sobre la calle Guatemala 5500. Ubicado en pleno corazon de Palermo, la mejor zona comercial y gastronomica! A metros de Av. Juan B Justo y Av. Santa Fe. Ubicado en un segundo piso, el departamento se reparte en un amplio living comedor con aire acondicionado. Salida al balcon por ventanal. Cocina equipada con espacio de almacenamiento. Habitación con placard empotrado y estantería. 1 baño completo con antebaño. No dude en consultar!;680000;250000;Guatemala 5500;45;2;1;1;https://www.zonaprop.com.ar/propiedades/clasificado/alclapin-alquiler!-2-ambientes-en-contrafrente-guatemala-5500-56044680.html?n_src=Listado&n_pills=Aire+acondicionado&n_pg=1&n_pos=13;False;;Super destacado;
zonaprop;palermo;Departamento;Departamento de 2 ambientes en alquiler, ubicado en una inmejorable zona: a solo dos cuadras de Av. Del Libertador y muy cerca de Av. Las Heras, con fácil acceso a múltiples líneas de colectivos. Situado en la esquina de Cerviño y Paunero. Cuenta con un amplio living-comedor con salida a un balcón corrido de 2 x 5 m y ventana lateral, que aporta aún más luz natural. La cocina es espaciosa, con lugar para heladera, conexión para lavarropas y gran capacidad de guardado gracias a la profusión de alacenas. El baño es completo y posee ventilación al exterior. El dormitorio dispone de balcón francés al lateral y excelentes espacios de guardado, con un placard de tres puertas más un placard adicional. Pisos de cerámica y servicios centrales. Contrato 24 meses Incremento trimestral por ipcgarantía Propietaria Capital FederalSeguro de Caución finaeringresos que pueda JustificarUn mes de DepositoUn mes Adelantado“Para los casos de alquiler de vivienda, el monto máximo de comisión que se le puede requerir a los propietarios será el equivalente al cuatro con quince centésimos por ciento (4, 15%) del valor total del respectivo contrato. Se encuentra prohibido cobrar a los inquilinos que sean personas físicas comisiones inmobiliarias y gastos de gestoría de informes”. - Inciso 8 del artículo 10 de la Ley 2340 (texto consolidado según Ley N° 5666);670000;201000;Cerviño al 3400;36;2;1;1;https://www.zonaprop.com.ar/propiedades/clasificado/alclapin-alquiler-dos-ambientes-en-palermo-58297653.html?n_src=Listado&n_pills=Aire+acondicionado&n_pg=1&n_pos=14;False;;Super destacado;
zonaprop;palermo;Departamento;Hermoso departamento de 42M2 totales en un primer piso al contrafrente con patio. La cocina es completa con conexión para lavarropas. Tiene un balcón interno y el baño completo. Además hay un jardín de invierno. La ubicación es premium, justo frente al zoológico. apto profesional no se aceptan mascotasmaxim Propiedadescucicba 7527La información publicada puede no ser exacta, sufrir cambios, errores, omisiones, o modificaciones, incluyendo el precio o la retirada de oferta sin previo aviso, las imágenes son de carácter ilustrativo e informativo. Los metros reales surgirán de los datos de la escritura.;800000;130000;Republica de la India al 2900;42;2;1;1;https://www.zonaprop.com.ar/propiedades/clasificado/alclapin-departamento-con-patio-frente-al-zoologico-58127113.html?n_src=Listado&n_pills=Lavadero&n_pg=1&n_pos=15;False;;Super destacado;
zonaprop;palermo;Departamento;2 ambientes en palermo--al frente-- unico amoblado -vista panorámica distribución: Amplio living comedor con salida a balcón, ak frente - Cómodo dormitorio. Cocina americana muy equipada. Baño completo con vanitory. ventajas diferenciales: Ubicación preferencial sobre Boulervard Charcas. Piso alto con vista panorámica. Muy buen amoblamiento y equipamiento. Cocina con bodega y barra en haya. Baño muy agradable. Sol y ventilación cruzada. A-acondicionado Split en living y comedor. Placard espejado. Termotanque nuevo. Laundry-estado impecable--Unico-entorno: A pasos de la Av. Coronel Diaz, de la Av. Santa Fe, del Shopping Alto Palermo, de la Plaza Güemes (Guadalupe) En una zona residencial pero con comercios de distintos rubros. Con universidades, colegios, sanatorios y diversos puntos de interés barrial. conectividad: A pasos de distintas paradas de colectivos y del subte. Bajamos valor--;750000;250000;Charcas 3369 9º A;49;2;1;1;https://www.zonaprop.com.ar/propiedades/clasificado/alclapin-departamento-de-2-ambientes-en-barrio-norte.-alquiler-58031242.html?n_src=Listado&n_pills=Aire+acondicionado&n_pg=1&n_pos=16;False;;Super destacado;
zonaprop;palermo;Departamento;_ Departamento de un dormitorio en alquiler ubicado sobre calle Gorriti y Bulnes (Palermo, Ciudad Autónoma de Buenos Aires). Desarrollado en piso alto por ascensor, con disposición contra frente y orientación al sur. _ El mismo posee cocina equipada con muebles sobre y bajo mesada, living comedor, un dormitorio con placard empotrado y un baño completo. Luminoso, cuenta con balcón y muy buena ventilación natural. _ La propiedad tiene una superficie total de aproximadamente 38mts2, de los cuales 34mts2 son cubiertos. _ Las expensas al 20/10/2025 son de aproximadamente $200. 000. Yacoub | Construimos ConfianzaInnovación | Calidad | Sustentabilidad | Diseño70 Mil Metros Cuadrados | 23 TorresLa información descripta en el presente aviso es meramente orientativa y no forma parte de ningún tipo de documentación contractual. Los datos enunciados fueron proporcionados por los propietarios y pueden arrojar inexactitudes, las superficies definitivas surgirán del título de propiedad del inmueble referido. Se deja constancia de que los valores y/o expensas pueden estar sujetas a verificación o ajuste. Lo que estás buscando lo tenemos | Estés Donde EstésVendemos en Todos Lados.;750000;200000;Gorriti al 3600;38;2;1;1;https://www.zonaprop.com.ar/propiedades/clasificado/alclapin-departamento-en-alquiler-1-dormitorio-1-bano-58020765.html?n_src=Listado&n_pills=Luminoso&n_pg=1&n_pos=17;False;;Destacado;
zonaprop;palermo;Departamento;Excelente departamento como a estrenar, recien reciclado. Ubicado en un 5° piso al frente, destacandose su luminosidad y vista a la arboleda del barrio. El balcón tiene conexión para lavarropa. Living comedor con aire acondicionado nuevo, integrado con la cocina totalmente reciclada, con anafe a gas, calefon nuevo tiro balanceado y horno eléctrico. Baño con griferia nueva y mampara de vidrio. Ubicado en Paraguay a 3 cuadras del Botanico. - Sup. Cubierta: 29. 28 m2 / Sup. Descubierta: 3. 98 m2. - Garantia de Capital federal o seguro de caucion. - Contrato por 2 años actualizado cada 3 meses por ipc. - 1 mes de deposito y 1 mes por adelantado y recibo de ingresos. - no se aceptan mascotas.;800000;185000;Paraguay al 4200;33;2;1;1;https://www.zonaprop.com.ar/propiedades/clasificado/alclapin-departamento-2-ambientes-esquina-al-frente-reciclado-58348013.html?n_src=Listado&n_pills=Aire+acondicionado&n_pg=1&n_pos=18;False;;Destacado;
zonaprop;palermo;Departamento;_ Departamento de un dormitorio en alquiler ubicado sobre calle Jorge Luis Borges entre Guatemala y Paraguay (Palermo, Ciudad Autónoma de Buenos Aires). Desarrollado en piso alto por ascensor, con disposición contra frente y orientación al norte. _ El mismo posee cocina equipada con muebles sobre y bajo mesada, living comedor, un dormitorio con placard empotrado y un baño completo. Luminoso, cuenta con balcón y muy buena ventilación natural. _ La propiedad tiene una superficie total de aproximadamente 45mts2, de los cuales 42mts2 son cubiertos. _ Las expensas al 20/11/2025 son de aproximadamente $250. 000. Yacoub | Construimos ConfianzaInnovación | Calidad | Sustentabilidad | Diseño70 Mil Metros Cuadrados | 23 TorresLa información descripta en el presente aviso es meramente orientativa y no forma parte de ningún tipo de documentación contractual. Los datos enunciados fueron proporcionados por los propietarios y pueden arrojar inexactitudes, las superficies definitivas surgirán del título de propiedad del inmueble referido. Se deja constancia de que los valores y/o expensas pueden estar sujetas a verificación o ajuste. Lo que estás buscando lo tenemos | Estés Donde EstésVendemos en Todos Lados.;750000;250000;Jorge Luis Borges 2163 e/ Guatemala y Paraguay;45;2;1;1;https://www.zonaprop.com.ar/propiedades/clasificado/alclapin-departamento-en-alquiler-1-dormitorio-1-bano-58162133.html?n_src=Listado&n_pills=Aire+acondicionado&n_pg=1&n_pos=19;False;;Destacado;
zonaprop;palermo;Departamento;"2 ambientes amplios + dormitorio Y baño de servicio, lavadero, balcón al contrafrente en el dormitorio, placards, luminoso, proximo A avda santa fé. Superficie total ; 65 m2. posee aire acondicionado en living comedor, servicios centrales ( agua caliente Y calefacción). Posibilidad de cochera para alquilar en el edificio. Ubicado en la calle julian alvarez 2464, 6° piso, próximo A avda. Santa fe ( estación scalabrini ortiz, subte linea D Y varias lineas de colectivos). Expensas ordinarias aprox. $ 233. 000. Requisitos para alquilar: 1 garantía propietaria de caba Ó seguro de caución finaer Y recibo de sueldo. Contrato por 2 años, indexación trimestral por ipc. Lumar propiedades. Ver datos";700000;233000;Julian Álvarez 2464;65;2;1;1;https://www.zonaprop.com.ar/propiedades/clasificado/alclapin-alquiler-2-amb-dependencias-de-servicio-contrafr-58363944.html?n_src=Listado&n_pills=Permite+mascotas&n_pg=1&n_pos=21;False;;Destacado;
zonaprop;palermo;Departamento;Departamento en alquiler en Palermo en Avda Santa Fe y Scalabrini Ortiz, ideal para quienes buscan comodidad y funcionalidad. Cuenta con 45 m² de superficie construida, distribuidos en 2 ambientes luminosos. Dispone de 1 dormitorio y 1 baño ambos con balcón francés. El interior ofrece un living comedor, cocina equipada. Además, cuenta con aire acondicionado y calefacción para mayor confort. El edificio posee ascensor y encargado y seguridad las. La zona de Palermo ofrece una amplia gama de servicios, comercios, parques, cuenta con interesantes opciones gastronómica. Zona estrategica, facilitando el acceso a diferentes puntos de la ciudad. Todos los medios de transportes a metros del subte Linea D. Un entorno dinámico y con excelente conectividad. Alquiler. $ 750. 000. Expensas $ 149. 000. Mas Aysa, Abl, Edenor y metrogas;700000;149000;Avenida Santa Fe 3700 y S Ortiz;45;2;1;1;https://www.zonaprop.com.ar/propiedades/clasificado/alclapin-s-ortiz-y-santa-fe-2-ambientes-amplios-alquiler-56697513.html?n_src=Listado&n_pills=Encargado&n_pg=1&n_pos=22;False;;Destacado;
zonaprop;palermo;Departamento;Espectacular semipiso, ubicado en Palermo en una de las principales arteria de Belgrano con excelente accesibilidad a distintos puntos de la Ciudad. Rodeada de comercios y servicios de todo tipo. Con múltiples transportes (Metrobus, trenes y colectivos) A 700 metros de los Bosques de Palermo. Ubicación Soñada. Cuenta con gran Living Comedor a Balcónn al frente, baño completo, Toilete y baño de servicio, amplio dormitorio con placard. Cocina con lavadero incorporado. El edificio es apto profesional. El departamento cuenta con pisos de eucalipto chileno. El resto está en estado original. - posibilidad de cochera en el edificio. Para Verlo comunicarse con estudio iacono arq. & inmobiliaria cucicba 1951, al Whatssap +Ver datos;750000;250000;Avda Cabildo 336 piso 12;50;2;1;1;https://www.zonaprop.com.ar/propiedades/clasificado/alclapin-espectacular!-con-vista-panoramica-posib.-cochera-48365571.html?n_src=Listado&n_pills=Lavadero&n_pg=1&n_pos=23;False;;Destacado;
zonaprop;palermo;Departamento;Hermoso 2 amb! Amplio living. Luminoso! Balcón con parrilla propia! Linda y amplia cocina con espacio para lavarropas. Lugar de guardado. Baño completo. Amplisima baulera! Posibilidad de alquiler de cochera. Bajas expensas! Muy buena ubicación! Importantes accesos. Gran cantidad de medios de transporte. Cucicba mat 254 Art 4 de la Ley 5859 caba Para los casos de alquiler de vivienda, el monto máximo de comisión que se le puede requerir a los propietarios será el equivalente al cuatro con quince centésimos por ciento (4, 15%) del valor total del respectivo contrato. Se encuentra prohibido cobrar a los inquilinos que sean personas físicas comisiones inmobiliarias. La Ley 2340, en concordancia con reformas y normativas como la Ley 5859, prohíbe cobrar comisiones inmobiliarias a inquilinos que sean personas físicas en alquileres de vivienda.;800000;;Bonpland 1100;46;2;1;1;https://www.zonaprop.com.ar/propiedades/clasificado/alclapin-muy-lindo!-parrilla!-baulera!-57926805.html?n_src=Listado&n_pills=Parrilla&n_pg=1&n_pos=24;False;;Destacado;
zonaprop;palermo;Departamento;"Alquiler cómodo 2 ambientes en Las Cañitas! En inmejorable ubicación para disfrutar de la cercanía a restaurantes, tiendas y áreas verdes, se encuentra este cómodo departamento, cuenta con cómoda distribución donde accedemos a impecable living comedor con balcón francés, cocina independiente y baño completo. Bajas expensasCondiciones de ingreso: Contrato a dos años con incremento trimestral según ipc. Requisitos: Demostración de ingresos, garantía caba o seguro de caución finaer. Las expensas pueden sufrir ajustes y no resultan vinculantes, los datos definitivos son los que surgen del titulo de propiedad y recibo de expensas. Fotos de carácter no contractual. En compraventas, las mismas están condicionadas a la obtención del numero de coti por la parte vendedora. Para los casos de alquiler de vivienda, el monto máximo de comisión que se le puede requerir a los propietarios será el equivalente al cuatro con quince centésimos por ciento (4, 15%) del valor total del respectivo contrato. Se encuentra prohibido cobrar a los inquilinos que sean personas físicas comisiones inmobiliarias y gasto de gestoría de informes&quot;Titular Pablo Aranda Colomer - Matrícula cucicba 5820";700000;123000;Baez al 700;40;2;1;1;https://www.zonaprop.com.ar/propiedades/clasificado/alclapin-comodo-2-ambientes-en-las-canitas.-40-m-sup2-58296212.html?n_src=Listado&n_pills=Aire+acondicionado&n_pg=1&n_pos=25;False;;Destacado;
zonaprop;palermo;Departamento;Excelente monoambiente de 42 m2 dividido en 2 ambientes muy cómodo. Paraguay al 5500 entre Ravigniani y Arevalo. Palermo. A una cuadra del tren y subte D estación Carranza. Apto profesional. Al frente con balcón. Pisos de parquet. Cocina y balcón separado. Amplio comedor diario. Baño completo. Aire Acondicionado;650000;80000;Paraguay 5500;42;2;1;1;https://www.zonaprop.com.ar/propiedades/clasificado/alclapin-departamento-alquiler-palermo.-paraguay-al-5500.-2-58004189.html?n_src=Listado&n_pills=Aire+acondicionado&n_pg=1&n_pos=26;False;;Destacado;
zonaprop;palermo;Departamento;Monoambiente dividido en alquiler – Apto profesional – CañitasMonoambiente dividido al frente, muy luminoso y funcional. Ideal tanto para vivienda como para uso profesional. Cuenta con: Ambiente principal con divisiónCocina integradaBaño completoExcelente entrada de luz naturalUbicado en una de las zonas más buscadas de Cañitas, sobre la intersección de Soldado de la Independencia y Teodoro García, con acceso inmediato a transporte público, comercios, espacios verdes y polo gastronómico. Ubicación privilegiada, ideal para quienes buscan comodidad, conectividad y entorno de calidad. Llamanos para coordinar tu visita! *Se deja constancia que las medidas (tanto totales como parciales), superficies, m2 y proporciones indicadas en el presente son aproximadas y sujetas a verificación, variación y/o ajuste. El precio de la presente operación y/o de las expensas aquí indicadas están sujetos a modificación sin previo aviso. David melamud propiedades Matricula cucicba 7794;670000;277000;Monoambiente dividido en alquiler – Apto profesional – CañitasMonoambiente dividido al frente, muy luminoso y funcional. Ideal tanto para vivienda como para uso profesional. Cuenta con: Ambiente principal con divisiónCocina integradaBaño completoExcelente entrada de luz naturalUbicado en una de las zonas más buscadas de Cañitas, sobre la intersección de Soldado de la Independencia y Teodoro García, con acceso inmediato a transporte público, comercios, espacios verdes y polo gastronómico. Ubicación privilegiada, ideal para quienes buscan comodidad, conectividad y entorno de calidad. Llamanos para coordinar tu visita! *Se deja constancia que las medidas (tanto totales como parciales), superficies, m2 y proporciones indicadas en el presente son aproximadas y sujetas a verificación, variación y/o ajuste. El precio de la presente operación y/o de las expensas aquí indicadas están sujetos a modificación sin previo aviso. David melamud propiedades Matricula cucicba 7794;43;2;1;1;https://www.zonaprop.com.ar/propiedades/clasificado/alclapin-monoambiente-dividido-alquiler-canitas-apto-58310169.html?n_src=Listado&n_pills=Encargado&n_pg=1&n_pos=27;False;;Destacado;
zonaprop;palermo;Departamento;Hermoso 2 ambientes, zona up, Alto Palermo, Boulevard Charcas, super luminoso, con balcón al contrafrente, vista totalmente abierta. Dormitorio con placard con puertas espejadas, cocina con doble circulación al balcón, lavadero, caldera mural individual ( calefacción y agua caliente), pisos cerámicos, baño completo-solo con garantía propietaria Y comprobante de ingresos. No se acepta seguro de caución.;700000;200000;Gorriti al 3600;45;2;1;1;https://www.zonaprop.com.ar/propiedades/clasificado/alclapin-comodo-2-amb.-en-palermo-con-amenities-57936521.html?n_src=Listado&n_pills=Lavadero&n_pg=1&n_pos=28;False;;Destacado;
zonaprop;palermo;Departamento;Sobre mario bravo 1022 esq. Av. Cordoba, alado unveridad palermo, 2 amb al frente balcon, en 7° piso muy luminoso Y amplio, bunos placares, living comedor al frente con salida A balcon, dolmitorio al frente con ventanal, cocina amplia con sector para una mesa, sector lavadero, servicio individuiales, edificio con 3 ascensores, Y seguridad virtual. precio $ 659. 000, = por mes ( se actualiza cada 4 meses por ipc) mas expensas servicios de luz, gas, agua y abl. para ver combinar al telefono inmobilairia tel celular Ver datos, damirdjian inmobilairia;690000;110000;MARIO BRAVO 1022;45;2;1;1;https://www.zonaprop.com.ar/propiedades/clasificado/alclapin-2-amb-granes-balcon-frente-45-m-sup2--a-m-universidad-51151530.html?n_src=Listado&n_pills=Lavadero&n_pg=1&n_pos=29;False;;Destacado;
zonaprop;palermo;Departamento;"Bulnes 1604 2 ambientes balcon corrido al frente p. 4to. Super luminoso amplia cocina lavadero todo frente estado impecable A 4 cuadras av. Santa fe Y subte ""D"" excelente ubicacion contrato 24 meses ajuste trimestral ipc se requiere garantia propietaria ó seguro caucion de la empresa premium y acreditar ingresos";670000;206400;Bulnes 1604;48;2;1;1;https://www.zonaprop.com.ar/propiedades/clasificado/alclapin-bulnes-1604-2-ambientes-balcon-al-frente-p.-4to-super-58196451.html?n_src=Listado&n_pills=Lavadero&n_pg=1&n_pos=30;False;;Destacado;
zonaprop;palermo;Departamento;"Bulnes 1604 2 ambientes balcon corrido al frente p. 4to. Super luminoso amplia cocina lavadero todo frente estado impecable A 4 cuadras av. Santa fe Y subte ""D"" excelente ubicacion contrato 24 meses ajuste trimestral ipc se requiere garantia propietaria ó seguro caucion de la empresa premium y acreditar ingresos";670000;206400;Bulnes 1604;48;2;1;1;https://www.zonaprop.com.ar/propiedades/clasificado/alclapin-bulnes-1604-2-ambientes-balcon-al-frente-p.-4to-super-58196451.html?n_src=Listado&n_pills=Lavadero&n_pg=2&n_pos=1;False;;Destacado;
zonaprop;palermo;Departamento;Sobre mario bravo 1022 esq. Av. Cordoba, alado unveridad palermo, 2 amb al frente balcon, en 7° piso muy luminoso Y amplio, bunos placares, living comedor al frente con salida A balcon, dolmitorio al frente con ventanal, cocina amplia con sector para una mesa, sector lavadero, servicio individuiales, edificio con 3 ascensores, Y seguridad virtual. precio $ 659. 000, = por mes ( se actualiza cada 4 meses por ipc) mas expensas servicios de luz, gas, agua y abl. para ver combinar al telefono inmobilairia tel celular Ver datos, damirdjian inmobilairia;690000;110000;MARIO BRAVO 1022;45;2;1;1;https://www.zonaprop.com.ar/propiedades/clasificado/alclapin-2-amb-granes-balcon-frente-45-m-sup2--a-m-universidad-51151530.html?n_src=Listado&n_pills=Lavadero&n_pg=2&n_pos=2;False;;Destacado;
zonaprop;palermo;Departamento;Charcas 4500, 2 amb Excelente ubicación!! 5º piso. Buena circulación de aireFuncional y ambientes bien definidos. Living-comedor con salida a balcón. Cocina independiente, equipada con cocina a gas, mesada de acero inoxidable, muebles bajo mesada y ventilación natural. Dormitorio con piso de parquet y placard empotrado. Baño completo Aysa incluido en expensasZona inmejorable de Palermo;550000;98000;Charcas al 4500;36;2;1;1;https://www.zonaprop.com.ar/propiedades/clasificado/alclapin-departamento-en-charcas-y-darregueyra-58235112.html?n_src=Listado&n_pg=2&n_pos=3;False;;Destacado;
zonaprop;palermo;Departamento;Departamento en alquiler en Palermo en Avda Santa Fe y Scalabrini Ortiz, ideal para quienes buscan comodidad y funcionalidad. Cuenta con 45 m² de superficie construida, distribuidos en 2 ambientes luminosos. Dispone de 1 dormitorio y 1 baño ambos con balcón francés. El interior ofrece un living comedor, cocina equipada. Además, cuenta con aire acondicionado y calefacción para mayor confort. El edificio posee ascensor y encargado y seguridad las. La zona de Palermo ofrece una amplia gama de servicios, comercios, parques, cuenta con interesantes opciones gastronómica. Zona estrategica, facilitando el acceso a diferentes puntos de la ciudad. Todos los medios de transportes a metros del subte Linea D. Un entorno dinámico y con excelente conectividad. Alquiler. $ 750. 000. Expensas $ 149. 000. Mas Aysa, Abl, Edenor y metrogas;700000;149000;Avenida Santa Fe 3700 y S Ortiz;45;2;1;1;https://www.zonaprop.com.ar/propiedades/clasificado/alclapin-s-ortiz-y-santa-fe-2-ambientes-amplios-alquiler-56697513.html?n_src=Listado&n_pills=Encargado&n_pg=2&n_pos=4;False;;Destacado;
zonaprop;palermo;Departamento;Hermoso 2 ambientes hecho a nuevo en excelente ubicación de Palermo, a mts de Distrito Arcos, Av. Juan B. Justo y Av. Santa Fe. Zona de restaurantes, confiterías y espacios verdes. La unidad dispone de un living comedor con salida a un generoso balcón terraza al frente, cocina independiente y dormitorio en suite con placard. Datos útiles: - Barrio: Palermo. - Comuna: 14. - Área Hospitalaria: htal. J. A. fernández. - Colectivos: Ver datos, Ver datos, Ver datos, Ver datos, 1Ver datos, 1Ver datos. - Subte: Línea D (Palermo). - Tren: Mitre, San Martin (Palermo) Requisitos y condiciones: - Ingresos demostrables que tripliquen el costo de alquiler (podes complementar con los de familiares/allegados) - Garantía propietaria de capital federal o en su defecto, Póliza de sistema finaer S. A- Abonar mes de alquiler por adelantado. - Abonar mes de depósito en garantía. - Abonar un proporcional de días (si aplica). Asesoramiento: - Línea comercial (WhatsApp): Ver datos. - Líneas generales: Ver datos o Ver datos. - Horario de atención: de Lunes a Viernes de 9 a 13 y de 14 a 18hs. aviso legal: La ficha, la gráfica de planos y las fotos del presente inmueble son facilitadas por Veglienzone Gestión Inmobiliaria, al solo efecto de otorgar una rápida visualización del inmueble. Todas las medidas son meramente descriptivas y esquemáticas. Las mismas han sido computadas con medidor ultrasónico de distancias, por lo cual se deja expresamente aclarado que pueden existir discordancias con las medidas exactas que surgen de la realidad y/o de la escritura y/o de los planos del inmueble. M. Cucicba 4184.;750000;100000;Humboldt al 2200;47;2;1;1;https://www.zonaprop.com.ar/propiedades/clasificado/alclapin-departamento-en-palermo-hollywood-58340633.html?n_src=Listado&n_pills=Terraza&n_pg=2&n_pos=5;False;;Destacado;
zonaprop;palermo;Departamento;"Excelente Mono divididoCocina semi integada espacio para larropa o lavavajilla. Espacio para Frigobar. Baño completo. Se entrega con luces, Aire y BlackoutEs un espacio donde podrán disfrutar de la calidad de servicios y optimización de espacios, ubicado en Av. Córdoba 4340, Palermo Soho. Esta unidad es al frente, con toilette de recepción, Master suite con placard, cocina semi integrada, iving con salida a amplio balcón terraza con excelente vista. 15 niveles con 116 unidades de 1 a 4dormitorios y 2 subsuelos de cocheras. Incluye amenities como sum y expansión en planta baja, parrilla, gimnasio, Kids Club &amp;amp; Playground, Laundry, sauna y ducha fnlandesa. Además, ofrece la posibilidad de disfrutar de piscina y Solarium interior/exterior. dome es Dinámico, Original, Moderno y Elegante. 116 unidades, 15 pisos 2 subsuelos Unidades de 32 a 200 m2Exclente Amenitiessum con parrillaGalería y expansiónen Planta BajaLaundryGimnasioPiscina y Solariuminterior/exteriorSauna/Ducha fnlandesaKids Club &amp;amp; PlaygroundSeguridad 24hsCómoda accesibilidad desde avenidas, líneas de Subterráneos y transportes públicos siendo estratégica su ubicación en pleno Palermo. &quot;Comercializa QuickSale. Desarrolla y construye adn Developers&quot;. consulte por unidades disponibles**Las medidas y superficies expuestas surgen de la información suministrada por el propietario, la empresa no se responsabiliza por la exactitud de las mismas**las fotos son de carater ilustrativovisitar con Personal de quicksale propiedades Ver datosseguinos en nuestras redes! Facebook: Quicksale Inmobiliaria / Instagram: Quicksalearg";750000;170000;Av Cordoba al 4300;35;2;1;1;https://www.zonaprop.com.ar/propiedades/clasificado/alclapin-dome-soho-en-alquiler-libre-ya-58327624.html?n_src=Listado&n_pills=Luminoso&n_pg=2&n_pos=6;False;;;
zonaprop;palermo;Departamento;Corredor Responsable: Diego Mastrangelo cucicba 7615 csi 6609- Contacto: Thomas Abbriata. departamento 2 ambientes en alquiler en las cañitas, palermo. Un refugio urbano que combina elegancia y funcionalidad se despliega en el corazón de Las Cañitas, uno de los barrios más codiciados de Palermo. Este departamento de 35 m² es una invitación a experimentar el estilo de vida porteño en su máxima expresión. Ubicado estratégicamente sobre Avenida Chenaut, el inmueble ofrece una conexión perfecta con la ciudad. A solo 5 cuadras de Avenida Libertador y 3 de Avenida Cabildo, garantiza accesibilidad y tranquilidad en un mismo espacio. El departamento, emplazado en el tercer piso de un edificio de 6 niveles, despliega un diseño pensado para quienes valoran la practicidad sin renunciar al confort. Su orientación norte permite el ingreso de luz natural, creando ambientes luminosos y acogedores. Un living comedor amplio se integra armónicamente con un balcón que expande visualmente el espacio interior. La cocina independiente, equipada con espacio para lavarropas, incluye un pequeño balcón al contrafrente, multiplicando las opciones de aprovechamiento. El dormitorio, con medidas generosas, invita al descanso y la privacidad. Un baño completo completa la distribución funcional, ideal para una pareja o persona sola que busque un espacio propio en la ciudad. Propiedad en muy buen estado, el departamento cuenta con servicios completos: electricidad, agua, gas, internet y desagüe cloacal. Amenities como aire acondicionado y calefacción garantizan confort en cualquier temporada. Importante: No se permiten mascotas. Alquiler $750. 000. Expensas: $110. 000. rau S. R. L. No ejerce el corretaje inmobiliario. El presente sitio web es una plataforma en donde cada oficina inmobiliaria independiente que contrata los servicios re/max puede publicar las propiedades a su cargo. Cada oficina es de propiedad y gestión independiente, por lo que rau S. R. L. No interviene en los datos de la publicación, en la operación inmobiliaria, ni en la confección y/o firma del boleto de compraventa y/o escritura y/o contrato de alquiler. En cumplimiento de las leyes vigentes que regulan el corretaje inmobiliario, Ley Nacional 25. 028, Ley 22. 802 de Lealtad Comercial, Ley 24. 240 de Defensa al Consumidor, las normas del Código Civil y Comercial de la Nación y Constitucionales, los agentes/gestores no ejercen el corretaje inmobiliario. Todas las operaciones inmobiliarias son objeto de intermediación y conclusión por parte del corredor público inmobiliario colegiado a cargo de la publicación, cuyos datos se exhiben en la presente. La presente publicación describe las características esenciales del inmueble, debiéndose consultar al corredor público inmobiliario responsable de la operación por la eventual actualización de las medidas, descripciones arquitectónicas y funcionales, valores de expensas, servicios, impuestos, precios y demás información, cuyos valores son aproximados. Para los casos de alquiler de vivienda, el monto máximo de comisión que se le puede requerir a los propietarios será el equivalente al cuatro con quince centésimos por ciento (4, 15%) del valor total del respectivo contrato. Se encuentra prohibido cobrar a los inquilinos que sean personas físicas comisiones inmobiliarias y gastos de gestoría de informes. El inmueble no es accesible para personas con discapacidades físicas.;750000;110000;Avenida General Indalecio Chenaut 1900;35;2;1;1;https://www.zonaprop.com.ar/propiedades/clasificado/alclapin-departamento-en-alquiler-2-amb-las-canitas-58339524.html?n_src=Listado&n_pills=Aire+acondicionado&n_pg=2&n_pos=7;False;;;
zonaprop;palermo;Departamento;Corredor Responsable: Diego Mastrangelo cucicba 7615 csi 6609- Contacto: Andrea Zarate. Alquiler 2 Ambientes en Las Cañitas – A metros de Av. Libertador. Departamento de 2 ambientes en alquiler ubicado en un 7° piso lateral, luminoso y funcional, en una de las zonas más buscadas de la ciudad: Las Cañitas, a pasos del Hipódromo y Av. Del Libertador. Superficie aproximada: 35 m² Características: – Living comedor con pisos de parquet pulidos e hidrolaqueados. - Balcón francés. – Dormitorio con amplio placard. – Cocina independiente. – Baño completo. – Aire acondicionado. – Estufa a gas. – Agua caliente por caldera central. Edificio con ascensor y encargado (no residente). Las Cañitas combina entorno residencial, cercanía a espacios verdes y una de las mejores propuestas gastronómicas de caba, con accesos rápidos hacia Palermo, Belgrano y el corredor norte. Requisitos: – 1 mes de alquiler adelantado. – 1 mes de depósito. – Contrato a 24 meses. – Ajuste trimestral por índice ipc. – Ingresos comprobables. – Seguro de caución. Disponible para visitar, consúltame. Rau S. R. L. No ejerce el corretaje inmobiliario. El presente sitio web es una plataforma en donde cada oficina inmobiliaria independiente que contrata los servicios re/max puede publicar las propiedades a su cargo. Cada oficina es de propiedad y gestión independiente, por lo que rau S. R. L. No interviene en los datos de la publicación, en la operación inmobiliaria, ni en la confección y/o firma del boleto de compraventa y/o escritura y/o contrato de alquiler. En cumplimiento de las leyes vigentes que regulan el corretaje inmobiliario, Ley Nacional 25. 028, Ley 22. 802 de Lealtad Comercial, Ley 24. 240 de Defensa al Consumidor, las normas del Código Civil y Comercial de la Nación y Constitucionales, los agentes/gestores no ejercen el corretaje inmobiliario. Todas las operaciones inmobiliarias son objeto de intermediación y conclusión por parte del corredor público inmobiliario colegiado a cargo de la publicación, cuyos datos se exhiben en la presente. La presente publicación describe las características esenciales del inmueble, debiéndose consultar al corredor público inmobiliario responsable de la operación por la eventual actualización de las medidas, descripciones arquitectónicas y funcionales, valores de expensas, servicios, impuestos, precios y demás información, cuyos valores son aproximados. Para los casos de alquiler de vivienda, el monto máximo de comisión que se le puede requerir a los propietarios será el equivalente al cuatro con quince centésimos por ciento (4, 15%) del valor total del respectivo contrato. Se encuentra prohibido cobrar a los inquilinos que sean personas físicas comisiones inmobiliarias y gastos de gestoría de informes. El inmueble no es accesible para personas con discapacidades físicas.;650000;108000;Maure 1600;35;2;1;1;https://www.zonaprop.com.ar/propiedades/clasificado/alclapin-alquiler-departamento-2-ambientes-en-las-canitas-58384246.html?n_src=Listado&n_pills=Aire+acondicionado&n_pg=2&n_pos=8;False;;;
zonaprop;palermo;Departamento;Departamento de 2 ambientes en Botanio. Piso alto al frente. Inmejorable ubicación, Avenida Las Heras entre Scalabrini Ortiz y Ugarteche, a 1 cuadra del Jardin Botanico y Parque Las Heras. A 4 cuadras de Avenida Libertador y 5 cuadras de Av. Santa Fe. Acceso a multiples medios de transporte publico. Hall de entrada. Living comedor de generosas dimensiones con salida a balcón corrido al frente. Balcón con vista abierta. Cocina separada con lavadero independiente. Dormitorio con placard y salida a balcón. Baño completo.;750000;220000;Avenida Las Heras al 3700;52;2;1;1;https://www.zonaprop.com.ar/propiedades/clasificado/alclapin-departamento-2-ambientes-con-balcon-en-alquiler-al-58251777.html?n_src=Listado&n_pills=Lavadero&n_pg=2&n_pos=9;False;;;
zonaprop;palermo;Departamento;"Departamento de 2 ambientes. Muy luminoso. Ubicado en un 6to piso al frente. Al entrar a la unidad nos encontramos con comedor con cocina integrada, la misma es toda electrica. No hay instalacion de gas. Espacio para lavarropas. Lugar para colocacion de horno electrico y/o microondas. Amplio balcon. Aire acondicionado frio-calor. Dormitorio con armario empotrado y espejo. Baño completo en suite. Excelente ubicacion. Cercania de Colectivos tales como: 12, 15, 29, 36, 39, 57, 64, 68, 110, 111, 141, 152, 160, 188, 194. Subtes bulnes (Línea D), R. scalabrini ortiz (Línea D). A metros de Avenidas Scalabrini Ortiz y Santa Fe. Requisitos para entrar: mes de adelanto700 dolares como depositoingresos demostrablesco-garante con recibo de sueldo garantia propietario caba o seguro de caucionDuracion de contrato: 2 años con aumento trimestral por ipc. **Corredores Inmobiliarios Responsables Adrian Ridelnik cucicba Mat 197. Y Mauro Ridelnik cucicba Mat 6933 y cmcpsi 7060**Todas las operaciones en las que participen nuestros asesores comerciales independientes son gestionadas, supervisadas y monitoreadas por un Corredor Público debidamente matriculado. ”*Se deja constancia que las medidas y superficies indicados son aproximados y al sólo efecto orientativo. Las medidas reales surgirán del título de propiedad respectivo. Las medidas parciales y/o de los ambientes y el valor consignado de expensas mensuales, servicios y abl está sujeto a verificación y/o ajuste. Art. 4 de la Ley 5. 859 de C. A. B. A &quot;Para los casos de alquiler de vivienda única, el monto máximo de comisión que se le puede requerir a los propietarios será el equivalente al cuatro con quince centésimos por ciento (4, 15%) del valor total del respectivo contrato. Se encuentra prohibido cobrar a los inquilinos que sean personas físicas comisiones inmobiliarias cuando el destino sea vivienda única y permanente &quot;. * ley 5115 Cumplimos en informar que los inmuebles &quot; no cuenta con acceso especial para personas con discapacidad física a menos que la publicación lo especifique &quot;. * En cumplimiento de la leyes vigentes que regulan el corretaje inmobiliario, Ley 25. 028, Ley 22. 802 de Lealtad Comercial, Ley 24. 240 de Defensa al Consumidor, las normas del Código Civil y Comercial de la Nación y Constitucionales, los asesores comerciales no ejercen el corretaje inmobiliario. Todas las operaciones inmobiliarias realizadas en guimat propiedades, son objeto de intermediación y conclusión por parte de los martilleros y corredores colegiados,";700000;220000;Julian Alvarez al 2300;39;2;1;1;https://www.zonaprop.com.ar/propiedades/clasificado/alclapin-excelente-2-amb-al-frente-c-balcon-palermo-58297826.html?n_src=Listado&n_pills=Luminoso&n_pg=2&n_pos=10;False;;;
zonaprop;palermo;Departamento;Alquiler 2 ambientes con balcón vista panoramica piso alto. departamento: - 2 ambientes piso alto. - Cocina independiente. - Dormitorio con placard + baulera. - Baño completo con bañera. - Balcón con vista impresionante sobre Av. Las Heras con sol de tarde. metraje. Superficie Cubierta: 39 m² Superficie total: 43 m² ubicación. - Pereyra Lucena esquina Av. Las Heras. -A metros de Hospital General de Agudos Bernardino Rivadavia. -A 100 metros de Av. Libertador. -A 300 metros de Parque las Heras. -A 400 metros de Av. Coronel Diaz. -A 500 metros de Av. Pueyrredón. Brian David Levi Matrícula C. U. C. I. C. B. A. 7924 Teléfonos de contacto Ver datos Ver datos. Todas las propiedades que figuran en esta publicación se encuentran a cargo del profesional matriculado Brian David. Levi, Matrícula C. U. C. I. C. B. A. 7924 por lo tanto la intermediación y la conclusión de las operaciones serán llevadas. exclusivamente por él. En cumplimiento de la Ley 10. 973 de la Provincia de Buenos Aires, Ley Nacional 25. 028, Ley. Nacional 20. 266, Ley 22. 802 de Lealtad Comercial, Ley 24. 240 de Defensa al Consumidor, las normas del Código Civil y. Comercial de la Nación y Constitucionales, los asesores o agentes no ejercen el corretaje inmobiliario. Todas las. operaciones inmobiliarias son objeto de intermediación y conclusión por parte del martillero y corredor colegiado, cuyos. datos se exhiben en el nombre de la inmobiliaria. Ley 5115: excepto que en la descripción de la propiedad se indique lo contrario, el edificio puede no contar con rampa. para personas con movilidad reducida, y no ser Accesible para personas con discapacidades físicas. Venta sujeta a la obtención del coti por parte del propietario. Las medidas son aproximadas, las reales surgen del título. o plano de mensura. Las reservas se toman exclusivamente en la inmobiliaria con el matriculado C. U. C. I. C. B. A. 7924. fda-sm;700000;135600;Pereyra Lucena 2516;43;2;1;1;https://www.zonaprop.com.ar/propiedades/clasificado/alclapin-alquiler-2-ambientes-con-balcon-vista-panoramica-piso-58117970.html?n_src=Listado&n_pills=Encargado&n_pg=2&n_pos=11;False;;;
zonaprop;palermo;Departamento;"Living - Dormitorio c/ placard - Balcón c/ vista abierta - Cocina - Baño completo - Lavadero separado. Luminoso y ventiladoa 2 cuadras de plaza ArmeniaTransportes CercanosColectivos: 15, 36, 39, 57, 110, 111, 141, 160, 188Requisitos: Garantía de caba e Ingresos comprobables. No se permiten mascotas. -vremont TreusMatricula cucicba 6830 Corredor Inmobiliario: Matias Treus Peciar. --En el cumplimiento de la ley nacional 25. 028, ley 22. 802 de lealtad comercial. -Ley 24. 240 de defensa al consumidor, las normas del código civil y comercial de la nación y constitucionales. Los agentes no ejercen el corretaje inmobiliario. -Ley 5859 - Art. 4: &quot;Para los casos de alquiler de vivienda, el monto máximo de comisión que se le puede requerir a los propietarios será el equivalente al cuatro con quince centésimos por ciento (4, 15%) del valor total del contrato. Se encuentra prohibido cobrar a los inquilinos que sean personas físicas comisiones inmobiliarias y gastos de gestoría de informes&quot;. -Ley 5115 – Art. 1: El inmueble publicado no es accesible para personas con capacidades físicas reducidas. (Salvo que en la descripción figure lo contrario) -Se deja constancia que las medidas, superficies y m2 consignados son aproximados, sujetos a verificación y/o ajuste. El precio del inmueble puede ser modificado sin previo aviso.";750000;160000;Gascon 1700;41;2;1;1;https://www.zonaprop.com.ar/propiedades/clasificado/alclapin-gascon-1700-alquiler-departamento-2-ambientes-con-57857520.html?n_src=Listado&n_pills=Encargado&n_pg=2&n_pos=12;False;;;
zonaprop;palermo;Departamento;"Muy buen departamento de tres ambientes en alquiler en el corazon de palermo!! A mts de universidad de palermo y de av cordoba3 comodos ambientescocina separadabaño completolavadero separadobalconpiso alto muy luminosoporteria 24 hsexcelente ubicacion! se admiten mascotas pequeñascontrato A 12 meses (sin excepcion el primero) renovables por acuerdo entre las partesgarantia propietaria O seguro de caucioningresos comprobablesley 5859, art 5: Se encuentra prohibido cobrar comisiones inmobiliarias y gastos de gestoría de informes a los inquilinos que sean personas físicas. Para los casos de alquiler de vivienda, el monto máximo de comisión que se le puede requerir a los propietarios será el equivalente al cuatro con quince centésimos por ciento (4, 15%) del valor total del respectivo contrato&quot;La presente publicación describe las características esenciales del inmueble. Deberá consultarse al corredor público inmobiliario responsable de la operación por la eventual actualización de las medidas, descripciones arquitectónicas y funcionales, valores de expensas, servicios, impuestos, precios y demás información, cuyos valores son aproximados. &#xa9; lek PropiedadesMatrícula cucicba 6315Matricula cmcpsi 6842";790000;180000;Mario Bravo al 1000;61;3;2;1;https://www.zonaprop.com.ar/propiedades/clasificado/alclapin-departamento-3-ambientes-en-alquiler-palermo-58014739.html?n_src=Listado&n_pills=Lavadero&n_pg=2&n_pos=13;False;;;
zonaprop;palermo;Departamento;Corredor Responsable: Ariel Champanier cucicba 4330 / Andrea Berre cmcpsi 6763- Contacto: Marcelo Ferrer. Departamento tipo Duplex muy luminoso, en excelente ubicacion. Excelente departamento en duplex, pisos 3° y 4°, en el corazon de Palermo Hollywood, a metros de Bompland y Santa Fe, a metros del Subte D y numerosos medios de transporte Publico. Ingresamos a la unidad por la cocina semi-integrada con barra desayunadora, muebles de cocina, bajo mesada y alacenas, espacio para heladera, ademas posee de anafe con horno a gas natural. A continuacion accedemos al living comedor, que posee doble altura, lo cual lo hace muy luminoso y desde el que accedemos al toillette de recepcion y al balcon aterrazado al contrafrente, donde se encuentra el calefon a gas natural y el espacio de lavadero, con conexion para lavarropas. Se encuentra equipado con estufa de tiro balanceado y aire acondicionado. Luego accedemos mediante escalera de madera al piso superior, donde encontramos el dormitorio en suitte, que balconea hacia el living, con cortinas block-out, el baño es completo y ademas dispone de gran placard con interiores completos. Posee baulera/locker en planta baja. El valor de las expensas incluyen Aysa. Muy buen estado general, edificio con pocas unidades. Apto profesional. Requisitos: Contrato a 2 años. Mes adelantado y mes de deposito. Seguro de caucion o garantia propietaria de Caba + ingresos demostrables. Rau S. R. L. No ejerce el corretaje inmobiliario. El presente sitio web es una plataforma en donde cada oficina inmobiliaria independiente que contrata los servicios re/max puede publicar las propiedades a su cargo. Cada oficina es de propiedad y gestión independiente, por lo que rau S. R. L. No interviene en los datos de la publicación, en la operación inmobiliaria, ni en la confección y/o firma del boleto de compraventa y/o escritura y/o contrato de alquiler. En cumplimiento de las leyes vigentes que regulan el corretaje inmobiliario, Ley Nacional 25. 028, Ley 22. 802 de Lealtad Comercial, Ley 24. 240 de Defensa al Consumidor, las normas del Código Civil y Comercial de la Nación y Constitucionales, los agentes/gestores no ejercen el corretaje inmobiliario. Todas las operaciones inmobiliarias son objeto de intermediación y conclusión por parte del corredor público inmobiliario colegiado a cargo de la publicación, cuyos datos se exhiben en la presente. La presente publicación describe las características esenciales del inmueble, debiéndose consultar al corredor público inmobiliario responsable de la operación por la eventual actualización de las medidas, descripciones arquitectónicas y funcionales, valores de expensas, servicios, impuestos, precios y demás información, cuyos valores son aproximados. Para los casos de alquiler de vivienda, el monto máximo de comisión que se le puede requerir a los propietarios será el equivalente al cuatro con quince centésimos por ciento (4, 15%) del valor total del respectivo contrato. Se encuentra prohibido cobrar a los inquilinos que sean personas físicas comisiones inmobiliarias y gastos de gestoría de informes. El inmueble no es accesible para personas con discapacidades físicas.;800000;210000;Bonpland 2400;48;2;1;1;https://www.zonaprop.com.ar/propiedades/clasificado/alclapin-departamento-2-ambientes-duplex-palermo-48-m-sup2-58383836.html?n_src=Listado&n_pills=Lavadero&n_pg=2&n_pos=15;False;;;
zonaprop;palermo;Departamento;Alquiler dos ambientes con balcon - PalermoDos ambientes luminoso y espacioso con balcón. Cocina completa, con espacio de guardado, agua caliente individual y lavadero con conexión para lavarropas. Dormitorio espacioso con gran placard empotrado, Baño completo con ventilación natural. Cercano a la Av. Santa Fe y subte línea D. Contrato por dos años con ajuste trimestral según ipc. Expensas actualizadas a febrero: $150. 000__________________________________________________________________• Las medidas son aproximadas, las exactas surgen de la escritura traslativa de dominio. • El valor de las expensas corresponde al último mes en curso, las mismas podrán sufrir modificaciones de acuerdo el respectivo consorcio.;750000;150000;Guemes al 4700;52;2;1;1;https://www.zonaprop.com.ar/propiedades/clasificado/alclapin-departamento-en-alquiler-dos-ambientes-con-balcon-58312679.html?n_src=Listado&n_pills=Luminoso&n_pg=2&n_pos=16;False;;;
zonaprop;palermo;Departamento;[mel-Ver datos] Excelente departamento de 2 ambientes en edificio de 8 pisos, interno, de 42 m2 de superficie total, 38 m2 de superficie cubierta mas un balcón de 4 m2, luminoso, que comprende un living-comedor, cocina independiente con lavadero incorporado y un dormitorio con ventanal con persianas y excelente armario empotrado con generoso espacio de guardado. Encargado con vivienda en el edificio. Contrato 24 meses. Ajuste cuatrimestral por ipc. Garantía propietaria caba o Póliza de seguro de Caución. No se permiten mascotas. disponibilidad inmediata. Ambientes: Dormitorio (3. 3x2. 9) Servicios: Electricidad, Pavimento, Cloacas, Agua Corriente. Mel, 50 años concretando sueños. Nota importante/relevante: Las descripciones, fotos, medidas del inmueble, precios, valores de expensas, impuestos y servicios son aproximados y meramente orientativos, y no obligan contractualmente a Mel propiedades srl ni resultan vinculantes. Matriculados: Julia Mel Matricula Nº 52. María Eva Parada Matricula Nº 251. Raúl Mel Matricula Nº 883;450000;280000;Peña 2800;42;2;1;1;https://www.zonaprop.com.ar/propiedades/clasificado/alclapin-excelente-departamento-de-2-ambientes-57820444.html?n_src=Listado&n_pills=Encargado&n_pg=2&n_pos=17;False;;;
zonaprop;palermo;Departamento;Impecable 2 ambientes al frente con balcón corrido en Palermo chicoInmejorable ubicación, Cabello entre Scalabrini Ortiz y Salguero. A 1 cuadra de Av Las Heras con acceso a múltiples medios de transporte y rodeado de locales comercialesA 2 cuadras de Av LibertadorUbicado en un 5to piso al frente Amplio living comedor de generosas dimensiones con salida a balcón corrido Cocina independiente con ventilación natural, espacio para heladera y conexión para lavarropasDormitorio amplio con placard Baño completo No dudes en contactarnos!;700000;240000;Cabello al 3500;53;2;1;1;https://www.zonaprop.com.ar/propiedades/clasificado/alclapin-excelente-departamento-de-2-ambientes-al-frente-con-57791376.html?n_src=Listado&n_pills=Luminoso&n_pg=2&n_pos=18;False;;;
zonaprop;palermo;Departamento;Departamento dos ambientes. Hermoso dos ambientes en edificio con amenities en el corredor Godoy Cruz de PalermoEdificio modernoBalcón al contrafrenteLuminosoAmenities, laundry, sum, pileta, Solarium, etcSeguridad por Tótem y acceso biométrico;790000;320000;Godoy Cruz al 2300;48;2;1;1;https://www.zonaprop.com.ar/propiedades/clasificado/alclapin-departamento-en-palermo-58109342.html?n_src=Listado&n_pills=SUM&n_pg=2&n_pos=19;False;;;
zonaprop;palermo;Departamento;Departamento de 3 ambientes al frente con balcón, muy luminoso sobre Av Córdoba esquina Bulnes. Living de 4 x 4, 10 m, Balcón al frente de 3 x 1, 40 m2, Cocina de 1, 90 x 2 con lavadero incorporado, Dormitorio de 2 x 2, 80 m2 con placard, Dormitorio de 3 x3 con placard, Hall de distribución con 4 puertas de placares. Baño completo. Aire acondicionado en comedor y en los dos dormitorios. El departamento cuenta con 6 placares. Superficie 52 m2. Apto profesional. Alquiler $ 800. 000. - Expensas $ 316. 000. - (Enero 2026) Condiciones/Requisitos: - Depósito en Garantía U$S 800. - sin actualización o en pesos actualizable a valor de alquiler. - 1 mes adelantado de $ 800. 000. - - Contrato por 2 años con actualización trimestral x ipc (índice Precios Consumidor) - Seguro de caución o garantía propietaria Caba. - Ingresos comprobables. - Servicios a cargo del Inquilino: expensas ordinarias, luz, gas, agua y Abl/Agip. La información descripta en el presente aviso es meramente orientativa y no forma parte de ningún tipo de documentación contractual. Se deja constancia de que los valores y/o expensas pueden estar sujetas a verificación o ajuste. Matricula cucicba Nro. 4525. Lujo Propiedades. Medrano 121, caba. Ver datos. WhatsApp Ver datos;800000;316000;Av. Córdoba 3621;52;3;2;1;https://www.zonaprop.com.ar/propiedades/clasificado/alclapin-alquiler-3-ambientes-muy-luminoso-con-balcon-a-la-58357559.html?n_src=Listado&n_pills=Encargado&n_pg=2&n_pos=20;False;;;
zonaprop;palermo;Departamento;Palermo. Honduras entre Araoz y Julian Alvarez. Excelente departamento de dos ambientes al frente con amplio balcón. Living comedor, cocina americana con espacio para lavarropas, dormitorio con placard, baño completo y balcón. Aire acondicionado y estufas de tiro balanceado en living comedor y dormitorio. Apto vivienda/profesional. Expensas departamento $338. 875 (incluyen Aysa). Son 40 m2 cubiertos + 7 m2 de balcón = 47 m2 totales. Muy buena ubicación a una cuadra de Av. Scalabrini Ortiz, a tres cuadras de Av. Cordoba y a seis cuadras de Placita Serrano. La propiedad se alquila sin amoblar. Opcional alquilar cochera fija cubierta en pb. Alquiler departamento + cochera: $800. 000. - Expensas cochera $66. 122. Para los casos de alquiler de vivienda, el monto máximo de comisión que se le puede requerir a los propietarios será el equivalente al cuatro con quince centésimos por ciento (4, 15%) del valor total del respectivo contrato. Se encuentra prohibido cobrar a los inquilinos que sean personas físicas comisiones inmobiliarias. aviso legal: Las descripciones arquitectónicas y funcionales, valores de expensas, impuestos y servicios, fotos y medidas de este inmueble son aproximados. Los datos fueron proporcionados por el propietario y pueden no estar actualizados a la hora de la visualización de este aviso por lo cual pueden arrojar inexactitudes y discordancias con las que surgen de los las facturas, títulos y planos legales del inmueble. El interesado deberá realizar las verificaciones respectivas previamente a la realización de cualquier operación, requiriendo por sí o sus profesionales las copias necesarias de la documentación que corresponda. Corredor responsable: Daniel Armando Durante. Matricula C. U. C. I. C. B. A 444.;700000;338875;Honduras al 4400;47;2;1;1;https://www.zonaprop.com.ar/propiedades/clasificado/alclapin-excelente-depto-2-amb-al-frente-con-amplio-balcon-y-58287274.html?n_src=Listado&n_pills=Aire+acondicionado&n_pg=2&n_pos=21;False;1;;
zonaprop;palermo;Departamento;"Departamento 2 ambientes en PalermoPiso 2 al frente-living comedor con aire acondicionado split, parquet, persiana y balcon-Dormitorio, parquet con persiana, vista al aire y luz. Placard con interiores. -Baño Completo -Cocina independiente con salida al balcon lavadero. Cocina y calefón a gas-Conexión para lavarropasCondiciones del contrato: -Plazo 2 años. Actualización trimestral por ipc. -Mes de adelanto y deposito en garantía-Demostración de ingresos y garantía propietaria de caba o seguro de caucion Finaer. Para más información, llámanos ahora. Se aceptan pagos con Criptomonedas y financiacion disponible. Consultar posibilidades de cada propiedad. Se deja constancia que las medidas, superficies, y m2 consignados son aproximados, y fueron suministrados por los propietarios. Los detalles exactos surgiran del titulo de propiedad, sujetos a verificación por el interesado en adquirir o alquilar. El precio del Inmueble puede ser modificado sin previo aviso. Fotos de carácter no contractual. Aviso en preparacion. &quot;En cumplimiento de la ley 2340, Ley de la Prov de Bs As, Ley Nacional de lealtad comercial, Ley de defensa al consumidor, las normas del código civil y comercial de la Nación y Constitucionales, los agentes no ejercen corretaje Inmobiliario. Todas las Operaciones Inmobiliarias son objeto de intermediación y conclusión por parte de los martilleros y corredores colegiados, cuyos datos se exhiben debajo del nombre de la Inmobiliaria&quot;La Publicación de este Inmueble es a solo título informativo, pues la venta de la Propiedad está supeditada a que el Propietario cumplimente el trámite ante la afip para la obtención del n° de coti correspondiente, para dar cumplimiento a la resolución general nro. 2371 de afip. Los datos exactos constan en los correspondientes documentos legales, los cuales se encuentran disponibles. Las propiedades ofrecidas no incluyen mobiliario salvo que se especifique que si. Ley 5859 Art. 4 Para los casos de alquiler de vivienda, el monto máximo de comisión que se le puede requerir a los propietarios será el equivalente al cuatro con quince centésimos por ciento (4, 15%) del valor total del respectivo contrato. Se encuentra prohibido cobrar a los inquilinos que sean personas físicas comisiones inmobiliarias y gastos de gestoría de informes. Art. 5 “Se encuentra prohibido cobrar comisiones inmobiliarias y gastos de gestoría de informes a los inquilinos que sean personas físicas. Para los casos de alquiler de vivienda, el monto máximo de comisión que se le puede requerir a los propietarios será el equivalente al cuatro con quince centésimos por ciento (4, 15%) del valor total del respectivo contrato”. Todos los derechos reservados. infinit realty &#x2122; R V A. Conforme Ley 2340 subsiguientes y concordantes se hace saber debida inscripción C. P. I. 6 6 6 9. Convenios de colaboracion con colegas profesionales internacionales se aplican de conformidad con la legislacion vigente.";650000;137000;Bulnes al 1600;35;2;1;1;https://www.zonaprop.com.ar/propiedades/clasificado/alclapin-palermo-alquiler-dos-ambientes-balcon-58243207.html?n_src=Listado&n_pills=SUM&n_pg=2&n_pos=22;False;;;
zonaprop;palermo;Departamento;Departamento 2 ambientes al frente con balcón Palermo. Se alquila cómodo y luminoso departamento de 2 ambientes, ubicado al frente, con balcón ideal para disfrutar del aire libre. Excelente ubicación en Palermo, con fácil acceso a medios de transporte, comercios, bares y espacios verdes. Ideal para vivienda permanente. Comercializa Migliorisi, Profesional responsable Pablo Sebastian Migliorisi cpi 2674. Ver datos Se deja constancia que las caracteristicas, medidas, expensas y superficies consignadas son aproximadas, sujetos a verificación y/o ajuste. El precio del inmueble puede ser modificado sin previo aviso. Fotos de carácter no contractual. Las unidades publicadas están sujetas a disponibilidad. . Publicado por Migliorisi Palermo a traves de Inmomap;500000;100000;MALABIA 2100;40;2;1;1;https://www.zonaprop.com.ar/propiedades/clasificado/alclapin-departamento-de-2-ambientes-en-alquiler-en-palermo-58164995.html?n_src=Listado&n_pg=2&n_pos=23;False;;;
zonaprop;palermo;Departamento;2 ambientes amplios. Muy Luminoso. Dormitorio, cocina y living comedor al frente con balcon y baño completo. A 3 cuadras del Alto Palermo y de la estacion Bulnes de la linea D.;550000;97000;2 ambientes amplios. Muy Luminoso. Dormitorio, cocina y living comedor al frente con balcon y baño completo. A 3 cuadras del Alto Palermo y de la estacion Bulnes de la linea D.;40;2;1;1;https://www.zonaprop.com.ar/propiedades/clasificado/alclappa-dueno-directo-alquila-56130816.html?n_src=Listado&n_pills=Permite+mascotas&n_pg=2&n_pos=24;False;;;
zonaprop;palermo;Departamento;Corredor Responsable: rmx 1 sas - Lucas Norman cucicba 8008 / cmcpsi 6743- Contacto: Vanesa Camozzi. alquiler departamento en palermo. 2 ambientes con balcon cerrado en primer piso contrafrente con detalles de categoría en el departamento y en edificio. excelente iluminacion, listo para ingresar! Se encuentra en excelente estado. El departamento cuenta con 53 m2 totales: - Cocina semi integrada, artefacto a gas, barra posible uso como desayunador y conexión de lavarropas. - Amplio ambiente con salida al balcon cerrado de 10 m2. - Dormitorio con placard de piso a techo. - Baño completo. El departamento cuenta con: Calefacción por radiadores y Agua caliente por caldera dual individual. Preinstalacion para aire acondicionado(en caso que el inquilino quiera colocar uno) El edificio cuenta con amenities: Pileta. Laundry. Ubicado a metros de Av Cordoba, con acceso rápido de ingreso y salida de la Ciudad o hacia zona Centro. Cercanía a Sanatorio Güemes, buena conectividad de medios de transporte. Punto estratégico de la ciudad, excelentes accesos y líneas de colectivos. Condiciones de alquiler: • 1 mes de deposito en dolares. • 1 mes adelanto de alquiler. • seguro de caucion O garantia de caba. • contrato A dos años con ajuste trimestral por ipc. • no acepta mascotas. Listo para mudarte! Veni a verlo!! Rau S. R. L. No ejerce el corretaje inmobiliario. El presente sitio web es una plataforma en donde cada oficina inmobiliaria independiente que contrata los servicios re/max puede publicar las propiedades a su cargo. Cada oficina es de propiedad y gestión independiente, por lo que rau S. R. L. No interviene en los datos de la publicación, en la operación inmobiliaria, ni en la confección y/o firma del boleto de compraventa y/o escritura y/o contrato de alquiler. En cumplimiento de las leyes vigentes que regulan el corretaje inmobiliario, Ley Nacional 25. 028, Ley 22. 802 de Lealtad Comercial, Ley 24. 240 de Defensa al Consumidor, las normas del Código Civil y Comercial de la Nación y Constitucionales, los agentes/gestores no ejercen el corretaje inmobiliario. Todas las operaciones inmobiliarias son objeto de intermediación y conclusión por parte del corredor público inmobiliario colegiado a cargo de la publicación, cuyos datos se exhiben en la presente. La presente publicación describe las características esenciales del inmueble, debiéndose consultar al corredor público inmobiliario responsable de la operación por la eventual actualización de las medidas, descripciones arquitectónicas y funcionales, valores de expensas, servicios, impuestos, precios y demás información, cuyos valores son aproximados. Para los casos de alquiler de vivienda, el monto máximo de comisión que se le puede requerir a los propietarios será el equivalente al cuatro con quince centésimos por ciento (4, 15%) del valor total del respectivo contrato. Se encuentra prohibido cobrar a los inquilinos que sean personas físicas comisiones inmobiliarias y gastos de gestoría de informes. El inmueble no es accesible para personas con discapacidades físicas.;800000;208000;Estado de Palestina 1100;53;2;1;1;https://www.zonaprop.com.ar/propiedades/clasificado/alclapin-alquiler-departamento-2-ambientes-palermo-58061093.html?n_src=Listado&n_pills=Laundry&n_pg=2&n_pos=25;False;;;
zonaprop;palermo;Departamento;2 ambientes con balcon - alquiler palermoedificio de 7 años de antiguadad, Excelente estado! Living con balcón al frente. El departamento posee cocina integrada con isla y espacio para lavarropas en balcón. Dormitorio con placard y salida a un segundo bacón privado al contra frente. Muy luminoso,! Orientacion Oeste, Dormitorio con placard. Agua caliente central, preinstalación para aire acondicionado. Excelente ubicación! A 50 mts de Av Cordoba. requisitos: 1 mes de adelanto1 mes de depositoseguro de caucion finaercontrato 24 meses con actualizacion cuatrimestral por ipc. - Ley 5115: excepto que en la descripción de la propiedad se indique lo contrario, el edificio puede no contar con rampa para personas con movilidad reducida, y no ser Accesible para personas con discapacidades físicas. - Las Medidas y fotos son aproximadas y meramente orientativas. Los valores de expensas y servicios son los demostrados por el propietario al momento de la tasación, pudiendo variar en el tiempo. - Mat cucicba 3968. alquileres: ley caba N° 5859Para los casos de alquiler de vivienda, el monto máximo de comisión que se le puede requerir a los propietarios será el equivalente al cuatro con quince centésimos por ciento (4, 15%) del valor total del respectivo contrato. Se encuentra prohibido cobrar comisiones inmobiliarias y gastos de gestoría de informes a los inquilinos que sean personas físicas.;700000;260000;Estado de Palestina 1100;41;2;1;1;https://www.zonaprop.com.ar/propiedades/clasificado/alclapin-alquiler-departamento-2-ambientes-al-frente-con-58279025.html?n_src=Listado&n_pills=Luminoso&n_pg=2&n_pos=26;False;;;
zonaprop;palermo;Departamento;Departamento en alquiler en Palermo Viejo, con una superficie total de 40 m². Este acogedor departamento ofrece 2 ambientes bien distribuidos, ideal para una persona o una pareja. Cuenta con 1 dormitorio y 1 baño. La propiedad se encuentra en un edificio con 28 años de antigüedad. A metros de la plaza serrano. El departamento cuenta con un balcón, perfecto para disfrutar del aire libre. Palermo Viejo es una zona vibrante y llena de vida, con una amplia oferta gastronómica, cultural y comercial. A pocos metros se encuentran numerosos restaurantes, bares, tiendas de diseño y galerías de arte. La zona cuenta con excelente conectividad, con varias líneas de colectivo y estaciones de subte cercanas, facilitando el acceso a otros puntos de la ciudad. Además, se encuentra cerca de importantes centros educativos y de salud. Palermo Viejo es un barrio ideal para aquellos que buscan un estilo de vida dinámico y conectado con la cultura porteña tel Ver datos;600000;90000;Honduras 5100;40;2;1;1;https://www.zonaprop.com.ar/propiedades/clasificado/alclapin-alquiler-departamento-2-ambientes-fte-bcon-a-m-plaza-57558464.html?n_src=Listado&n_pg=2&n_pos=27;False;;;
zonaprop;palermo;Departamento;Corredor Responsable: Hernan Perrone cucicba 2792 / mgr 170- Contacto: Claudio Gómez Fernández. 2 Ambientes en Alquiler | Balcón | Excelente Conectividad – Palermo. Departamento de 2 ambientes en 4º piso al contrafrente, ubicado sobre Jorge Newbery entre Zapata y Ciudad de la Paz, en una de las zonas más buscadas por su accesibilidad y entorno urbano. La unidad cuenta con 41 m², se presenta en muy buen estado y ofrece una distribución funcional y luminosa. Living comedor con cocina integrada, equipada con barra desayunadora, muebles de guardado y cocina a gas. Dormitorio con placard y salida a un lindo balcón. Baño amlipo y completo. El departamento es silencioso, con buena luz natural y pisos de parquet en excelente estado. No apto mascotas. Ubicación estratégica con excelente movilidad: a metros de Av. Cabildo, Av. Federico Lacroze y Av. Luis María Campos. Cercano a Subte Línea D, estación Colegiales del Ferrocarril Mitre y numerosas líneas de colectivo que conectan rápidamente con Palermo, Belgrano, Microcentro y zona norte. Ideal para quienes buscan comodidad, conectividad y calidad de vida. Rau S. R. L. No ejerce el corretaje inmobiliario. El presente sitio web es una plataforma en donde cada oficina inmobiliaria independiente que contrata los servicios re/max puede publicar las propiedades a su cargo. Cada oficina es de propiedad y gestión independiente, por lo que rau S. R. L. No interviene en los datos de la publicación, en la operación inmobiliaria, ni en la confección y/o firma del boleto de compraventa y/o escritura y/o contrato de alquiler. En cumplimiento de las leyes vigentes que regulan el corretaje inmobiliario, Ley Nacional 25. 028, Ley 22. 802 de Lealtad Comercial, Ley 24. 240 de Defensa al Consumidor, las normas del Código Civil y Comercial de la Nación y Constitucionales, los agentes/gestores no ejercen el corretaje inmobiliario. Todas las operaciones inmobiliarias son objeto de intermediación y conclusión por parte del corredor público inmobiliario colegiado a cargo de la publicación, cuyos datos se exhiben en la presente. La presente publicación describe las características esenciales del inmueble, debiéndose consultar al corredor público inmobiliario responsable de la operación por la eventual actualización de las medidas, descripciones arquitectónicas y funcionales, valores de expensas, servicios, impuestos, precios y demás información, cuyos valores son aproximados. Para los casos de alquiler de vivienda, el monto máximo de comisión que se le puede requerir a los propietarios será el equivalente al cuatro con quince centésimos por ciento (4, 15%) del valor total del respectivo contrato. Se encuentra prohibido cobrar a los inquilinos que sean personas físicas comisiones inmobiliarias y gastos de gestoría de informes. El inmueble no es accesible para personas con discapacidades físicas.;650000;250000;Avenida Jorge Newbery 2500;41;2;1;1;https://www.zonaprop.com.ar/propiedades/clasificado/alclapin-departamento-2-amb-en-alquiler-en-palermo-luminoso-58310374.html?n_src=Listado&n_pg=2&n_pos=28;False;;;
zonaprop;palermo;Departamento;Atencion: Esta oferta se encuentra reservada. 2 ambientes lateral, luminoso con balcón. En el último piso, hay una terraza para tendedero, pisos de parquet, baño completo y cocina! Agua por calefón, sin estufa. Ley 5859. Art 5. Se encuentra prohibido cobrar comisiones inmobiliarias y gastos de gestoria de informes a los inquilinos que sean personas físicas. Para los casos de alquiler de vivienda, el monto máximo de comisión que se le puede requerir a los propietarios será el equivalente al cuatro con quince centésimos por ciento (4, 15%) del valor total del respectivo contrato. Ley 5115. Rampa de acceso. Accesibilidad. No posee. Mat. Cpi 595. Living: 5. 2 x 3. 2 | Cocina: 2 x 1, 6 | Dormitorio: 3 x 2. 8 | Lavadero: 2 x 1 | Superficie de balcones: 2. oferta provista por topinmobiliario. com - codigo: bli2837;500000;95000;ARAOZ 1800;35;2;1;1;https://www.zonaprop.com.ar/propiedades/clasificado/alclapin-departamento-2-ambientes-palermo-viejo-capital-58206999.html?n_src=Listado&n_pills=Terraza&n_pg=2&n_pos=29;False;;;
zonaprop;palermo;Departamento;Corredor Responsable: andrea oliveri csi 6401 / cucicba 7190- Contacto: Melina Maccario. El equipo de Remax Rio te ofrece este departamento de 2 ambientes, con una distribución funcional y un balcón que aseguran aire y luz todo el día. Ubicación premium en Palermo: Ubicado a metros de Plaza Las Heras, en una de las zonas más buscadas, este departamento se caracteriza por su excelente ventilación natural y funcionalidad. Características del departamento: Living comedor cómodo y luminoso con balcón, ideal para disfrutar del aire y la luz natural. Cocina, con buen espacio de guardado. Dormitorio con placard y ventanal, asegurando tranquilidad y circulación de aire. Baño completo. Ambientes bien proporcionados.. Excelente conectividad con: Subte Línea D, a una cuadra. Numerosas líneas de colectivos. Rápido acceso a avenidas principales y zonas clave de caba. Entorno urbano ideal: Rodeado de comercios, restaurantes, cafés, supermercados y servicios, en un entorno residencial con espacios verdes y movimiento urbano equilibrado. Requisitos: - ingresos demostrabales que tripliquen el valor del alquiler. - aumento trimestral por ipc. - seguro de caucion - fincos/garantor/finaer. - mes de adelanto. - mes de deposito. - sin mascotas. Expensas corresponden a enero 2026. Aviso legal: Los datos, medidas y demás circunstancias son orientativos y están sujetos a revisión y/o verificación. Para los casos de alquiler de vivienda, el monto máximo de comisión que se le puede requerir a los propietarios será el equivalente al cuatro con quince centésimos por ciento (4, 15%) del valor total del respectivo contrato. Se encuentra prohibido cobrar a los inquilinos que sean personas físicas comisiones inmobiliarias y gastos de gestoría de informes. Rau S. R. L. No ejerce el corretaje inmobiliario. El presente sitio web es una plataforma en donde cada oficina inmobiliaria independiente que contrata los servicios re/max puede publicar las propiedades a su cargo. Cada oficina es de propiedad y gestión independiente, por lo que rau S. R. L. No interviene en los datos de la publicación, en la operación inmobiliaria, ni en la confección y/o firma del boleto de compraventa y/o escritura y/o contrato de alquiler. En cumplimiento de las leyes vigentes que regulan el corretaje inmobiliario, Ley Nacional 25. 028, Ley 22. 802 de Lealtad Comercial, Ley 24. 240 de Defensa al Consumidor, las normas del Código Civil y Comercial de la Nación y Constitucionales, los agentes/gestores no ejercen el corretaje inmobiliario. Todas las operaciones inmobiliarias son objeto de intermediación y conclusión por parte del corredor público inmobiliario colegiado a cargo de la publicación, cuyos datos se exhiben en la presente. La presente publicación describe las características esenciales del inmueble, debiéndose consultar al corredor público inmobiliario responsable de la operación por la eventual actualización de las medidas, descripciones arquitectónicas y funcionales, valores de expensas, servicios, impuestos, precios y demás información, cuyos valores son aproximados. Para los casos de alquiler de vivienda, el monto máximo de comisión que se le puede requerir a los propietarios será el equivalente al cuatro con quince centésimos por ciento (4, 15%) del valor total del respectivo contrato. Se encuentra prohibido cobrar a los inquilinos que sean personas físicas comisiones inmobiliarias y gastos de gestoría de informes. El inmueble no es accesible para personas con discapacidades físicas.;650000;157560;Arenales 3400;34;2;1;1;https://www.zonaprop.com.ar/propiedades/clasificado/alclapin-departamento-dos-ambientes-en-alquiler-en-palermo-58380305.html?n_src=Listado&n_pg=2&n_pos=30;False;;;
zonaprop;palermo;Departamento;Dueño alquila departamento muy bien ubicado Y muy luminoso, con balcón, A la calle, aire acondicionado. Cocina Y baño completos, alfombra y cortinas en el dormitorio;750000;250000;Cabello 3400;50;2;1;1;https://www.zonaprop.com.ar/propiedades/clasificado/alclappa-dueno-alquila-departamento-muy-luminoso-y-bien-ubicado-56968959.html?n_src=Listado&n_pills=Encargado&n_pg=3&n_pos=1;False;;;
zonaprop;palermo;Departamento;Muy lindo 2 amb, contrafrente interno. 5º Piso lateral. Super luminoso! Excelente ubicación, cerca de Subte y Avenidas. Living con balcon frances. Dormitorio amplio. Baño completo. Cocina amplia, separada y luminosa con lavadero independiente. No acepta mascotas. Para visitas no dudes en contactar. WhatsApp: Ver datos;650000;115720;Charcas 3748;50;2;1;2;https://www.zonaprop.com.ar/propiedades/clasificado/alclapin-muy-lindo-dos-ambientes-en-palermo-58318493.html?n_src=Listado&n_pills=Lavadero&n_pg=3&n_pos=2;False;;;
zonaprop;palermo;Departamento;En alquiler monoambiente dividido en Palermo. Muy bien ubicado sobre la calle Fray Justo Santa María de Oro entre Av. Santa Fe y Güemes. La unidad consta de un ambiente dividido, con cocina integrada equipada con alacenas y bajo-mesada y gas natural, baño completo y balcón. Muy luminoso. Aysa y metrogas incluidos en expensas. El edificio cuenta con LaundryRequisitos de ingreso: -Mes de adelanto ($630. 000) . --Mes de depósito ($630. 000) . --Garantía propietaria o seguro de Caución. -- Cuota de seguro de incendio anual. -- Contrato a 2 años con aumentos trimestrales por ipc;630000;245000;Oro al 2400;36;2;1;1;https://www.zonaprop.com.ar/propiedades/clasificado/alclapin-departamento-palermo-58266210.html?n_src=Listado&n_pills=Aire+acondicionado&n_pg=3&n_pos=3;False;;;
zonaprop;palermo;Departamento;Hermoso dpto tipo loft en la zona de palermo con excelente ubicación. Entre las calles Bonpland y Angel J Carranza, a poca distancia de Av Santa Fe, Av Luis maria Campos, Av Juan B Justo, zonas con comercios cercanas, Distrito Arcos, Plaza Italia, Plaza Serrano y mucho mas! Subte linea D estacion Palermo, metrobus, Tren Linea mitre y accesos varios. En cuanto al departamento se desarrolla en 2 plantas ubicadas en el 3 y 4 piso (el edificio cuenta con ascensor). En su primer planta se encuentra un amplio living comedor, cocina semi-integrada, toilette de recepcion, balcon (3 metros) y aire acondicionado f/c junto con una estufa a gas. Agua caliente por calefon. Por otra parte, en su segunda planta se encuentra la habitacion con baño completo, placard y aire acondicionado f/c. Nota: Las medidas, superficies y detalles consignadas en el presente folleto son aproximados y al solo efecto orientativo. Las medidas originales surgirán del título de propiedad respectivo. En alquiler de vivienda, el monto máximo de honorarios que se le puede requerir A los propietarios será el equivalente al cuatro con quince centésimos por ciento (4, 15%) del valor total del respectivo contrato. Se encuentra prohibido cobrar honorarios inmobiliarias Y gastos de gestoría de informes A los inquilinos, en el caso de personas físicas. Cómo gestionar la visita al inmueble: Nos escribe (enviar un mensaje whatsapp) y allí coordina con un asesor el cual le estará confirmando la visita o bien informando días y horarios disponibles para realizar la misma. Informar su nombre y apellido para hacer contacto. Para novedades O para estar informados de las nuevas propiedades seguinos en instagram, allí publicamos todo: @petribienesraicesmatricula: cucicba-686;750000;450000;Soler 5783;77;2;1;1;https://www.zonaprop.com.ar/propiedades/clasificado/alclapin-loft-en-alquiler-c-excelente-ubicacion-58252695.html?n_src=Listado&n_pills=Lavadero&n_pg=3&n_pos=4;False;;;
zonaprop;palermo;Departamento;#billinghurst Y peña 13ºbcon calle 2amb# piso alto super lumnoso y vista abierta con balcón al frente. oferta provista por topinmobiliario. com - codigo: ofa938;750000;160000;Billinghurts 2300;43;2;1;1;https://www.zonaprop.com.ar/propiedades/clasificado/alclapin-billinghurst-y-pena-13-bcon-calle-2amb-58151292.html?n_src=Listado&n_pg=3&n_pos=5;False;;;
zonaprop;palermo;Departamento;Corredor Responsable: Mariano Aufseher cpi 4251 / Francisco Aufseher cmzc 600- Contacto: Natalia Strina. Muy linda unidad de 2 ambientes en Córdoba entre Mario Bravo y Bulnes. Entramos al departamento y nos encontramos al frente con el living comedor muy luminoso con balcón lateral, a la derecha contamos con la cocina completa con microondas, tostadora, cafetera y todos los utensillos. La habitación es muy aireada ya que posee una ventana que dá al balcón interno, equipada con cama de dos plazas posee placard muy amplio, el baño en los tonos celestes, es completo con bañadera. El estado general es excelente. El departamento posee vajilla y blanquería, calefacción por estufa de tiro balanceado. Aire acondicionado frio. El departamento se alquila amoblado Y equipado, no se aceptan mascotas. Excelente ubicación, fluidez de tránsito, muy cerca de todas las sedes de Universidad de Palermo. Colectivos: 19, 26, 29, 36, 39, 90, 92, 99, 106, 109, 111, 127, 128, 140, 151, 160, 188. Alquiler tradicional por 24 meses. Todos los servicios corren por cuenta del inquilino, no están incluidos en el valor de alquiler. Expensas aproximadas a Diciembre de 2025 $ 135. 000. Requisitos: Mes de deposito. Mes adelantado. Ingresos comprobables. Garantía propietaria de caba ó seguro de Fianza Garantor únicamente. Gastos de informes. Para los casos de alquiler de vivienda, el monto máximo de comisión que se le puede requerir a los propietarios será el equivalente al cuatro con quince centésimos por ciento (4, 15%) del valor total del respectivo contrato. Se encuentra prohibido cobrar comisiones inmobiliarias y gastos de gestoría de informes a los inquilinos, en el caso de ser personas físicas. Los metros aquí publicados son aproximados. Los reales surgen de la escritura. Esta publicidad respeta lo establecido en el art. 4 y 8 de la ley 24. 240. En cumplimiento de las leyes provinciales vigentes que regulan el corretaje inmobiliario, Ley Nacional 25. 028, Ley 22. 802 de Lealtad Comercial, Ley 24. 240 de Defensa al Consumidor, las normas del Código Civil y Comercial de la Nación y Constitucionales, los agentes no ejercen el corretaje inmobiliario. Todas las operaciones inmobiliarias son objeto de intermediación y conclusión por parte de los martilleros y corredores colegiados, cuyos datos se exhiben debajo del nombre de la inmobiliaria. Rau S. R. L. No ejerce el corretaje inmobiliario. El presente sitio web es una plataforma en donde cada oficina inmobiliaria independiente que contrata los servicios re/max puede publicar las propiedades a su cargo. Cada oficina es de propiedad y gestión independiente, por lo que rau S. R. L. No interviene en los datos de la publicación, en la operación inmobiliaria, ni en la confección y/o firma del boleto de compraventa y/o escritura y/o contrato de alquiler. En cumplimiento de las leyes vigentes que regulan el corretaje inmobiliario, Ley Nacional 25. 028, Ley 22. 802 de Lealtad Comercial, Ley 24. 240 de Defensa al Consumidor, las normas del Código Civil y Comercial de la Nación y Constitucionales, los agentes/gestores no ejercen el corretaje inmobiliario. Todas las operaciones inmobiliarias son objeto de intermediación y conclusión por parte del corredor público inmobiliario colegiado a cargo de la publicación, cuyos datos se exhiben en la presente. La presente publicación describe las características esenciales del inmueble, debiéndose consultar al corredor público inmobiliario responsable de la operación por la eventual actualización de las medidas, descripciones arquitectónicas y funcionales, valores de expensas, servicios, impuestos, precios y demás información, cuyos valores son aproximados. Para los casos de alquiler de vivienda, el monto máximo de comisión que se le puede requerir a los propietarios será el equivalente al cuatro con quince centésimos por ciento (4, 15%) del valor total del respectivo contrato. Se encuentra prohibido cobrar a los inquilinos que sean personas físicas comisiones inmobiliarias y gastos de gestoría de informes. El inmueble no es accesible para personas con discapacidades físicas.;600000;135000;Córdoba 3500;43;2;1;1;https://www.zonaprop.com.ar/propiedades/clasificado/alclapin-departamento-2-amb-en-palermo-amoblado-y-equipado-58199679.html?n_src=Listado&n_pills=Aire+acondicionado&n_pg=3&n_pos=6;False;;;
zonaprop;palermo;Departamento;Departamento de 2 ambientes en Bulnes 1826, Palermo. La unidad cuenta con living comedor con salida al balcón, cocina independiente, dormitorio luminoso y baño completo. Ubicación. Situado en el barrio de Recoleta/Alto Palermo, a metros de Av. Santa Fe y cercano a Av. Córdoba, con acceso inmediato a comercios, restaurantes, universidades y centros de salud. Transporte. - Subte: Estación Bulnes (Línea D) a pocos pasos, con conexión directa hacia el centro y Belgrano. - Colectivos: Líneas que circulan por Av. Santa Fe y alrededores, incluyendo 12, 29, 39, 64, 68, 152, 188, entre otras. - Trenes: cercanía con estaciones de las líneas San Martín y Sarmiento desde Once y Palermo.;600000;125000;Bulnes 1800;36;2;1;1;https://www.zonaprop.com.ar/propiedades/clasificado/alclapin-departamento-2-ambientes-palermo-58314955.html?n_src=Listado&n_pg=3&n_pos=7;False;;;
zonaprop;palermo;Departamento;Requisitos. Aumentos cada 3 meses X ipc caba. Garantía caba familiar directo o seguro de alquiler. 1 mes de depósito en usd. Mes adelantado. Pago expensas y abl. Alquiler apto Profesional sobre Av. Santa Fe al 5000. Luminoso departamento 2 Ambientes (interno) con balcón francés. 1 dormitorio con placard. Living comedor, Cocina con muebles bajos mesada y alacenas. Lavadero independiente. Hall intimo con placard. Baño completo con bañadera. Pisos de parquet plastificado. Apto Profesional. Expensas con agua incluida. Ubicado a metros del subte D - Tren Metro Bus y todos los medios de comunicación. Cercano a las Cañitas, y todo el ofrecimiento gastronomico de la zona de Palermo. Agua caliente central incluida en expensas. Expensas. abl. disponible ya. Transportes Cercanos. Colectivos: 12, 15, 29, 39, 41, 55, 57, 59, 60, 64, 67, 68, 93, 95, 108, 111, 118, 152, 161, 194. Subtes (Metro): ministro carranza (Línea D) Trenes: Ministro Carranza (mitre) Para verlo enviar mensaje a Ver datos;579999;149000;av Santa fe 5167;33;2;1;1;https://www.zonaprop.com.ar/propiedades/clasificado/alclapin-alquiler-2-ambientes-en-palermo-47648214.html?n_src=Listado&n_pills=Permite+mascotas&n_pg=3&n_pos=9;False;;;
zonaprop;palermo;Departamento;Departamento en Alquiler de 2 ambientes en Palermo - Las Cañitas. La planta tiene una excelente disposición con frente y contrafrente muy luminoso. Al Frente: Living comedor y cocina integrada con barra desayunador, con salida a amplio balcón. Al contrafrente: El dormitorio muy confortable con placard, silencioso. Baño completo con bañera, inodoro +bidet. Excelente ubicación a metros de Av. L. M. Campos, del Solar de la Abadía, a una cuadra de Av. Del Libertador. Su ubicación es estratégica por la conectividad de líneas de buses y próxima a estación de trenes. Rodeada de gran oferta gastronómica: salón de te, restaurantes, y todos los servicios necesarios: farmacias, bancos, cajeros, etc. Próximo a barrancas de Belgrano para disfrutar de espacios verdes. Y también de bosques de palermo. Requisitos. * Ingresos demostrables que tripliquen el valor locativo, antigüedad laboral mínima de 1 año. * Garantía propietaria de caba de inmueble equivalente o Seguro de Caución. * Para ingresar se abonará 1 mes por adelantado y 1 mes de depósito en garantía en U$S. * Contrato por 2 años actualizado trimestralmente por ipc.;800000;280000;Zabala 1600;58;2;1;1;https://www.zonaprop.com.ar/propiedades/clasificado/alclapin-departamento-en-alquiler-de-2-ambientes-en-palermo-58377304.html?n_src=Listado&n_pills=Aire+acondicionado&n_pg=3&n_pos=10;False;;;
zonaprop;palermo;Departamento;Excelente departamento de 2 ambientes, al frente, con balcón y una superficie total de 61 m². Ambientes amplios, muy luminosos y de cómoda distribución. Ubicado a solo 1 cuadra de Plaza Las Heras, a 2 cuadras del Jardín Botánico, y próximo a Av. Coronel Díaz, Av. Santa Fe y Av. Del Libertador, con excelente conectividad y cercanía a comercios y espacios verdes. Ideal para vivir en una de las mejores zonas de Palermo. Eduardo Casasnovas Matrícula cucicba 6952, cmcpsi 5870 Teléfonos de contacto Ver datos Ver datos. Todas las propiedades que figuran en esta publicación se encuentran a cargo del profesional matriculado Eduardo Casasnovas, Matrícula cucicba 6952, cmcpsi 5870 por lo tanto la intermediación y la conclusión de las operaciones serán llevadas exclusivamente por él. En cumplimiento de la Ley 10. 973 de la Provincia de Buenos Aires, Ley Nacional 25. 028, Ley Nacional 20. 266, Ley 22. 802 de Lealtad Comercial, Ley 24. 240 de Defensa al Consumidor, las normas del Código Civil y Comercial de la Nación y Constitucionales, los asesores o agentes no ejercen el corretaje inmobiliario. Todas las operaciones inmobiliarias son objeto de intermediación y conclusión por parte del martillero y corredor colegiado, cuyos datos se exhiben en el nombre de la inmobiliaria. Ley 5115: excepto que en la descripción de la propiedad se indique lo contrario, el edificio puede no contar con rampa para personas con movilidad reducida, y no ser Accesible para personas con discapacidades físicas. Venta sujeta a la obtención del coti por parte del propietario. Las medidas son aproximadas, las reales surgen del título o plano de mensura. Las reservas se toman exclusivamente en la inmobiliaria con el matriculado cucicba 6952, cmcpsi 5870;790000;170000;Avenida Las Heras 3786;61;2;1;1;https://www.zonaprop.com.ar/propiedades/clasificado/alclapin-alquiler-en-palermo-amplio-2-ambientes-al-frente-con-57909269.html?n_src=Listado&n_pills=Lavadero&n_pg=3&n_pos=11;False;;;
zonaprop;palermo;Departamento;"2 amb con balcon terraza al frente - muy luminoso - living comedor - cocina aparte A gas - lavadero separado -dormitorio con placard - baño completo -40m2 cubiertos17m2 descubiertosExpensas: $160. 000abl: $14. 000Aysa: $20. 000Requisitos: Garantía con propiedad inmueble en CabaDemostración de ingresos1 mes de adelanto1 mes de deposito&quot;Para los casos de alquiler de vivienda, el monto máximo de comisión que se le puede requerir a los propietarios será el equivalente al cuatro con quince centésimos por ciento (4, 15%) del valor total del respectivo contrato. Se encuentra prohibido cobrar a los inquilinos que sean personas físicas comisiones inmobiliarias y gastos por gestoría de informes. &quot;(Art. 4 - Ley 5859) &quot;El edificio no cuenta con accesibilidad para personas con movilidad reducida&quot;(Ley 5115 C. A. B. A.) cucicba N. M. 6657fb Negocios InmobiliariosAv. Forest 384 / tel. Ver datosHorario Telefónico: Lunes a Viernes: 11 hs. A 17 hs. Whatsapp: Ver datoswww. fbnegociosinmobiliarios. com. arInstagram: @fbneginmobiliariosFacebook: fb Negocios Inmobiliarios";750000;140000;Soler al 3600;57;2;1;1;https://www.zonaprop.com.ar/propiedades/clasificado/alclapin-2-amb-con-balcon-terraza-muy-luminoso-58164459.html?n_src=Listado&n_pills=Encargado&n_pg=3&n_pos=12;False;;;
zonaprop;palermo;Departamento;Excelente 2 ambientes con balcón al frente en ubicación privilegiadaCómodo departamento de 2 ambientes con balcón al frente, muy luminoso y con excelente distribución. Cuenta con pisos de maderaCocina integrada con muebles completosBaño completo Aire acondicionado en el dormitorio. Ubicado en una zona inmejorable, con excelentes accesos y cercanía a comercios, transporte y servicios. Acepta gatoContrato por 2 añosAjuste cada 4 meses por ipc (indice precios al consumidor) Garantia propietario y/o Seguro de caución1 mes Adelanto1 mes de deposito en pesos. Bienvende amelia claro maria fernanda fernandez claro cucicba 3235* Toda la información y medidas provistas son aproximadas y deberán ratificarse con la documentación pertinente y no compromete contractualmente a nuestra empresa. Los gastos expresados (expensas, abl, Aysa, entre otros) se refieren a la última información recabada y podrán ser revisados y confirmados a solicitud del interesado ante cualquier negociación **no Accesible personas con movilidad reducida (ley 5115) *;500000;210000;Santa Maria de Oro al 2500;34;2;1;1;https://www.zonaprop.com.ar/propiedades/clasificado/alclapin-alquiler-departamento-2-ambientes-al-frente-palermo-58226720.html?n_src=Listado&n_pills=Luminoso&n_pg=3&n_pos=13;False;;;
zonaprop;palermo;Departamento;En un 6to piso al contrafrente se encuetnra este cómodo y luminoso departamento de 2 ambientes. Dormitorio con vestidor y baño en suite. Living comedor con cocina integrada y salida al balcón. Toilette. Amplia cochera fija y cubierta. Edificio con vigilancia 24 hs. Pileta.;700000;570000;Godoy Cruz 2973;42;2;1;2;https://www.zonaprop.com.ar/propiedades/clasificado/alclapin-2-amb-a-silencioso-contrafrente.-dormitorio-con-bano-57852296.html?n_src=Listado&n_pills=Laundry&n_pg=3&n_pos=14;False;1;;
zonaprop;palermo;Departamento;Excelente departamento en gran ubicacion. Accesibilidad Y conectividad. Shoppings, subte av santa fe, omnibus, colegios etc. A metros iglesia de guadalupe Y plaza guemes. Balcon. Cormitorio con placard. Muy buena cocina con lavadero incorporado.;700000;190000;Paraguay 3827;42;2;1;1;https://www.zonaprop.com.ar/propiedades/clasificado/alclapin-palermo-2-ambientes-frente-balcon-apto-luminoso-57921174.html?n_src=Listado&n_pills=Lavadero&n_pg=3&n_pos=15;False;;;
zonaprop;palermo;Departamento;Alquiler Departamento 2 Ambientes en Palermo. Oportunidad! Medidas: 31 mts totales. Descripción de la propiedad: º la propiedad se encuentra en el 11 piso. Vista abierta!! º se ingresa A la propiedad por el living luminoso, al final del mismo esta el ventanal con acceso al balcon frances con hermosa vista abierta. º cocina con alacena Y bajo mesada. Horno A gas en funcionamiento. º la habitacion principal, tiene un gran placard. º baño completo con bañera. Características. º pisos de parquet en la habitacion Y living. º pisos de ceramica en baño Y cocina. Sobre el entorno. º zona exclusiva gastronomica con cafeterias de especialidad, restaurantes Y bares modernos. º subte linea D A 3 cuadras Y tren san martin estacion palermo. º varias lineas de colectivos A pocos metros. - Expensas: $150. 000. Metraje: Superficie cubierta: 30. 00 m2. Balcón 0. 55 m2. Superficie total 30. 55 m2. destacable: -Cocina y horno funcionan a gas. edificio: - Antigüedad: 50 años. - Expensas: $150. 000. - Edificio en buen estado de conservación y mantenimiento. cercanía: Palermo. excelente ubicación con conexiones para transportes: A 50 Mt. De Av. Cabildo. A 900 Mt. De Av. Juan B. Justo. - Subte Línea D. - Trenes: Estacion Palermo de la Línea san martin. - Metrobus Av. Cabildo. - Metrobus Av. Juan B. Justo. - Buses Cercanos: 93 - 111 - 151 - 34 - 39 - 166 - 140 - 145- 168 - 55 - 19 - 108. - Bicisenda. Datos útiles: Comuna: Comuna 14. Área Hospitalaria: htal. J. A. fernández. Comisaría Comunal: 14. Comisaría Vecinal: 14A. Las medidas son aproximadas a título de descripción. Martillero y Corredor Responsable: Gabriel Cosentino cucicba 6990. Todas las propiedades que figuran en mi perfil se encuentran a cargo del Profesional Matriculado de la oficina, la intermediación y la conclusión de las operaciones serán llevadas exclusivamente por él. La intermediación y la conclusión de las operaciones son llevadas a cabo por el profesional matriculado Gabriel Cosentino cucicba 6990. Cada oficina es de propiedad y operación independiente. Gabriel Cosentino Matrícula cucicba 6990 Teléfonos de contacto Ver datos Ver datos. Todas las propiedades que figuran en esta publicación se encuentran a cargo del profesional matriculado Gabriel Cosentino, Matrícula cucicba 6990 por lo tanto la intermediación y la conclusión de las operaciones serán llevadas exclusivamente por él. En cumplimiento de la Ley 10. 973 de la Provincia de Buenos Aires, Ley Nacional 25. 028, Ley Nacional 20. 266, Ley 22. 802 de Lealtad Comercial, Ley 24. 240 de Defensa al Consumidor, las normas del Código Civil y Comercial de la Nación y Constitucionales, los asesores o agentes no ejercen el corretaje inmobiliario. Todas las operaciones inmobiliarias son objeto de intermediación y conclusión por parte del martillero y corredor colegiado, cuyos datos se exhiben en el nombre de la inmobiliaria. Ley 5115: excepto que en la descripción de la propiedad se indique lo contrario, el edificio puede no contar con rampa para personas con movilidad reducida, y no ser Accesible para personas con discapacidades físicas. Venta sujeta a la obtención del coti por parte del propietario. Las medidas son aproximadas, las reales surgen del título o plano de mensura. Las reservas se toman exclusivamente en la inmobiliaria con el matriculado cucicba 6990;590000;120000;Santo Dumont 2400;31;2;1;1;https://www.zonaprop.com.ar/propiedades/clasificado/alclapin-alquiler-departamento-2-ambientes-en-palermo-57199845.html?n_src=Listado&n_pg=3&n_pos=16;False;;;
zonaprop;palermo;Departamento;[zaracho-1032] Excelente dos ambientes en pleno Palermo Hollywood, primer piso al frente con gran balcon (cerrado con rejas) living comedor con cocina integrada, baño completo amplio y dormitorio, todo al frente. El edificio cuenta con piscina, sauna, sum y laundry (gratuito). Las expensas incluyen aysa y abl, solo se paga luz aparte;800000;200000;Arevalo 1700;50;2;1;1;https://www.zonaprop.com.ar/propiedades/clasificado/alclapin-excelente-dos-ambientes-palermo-hollywood-amenities-58195890.html?n_src=Listado&n_pills=Pileta&n_pg=3&n_pos=17;False;;;
zonaprop;palermo;Departamento;Depto de 3 ambientes todo luz, dos baños, balcón A la calle, cocina-comedor diario, lavadero. Todos los ambientes tienen ventanas, impecable. Un lugar para ser feliz. Hermoso barrio, a 2 cuadras de Av Cabildo (subte colectivos tren);750000;350000;CIUDAD DE LA PAZ 275;83;3;2;2;https://www.zonaprop.com.ar/propiedades/clasificado/alclapin-3-ambientes-amplio-y-luminoso-para-ser-feliz-54890871.html?n_src=Listado&n_pills=Lavadero&n_pg=3&n_pos=18;False;;;
zonaprop;palermo;Departamento;Hermoso dos ambientes, 2º piso al contrafrente con balcón, muy luminoso, apto profesionalEl departamento cuenta con living comedor, cocina integrada, baño completo, hall con placard y 2 split f/c. Edificio con laundry, terraza y parrilla en común. Bonpland al 2400, entre calles Charcas y Av. Santa Fe. Cercanía con Metrobus, (Juan B. Justo y Santa Fe) y Pacífico. Condiciones: Contrato por 2 años con ajuste cuatrimestral por icl o ipc. 1 Mes de adelantoDepósito u$s 600. -Demostrar ingresos con recibo de sueldo que duplique alquiler. (no se acepta monotributo, jubilación, pensión.) Garantía propietaria familiar o de vinculo comprobable con documentación. (No seguro de caución).;800000;180000;Bonpland al 2400;38;2;1;1;https://www.zonaprop.com.ar/propiedades/clasificado/alclapin-alquiler-2-ambientes-contrafrente-balcon-apto-58266629.html?n_src=Listado&n_pills=Laundry&n_pg=3&n_pos=19;False;;;
zonaprop;palermo;Departamento;El departamento posee un amplio ambiente principal, con balcon francés y una kitchenette. En el pasillo cuenta con unos amplios placares de piso a techo con bauleras, el mismo permite la entrada al dormitorio y al baño completo. Estado impecable. Muy luminoso con vista abierta. - El edificio cuenta con pileta y solarium en la terraza, ammenities que son completementados con una hermosa vista de la plaza Armenia y del rio, que tambien puede verse desde las ventanas de la unidad. Apto profesional. oferta provista por topinmobiliario. com - codigo: ofa936;800000;280000;Av. del Libertador 2600;50;2;1;1;https://www.zonaprop.com.ar/propiedades/clasificado/alclapin-departamento-2-ambientes-barrio-parque-capital-58072342.html?n_src=Listado&n_pills=Pileta&n_pg=3&n_pos=20;False;;;
zonaprop;palermo;Departamento;"Cómodo departamento de 2 Ambientes con Balcón al Frente - muy luminoso. Amplio Living Comedor, Cocina con Office y Lavadero Independiente. Dormitorio con Placard. Pisos de Parquet con Losa Radiante. Agua Caliente a través de Calefón. Contrato de Locación de 24 Meses. Valor del 1er. Trimestre $ 600. 000. - Valor del Depósito: $ 600. 000. - Indexación Trimestral por icl (Índice de Contratos de Locación informado por bcra) ley 5859 - art. 5 ""Se encuentra prohibido cobrar comisiones inmobiliarias y gastos de gestoría de informes a los inquilinos que sean personas físicas. Para los casos de alquiler de vivienda, el monto máximo de comisión que se le puede requerir a los propietarios será el equivalente al cuatro con quince centésimos por ciento (4, 15%) del valor total del respectivo contrato"".";600000;210000;Uriarte 1216;48;2;1;1;https://www.zonaprop.com.ar/propiedades/clasificado/alclapin-dpto.-2-ambientes-con-balcon-al-frente-muy-luminoso-57133548.html?n_src=Listado&n_pills=Lavadero&n_pg=3&n_pos=21;False;;;
zonaprop;palermo;Departamento;Departamento de 2 ambientes al frente con balcón corrido. Super luminoso. Alquiler con contrato a dos años con ajuste trimestral por ipc. Sin muebles.;750000;120000;Uriarte 2200;40;2;1;1;https://www.zonaprop.com.ar/propiedades/clasificado/alclapin-departamento-de-2-ambientes-muy-luminoso-en-palermo-40886241.html?n_src=Listado&n_pg=3&n_pos=23;False;;;
zonaprop;palermo;Departamento;Excelente departamento de dos ambientes luminoso Y en muy buenas condiciones A metros de avenida cabildo Y avenida F lacroze, con subte linea D, estacion olleros Y multiples lineas de transportes del metrobus. Zona con gran oferta gastronomica, comercial Y espacios verdes. living comedor amplio, baño completo Y cocina con salida A un balcon lateral con luminosidad. Lavadero independiente. bajas expensas;600000;80000;Céspedes 2400;45;2;1;1;https://www.zonaprop.com.ar/propiedades/clasificado/alclapin-departamento-cespedes-alquiler-dos-ambientes-58379240.html?n_src=Listado&n_pills=Lavadero&n_pg=3&n_pos=24;False;;;
zonaprop;palermo;Departamento;"Divino Duplex de 1 dormitorio con living en doble altura! En la planta baja se escuentra la cocina incorporada con horno a gas, espacio para lavarropas bajomesada y Spar. Living en doble altura con muy buenos ventanales y escalera que lleva a planta alta. Balcon al frente. En la planta Alta balconeando sobre el living se encuentra el dormitorio, con doble placard y baño completo. Equipo de aa. Tiene un espacio para escritorio o lugar de trabajo, super canchero, ganado sobre el living que permite poner un escritorio o un lugar de estar. Calefaccion por radiadores. Edificio Apto Profesional con laundry ubicado en pleno corazon de Cañitas, rodeado de bares y areas comerciales. A 1 cuadra del boulevard Chenaut. Orwel Proyectos Ver datos en nuestras redes! &quot;Las medidas, superficies y expensas consignadas en la presente son aproximadas; y al solo efecto orientativo. Los datos definitivos son los que surgirán del titulo de la propiedad y de los comprobantes respaldatorios. &quot;&quot;Para los casos de alquiler de vivienda, el monto maximo de comision que se le puede requerir a los propietarios sera el equivalente al cuatro con quince centesimos por ciento (4, 15%) del valor total del respectivo contrato. Se encuentra prohibido cobrar a los inquilinos que sean personas fisicas comisiones inmobiliarias y gastos de gestoria de informes&quot;. La propiedad cuenta con Accesibilidad para personas con movilidad reducidaci: 905 / 4955cmcpsi: 7264";800000;460000;Ortega y Gasset al 1800;47;2;1;1;https://www.zonaprop.com.ar/propiedades/clasificado/alclapin-duplex-2-ambientes-en-las-canitas-excelente-58338080.html?n_src=Listado&n_pills=Laundry&n_pg=3&n_pos=25;False;;;
zonaprop;palermo;Departamento;Muy lindo depto de 2 ambientes en torre con Vigilancia 24hs. Ambientes muy cómodos. Muy buen estado gral. Aire acondicionado fc. Baño reciclado a nuevo. Vista muy abierta, balcón Francés ( sin salida). Cocina - comedor, conexión para lavarropas. Ubicación de privilegio, a pasos Jardín Botánico, en la puerta de boca de Subte D ( Scalabrini Ortiz) y todas las líneas de colectivos para distintos puntos de la ciudad y Universidades. Para agendar entrevista comunicarse telef con inmobiliaria ariel: 011 Ver datos / Ver datos;750000;164000;Avenida Santa Fe 3685;45;2;1;1;https://www.zonaprop.com.ar/propiedades/clasificado/alclapin-departamento-de-45-mt-con-1-habitacion-en-alquiler-a-58325812.html?n_src=Listado&n_pills=Aire+acondicionado&n_pg=3&n_pos=26;False;;;
zonaprop;palermo;Departamento;Excelente departamento de 2 ambientes, en muy buen estado, ubicado en uno de los sectores más buscados de la ciudad. Amplio living comedor con muy buena luz naturalCocina cómoda y funcionalDormitorio con balcón1 baño completoSuperficie total: 38 m²Superficie cubierta: 36 m²Estado general: Muy buenoUbicación inmejorable en pleno Palermo, a pasos de gastronomía, comercios, plazas y con excelente acceso a transporte público.;595000;187000;Costa Rica al 3900;38;2;1;1;https://www.zonaprop.com.ar/propiedades/clasificado/alclapin-hermoso-departamento-en-venta-alquiler-en-costa-rica-57677562.html?n_src=Listado&n_pg=3&n_pos=27;False;;;
zonaprop;palermo;Departamento;2 ambientes con vista abierta - corazón de palermo soho. Ubicado en Pasaje Santa Rosa, a metros de plaza serrano. Una ubicación inigualable en el epicentro del diseño, el Street Art y la mejor gastronomía de la ciudad. Entorno joven, artístico y con una identidad urbana única. Construcción de gran porte con entrada por el pintoresco pasaje. 6to piso al frente. Máxima luminosidad y vista abierta (construcciones bajas enfrente). Todos los ambientes (Living Comedor, Dormitorio y Cocina) al frente. Dormitorio con placard. Cocina independiente muy amplia, con salida a un balcón/lavadero. Baño completo. oferta provista por topinmobiliario. com - codigo: ddm2438;625000;135000;Pasaje Santa Rosa 5000;32;2;1;1;https://www.zonaprop.com.ar/propiedades/clasificado/alclapin-departamento-2-ambientes-palermo-soho-capital-58132944.html?n_src=Listado&n_pills=Lavadero&n_pg=3&n_pos=28;False;;;
zonaprop;palermo;Departamento;2 ambientes frente con balcon living 4 x 4. 5dormitorio: 3 x 3cocina 2 X 1. 80 baño completocondiciones: garantia de capital1 mes adelantado2 meses depositocomprobante de ingresosteléfono Ver datos /matricula 5612;490000;180000;Concepción Arenal al 2300;35;2;1;1;https://www.zonaprop.com.ar/propiedades/clasificado/alclapin-departamento-en-palermo-57525449.html?n_src=Listado&n_pg=3&n_pos=29;False;;;
zonaprop;palermo;Departamento;"Corredor Responsable: guillermo frimet cucicba 4235 / Pablo Anibal Montenegro cpmcal 552- Contacto: Nicolas Jarsun. alquiler departamento semipiso de 2 ambientes. Equipado Y amoblado, con balcon al frente. El Departamento, ubicado en un Piso 4º, es muy luminoso, ya que recibe luz natural desde su frente (living) y desde su contrafrente (dormitorio). Estratégicamente ubicado, sobre la calle Palpa al 2300, entre la Av. Cabildo y Arcos. Dormitorio principal, espacioso, con amplio placard y ventanal. Baño completo, con ingreso de aire y luz. Cocina independiente a gas, con alacenas bajo y alto mesadas, con espacio de guardado. Lavadero, semi integrado, con conexión a lavarropas. El departamento tiene losa radiante. El departamento tiene losa radiante y se refrigera a través de dos (2) equipos tipo split (frío/calor), tanto en el living comedor, como en el dormitorio. Agua caliente, a través de caldera dual, marca \""Baxi\"". El estado del departamento es excelente! Unidad funcional muy cómoda, amplia, moderna y estratégicamente ubicada: a metros de Av. Cabildo, a dos cuadras de Av. Federico Lacroze, Subte Línea \""D\"", Metrobus. Polo comercial y gastronómico por excelencia, en la zona norte de la Ciudad. Requisitos para la locación: *Ingresos comprobables o declaración jurada de ingresos. *Mes de adelanto. *Actualización trimestral por ipc-indec. *Depósito en garantía. *Garantía propietaria de caba (preferentemente de familiar directo). Rau S. R. L. No ejerce el corretaje inmobiliario. El presente sitio web es una plataforma en donde cada oficina inmobiliaria independiente que contrata los servicios re/max puede publicar las propiedades a su cargo. Cada oficina es de propiedad y gestión independiente, por lo que rau S. R. L. No interviene en los datos de la publicación, en la operación inmobiliaria, ni en la confección y/o firma del boleto de compraventa y/o escritura y/o contrato de alquiler. En cumplimiento de las leyes vigentes que regulan el corretaje inmobiliario, Ley Nacional 25. 028, Ley 22. 802 de Lealtad Comercial, Ley 24. 240 de Defensa al Consumidor, las normas del Código Civil y Comercial de la Nación y Constitucionales, los agentes/gestores no ejercen el corretaje inmobiliario. Todas las operaciones inmobiliarias son objeto de intermediación y conclusión por parte del corredor público inmobiliario colegiado a cargo de la publicación, cuyos datos se exhiben en la presente. La presente publicación describe las características esenciales del inmueble, debiéndose consultar al corredor público inmobiliario responsable de la operación por la eventual actualización de las medidas, descripciones arquitectónicas y funcionales, valores de expensas, servicios, impuestos, precios y demás información, cuyos valores son aproximados. Para los casos de alquiler de vivienda, el monto máximo de comisión que se le puede requerir a los propietarios será el equivalente al cuatro con quince centésimos por ciento (4, 15%) del valor total del respectivo contrato. Se encuentra prohibido cobrar a los inquilinos que sean personas físicas comisiones inmobiliarias y gastos de gestoría de informes. El inmueble no es accesible para personas con discapacidades físicas.";800000;300000;Palpa 2300;48;2;1;1;https://www.zonaprop.com.ar/propiedades/clasificado/alclapin-alquiler-departamento-2-ambientes-amoblado-palermo-58230460.html?n_src=Listado&n_pills=Lavadero&n_pg=3&n_pos=30;False;;;
zonaprop;palermo;PH;Corredor Responsable: Ariel Champanier cucicba 4330 / Andrea Berré cmcpsi 6763- Contacto: Cristhian Brittes. alquiler departamento 2 ambientes al frente en palermo. Departamento de 2 ambientes en buen estado, ubicado en Av. Coronel Niceto Vega 5725, primer piso por escalera, en el barrio de Palermo, dentro del Distrito Audiovisual, una de las zonas con mayor crecimiento y demanda de la Ciudad de Buenos Aires. La unidad cuenta con 36, 19 m² cubiertos, destacándose por su muy buena luminosidad natural y ventilación, ya que todos sus ambientes ventilan al frente sobre Av. Niceto Vega, con orientación noroeste. Medidas por ambiente. Hall de entrada: 2, 78 x 1, 90 → 5, 28 m² Living-comedor: 5, 63 x 2, 34 → 13, 17 m² Cocina: 2, 40 x 1, 86 → 4, 46 m² Dormitorio: 3, 34 x 2, 21 → 7, 38 m² Baño: 2, 28 x 1, 62 → 3, 69 m² El living-comedor es amplio, cómodo y funcional, con una distribución que permite un excelente aprovechamiento del espacio y buena circulación. La cocina integrada se presenta en correcto estado, con muebles bajo mesada y alacenas, y una barra desayunadora que aporta funcionalidad y delimita el ambiente de manera práctica. El dormitorio es independiente, cuenta con placard empotrado y equipo de aire acondicionado, ofreciendo un espacio confortable y bien aprovechado. El baño es completo, con bañera y ventana de ventilación natural, lo que garantiza buena iluminación y aireación. El edificio es de baja altura, con pocas unidades funcionales, brindando un entorno tranquilo y de fácil acceso. En cuanto a su ubicación, se encuentra estratégicamente situado sobre una de las arterias principales de Palermo, con excelente conectividad y cercanía a múltiples medios de transporte: Múltiples líneas de colectivos: 34, 39, 93, 108, 111, 140, 151, 166 y 168, con rápida conexión a distintos puntos de la ciudad. La zona cuenta con una amplia oferta de comercios de cercanía, supermercados, farmacias, bancos y centros educativos, además de una destacada propuesta gastronómica y cultural, propia del entorno de Palermo. Asimismo, se encuentra próximo a espacios verdes y áreas recreativas, ideales para actividades al aire libre, y cercano a centros de salud y dependencias policiales, aportando mayor tranquilidad al entorno. Una propiedad funcional, luminosa y bien ubicada, ideal para vivienda, en uno de los barrios más buscados de la Ciudad de Buenos Aires. Rau S. R. L. No ejerce el corretaje inmobiliario. El presente sitio web es una plataforma en donde cada oficina inmobiliaria independiente que contrata los servicios re/max puede publicar las propiedades a su cargo. Cada oficina es de propiedad y gestión independiente, por lo que rau S. R. L. No interviene en los datos de la publicación, en la operación inmobiliaria, ni en la confección y/o firma del boleto de compraventa y/o escritura y/o contrato de alquiler. En cumplimiento de las leyes vigentes que regulan el corretaje inmobiliario, Ley Nacional 25. 028, Ley 22. 802 de Lealtad Comercial, Ley 24. 240 de Defensa al Consumidor, las normas del Código Civil y Comercial de la Nación y Constitucionales, los agentes/gestores no ejercen el corretaje inmobiliario. Todas las operaciones inmobiliarias son objeto de intermediación y conclusión por parte del corredor público inmobiliario colegiado a cargo de la publicación, cuyos datos se exhiben en la presente. La presente publicación describe las características esenciales del inmueble, debiéndose consultar al corredor público inmobiliario responsable de la operación por la eventual actualización de las medidas, descripciones arquitectónicas y funcionales, valores de expensas, servicios, impuestos, precios y demás información, cuyos valores son aproximados. Para los casos de alquiler de vivienda, el monto máximo de comisión que se le puede requerir a los propietarios será el equivalente al cuatro con quince centésimos por ciento (4, 15%) del valor total del respectivo contrato. Se encuentra prohibido cobrar a los inquilinos que sean personas físicas comisiones inmobiliarias y gastos de gestoría de informes. El inmueble no es accesible para personas con discapacidades físicas.;750000;20000;Coronel Niceto Vega 5700;36;2;1;1;https://www.zonaprop.com.ar/propiedades/clasificado/alclphin-alquiler-departamento-al-frente-en-palermo-58347308.html?n_src=Listado&n_pills=Aire+acondicionado&n_pg=1&n_pos=1;False;;;
zonaprop;palermo;PH;A hermoso tipo casa 2 ambientes con patio muy luminoso son 57 M2 propios muy bajas expensas Y comoda ubicacion scalabrini ortiz al 900 informes Ver datos omercializa Migliorisi de Corrientes 5500 srl Profesional responsable Diego F Migliorisi cpi263. B5143 Se deja constancia que las caracteristicas, medidas, expensas y superficies consignadas son aproximadas, sujetos a verificación y/o ajuste. El precio del inmueble puede ser modificado sin previo aviso. Fotos de carácter no contractual. Las unidades publicadas están sujetas a disponibilidad. . Publicado por Migliorisi Villa Crespo a traves de Inmomap;790000;;SCALABRINI ORTIZ RAUL 900;45;2;1;1;https://www.zonaprop.com.ar/propiedades/clasificado/alclphin-depto.-tipo-casa-de-2-ambientes-en-alquiler-en-palermo-57766540.html?n_src=Listado&n_pg=1&n_pos=2;False;;;
zonaprop;parque-chas;Departamento;Inmueble emplazado sobre la calle Torrent 1387, entre Av. De los Incas y Arismendi, Barrio de Parque Chas, Ciudad Autónoma de Buenos Aires. Departamento de Monoambiente divisible de 41 m2 totales, se encuentra en un 4to. Piso al frente, en un edificio moderno, con sum y terraza con parrilla. Ingresamos al ambiente tenemos la cocina completa con desayunador, cocina a gas, bajo mesada, alacena y espacio para instalación de lavarropas. El living comedor es al frente con salida al balcon. El Baño es completo con bañera y buen espacio entre artefactos. El Dormitorio posee un placard amplio con puertas corredizas. Cuenta con aire acondicionado, calefacción y agua caliente. Balcón al frente de 5, 17 x 1, 23 mts. El departamento es muy luminoso, la zona es tranquila y tiene a pocos metros subte línea B y varias líneas de colectivos. Cochera por orden de llegada. Para los casos de alquiler de vivienda, el monto máximo de comisión que se le puede requerir a los propietarios será el equivalente al cuatro con quince centésimos por ciento (4, 15%) del valor total del respectivo contrato. Se encuentra prohibido cobrar a los inquilinos que sean personas físicas comisiones inmobiliarias y gastos de gestoría de informes;800000;140000;Torrent 1387;41;2;1;1;https://www.zonaprop.com.ar/propiedades/clasificado/alclapin-hermoso-dpto-divisible-con-cochera!-58265631.html?n_src=Listado&n_pills=Aire+acondicionado&n_pg=1&n_pos=1;False;1;Destacado;
zonaprop;parque-chas;Departamento;Corredor Responsable: Diego José Muiños cmcpsi 5352/ Cristian Javier Alonso cucicba 6252- Contacto: Vanina Agudo. departamento 2 ambientes en alquiler parque chas capital federal. Departamento de 38 m² ubicado en zona residencial de Parque Chas, sobre calle Arismendi. Propiedad moderna construida en 2017, distribuida estratégicamente en dos ambientes con excelente aprovechamiento del espacio. Características principales: departamento de frente con orientación norte, apto profesional, permite mascotas y habilitado para uso turístico. Cuenta con una superficie total de 38 m², de los cuales 33 m² son cubiertos y 5 m² semicubiertos. Distribución interior con baño completo equipado con bañera y bidet, cocina funcional y una habitación con placard. Dispone de balcón y terraza, ofreciendo espacios exteriores para disfrute y conexión con el entorno. El edificio presenta amenities de alto valor: pileta, solarium, ascensor con portón automático. Servicios completos de electricidad, agua, gas, internet, telefonía y televisión por cable/satelital. Ubicación estratégica a una cuadra de Avenida de Los Incas, con múltiples opciones de transporte público: líneas de colectivo 71, 80, 87, 90, 93, 108, 111, 113, 123, 127, 133, 140 y 176. Estación de subte Los Incas (Línea B) en proximidad inmediata. Zona verde, tranquila y altamente conectada. Ideal para profesionales que valoran comodidad y funcionalidad. Requisitos de alquiler: mes de adelanto, mes de depósito y seguro de caución. Rau S. R. L. No ejerce el corretaje inmobiliario. El presente sitio web es una plataforma en donde cada oficina inmobiliaria independiente que contrata los servicios re/max puede publicar las propiedades a su cargo. Cada oficina es de propiedad y gestión independiente, por lo que rau S. R. L. No interviene en los datos de la publicación, en la operación inmobiliaria, ni en la confección y/o firma del boleto de compraventa y/o escritura y/o contrato de alquiler. En cumplimiento de las leyes vigentes que regulan el corretaje inmobiliario, Ley Nacional 25. 028, Ley 22. 802 de Lealtad Comercial, Ley 24. 240 de Defensa al Consumidor, las normas del Código Civil y Comercial de la Nación y Constitucionales, los agentes/gestores no ejercen el corretaje inmobiliario. Todas las operaciones inmobiliarias son objeto de intermediación y conclusión por parte del corredor público inmobiliario colegiado a cargo de la publicación, cuyos datos se exhiben en la presente. La presente publicación describe las características esenciales del inmueble, debiéndose consultar al corredor público inmobiliario responsable de la operación por la eventual actualización de las medidas, descripciones arquitectónicas y funcionales, valores de expensas, servicios, impuestos, precios y demás información, cuyos valores son aproximados. Para los casos de alquiler de vivienda, el monto máximo de comisión que se le puede requerir a los propietarios será el equivalente al cuatro con quince centésimos por ciento (4, 15%) del valor total del respectivo contrato. Se encuentra prohibido cobrar a los inquilinos que sean personas físicas comisiones inmobiliarias y gastos de gestoría de informes. El inmueble es accesible para personas con discapacidades físicas.;650000;195000;Arismendi 2400;38;2;1;1;https://www.zonaprop.com.ar/propiedades/clasificado/alclapin-2-ambientes-nuevo-con-balcon-a-la-calle-58254491.html?n_src=Listado&n_pills=Parrilla&n_pg=1&n_pos=2;False;;;
zonaprop;parque-chas;Departamento;"Alquiler de Departamento en Parque Chas, Capital Federal. -A una cuadra del subte linea B estacion ""de los incas- pque. Chas"" - cercaníacon varias avenidas entre ella (av. Combatientes de malvinas, av. Triunvirato Y av. De los incas) - A cuadras de 2 espacios verdes dentro de parque chas. -comodo departamento 2 ambientes - la unidad se encuentra en segundo piso al lateral con un balcónestilofrancés - ideal ""uso profesional"" -ingreso A estar comedor de 2. 70 x 4. 60, con piso de parquet, cuenta con aire acondicionado Y ventilador de techo, pantalla electrica de calefaccion- cocina separada de 1. 50 x 3. 90 con alacena Y doble mesada, también tiene un espacio lavadero con conexion para lavarropas - amplio dormitorio de 2. 70 x 3. 00 con piso de parquet, placard empotrado de grandes dimensiones Y ventilador de techo- baño completo con bañera. -espacio de terraza para colgar ropa en el ultimo piso. -plazo del contrato 2 años - ajuste trimestral por ipc - seguro de caucion finaer o garantia propietaria de caba (familiar directo) - recibo de sueldo - contratacion de seguro contra incendios Y responsabilidad civil. -las medidas son aproximadas, las mismas tienen un fin meramente informativo, las definitivas son las que surgen de la escritura- -la descripción del inmueble, servicios Y medidas pueden no ajustarse A sus características Y medidas reales yo actuales- Para los casos de alquiler de vivienda, el monto máximo de comisión que se le puede requerir a los propietarios será el equivalente al cuatro con quince centésimos por ciento (4, 15%) del valor total del respectivo contrato. Se encuentra prohibido cobrar a los inquilinos que sean personas físicas comisiones inmobiliarias y gastos de gestoría de informes. Matrícula cucicba nº 5397 xintel(cds-cds-347)";550000;115000;Torrent 1300. Entre Av. Los Incas y Arismendi;39;2;1;;https://www.zonaprop.com.ar/propiedades/clasificado/alclapin-departamento-2-ambientes.-torrent-al-1300-58234002.html?n_src=Listado&n_pills=Lavadero&n_pg=1&n_pos=3;False;;;
zonaprop;parque-chas;Departamento;Alquiler dos ambientes expensas incluidas!! Requisitos: 1 mes de adelanto. 1 mes de deposito. Demostracion de ingresos. Garantia propietaria caba o finaer. 2 años de contrato. Aumento trimestral por indice ipc. Acepta mascota pequeña. Este encantador departamento en alquiler se encuentra en la Avenida de los Constituyentes, en el corazón de Agronomía, Capital Federal. Con una superficie total de 38 m², de los cuales 35 m² son cubiertos y 3 m² descubiertos, este inmueble ofrece un espacio acogedor y funcional ideal para quienes buscan comodidad y estilo en un entorno urbano. Su disposición interna garantiza privacidad y tranquilidad, mientras que su orientación sur permite la entrada de luz natural durante gran parte del día. El departamento cuenta con 2 ambientes bien distribuidos, que incluyen un dormitorio y un baño, además de un agradable balcón que invita a disfrutar del aire fresco. Entre las características destacadas se encuentran el aire acondicionado, que asegura un ambiente confortable, y la conexión para lavarropas, que aporta mayor practicidad a la vida cotidiana. También dispone de agua corriente, teléfono, luz y ascensor, lo que lo convierte en una opción accesible y cómoda para los inquilinos. Con una antigüedad de 8 años, este inmueble se presenta en óptimas condiciones, ideal para quienes buscan un hogar sin complicaciones. Es importante señalar que no se ofrece cochera y el departamento no es apto para uso profesional. Este espacio representa una excelente oportunidad para vivir en una de las zonas más tranquilas y agradables de la ciudad, a un precio de ar$700. 000.;700000;;Avenida de los Constituyentes 3219;38;2;1;1;https://www.zonaprop.com.ar/propiedades/clasificado/alclapin-av-de-los-constituyentes-3219-7-a-57422466.html?n_src=Listado&n_pills=Aire+acondicionado&n_pg=1&n_pos=4;False;;;
zonaprop;parque-chas;Departamento;Salguero Propiedades alquila departamento de 2 ambientes con balcón en Parque Chas: -La unidad encuentra en un cuarto piso, al lateral, vista abierta. -Cocina integrada con muebles de alto y bajo mesada. Anafe y horno eléctrico, extractor. -Baño completo con bañera. -Dormitorio con gran ventanal al exterior y vestidor. Edificio de categoría con sum, laundry, portero visor. Excelente ubicación a metros de Av. Los Incas. Condiciones y requisitos: Contrato por 2 añosAumento cuatrimestral por ipcseguro de caución Respaldar/Finaer/HoggaxComprobantes de ingresos1 mes de depósito1 mes de adelantoSe deja constancia que las características, medidas, superficies y expensas consignadas son aproximadas, sujetas a verificación y/o ajuste. El precio del inmueble puede ser modificado sin previo aviso. Las fotos son de carácter no contractual. Comercializa: Salguero Propiedades. Corredora inmobiliaria responsable: Vanesa Ibarra – Mat. Cpi 5619.;800000;150000;Torrent al 1100;38;2;1;1;https://www.zonaprop.com.ar/propiedades/clasificado/alclapin-departamento-2-ambientes-a-estrenar-en-parque-cha-58385857.html?n_src=Listado&n_pills=Laundry&n_pg=1&n_pos=5;False;;;
zonaprop;parque-chas;Departamento;Alquiler de departamento de dos ambientes en Parque Chas. Amplio y muy luminoso. Cocina integrada al living con salida a balcón al frente. Baño completo con bañera. Dormitorio con placard con interiores. Muy buenos espacios de guardado en todos sus ambientes. Termotanque eléctrico. Cocina a gas. Estufa a gas. Muebles alacena y bajomesada. Aire acondicionado F/C en dormitorio. Cortina black out en dormitorio y living. Balcón amplio con vista abierta. Expensas $100. 000. Laundry en edificio. El departamento se alquila con o sin muebles y con contrato a dos años. No se aceptan mascotas. Accesible para personas con movilidad reducida. . Corredor Responsable: Norma Sandoval cucicba 8532 / csi 6950. La venta de dicho inmueble está supeditada a que el propietario trámite ante la afip el C. O. T. I. Las medidas son aproximadas a título informativo las reales surgirán del título de propiedad.;750000;;Av Chorroarín 500;38;2;1;1;https://www.zonaprop.com.ar/propiedades/clasificado/alclapin-departamento-2-ambientes-en-alquiler-en-parque-chas-58385988.html?n_src=Listado&n_pills=Aire+acondicionado&n_pg=1&n_pos=6;False;;;
zonaprop;parque-chas;PH;Alquiler de hermoso ph tipo casa de 2 ambientes con patio techado - entrada independiente - todo recién pintado - living comedor Y patio con pisos de mosaico granitico - dormitorio con placard Y pisos de parquet pulidos Y plastificados - artefacto Y muebles de cocina - muy buena circulación de aire - excelente ubicación - A 500 mts. De línea B de subte (estación av. De los incas) Y varias líneas de colectivo - sin expensas - contrato A 2 años con ajuste trimestral al ipc - garantía propietaria O fianza finaer O garantía ya Y demostración de ingresos de quien lo habite - no acepta mascota - posesión A partir del 1ro. De febrero de 2026- ciudad de la paz 1978. Ver datos. teléfono: 11 Ver datos. Seguínos en Instagram. @caianbelgrano. nordelta. Martillero Responsable: Juan Manuel Caian. Matrícula 4689 cpi / 6668 cmcpsi. Ley 5859 art 5°: “Se encuentra prohibido cobrar honorarios inmobiliarios y gastos de gestoría de informes a los inquilinos que sean personas físicas. Para los casos de alquiler de vivienda, el porcentaje estipulado de honorarios que abonan los propietarios asciende al equivalente del cuatro con quince centésimos por ciento más iva (4. 15% + iva) del valor total del respectivo contrato”;800000;;Victorica Benjamín 2800;66;2;1;;https://www.zonaprop.com.ar/propiedades/clasificado/alclphin-departamento-ph-en-alquiler-en-parque-chas-capital-58079640.html?n_src=Listado&n_pg=1&n_pos=1;False;;;
zonaprop;recoleta;Departamento;"2 Ambientes en Inmejorable Ubicación de Recoleta (cercano a Av. Santa Fé, Av. Las Heras, Subte D, Líneas de Colectivos, Universidades, Clínicas, Centro Comercial, etc.). Muy Buen Estado. 2º Piso Contrafrente Interno. Cocina separada. Balcón. Instalación para lavarropas. Placard. Aire acondicionado frío/calor. Cocina a gas. Piso Flotante Nuevo. Los requisitos son: Ingresos demostrables y garante con propiedad en caba. De familiar directo o seguro de caución. Plazo 2 años con ajuste trimestral por ipc. Comunicarse por whatsapp al Ver datos. Corredor Inmobiliario: Roberto Daniel Gruman - Matrícula cucicba. Nº6097. ""Accesible"" de acuerdo a la Ley 5115. ley 5859 – Art. 5. Para los casos de alquiler de vivienda, el monto máximo de comisión que se le puede requerir a los propietarios será el equivalente al cuatro con quince centésimos por ciento (4, 15%) del valor total del respectivo contrato. Se encuentra prohibido cobrar a los inquilinos que sean personas físicas.";600000;165000;Austria 2225;35;2;1;1;https://www.zonaprop.com.ar/propiedades/clasificado/alclapin-2-ambientes-inmejorable-ubicacion-muy-buen-estado-57907246.html?n_src=Listado&n_pills=Encargado&n_pg=1&n_pos=1;False;;Super destacado;
zonaprop;recoleta;Departamento;Impecable 2 ambientes en excelente ubicacionliving Comedor con Balcón Francés con vista a la Plaza Vicente LopezDormitorio con Placard -- Cocina y Baño Completo. Lacroze propiedades de Alejandro Jorge Silberman. Matricula 1593 cucicba. La propiedad no posee accesibilidad con movilidad reducida salvo que en la publicación se indique lo contrario.;600000;160000;Las Heras al 1600;35;2;1;1;https://www.zonaprop.com.ar/propiedades/clasificado/alclapin-departamento-2-ambientes-en-recoleta-56953606.html?n_src=Listado&n_pg=1&n_pos=3;False;;Super destacado;
zonaprop;recoleta;Departamento;2 ambientes muy luminoso en excelente ubicación disponible A partir del 31/03/2026Ubicado entre Libertad y Talcahuano, en una zona estratégica de la ciudad, con cercanía a la Plaza Vicente López, rodeado de comercios, oficinas y servicios. Edificio tranquilo con solo 2 departamentos por piso. La unidad se destaca por su gran luminosidad y vista abierta al pulmón de manzana, lo que garantiza silencio y buena ventilación. Cuenta con: Dormitorio principal con placardCocina independienteLavadero separado, con espacio y conexión para lavarropasBaño completoBalcón francés38 m² propiosAgua caliente individualSin calefacciónIdeal para vivienda y estudiantes por su cercanía a las universidades Gastos mensuales (últimas boletas): Expensas: $180. 000abl: $14. 000Aysa: $23. 500Una opción funcional, luminosa y muy bien ubicada en pleno centro porteño. ley 5859 – art. 5“Se encuentra prohibido cobrar comisiones inmobiliarias y gastos de gestoría de informes a los inquilinos que sean personas físicas. Para los casos de alquiler de vivienda, el monto máximo de comisión que se le puede requerir a los propietarios será el equivalente al cuatro con quince centésimos por ciento (4, 15%) del valor total del respectivo contrato”.;700000;180000;Arenales al 1200;38;2;1;1;https://www.zonaprop.com.ar/propiedades/clasificado/alclapin-recoleta.-alquiler-2-ambientes.-muy-luminoso-58334749.html?n_src=Listado&n_pills=Luminoso&n_pg=1&n_pos=4;False;;Super destacado;
zonaprop;recoleta;Departamento;Dueño directo. contactar mensaje whatsapp. Disponible a partir de febrero 2026. -Recien pintado. ac y ventiladores de techo, Juncal 2905 5 A Esquina Sanchez de Bustamante. A 300 mts del subte amplia conectividad del parque y del Alto Palermo. Condiciones: Unicamente recibos de sueldo. Y 2 garantes con recibo de sueldo con antiguedad de mas de 2 años. Uno al menos tiene que ser argentino-Veraz impecable. - Contrato dos años maximo. Ajustable cada 3 meses por Indice precios y salarios. ( ipc) + expensas + abl y servicios. Muestro solo con cita previa. Pd: Se reserva para averiguaciones y se firma el contrato sin demora. 72 hs se entrega. Temporario consultar. Actualmente se alquila sin amoblamiento.;750000;165000;Juncal 2905;45;2;1;1;https://www.zonaprop.com.ar/propiedades/clasificado/alclappa-dno.-2-amb-frente-luz.-ac-58361857.html?n_src=Listado&n_pills=Aire+acondicionado&n_pg=1&n_pos=5;False;;Super destacado;
zonaprop;recoleta;Departamento;En alquiler 3 ambientes en Recoleta, apto profesional O vivienda excelente ubicacion, Peña y Laprida a metros de Subte Linea H Estacion Facultad de derecho, acepto garantia de el Interior;750000;210000;Peña 2585;55;3;2;1;https://www.zonaprop.com.ar/propiedades/clasificado/alclapin-alquiler-3-ambientes-recoleta-apto-profesional-o-57955374.html?n_src=Listado&n_pills=Permite+mascotas&n_pg=1&n_pos=6;False;;Super destacado;
zonaprop;recoleta;Departamento;Frente al Alto Palermo. Es interno pero luminoso, con puerta blindada, cocina independiente con ventana, Living con balcon frances y habitacion con ventana al pulmon, cuenta con pasillo de distribucion, parquet plastificado, muchos placares y de gran tamaño. Baño hecho a nuevo (griferia, vanitory, etc). Calefón de tiro balanceado. Aire acondicionado split (nuevo).;620000;150000;Av. Cnel. Díaz 1965;33;2;1;1;https://www.zonaprop.com.ar/propiedades/clasificado/alclappa-departamento-apto-profesional-excelente-estado-y-58362060.html?n_src=Listado&n_pills=Aire+acondicionado&n_pg=1&n_pos=7;False;;Super destacado;
zonaprop;recoleta;Departamento;Departamento 2 ambientes en el 6to piso. Cuenta cocina independiente y baño completo. Lavadero con conexión para lavarropas. Superficie aproximada de 52 m². Luminoso, con pisos de parquet plastificados. El dormitorio cuenta con placares. Edificio de construcción tradicional. Balcón al frente. Expensas aproximadas de $280. 000. Ubicado en Agüero y Córdoba. Excelente ubicación. Cercania todo tipo de negocio comercial, entre medio de las lineas b y d de subte. Zona estratégica. Próximo a variedad de comercios y servicios y shopping Abasto. Aire acondicionado en el living. Se alquila con los muebles que figuran en las fotos. Condiciones: -contrato A 2 años con actualizacion trimestral por ipc. -demostracion de ingresos. -garantia propietaria en C. A. B. A. O seguro de caución. -mes por adelantado. -mes de depósito dolarizado. No apto mascotas. Se deja constancia que las medidas, superficies, m2 y proporciones consignadas son aproximados, al igual que las medidas parciales y/o de los ambientes esta sujeto a verificación y/o ajuste. El valor indicado de expensas esta sujeto a variación. El precio del inmueble puede ser modificado sin previo aviso. Fotos de carácter no contractual. Nicolas lopez magnolio cucicba 8. 204;650000;280000;Agüero 1023;52;2;1;1;https://www.zonaprop.com.ar/propiedades/clasificado/alclapin-alquiler-departamento-2-ambientes-recoleta-58217906.html?n_src=Listado&n_pills=Encargado&n_pg=1&n_pos=8;False;;Super destacado;
zonaprop;recoleta;Departamento;"Departamento 2 Ambientes en Alquiler – French 2778, Piso 7° “B” – Recoleta4Ubicación: French 2778 – Piso 7° “B”Barrio: Recoleta – Capital FederalValor: $ 710. 000Superficie total: 37 m²Superficie cubierta: 34 m²Ambientes: 2Dormitorio: 1Baño: 1Antigüedad: 45 añosDisposición: InternoOrientación: SudesteEstado: Excelente – Recién pintadoOcupación: VacíoDescripción profesionalExcelente departamento de 2 ambientes ubicado en el corazón de Recoleta, sobre calle French al 2700, en un edificio sólido de 9 pisos con ascensor y solo 2 unidades por planta, lo que garantiza tranquilidad y bajo tránsito interno. La unidad se encuentra en 7° piso, con orientación Sudeste, lo que le otorga muy buena luz natural y ventilación. Se compone de: Living comedor funcional con salida a balcón (3 m² descubiertos). Cocina independiente, cómoda y bien distribuida. Baño completo con espacio y conexión para lavarropas. Dormitorio con placard empotrado. Pisos de parquet en excelente estado. Aire acondicionado individual. Departamento recién pintado, en impecable condición, ideal para vivienda permanente en una de las zonas más buscadas de la ciudad. Ubicación estratégica y conectividadSituado en una de las áreas residenciales más consolidadas de Recoleta, a metros de importantes arterias como: Avenida Las HerasAvenida PueyrredónAvenida Santa FeAvenida CórdobaExcelente conectividad mediante: Subte Línea D (estación Estación Pueyrredón) Subte Línea H (estación Estación Las Heras) Amplias líneas de colectivos sobre Av. Las Heras, Av. Santa Fe y Av. Pueyrredón. A pocas cuadras de espacios verdes como Plaza Las Heras, centros médicos, universidades, polos gastronómicos y comerciales. Características del edificioZonificación R2aI9 pisos2 departamentos por piso1 ascensorServicios: Agua corriente, electricidad, cloaca, gas naturalIdeal paraProfesionales que trabajen en zona norte o microcentro. Estudiantes universitarios. Parejas o personas solas que busquen ubicación premium y funcionalidad. Inquilinos que prioricen conectividad, servicios y entorno residencial consolidado. Se deja constancia que los m2 son aproximados, al igual que las medidas parciales de los ambientes, y el valor consignado de las expensas mensuales esta sujeto a verificación y/o ajustes, el precio del inmueble puede ser modificado sin previo aviso. Fotos de carácter no contractual. Las unidades publicadas están sujetas a disponibilidad. Vremont actúa solamente en carácter de comercializadora de los inmuebles ofrecidos. En el cumplimiento de la ley nacional 25. 028, ley 22. 802 de lealtad comercial. Ley 24. 240 de defensa al consumidor, las normas del código civil y comercial de la nación y constitucionales. Los agentes no ejercen el corretaje inmobiliario. Ley 5859-Art. 4: &quot;Para los casos de alquiler de vivienda, el monto máximo de comisión que se le puede requerir a los propietarios será el equivalente al cuatro con quince centésimos por ciento (4, 15%) del valor total del respectivo contrato. Se encuentra prohibido cobrar a los inquilinos que sean personas físicas comisiones inmobiliarias y gastos de gestoría de informes&quot;. (En caso de ser alquiler) Ley 5115- Art. 1: El inmueble publicado es accesible para personas con capacidades físicas reducidas. Vremont Rozenblat Matricula cucicba 2875 cpi. Dr. Adolfo Jose Rozenblat vremont Rozenblat cucicba 2875. Desde 1977 Tasaciones reales Venta, alquileres de inmuebles y administraciones de alquileres. Compra y venta simultaneas.";710000;106000;French al 2700;37;2;1;1;https://www.zonaprop.com.ar/propiedades/clasificado/alclapin-departamento-en-recoleta-58318326.html?n_src=Listado&n_pills=Aire+acondicionado&n_pg=1&n_pos=9;False;;Destacado;
zonaprop;recoleta;Departamento;_ Departamento de un dormitorio en venta ubicado sobre calle Rodríguez Peña entre Avenida Santa Fe y Arenales (Recoleta, Ciudad Autónoma de Buenos Aires). Desarrollado en sexto piso por ascensor, con disposición frente y orientación al sur. _ El mismo posee cocina equipada con muebles sobre y bajo mesada, living comedor, un dormitorio con placard empotrado y un baño completo. Luminoso, cuenta con lavadero, balcón y muy buena ventilación natural. _ La propiedad tiene una superficie total de aproximadamente 61mts2, de los cuales 55mts2 son cubiertos. _ Las expensas al 16/10/2025 son de aproximadamente $317. 000. Yacoub | Construimos ConfianzaInnovación | Calidad | Sustentabilidad | Diseño70 Mil Metros Cuadrados | 23 TorresLa información descripta en el presente aviso es meramente orientativa y no forma parte de ningún tipo de documentación contractual. Los datos enunciados fueron proporcionados por los propietarios y pueden arrojar inexactitudes, las superficies definitivas surgirán del título de propiedad del inmueble referido. Se deja constancia de que los valores y/o expensas pueden estar sujetas a verificación o ajuste. Lo que estás buscando lo tenemos | Estés Donde EstésVendemos en Todos Lados.;750000;317000;_ Departamento de un dormitorio en venta ubicado sobre calle Rodríguez Peña entre Avenida Santa Fe y Arenales (Recoleta, Ciudad Autónoma de Buenos Aires). Desarrollado en sexto piso por ascensor, con disposición frente y orientación al sur. _ El mismo posee cocina equipada con muebles sobre y bajo mesada, living comedor, un dormitorio con placard empotrado y un baño completo. Luminoso, cuenta con lavadero, balcón y muy buena ventilación natural. _ La propiedad tiene una superficie total de aproximadamente 61mts2, de los cuales 55mts2 son cubiertos. _ Las expensas al 16/10/2025 son de aproximadamente $317. 000. Yacoub | Construimos ConfianzaInnovación | Calidad | Sustentabilidad | Diseño70 Mil Metros Cuadrados | 23 TorresLa información descripta en el presente aviso es meramente orientativa y no forma parte de ningún tipo de documentación contractual. Los datos enunciados fueron proporcionados por los propietarios y pueden arrojar inexactitudes, las superficies definitivas surgirán del título de propiedad del inmueble referido. Se deja constancia de que los valores y/o expensas pueden estar sujetas a verificación o ajuste. Lo que estás buscando lo tenemos | Estés Donde EstésVendemos en Todos Lados.;61;2;1;1;https://www.zonaprop.com.ar/propiedades/clasificado/alclapin-departamento-en-alquiler-1-dormitorio-1-bano-58047599.html?n_src=Listado&n_pills=Luminoso&n_pg=1&n_pos=10;False;;Destacado;
zonaprop;recoleta;Departamento;Departamento de 2 ambientes ubicado en un edificio apto propfesional cerca de la zona de las facultades en uriburu Y Av. Santa fe en un 6to piso contrafrente. Las expensas son de $ 120. 933. - Aysa alrededor de $ 21. 000. - mas el abl. Contrato por 2 años actualizado cada 3 meses por el ipc ( indice de precios al consumidor) ingresos del inquilino Y garantía propietaria de capital. Consta de un living comedor con balcon corrido al balcon del contrafrente, un dormitorio con placard, un baño completo Y una cocina kitchinette con termotanque para el agua caliente. Los pisos son de parquet Y es muy luminoso. Cualquier consulta O para solicitar una visita llame por whatsapp A jurio propiedades living show al (11) Ver datos;600000;120933;Uriburu 1010;39;2;1;1;https://www.zonaprop.com.ar/propiedades/clasificado/alclapin-alquiler-2-ambientes-en-recoleta-57955116.html?n_src=Listado&n_pills=Encargado&n_pg=1&n_pos=11;False;;Destacado;
zonaprop;recoleta;Departamento;Avenida Las Heras 2321 Piso 9°B - caba. apto profesional. Unidad de 2 ambientes ubicada en una de las mejores zonas de caba. Pleno Recoleta. 2 ambientes con cocina independiente y lavadero independiente tipo balcón. Impecable! Living comedor y dormitorio con placar. Pisos de parquet en excelente estado. Cocina amplia. Contrato a dos años con ajuste trimestral por ipc. Se deja constancia que las características, medidas, expensas y superficies consignadas son aproximadas, sujetos a verificación y/o ajuste. El precio del inmueble puede ser modificado sin previo aviso. Fotos de carácter no contractual. Las unidades publicadas están sujetas a disponibilidad.;700000;105000;Avenida General Las Heras 2321;38;2;1;1;https://www.zonaprop.com.ar/propiedades/clasificado/alclapin-las-heras-y-pueyrredon-ubicacion-excelente-2-58160524.html?n_src=Listado&n_pills=Lavadero&n_pg=1&n_pos=12;False;;Destacado;
zonaprop;recoleta;Departamento;"Departamento de 2 ambientes con balcón en Recoleta. Ideal para quienes buscan confort y practicidad en una de las zonas más valoradas de la ciudad. Este departamento se encuentra en un 2° piso con balcón al frente y otro balcón francés hacia el pulmón del edificio. Cuenta con 1 dormitorio, 1 baño completo y un cómodo living comedor con cocina integrada &#x2b50;, Perfecto para disfrutar de aire y luz natural gracias a su orientación noreste. La unidad ofrece una distribución funcional, pensada para el día a día con ambientes bien definidos y ventilación cruzada. - 2 ambientes. - 1 dormitorio. - 1 baño. - Balcón. - Piso 2 de 8. - Orientación noreste. - Expensas: $180. 000 ars. requisitos: - 1 Mes de adelanto. - 1 Mes de deposito (en dólares) - Seguro de caución o garantía capital. - Demostración de ingresos. Una excelente opción para vivir en un entorno clásico y elegante, con todo al alcance. Consultanos para coordinar una visita y conocerlo en detalle. Toda la información del aviso, incluyendo medidas, precio, impuestos, servicios, etc. Son estimativos, sujetos a modificación y no vinculantes, según lo dispuesto en el art. 973, Cód. Civ. Y Com. - kpVer datos - kptVer datos- - Publicado usando KiteProp crm Inmobiliario";650000;180000;Peña 2100;34;2;1;1;https://www.zonaprop.com.ar/propiedades/clasificado/alclapin-departamento-2-ambientes-con-balcon-en-recoleta-58321616.html?n_src=Listado&n_pg=1&n_pos=13;False;;Destacado;
zonaprop;recoleta;Departamento;Hermoso departamento de dos ambientes al frente disposición invertida sumamente luminoso, soleado y ventilado (cruzada). Cuenta con hall de ingreso, cocina con muebles bajomesada y alacenas, calefón, lugar para lavarropas y heladera. Living cómodo con excelente iluminación natural, aire acondicionado frío calor. Hall de distribución a baño completo con bañera y a dormitorio con amplio placard y salida a balcón al frente. Son en total 40mts, siendo 2mts de ellos descubiertos. Excelente vista y orientación. Muy buen edificio con calefacción central. Recién pintado y en excelente estado. Apto para profesional.;800000;140000;Avenida Pueyrredón 1132;40;2;1;1;https://www.zonaprop.com.ar/propiedades/clasificado/alclapin-barrio-norte-av-pueyrredon-1100-12-frente-todo-luz-58276853.html?n_src=Listado&n_pills=Encargado&n_pg=1&n_pos=14;False;;Destacado;
zonaprop;recoleta;Departamento;Espectacular departamento de 2 ambientes, una verdadera joya en el corazón de Recoleta! Este espacio combina a la perfección el encanto clásico con las comodidades modernas, ofreciendo un ambiente hermoso, luminoso y funcional que no querrás perderte. Ubicado en la mejor zona de Recoleta, este departamento totalmente amoblado te brinda todo lo que necesitas para vivir o trabajar con estilo y comodidad. Imagina relajarte en el acogedor salón, equipado con un cómodo sofá cama, una elegante mesa, sillas y una televisión para disfrutar de tus programas favoritos. Además, cuenta con aire acondicionado para que puedas mantenerte fresco en los días más calurosos. Dormitorio con cama matrimonial con ventana dvh. Baño completo con bañera. La cocina es otro punto destacado de esta propiedad, con muebles sobre y bajo mesada que te brindan un amplio espacio de almacenamiento y una distribución funcional para preparar tus platos preferidos con facilidad. Pero lo mejor de todo es su luminosidad y su vista privilegiada. Ubicado en el sexto piso al contrafrente, este departamento cuenta con un lateral abierto y un encantador balcón francés que te permitirá disfrutar de la luz natural y de las vistas de la ciudad. A 2 cuadras de Avenida Santa Fe. Local de cafe artesanal en la misma manzana, laverap, Kiosco, coto, ferreteria. A 2 cuadras del Hospital de Niños. opcion alquiler temporal corto O covencional minimo 1 año con aumentos trimestrales por icl. disponible desde 11 de enero 2026;700000;100000;Mansilla 2935;35;2;1;1;https://www.zonaprop.com.ar/propiedades/clasificado/alclapin-alquiler-departamento-2-ambientes-amoblado-recoleta-53846025.html?n_src=Listado&n_pills=Aire+acondicionado&n_pg=1&n_pos=15;False;;Destacado;
zonaprop;recoleta;Departamento;Alquiler de Departamento 3 Ambientes en Recoleta, Capital Federal. Departamento en alquiler en Recoleta, al frente. Balcón y patio Superficie total de 80. 00 metros cuadrados, son 3 ambientes con baño y toilette. Bajas expensas. Apto profesional. Precio de alquiler: $Ver datos. Aviso legal: Las descripciones arquitectónicas y funcionales, valores de expensas, impuestos y servicios, fotos y medidas de este inmueble son aproximados. Los datos fueron proporcionados por el propietario y pueden no estar actualizados a la hora de la visualización de este aviso por lo cual pueden arrojar inexactitudes y discordancias con las que surgen de los las facturas, títulos y planos legales del inmueble. El interesado deberá realizar las verificaciones respectivas previamente a la realización de cualquier operación, requiriendo por sí o sus profesionales las copias necesarias de la documentación que corresponda. Ley 5115: El inmueble es accesible para personas con movilidad reducida. Ley 5859 art. 4: Para los casos de alquiler de vivienda, el monto máximo de comisión que se le puede requerir a los propietarios será el equivalente al cuatro con quince centésimos por ciento (4, 15%) del valor total del respectivo contrato. Sabaj soluciones inmobiliarias. Leonardo I. Sabaj- Corredor Inmobiliario Mat. 2537 cucicba. xintel(sbj-sbj-299);750000;225000;Larrea 910. Entre Paraguay y General lucio norberto mansill;80;3;2;2;https://www.zonaprop.com.ar/propiedades/clasificado/alclapin-departamento-3-ambientes.-larrea-910-57836338.html?n_src=Listado&n_pills=Lavadero&n_pg=1&n_pos=16;False;;Destacado;
zonaprop;recoleta;Departamento;"Amplio dos ambientes al contrafrente con balcón. Cocina con lavadero independiente. Dormitorio con placard. Baño completo. Amplio living comedor. El edificio cuenta con 10 pisos, 4 deptos por piso; ubicado a media cuadra de Av. Cnel Díaz y a cuatro cuadras de Av. Córdoba. Próximo al Hospital de Niños Ricardo Gutierrez. Colectivos cercanos: 29, 39, 92, 99, 106, 109, 111, 128, 140, 188, 194. El artículo 4 de la Ley 5859 establece que, en el caso de alquileres de vivienda, el monto máximo de comisión que se puede cobrar a los propietarios es de 4, 15% del valor total del contrato. Además, prohíbe que se cobren comisiones inmobiliarias y gastos de gestión de informes a los inquilinos que sean personas físicas. aceptamos seguro de caución respaldar -express-112-inmobiliaria-459. martillero responsable: juan ignacio alfano Matrícula cucicba 9042. Alfano propiedades. Conforme la ley 5115 de accesibilidad el inmueble posee acceso para personas con movilidad reducida. Los metros aquí publicados son aproximados. Los reales surgen de la escritura. Esta publicidad respeta lo establecido en los artículos 4 Y 8 de la ley 24. 240.";690000;170000;Billinghurst 1373;45;2;1;1;https://www.zonaprop.com.ar/propiedades/clasificado/alclapin-2-amb.-en-alquiler-recoleta-57466005.html?n_src=Listado&n_pills=Lavadero&n_pg=1&n_pos=17;False;;Destacado;
zonaprop;recoleta;Departamento;Excelente departamento al frente sobre avenida Santa fe 9° piso, con balcón, todo sol y luz muy bien ventilado. El living bien distribuido, con balcon francés y el dormitorio con balcón orientación norte y linda vista. Aire acondicionado split. Se entrega recien renovado y con los pisos recien plastificados. Cocina con gran ventana y baño completo. Son 4 departamentos por piso. Edificio con cámara de seguridad y llave magnética. Cerca de facultad de medicina, economia, odontología, universidad de palermo, Salvador, uade, uces, San Andrés, Recoleta Mall, etc. Muy bien comunicado con toda la ciudad por subtes D y H y colectivos.;700000;155000;Avenida Santa Fe 2088;45;2;1;1;https://www.zonaprop.com.ar/propiedades/clasificado/alclappa-duena-alquila-2-ambientes-av-santa-fe-y-ayacucho-alto-57416821.html?n_src=Listado&n_pills=Encargado&n_pg=1&n_pos=18;False;;Destacado;
zonaprop;recoleta;Departamento;Comodo departamento amoblado en una inmejorable ubicación. Con pisos de madera que aportan calidez y un luminoso ambiente. Buen balcón con vista verde, ideal para relajarte o compartir momentos especiales. El living cuenta con aire acondicionado, garantizando un ambiente fresco durante los días calurosos. Además, el departamento ofrece servicios individuales para una mayor comodidad. La cercanía a subtes y colectivos te permitirá moverte con facilidad por la ciudad.;700000;120000;Peña;39;2;1;1;https://www.zonaprop.com.ar/propiedades/clasificado/alclapin-comodo-depto.-amoblado-en-recoleta-57998213.html?n_src=Listado&n_pills=Aire+acondicionado&n_pg=1&n_pos=19;False;;Destacado;
zonaprop;recoleta;Departamento;"Alquiler departamento 2 ambientes con balcon en recoleta- capital. En pleno corazón de Recoleta, este departamento de 2 ambientes se presenta como una opción ideal para quienes buscan calidad de vida, conectividad y entorno urbano. La unidad se encuentra en primer piso al frente, con balcón y acceso por ascensor, dentro de un edificio mantenido. El departamento ofrece una disposición funcional y luminosa, con ambientes que favorecen la ventilación natural y el confort diario. El balcón al frente suma un espacio exterior aprovechable, ideal para disfrutar del aire libre en una de las zonas más valoradas de la ciudad. La zonaRecoleta es sinónimo de elegancia, seguridad y servicios. A pocos pasos se encuentran avenidas principales como Av. Santa Fe y Av. Pueyrredón, rodeadas de comercios, cafés, restaurantes, supermercados, gimnasios y centros de salud. La cercanía a universidades, espacios culturales y áreas verdes convierte a esta ubicación en una de las más demandadas tanto para vivienda como para alquiler. Conectividad y transporteLa propiedad cuenta con excelente acceso a transporte público: Subte Línea D (estaciones cercanas sobre Av. Santa Fe) Múltiples líneas de colectivo que conectan con Microcentro, Palermo, Belgrano y otros puntos clave de la ciudadRápidos accesos a arterias principales, facilitando la movilidad diaria. Si estás buscando alquilar en una buena zona de la ciudad, contactate con nosotros y coordiná una visita para conocer la propiedad. &#xa9; 2026 Coldwell Banker. Todos los derechos reservados. Coldwell Banker y los logotipos de Coldwell Banker son marcas de servicio de propiedad de Coldwell Banker Real Estate llc. El sistema Coldwell Banker&#xae; está compuesto por oficinas propias de propiedad de una subsidiaria de Anywhere Advisors llc y por oficinas adheridas al Sistema Coldwell Banker que son de propiedad y operación independientes. En cumplimiento con la normativa vigente, los asistentes no ejercen el corretaje inmobiliario. La intermediación y conclusión de las operaciones inmobiliarias es desarrollada por Martilleros y Corredores Públicos. Esta Oficina Inmobiliaria se encuentra a cargo de Ariel De Benedetti cucicba 6251 Tomo 1 Folio 233 y Mariel Alicia Van Compernolle cpmcal 545 libro ii Folio 23 adheridos al Sistema Coldwell Banker Wings, C. Padre Neumann1419, Nuñez, caba.";700000;150000;Charcas al 2800;42;2;1;1;https://www.zonaprop.com.ar/propiedades/clasificado/alclapin-alquiler-departamento-2-amb-con-balcon-en-recoleta-58369122.html?n_src=Listado&n_pills=Aire+acondicionado&n_pg=1&n_pos=20;False;;;
zonaprop;recoleta;Departamento;Corredor Responsable: Monica Alejandra Mazza cucicba 5609 / Ezequiel Luceti cmcpsi 6635- Contacto: Joaquin Jeanneret. 2 Ambientes en Alquiler – Recoleta – Edificio Moderno con Seguridad. Departamento de 2 ambientes en alquiler ubicado en una de las zonas más buscadas de Recoleta, sobre Pacheco de Melo al 2700, rodeado de servicios, comercios y excelente conectividad. La unidad se destaca por su tranquilidad y luminosidad. Cuenta con balcón interno, ideal para quienes priorizan silencio en pleno corazón del barrio. El departamento es apto profesional. Características del departamento: Living comedor cómodo y funcional. Dormitorio con buena luz natural. Balcón interno. Baño completo con bañera, mampara y bidet. Cocina eléctrica. Departamento totalmente eléctrico. Aire acondicionado frío/calor. Características del edificio: Edificio moderno. Seguridad monitoreada 24 horas. Laundry en planta baja (lavadora y secadora) Ubicación estratégica: A 3 cuadras de Av. Del Libertador. A 2 cuadras de Av. Las Heras. A 6 cuadras de Av. Santa Fe. 500 metros Subte Línea H (Las Heras) 800 metros Subte Línea D (Agüero) Requisitos: Recibo de sueldo o comprobantes de ingresos. Contrato a 2 años. Ajuste trimestral por ipc. Garantía propietaria en caba o seguro de caución. Excelente opción para quienes buscan vivir en Recoleta, con cercanía a espacios verdes, transporte y centros comerciales. Consultanos para coordinar una visita. Rau S. R. L. No ejerce el corretaje inmobiliario. El presente sitio web es una plataforma en donde cada oficina inmobiliaria independiente que contrata los servicios re/max puede publicar las propiedades a su cargo. Cada oficina es de propiedad y gestión independiente, por lo que rau S. R. L. No interviene en los datos de la publicación, en la operación inmobiliaria, ni en la confección y/o firma del boleto de compraventa y/o escritura y/o contrato de alquiler. En cumplimiento de las leyes vigentes que regulan el corretaje inmobiliario, Ley Nacional 25. 028, Ley 22. 802 de Lealtad Comercial, Ley 24. 240 de Defensa al Consumidor, las normas del Código Civil y Comercial de la Nación y Constitucionales, los agentes/gestores no ejercen el corretaje inmobiliario. Todas las operaciones inmobiliarias son objeto de intermediación y conclusión por parte del corredor público inmobiliario colegiado a cargo de la publicación, cuyos datos se exhiben en la presente. La presente publicación describe las características esenciales del inmueble, debiéndose consultar al corredor público inmobiliario responsable de la operación por la eventual actualización de las medidas, descripciones arquitectónicas y funcionales, valores de expensas, servicios, impuestos, precios y demás información, cuyos valores son aproximados. Para los casos de alquiler de vivienda, el monto máximo de comisión que se le puede requerir a los propietarios será el equivalente al cuatro con quince centésimos por ciento (4, 15%) del valor total del respectivo contrato. Se encuentra prohibido cobrar a los inquilinos que sean personas físicas comisiones inmobiliarias y gastos de gestoría de informes. El inmueble no es accesible para personas con discapacidades físicas.;800000;200000;José Andrés Pacheco de Melo 2700;35;2;1;1;https://www.zonaprop.com.ar/propiedades/clasificado/alclapin-departamento-alquiler-2-ambientes-recoleta-58330557.html?n_src=Listado&n_pills=Aire+acondicionado&n_pg=1&n_pos=21;False;;;
zonaprop;recoleta;Departamento;"Luminoso departamento de 2 ambientes, ubicado sobre Av. Córdoba al 2000, en el corazón de Recoleta / Balvanera, con excelente conectividad y acceso a universidades, comercios y transporte. Cuenta con: Living comedor amplio, con ventana al exterior y espacio de trabajo integrado. Cocina separada, muebles completos y artefactos eléctricos. Dormitorio con placard empotrado y salida a balcón corrido. Baño completo. Se alquila amoblado, con la posibilidad de retirar los muebles del dormitorio, según preferencia del inquilino. Edificio con ascensor y hall de entrada en muy buen estado. &amp;#x1f4cd; Ubicación estratégica: A metros de Av. Callao, Av. Corrientes y Facultad de Medicina (uba). Cercano a uba Económicas, uba Odontología, utn y Hospital de Clínicas. Próximo a Subte B (Callao), Subte D (Facultad de Medicina) y múltiples líneas de colectivo. Rodeado de bares, cafés, supermercados, farmacias, gimnasios y locales gastronómicos. Grupo Zeta Servicios Inmobiliarios es parte de la Red Pulppo. Pulppo es una red inmobiliaria que une a inmobiliarias matriculadas independientes con tecnología y acompañamiento para brindar un mejor servicio a sus clientes. Cada inmobiliaria miembro es jurídicamente independiente y opera de manera autónoma. La información publicada sobre esta propiedad (precio, superficies, medidas, fotografías, antigüedad, servicios y demás datos) fue proporcionada por la inmobiliaria responsable. Pulppo y sus inmobiliarias asociadas no garantizan la exactitud ni la veracidad de los datos. Los mismos serán verificados en la documentación oficial y en la escritura ante escribano público. Cucicba 7651 - cmcpsi 6934aviso legal: Se hace saber que las características descriptas del inmueble publicado, calidades y cualidades constructivas y funcionales, valores de expensas, impuestos y servicios, y medidas y superficies, son aproximados y consignadas en base a datos que fueron proporcionados por el propietario y que pueden no ser exactos y/o no estar actualizados a la hora de la visualización de este aviso, pudiendo surgir discordancias con los datos que surgen de la documentación respectiva. Las medidas y superficies exactas son las que surgen de los títulos y planos legales del inmueble. Las imágenes publicadas lo son al mero efecto orientativo de las características generales y circunstancias del inmueble en el momento en que han sido tomadas, pudiendo las mismas diferir del estado y circunstancias actuales del mismo. Asimismo, los mobiliarios, accesorios, elementos, etc, que se visualicen en las imagines publicadas, no integran la oferta de venta. En todos los casos el interesado deberá realizar una visita al inmueble y efectuar las verificaciones respectivas previamente a la realización de cualquier operación, requiriendo la documentación que corresponda. Venta supeditada al cumplimiento por parte del propietario de los requisitos de la resolución general Nº 2371 de la afip (pedido de coti). -";650000;188000;Av. Córdoba 2000;43;2;1;1;https://www.zonaprop.com.ar/propiedades/clasificado/alclapin-departamento-en-alquiler-en-recoleta-2-ambientes-57676531.html?n_src=Listado&n_pg=1&n_pos=22;True;;;7%
zonaprop;recoleta;Departamento;-;750000;170000;Av Santa Fe al 2500;37;2;1;1;https://www.zonaprop.com.ar/propiedades/clasificado/alclapin-departamento-en-alquiler-58087451.html?n_src=Listado&n_pills=Encargado&n_pg=1&n_pos=23;False;;;
zonaprop;recoleta;Departamento;Departamento de 2 ambientes (sin muebles) ubicado en una excelente zona de Recoleta a metros de Av Pueyrredon y Av Santa Fe. Excelente conectividad gracias a su cercania con el Subte lineas D y H, numerosas líneas de colectivos, comercios, sanatorios y centros educativos. La unidad se encuentra en un sexto piso es interna y muy silenciosa. Cuenta con: -Cocina con horno a gas y calefón. -Living comedor con pisos de parquet y balcón francés. -Dormitorio con placard, ventana y persiana. -Baño completo con ventilación natural. - Bajas expensas $86. 000. sin muebles. Ideal para quienes buscan comodidad y buena conectividad tanto para trabajar como para estudiar. No dudes en contactarme;600000;86000;Arenales 2300;30;2;1;1;https://www.zonaprop.com.ar/propiedades/clasificado/alclapin-departamento-2-amb.-excelente-ubicacion-a-m-av-santa-58070637.html?n_src=Listado&n_pg=1&n_pos=24;False;;;
zonaprop;recoleta;Departamento;Alquiler de departamento 2 ambientes con balcon en recoleta, capital federal. se entrega recien pintado. - Requisitos excluyentes para avanzar con el alquiler: Garantía propietaria de caba o del interior de la provincia de buenos aires o seguro de caución de argenprop y contar con Ingresos comprobables (recibos de sueldo, monotributo, autónomos, etc.) Aclaración: El propietario no acepta perros. Contrato tradicional 2 años ajuste cada 3 meses por ipc. - Contacto para visitas: Para agendar, escribinos por WhatsApp al Ver datos. - avisos legales: - Se encuentra prohibido cobrar comisiones inmobiliarias y gastos de gestoría de informes a los inquilinos que sean personas físicas. Para los casos de alquiler de vivienda, el monto máximo de comisión que se le puede requerir a los propietarios será el equivalente al cuatro con quince centésimos por cientos (4, 15%) del valor total del respectivo contrato. - Las descripciones arquitectónicas y funcionales, valores de expensas, impuestos y servicios, fotos y medidas de este inmueble son aproximados. Los datos fueron proporcionados por el propietario y pueden no estar actualizados a la hora de la visualización de este aviso por lo cual puede arrojar inexactitudes y discordancias con las que surgen de las facturas, títulos y planos legales del inmueble. El interesado debe realizar las verificaciones respectivas previamente a la realización de cualquier operación, requiriendo por si o sus profesionales las copias necesarias de la documentación que corresponda. Corredores inmobiliarios: Juan Carlos Sardi Cucicba 2174 Luciano Lance Cucicba 2173xintel(mup-mup-1630);600000;237000;BILLINGHURST 1300. Entre Paraguay y Soler;46;2;1;1;https://www.zonaprop.com.ar/propiedades/clasificado/alclapin-amplio-2-amb-c-balcon-billinghurst-y-paraguay-58318694.html?n_src=Listado&n_pills=Luminoso&n_pg=1&n_pos=25;False;;;
zonaprop;recoleta;Departamento;Requisitos para ingresar: seguro de caucion finaer o premium group, demostración de ingresos en blanco que superen los $ 2. 500. 000, 2 años de contrato, aumento cada 3 meses por icl, se acepta mascota chica (perro o gato), el pago es del 1 al 5 en efectivo, se pide contratar un seguro contra incendios, 1 mes de deposito y adelantado para ingresar. Amplio living comedor de 5. 50 x 3 con un espacio extra de 2. 60 x 2. 50 en una esquina, cocina de 4. 30 x 1. 50 con muebles bajo mesada, alacenas, conexion para lavarropas, artefacto de cocina y calefon a gas. Balcon de 4 x 1 con pileta de lavar que podemos acceder desde la cocina o desde el living comedor. Hall de distribución con placard que distribuye el dormitorio de 3. 10 x 2. 90 que también cuenta con placard y el baño completo con bañera. Excelente ubicación a tan solo 1 cuadra de la Av. Santa Fe y a solo 4 del subte D estación Pueyrredon, de la Av. Pueyrredon, de la Av. Callao y del shopping de Recoleta. Consultas propato propiedades. Para obtener más información o coordinar una visita, no dude en comunicarse con nosotros! - WhatsApp: 11 3284. 3177. - Teléfono: 4521. 5616. - Instagram: @propatopropiedades. - TikTok: @propatopropiedades. Somos una inmobiliaria abocada al rubro hace más de 35 años brindando verdadera atención personalizada, con local propio a la calle en Juramento 4904, corazón de Villa Urquiza. Matrícula cucicba N°1891. La información contenida en este aviso es meramente orientativa y no tiene carácter contractual. Las medidas, superficies, valores de expensas, tasas y servicios son aproximados y están sujetos a verificación y/o modificación sin previo aviso. Las dimensiones exactas y demás datos precisos surgirán del título de propiedad del inmueble.;750000;170000;Uriburu 1228;54;2;1;1;https://www.zonaprop.com.ar/propiedades/clasificado/alclapin-amplio-depto-de-2-ambientes-al-contrafrente-con-balcon-57871912.html?n_src=Listado&n_pills=Permite+mascotas&n_pg=1&n_pos=26;False;;;
zonaprop;recoleta;Departamento;Recoleta aguero Y arenales. 2amb 50M bcon aterrazado todo sol impecable hall de entrada 3, x 1, 50. living (6X3, 50) A balcon aterrazado de (5 X1. 50) dormitorio (4, 50X3, 50) con excelente placard pallier X4 cocina completa buena, con sol, Baño Completo. para mas informacion O si queres visitar el departamento, comunicate al whatsapp: Ceci Ghio Ver datos;750000;138000;AGUERO 1600;56;2;1;1;https://www.zonaprop.com.ar/propiedades/clasificado/alclapin-arenales-y-aguero-2-ambientes-55-m-balcon-aterrazado-53490821.html?n_src=Listado&n_pills=Encargado&n_pg=1&n_pos=27;False;;;
zonaprop;recoleta;Departamento;Alquiler de departamento de 2 ambientes ubicado en Recoleta, Arenales y Carlos Pellegrini, El departamento cuenta con living comedor, un dormitorio con placard de piso a techo. Un baño completo. Cocina independiente. Balcón Frances con baranda a pulmón del edificio. (no balcón tradicional) Aire acondicionado en living comedor. No tiene cocheraEl edificio cuenta con un encargado de lunes a sabado. Se deja aclarado que las informaciones contenidas en esta publicación podrían haber sufrido alguna modificación o corrección entre su publicación y el tiempo de su visualización. fj pereyra iraola - Francisco J Pereyra Iraola Matricula cmcpsi 6815 - cucicba 9032;590000;170000;Alquiler de departamento de 2 ambientes ubicado en Recoleta, Arenales y Carlos Pellegrini, El departamento cuenta con living comedor, un dormitorio con placard de piso a techo. Un baño completo. Cocina independiente. Balcón Frances con baranda a pulmón del edificio. (no balcón tradicional) Aire acondicionado en living comedor. No tiene cocheraEl edificio cuenta con un encargado de lunes a sabado. Se deja aclarado que las informaciones contenidas en esta publicación podrían haber sufrido alguna modificación o corrección entre su publicación y el tiempo de su visualización. fj pereyra iraola;34;2;1;1;https://www.zonaprop.com.ar/propiedades/clasificado/alclapin-alquiler-departamento-2-ambientes-en-recoleta-caba-57851766.html?n_src=Listado&n_pills=Encargado&n_pg=1&n_pos=28;False;;;
zonaprop;recoleta;Departamento;Corredor Responsable: marcelo trujillo cpi 6470 / cmcpdjlm 810- Contacto: Romina Gavagna. Departamente piso alto, luminoso, vista lateral a pulmón pero al ser último piso es luminoso. Cocina separada. Baño completo con bañera. Pisos de parquet. Balcón abierto y espacio semicubierto de lavadero o posble escritorio, separado del ambiente principal. Sin expensas. Contrato por dos (2) años. Se acepta seguro de caución como garantía y demostración de ingreso de los locatarios, y/o dos garantes con recibo de sueldo. No se aceptan mascotas. El departamento se encuentra ubicado a metros de Av Santa Fe con todo su centro comercial y a cuatro cuadras de Coronel Diaz. Cercania a la Plazoleta del Arbol, pasaje caracteristico del barrio y a pocas cuadras Parque Las Heras.. A cinco cuadras se encuentra el Shopping Alto Palermo. Medios de transporte, más de 15 líneas de colectivos y a dos cuadras la linea D de subte. También, a tan solo pocas cuadras, nos encontramos con el Htal. Fernandez y el Htal Gutierrez. Rau S. R. L. No ejerce el corretaje inmobiliario. El presente sitio web es una plataforma en donde cada oficina inmobiliaria independiente que contrata los servicios re/max puede publicar las propiedades a su cargo. Cada oficina es de propiedad y gestión independiente, por lo que rau S. R. L. No interviene en los datos de la publicación, en la operación inmobiliaria, ni en la confección y/o firma del boleto de compraventa y/o escritura y/o contrato de alquiler. En cumplimiento de las leyes vigentes que regulan el corretaje inmobiliario, Ley Nacional 25. 028, Ley 22. 802 de Lealtad Comercial, Ley 24. 240 de Defensa al Consumidor, las normas del Código Civil y Comercial de la Nación y Constitucionales, los agentes/gestores no ejercen el corretaje inmobiliario. Todas las operaciones inmobiliarias son objeto de intermediación y conclusión por parte del corredor público inmobiliario colegiado a cargo de la publicación, cuyos datos se exhiben en la presente. La presente publicación describe las características esenciales del inmueble, debiéndose consultar al corredor público inmobiliario responsable de la operación por la eventual actualización de las medidas, descripciones arquitectónicas y funcionales, valores de expensas, servicios, impuestos, precios y demás información, cuyos valores son aproximados. Para los casos de alquiler de vivienda, el monto máximo de comisión que se le puede requerir a los propietarios será el equivalente al cuatro con quince centésimos por ciento (4, 15%) del valor total del respectivo contrato. Se encuentra prohibido cobrar a los inquilinos que sean personas físicas comisiones inmobiliarias y gastos de gestoría de informes. El inmueble no es accesible para personas con discapacidades físicas.;530000;;Agüero 1500;45;2;1;1;https://www.zonaprop.com.ar/propiedades/clasificado/alclapin-alquiler-dos-ambientes-a-m-de-av-santa-fe-58279345.html?n_src=Listado&n_pills=Lavadero&n_pg=1&n_pos=29;False;;;
zonaprop;recoleta;Departamento;Departamento 2 Ambientes con Dependencia en Barrio Norte, caba. Ubicación: Ayacucho entre Pacheco de Melo y Av. Las Heras. Piso: 4° lateral, con excelente luz natural. Características del departamento. - Dos ambientes principales con muy buena distribución. - Dependencia de servicio que puede adaptarse como segundo dormitorio o escritorio. - Living comedor amplio. - Dormitorio principal con placard y salida al balcón. - Lavadero independiente. Placares de calidad, con buen espacio de guardado. - Edificio de categoría. Entorno y medios de transporte. El departamento se encuentra en pleno Barrio Norte, una de las zonas más buscadas de la ciudad por su combinación de tranquilidad residencial y excelente conectividad. - A metros de Av. Las Heras, con múltiples líneas de colectivos (10, 37, 41, 59, 60, 92, 93, 95, 102, 108, 110, 124, 128, 130, 188, entre otros). - Cercanía a la Línea D de Subte (estaciones Las Heras y Pueyrredón). - Rápido acceso a Recoleta, Palermo y al centro porteño. - Zona con gran oferta de comercios, supermercados, restaurantes y espacios verdes (Plaza Las Heras, Parque Recoleta). Best seller brokers: Ver datos/Ver datos;790000;268000;Ayacucho 1500;45;2;2;2;https://www.zonaprop.com.ar/propiedades/clasificado/alclapin-ayacucho-y-av-las-heras-4-piso-2-amb.-con-58384002.html?n_src=Listado&n_pills=Lavadero&n_pg=1&n_pos=30;False;;;
zonaprop;recoleta;Departamento;Departamento de 2 ambientes amplo localizado en el barrio de Recoleta. Buen estado. Luminoso, 6to piso con ascensor. Gas y Luz. Living. Dormitorio. Cocina con comedor diario. Balcón cubierto con lavadero. Baño completo;650000;60000;Dr. Tomás Manuel de Anchorena 1200;42;2;1;1;https://www.zonaprop.com.ar/propiedades/clasificado/alclapin-departamento-2-ambientes-45-m-sup2--en-alquiler-en-58015525.html?n_src=Listado&n_pills=Encargado&n_pg=2&n_pos=3;False;;;
zonaprop;recoleta;Departamento;Departamento en alquiler en Recoleta, Ideal para Estudiantes o familia joven. Este inmueble de 60 m² construidos ofrece un ambiente acogedor y bien distribuido. Cuenta con 2 dormitorios, 1 baño, cocina y un living comedor que invita al relax. Disfrutá de su balcón con orientación ne y aire acondicionado. El edificio tiene 10 pisos con 4 departamentos por piso, ascensor y encargado. Además, permite mascotas. Ubicado en un contrafrente muy luminoso. La propiedad cuenta con lavadero y 56 m2 de superficie semicubierta. En Recoleta, tendrás acceso a una amplia gama de servicios, comercios y opciones de transporte público. La zona es conocida por su ambiente residencial tranquilo y su cercanía a importantes centros educativos, de salud y recreativos. Temas a tener en cuenta: Para llegar al departamento hay que subir por ascensor hasta el 9° piso y de ahí subir un piso por escalera.;800000;190000;Paraguay 3045;60;3;2;1;https://www.zonaprop.com.ar/propiedades/clasificado/alclapin-3-ambientes-con-balcon-en-muy-buen-estado-en-recoleta-58323185.html?n_src=Listado&n_pills=Lavadero&n_pg=2&n_pos=4;False;;;
zonaprop;recoleta;Departamento;Departamento en alquiler en Recoleta, ideal para quienes buscan comodidad y funcionalidad en una ubicación privilegiada. La propiedad cuenta con 45 m² construidos y ofrece un ambiente luminoso gracias a su balcón. El interior se distribuye en 1 dormitorio, 1 baño, cocina y un living comedor integrado, perfecto para optimizar el espacio. El edificio dispone de ascensor, facilitando el acceso a la unidad. Recoleta es una zona residencial y comercial que ofrece una amplia gama de servicios. En sus alrededores se encuentran supermercados, farmacias, bancos y una gran variedad de comercios. La zona cuenta con excelentes opciones de transporte público, incluyendo diversas líneas de autobuses. Además, ofrece cercanía a centros de salud, parques y espacios verdes, ideal para disfrutar de actividades al aire libre. El ambiente es dinámico y seguro, con casetas de vigilancia en la zona.;650000;195000;Sánchez de Bustamante 2229;45;2;1;1;https://www.zonaprop.com.ar/propiedades/clasificado/alclapin-2-ambientes-excelente-ubicacion-luminoso-balcon-57843570.html?n_src=Listado&n_pills=Encargado&n_pg=2&n_pos=5;False;;;
zonaprop;recoleta;Departamento;"Tiene un espacio muy luminoso en living-comedor, dormitorio con salida a balcon corrido y muy buen placard, baño actualizado y completo, cocina con luz natural, actualizada y buena circulación de aire y muy luminosa, balcon corrido espectacular, la ubicacion es muy conveniente por la cercania a grandes Avenidas, (Santa Fe, Pueyrredon, Callao, Las Heras) y lineas de subte ""D"" y ""H"" cerca de parques, cafeterias, Sanatorios y con exelente conexion de trasporte publico hacia distitntos puntos de la Ciudad,";750000;98800;Junín 1372;49;2;1;1;https://www.zonaprop.com.ar/propiedades/clasificado/alclapin-exelente-2-ambientes-en-recoleta!-piso-alto-a-la-58315900.html?n_src=Listado&n_pills=Lavadero&n_pg=2&n_pos=6;False;;;
zonaprop;recoleta;Departamento;Dueño alquila departamento excepcional, 2 ambiente al frente con balcón corrido. Todos los ambientes dan al balcón. Excelente luminosidad. Cocina y lavadero independiente, muy buen amoblamiento. Servicios individuales, ventiladores de techo y un aparato de aire acondicionado. Pisos de parquet, todo en excelente estado. Expensas $ 180. 000 aprox. Condiciones: un mes adelantado, u$s 500. - de depósito y una garantía propietaria o seguro de alquiler. Con actualización cuatrimestral por costo de vida indec. Se alquila sin muebles a partir del 1° de marzo 2026. Uno o dos adultos. Contactarse por Whatsapp: + 5Ver datos Luis;700000;180000;Marcelo T. de Alvear 1900;52;2;1;1;https://www.zonaprop.com.ar/propiedades/clasificado/alclappa-dueno-alquila-2-ambientes-en-barrio-norte-al-frente-58222798.html?n_src=Listado&n_pills=Lavadero&n_pg=2&n_pos=7;False;;;
zonaprop;recoleta;Departamento;Excelente ubicacion, departamento de 2 ambientes al frente con balcon corrido Y vista abierta A 50 mts del parque las heras, consta de living comedor, dormitorio con placard, cocina, baño completo con ventana, pisos de parquet. El valor de las expensas puede sufrir variacion Y/O ajuste. Las medidas de los ambientes son aproximadas en caracter orientativo. -;550000;216199;José Andrés Pacheco de Melo 3000;40;2;1;1;https://www.zonaprop.com.ar/propiedades/clasificado/alclapin-alq-2-amb-al-frente-en-parque-las-heras-57835250.html?n_src=Listado&n_pg=2&n_pos=8;False;;;
zonaprop;recoleta;Departamento;"Excelente departamento 2 ambientes- apto profesional- edificio con amenities: pileta, gym, landry- dos equipos de aire acondicionado- balcon. Servicios y otros datos: Pavimento, sum, Solarium. Información Adicional: Apto profesional. Monto de las expensas: 286. 000. Apto profesional. Aire acondicionado individual. Caldera individual. Gas natural. Sauna. - Matricula: cpi N°: 2185. ""Para los casos de alquiler de vivienda, el monto máximo de comisión que se le puede requerir a los propietarios será el equivalente al cuatro con quince centésimos por ciento (4, 15%) del valor total del respectivo contrato. Se encuentra prohibido cobrar a los inquilinos que sean personas físicas comisiones inmobiliarias y gastos de gestoría de informes"". Ambientes: Dormitorio. Pileta. Servicios: Electricidad, Gas, Teléfono, Agua Corriente. Otros Servicios: Balcón";650000;286000;Ayacucho 1400;45;2;1;1;https://www.zonaprop.com.ar/propiedades/clasificado/alclapin-alquiler-dpto-2-amb-c-balcon-ayacucho-1400-1-57619688.html?n_src=Listado&n_pills=SUM&n_pg=2&n_pos=9;False;;;
zonaprop;recoleta;Departamento;Departamento de 2 ambientes en segundo piso. El mismo cuenta con cocina, baño completo, living/comedor, un dormitorio y un balcón corrido. Excelente luz natural por su amplio ventanal, cuenta con persianas eléctricas. Cuenta con equipo de aire acondicionado y un ventilador de techo. Edificio en buen estado de conservación general. Cuenta con salida a dos calles. Posee cercanía a la Av. Coronel Díaz y Av. La Av. Santa Fe. requisitos: ingresos comprobables, garantía propietaria de caba, un mes de depósito y un mes de adelanto. contrato de alquiler: Ajustes trimestral por ipc.;800000;;Billinghurst al 1500;40;2;1;1;https://www.zonaprop.com.ar/propiedades/clasificado/alclapin-departamento-en-alquiler-recoleta-58389459.html?n_src=Listado&n_pills=Aire+acondicionado&n_pg=2&n_pos=10;False;;;
zonaprop;recoleta;Departamento;Montevideo al 800. Muy buen departamento al frente, en edificio de categoria. Hall, living comedor. Balcon. Dormitorio. Dependencia de servico con su baño. Lavadero. Servicios centrales. Se entrega pintado.;800000;220000;Montevideo al 800;54;2;1;1;https://www.zonaprop.com.ar/propiedades/clasificado/alclapin-departamento-en-recoleta-58377407.html?n_src=Listado&n_pills=Aire+acondicionado&n_pg=2&n_pos=12;False;;;
zonaprop;recoleta;Departamento;3 ambientes al frente c/balcón. Muy LuminosoExcelente ubicación! En cumplimiento a la ley 5115, se informa que el inmueble es accesible para personas con discapacidades físicasley 5858 - art. 5Se encuentra prohibido cobrar comisiones inmobiliarias y gastos de gestoría de informes a los inquilinos que sean personas físicas. Para los casos de alquiler de vivienda, el monto máximo de comisión que se puede requerir a los propietarios será el equivalente al cuatro quince centésimos por ciento (4, 15%) del valor total del respectivo contrato. Cucicba mat. Nº 27/67;780000;300000;Mansilla al 2500;70;3;2;1;https://www.zonaprop.com.ar/propiedades/clasificado/alclapin-departamento-recoleta-57378547.html?n_src=Listado&n_pills=Encargado&n_pg=2&n_pos=13;False;;;
zonaprop;recoleta;Departamento;Departamento boutique en Recoleta ( se alquila sin muebles) Un dos ambientes joven y con excelente ubicación, ideal para estudiantes. Superficie: aprox 40 m² Cuenta con balcón pequeño y gran lugar de guardado. Es muy luminoso. Contrafrente. A metros del subte Líneas D y H Cerca de universidades y centros de estudio. ¡Consultá para más información!;750000;150000;Av. Pueyrredón 951;42;2;1;1;https://www.zonaprop.com.ar/propiedades/clasificado/alclapin-2-ambientes-en-recoleta-con-pequeno-balcon-ideal-58296823.html?n_src=Listado&n_pills=Lavadero&n_pg=2&n_pos=15;False;;;
zonaprop;recoleta;Departamento;Edificio antiguo bien mantenido con 1 ascensor Y seguridad por totem. 2 ambientes al frente con balcon frnces en living comedor Y dormitorio. hall, amplio living comedor, pasillo de distribución, buen dormitorio con gran placard de pared A pared Y piso A techo, baño completo con bañera. Pequeña cocina completa con horno Y anafe electrico. Lavadero que incluye lavaropas. Split frio calor en living comedor. Pisos de madera pulidos Y plastificados. Expensas $ 185. 000 enero. abl $ 14. 200 enero. aysa $ 29. 235 enero. todo electrico (cocina, termotanque, calefaccion) recien pintado de blanco. Se entrega con todas las luminarias en todos los ambientes Y cortinas tipo roller en living comedor Y dormitorio. No mascotas;650000;184000;Posadas 1168;48;2;1;1;https://www.zonaprop.com.ar/propiedades/clasificado/alclapin-alquiler-recoleta-posadas-1100-3ro-frente-2-ambientes-58258391.html?n_src=Listado&n_pills=Lavadero&n_pg=2&n_pos=16;False;;;
zonaprop;recoleta;Departamento;Contrafrente muy luminoso amoblado, balcón en living y dormitorio, cocina y lavadero independiente, baño completo, placard en pasillo de distribución, cochera cubierta, piso alto, aire acondicionado.;750000;170000;Pacheco De Melo 2500;45;2;1;1;https://www.zonaprop.com.ar/propiedades/clasificado/alclapin-departamento-2-amb-amoblado-en-alquiler-con-cochera-p-57987743.html?n_src=Listado&n_pills=Encargado&n_pg=2&n_pos=18;False;1;;
zonaprop;recoleta;Departamento;"Departamento amoblado en alquiler en Recoleta, ideal para quienes buscan comodidad y excelente ubicación. Este inmueble de 40 m² construidos y 42 m² totales, cuenta con 1 dormitorio, 1 baño. 2 ambientes. Disposición al frente que garantiza luminosidad. El departamento posee cocina equipada, living comedor, heladera y frezzer, microondas, ropa de cama, toallas, calefacción, calefón y ventilador. Además, dispone de balcón al frente con red de protección para disfrutar del aire libre. Ventanal doble vidrio logrando aislación térmica y ruidos molestos del transito. El edificio cuenta con ascensor y encargado. Ubicado en una zona residencial y comercial, Recoleta ofrece una amplia gama de servicios. Cercano a supermercados, farmacias y bancos. Excelentes opciones de transporte público facilitan el acceso a diferentes puntos de la ciudad. La zona se destaca por su oferta cultural, con centros culturales, cines y teatros. Además, cuenta con parques y espacios verdes para disfrutar al aire libre. Lo más importante a 2 cuadras de la Facultad de medicina. Al ingresar a la unidad se ubica un hall de entrada, hacia la derecha la pequeña cocina totalmente equipada con alacenas y bajo mesada, gran capacidad de guardado. Con ventana. Calefón, cocina / horno a gas y microondas. Vajilla completa. Luego encontramos un lindo living comedor con ventana que la al lateral. Con mesa de vidrio redonda y 4 sillas. Vajillero, un sofa, heladera baja y frezzer. Baño completo con opcion para poder colocar lavarrapas ya que esta hecha la conexión a tal fin. Ventilación a conducto general evitando que surja condensación y marque el techo. Estufa a gas. Dormitorio muy amplio con 3 placares de generosas dimensiones. Sobre ellos bauleras. Cama de 2 plazas con sus respectivas mesas de luz. Escritorio, silla. Otro mueble enfrentado a la cama con espejo. Ventilador movil. Ventanal doble vidrio que conecta al balcón. Balcón con mesa, sillas y tender de ropa. Protección estilo red. Bajas expensas. Servicios a pagar: aysa, metrogas, edesur y expensas ordinarias/comunes. requisitos: -mes por adelantado. -mes de deposito. -ingresos demostrables de inquilino/a. - ajustes cuatrimestrales por el ipc. -seguro de caución (preferentemente garantiaya) o garantía propietaria en caba. - seguro básico de incendio del depto a entregarse antes de los 30 días de firmado el contrato de locación. pablo G vergara Consultoría Inmobiliaria. cucicba 2488. WhatsApp. ""Para los casos de alquiler de vivienda, el monto máximo de comisión que se le puede requerir a los propietarios será el equivalente al cuatro con quince centésimos por ciento (4, 15%) del valor total del respectivo contrato. Se encuentra prohibido cobrar a los inquilinos que sean personas físicas comisiones inmobiliarias y gastos de gestoría de informes"". -";720000;92880;Larrea 1050;42;2;1;1;https://www.zonaprop.com.ar/propiedades/clasificado/alclapin-excelente-2-amb-amoblado-en-facultad-de-medicina-58262437.html?n_src=Listado&n_pills=Encargado&n_pg=2&n_pos=19;False;;;
zonaprop;recoleta;Departamento;Excelente dos ambientes totalmente amoblado con ropa de cama y baño. Aire acondicionado frio-calor. Heladera, microondas, cafetera, televisión. Secador de pelo. Cocina independiente. Requisitos. -Gtia propietaria. - 1 mes de adelanto. - 1 mes de deposito. -No acepta mascotas. -Contrato a 2 años con ajustes trimestrales o contrato temporal por 6 meses. Posee una excelente ubicación cercanía a espacios de la ciudad tales como: hospitales y universidades. Variedad de líneas de colectivo y 2 cuadras de subte H. Servicios: Encargado, Electricidad, Pavimento, Cloacas, Gas, Internet, Agua Corriente.;750000;67000;José Andrés Pacheco de Melo 2655;38;2;1;1;https://www.zonaprop.com.ar/propiedades/clasificado/alclappa-excelente-2-ambientes-amueblado-en-recoleta-dueno-57483099.html?n_src=Listado&n_pills=Encargado&n_pg=2&n_pos=20;False;;;
zonaprop;recoleta;Departamento;Luminoso departamento de 2 ambientes al frente. Ubicado a 50 metros del Parque Las Heras y múltiples líneas de colectivo. - Living comedor. - Cocina amplia con lavadero incorporado. - Dormitorio con placard y salida a balcón a la calle. - Calefacción por estufa tiro balanceado y aire frio/calor. Pisos de madera recién pulidos y plastificados. Aire acondicionado nuevo en el dormitorio. Aviso legal: Las descripciones arquitectónicas y funcionales, valores de expensas, impuestos y servicios, fotos y medidas de este inmueble son aproximados. Los datos fueron proporcionados por el propietario y pueden no estar actualizados a la hora de la visualización de este aviso pro lo cual pueden arrojar inexactitudes y discordancias con las que surgen de las facturas, títulos y planos legales del inmueble. El interesado deberá realizar las verificaciones respectivas previamente a la realización de cualquier operación, requiriendo por sí o sus profesionales las copias necesarias de la documentación que corresponda. Visitar únicamente con personal de la firma previa coordinación de cita. Para más información comunicarse a los teléfonos: Ver datos. Ver datos. Ver datos. Next Management S. A. Matrícula cucicba N° 804.;700000;196000;José Andrés Pacheco de Melo 3034;45;2;1;1;https://www.zonaprop.com.ar/propiedades/clasificado/alclapin-luminoso-departamento-2-ambientes-en-recoleta-58161747.html?n_src=Listado&n_pills=Encargado&n_pg=2&n_pos=21;False;;;
zonaprop;recoleta;Departamento;Frente al Alto Palermo. Es interno pero luminoso, con puerta blindada, cocina independiente con ventana, Living con balcon frances y habitacion con ventana al pulmon, cuenta con pasillo de distribucion, parquet plastificado, muchos placares y de gran tamaño. Baño hecho a nuevo (griferia, vanitory, etc). Calefón de tiro balanceado. Aire acondicionado split (nuevo).;540000;200000;Coronel Diaz 1900;33;2;1;1;https://www.zonaprop.com.ar/propiedades/clasificado/alclapin-departamento-apto-profesional-excelente-estado-y-58060685.html?n_src=Listado&n_pills=Aire+acondicionado&n_pg=2&n_pos=22;False;;;
zonaprop;recoleta;Departamento;Corredor Responsable: Daniel Acosta cpi 2406 / cmcpsi 5953- Contacto: Javier Frank. departamento 2 ambientes en venta - recoleta - capital federal. Departamento de 45 m² ubicado en zona premium de Recoleta, sobre calle French. Propiedad estratégicamente emplazada en octavo piso de edificio tradicional, con excelente distribución y orientación noroeste. Condiciones. • Alquiler por 12 meses, ajuste trimestral indice ipc. • Mes de ingreso. • Mes de deposito. • Garantia de fianza. • Demostración de ingresos. distribución. • Dormitorio principal. • Living/comedor integrado. • Cocina independiente. • Baño completo. • Lavadero. • Balcón con vista al exterior. servicios Y amenities. • Ascensor. • Aire acondicionado. • Servicios de electricidad, agua y gas. • Orientación noroeste con ingreso de luz natural. rau S. R. L. No ejerce el corretaje inmobiliario. El presente sitio web es una plataforma en donde cada oficina inmobiliaria independiente que contrata los servicios re/max puede publicar las propiedades a su cargo. Cada oficina es de propiedad y gestión independiente, por lo que rau S. R. L. No interviene en los datos de la publicación, en la operación inmobiliaria, ni en la confección y/o firma del boleto de compraventa y/o escritura y/o contrato de alquiler. En cumplimiento de las leyes vigentes que regulan el corretaje inmobiliario, Ley Nacional 25. 028, Ley 22. 802 de Lealtad Comercial, Ley 24. 240 de Defensa al Consumidor, las normas del Código Civil y Comercial de la Nación y Constitucionales, los agentes/gestores no ejercen el corretaje inmobiliario. Todas las operaciones inmobiliarias son objeto de intermediación y conclusión por parte del corredor público inmobiliario colegiado a cargo de la publicación, cuyos datos se exhiben en la presente. La presente publicación describe las características esenciales del inmueble, debiéndose consultar al corredor público inmobiliario responsable de la operación por la eventual actualización de las medidas, descripciones arquitectónicas y funcionales, valores de expensas, servicios, impuestos, precios y demás información, cuyos valores son aproximados. Para los casos de alquiler de vivienda, el monto máximo de comisión que se le puede requerir a los propietarios será el equivalente al cuatro con quince centésimos por ciento (4, 15%) del valor total del respectivo contrato. Se encuentra prohibido cobrar a los inquilinos que sean personas físicas comisiones inmobiliarias y gastos de gestoría de informes. El inmueble no es accesible para personas con discapacidades físicas.;700000;125867;French 2300;45;2;1;1;https://www.zonaprop.com.ar/propiedades/clasificado/alclapin-alquiler-dpto-2-ambientes-recoleta-balcon-58355083.html?n_src=Listado&n_pills=Lavadero&n_pg=2&n_pos=23;False;;;
zonaprop;recoleta;Departamento;Lindísimo departamento al frente con balcón corrido, ubicado en el segundo piso. Muy luminoso! Cocina y baño reciclados a nuevo. Incluye lavarropas a estrenar! Dormitorio con salida al balcón, buen placard, cajones con correderas metálicas. Excelentes cerramientos. Aire acondicionado frio/calor-living-comedor. El departamento se entrega pintado y del mismo modo deberá ser restituido al finalizar la locación. Aysa: $ 22. 700. abl: $9. 300 (inmobiliario $6. 700 a cargo del propietario) Servicios individuales. Cercano a Av. Las Heras, Pueyrredón y Santa Fe. No se aceptan mascotas. Requisitos: Ingresos comprobables compatibles con la locación y Garante propietario o Seguro de Caución. Contrato 2 años. Ajuste bimestral por ipc. Ingreso: 1 mes adelantado / 1 mes de depósito;740000;220000;Agüero 2200;40;2;1;1;https://www.zonaprop.com.ar/propiedades/clasificado/alclapin-muy-lindo-y-luminoso-departamento-con-balcon-58038192.html?n_src=Listado&n_pills=Encargado&n_pg=2&n_pos=24;False;;;
zonaprop;recoleta;Departamento;Alquiler – Departamento 2 ambientes con balcones en Recoleta. Ubicado en Azcuénaga esquina Marcelo T. De Alvear, en pleno barrio de Recoleta, una de las zonas más buscadas de la ciudad, con excelente conectividad y entorno urbano consolidado. El departamento cuenta con 45 m² totales, distribuidos en 40 m² cubiertos y 5 m² descubiertos, y se encuentra en un tercer piso. Dispone de dos balcones: uno con salida desde el living comedor y otro con acceso desde el dormitorio, lo que garantiza muy buena ventilación cruzada y gran luminosidad natural en todos los ambientes. Ambos al frente. La unidad ofrece cocina separada y completa, con espacio para lavarropas, baño completo y placard en el pasillo de distribución, optimizando el espacio de guardado. Departamento funcional, cómodo e hiper luminoso. Excelente accesibilidad, con múltiples líneas de colectivos en las inmediaciones (como 61, 62, 64, 68, 92, 95, 101, 110, entre otras), y rápida conexión con avenidas principales como Santa Fe, Córdoba y Pueyrredón. Zona cercana a facultades, centros de salud, comercios y servicios, lo que lo hace ideal para estudiantes o jóvenes profesionales. Javier Cerpavicius Matrícula cucicba 1468 Teléfonos de contacto Ver datos. Todas las propiedades que figuran en esta publicación se encuentran a cargo del profesional matriculado Javier Cerpavicius, Matrícula cucicba 1468 por lo tanto la intermediación y la conclusión de las operaciones serán llevadas exclusivamente por él. En cumplimiento de la Ley 10. 973 de la Provincia de Buenos Aires, Ley Nacional 25. 028, Ley Nacional 20. 266, Ley 22. 802 de Lealtad Comercial, Ley 24. 240 de Defensa al Consumidor, las normas del Código Civil y Comercial de la Nación y Constitucionales, los asesores o agentes no ejercen el corretaje inmobiliario. Todas las operaciones inmobiliarias son objeto de intermediación y conclusión por parte del martillero y corredor colegiado, cuyos datos se exhiben en el nombre de la inmobiliaria. Ley 5115: excepto que en la descripción de la propiedad se indique lo contrario, el edificio puede no contar con rampa para personas con movilidad reducida, y no ser Accesible para personas con discapacidades físicas. Venta sujeta a la obtención del coti por parte del propietario. Las medidas son aproximadas, las reales surgen del título o plano de mensura. Las reservas se toman exclusivamente en la inmobiliaria con el matriculado cucicba 1468;800000;180000;Azcuénaga 1006;45;2;1;1;https://www.zonaprop.com.ar/propiedades/clasificado/alclapin-alquiler-2-ambientes-recoleta-58264235.html?n_src=Listado&n_pills=Lavadero&n_pg=2&n_pos=25;False;;;
zonaprop;recoleta;Departamento;"Departamento en alquiler en Recoleta, con una superficie de 38 m². Este funcional departamento cuenta con 2 ambientes, un dormitorio y 1 baño, ideal para una persona o una pareja. La disposición al frente garantiza una buena iluminación natural, reforzada por la característica ""Muy luminoso"". Orientación ne. Patio de uso común. - La propiedad incluye comodidades como calefacción, balcón, cocina y living comedor. Además, el edificio cuenta con encargado. Se admiten mascotas. La propiedad tiene 30 años de antigüedad y se ubica en el frente del edificio, con 1 planta. Recoleta es una zona residencial de alta categoría, con excelente conectividad a través de diversas líneas de colectivos y cercanía a importantes avenidas. Encontrarás una amplia oferta de servicios educativos, desde preescolar hasta universidades reconocidas. La zona también ofrece una gran variedad de comercios, supermercados, farmacias y centros de salud. Para el esparcimiento, podrás disfrutar de parques, plazas y una variada oferta gastronómica y cultural. Se deja constancia que las expensas que se mencionan corresponden al día que se carga la propiedad. Deberá consultarse las mismas al momento de reservarse el inmueble. -";690000;140000;Larrea 1365;36;2;1;1;https://www.zonaprop.com.ar/propiedades/clasificado/alclapin-departamento-de-38-m-sup2--con-1-dormitorio-en-58024837.html?n_src=Listado&n_pills=Permite+mascotas&n_pg=2&n_pos=26;False;;;
zonaprop;recoleta;Departamento;Departamento en alquiler en Recoleta, ideal para quienes buscan comodidad y funcionalidad. Cuenta con 2 ambientes, 1 dormitorio, distribuidos en 39 m2 de superficie total y 36, 45 m2 de superficie construida. La disposición contrafrente y la orientación O aseguran un ambiente muy luminoso, por estar ubicado en piso alto con vista abierta. El departamento incluye 1 baño completo, cocina equipada con bajo mesada y alacena, living comedor y balcón. Dispone de aire acondicionado, calefacción y termotanque para mayor confort. Se permiten mascotas. El edificio cuenta con 10 pisos y 4 departamentos por piso, 2 ascensor y acceso para personas con movilidad reducida. Además, ofrece los servicios de un encargado. Ubicado en una zona residencial con excelente acceso a transporte público, y a tan solo 2 cuadras de subte D, (Estación Pueyrredón) Cercanía a diversos comercios y servicios. El entorno ofrece una amplia gama de opciones educativas, desde preescolar hasta universidades, así como centros de salud y espacios de recreación. Contrato tradicional por dos años con aumento trimestral según el Indice de precios al consumidor (ipc). Requisitos: Seguro de caucion. Deposito: U$D 500. - Alquiler: $ 700. 000. - (Pago por adelantado) Demostración de ingresos. Ajuste trimestral. Se acepta mascotas. Ley 5115: el inmueble es accesible para personas con movilidad reducida. ¡no te lo pierdas!, agenda tu visita. Las fotos, descripciones, valores de expensas, medidas, impuestos y servicios publicados en este aviso son meramente descriptivos. Las medidas, porcentuales, superficies y designaciones exactas surgen del título de propiedad, del reglamento de copropiedad y del plano de mensura y división del inmueble. El precio puede estar sujeto a modificaciones. Corredor interviniente: Mirian Sotomayor Gimenez. C. U. C. I. C.. B. A: 9507- cpmcal: 624;700000;140000;Departamento en alquiler en Recoleta, ideal para quienes buscan comodidad y funcionalidad. Cuenta con 2 ambientes, 1 dormitorio, distribuidos en 39 m2 de superficie total y 36, 45 m2 de superficie construida. La disposición contrafrente y la orientación O aseguran un ambiente muy luminoso, por estar ubicado en piso alto con vista abierta. El departamento incluye 1 baño completo, cocina equipada con bajo mesada y alacena, living comedor y balcón. Dispone de aire acondicionado, calefacción y termotanque para mayor confort. Se permiten mascotas. El edificio cuenta con 10 pisos y 4 departamentos por piso, 2 ascensor y acceso para personas con movilidad reducida. Además, ofrece los servicios de un encargado. Ubicado en una zona residencial con excelente acceso a transporte público, y a tan solo 2 cuadras de subte D, (Estación Pueyrredón) Cercanía a diversos comercios y servicios. El entorno ofrece una amplia gama de opciones educativas, desde preescolar hasta universidades, así como centros de salud y espacios de recreación. Contrato tradicional por dos años con aumento trimestral según el Indice de precios al consumidor (ipc). Requisitos: Seguro de caucion. Deposito: U$D 500.;39;2;1;1;https://www.zonaprop.com.ar/propiedades/clasificado/alclapin-departamento-de-39-m-sup2--con-1-dormitorio-en-58320616.html?n_src=Listado&n_pills=Encargado&n_pg=2&n_pos=27;False;;;
zonaprop;recoleta;Departamento;Departamento luminoso y con gran balcón terraza en el corazón de RecoletaUbicado en Laprida 2149, 8° A, este departamento es ideal para quienes buscan vivir en una de las zonas más lindas y cotizadas de Recoleta. Con 48 m² totales, combina funcionalidad interior y un espacio exterior que realmente marca la diferencia. Cuenta con 30 m² cubiertos bien aprovechados y un espectacular balcón terraza de 18 m², amplio, soleado y muy disfrutable, perfecto para armar un living exterior, sumar plantas o simplemente relajarse al aire libre. Además, tiene espacio para? Para lavarropas, un plus clave. El living es cómodo y luminoso, con aire acondicionado, ideal para todo el año. La cocina es chica y práctica, equipada con anafes (sin horno), pensada para quienes priorizan lo simple y funcional. La ubicación es excelente, con acceso inmediato a transporte, comercios, cafés y espacios verdes, todo lo mejor de Recoleta a pocos pasos. Un departamento con muchísimo encanto, gran espacio exterior y una ubicación privilegiadaRequisitos: seguro de caucion o garantia propietaria, demostracion de ingresos. Incremento trimestral por ipc. La tasación, intermediación y la conclusión de las operaciones sobre esta propiedad son actividades exclusivas de este corredor matriculado, conforme las previsiones de la ley 20. 266, la ley caba 2340, y sus modificaciones y las normas reglamentarias dictadas por los colegios departamentales. Sebastian Tognola cucicba 8833, cmcpsi 7030.;750000;120000;Laprida al 2100;48;2;1;1;https://www.zonaprop.com.ar/propiedades/clasificado/alclapin-alquiler-2-ambientes-en-recoleta-58263570.html?n_src=Listado&n_pills=SUM&n_pg=2&n_pos=28;False;;;
zonaprop;recoleta;Departamento;"Execelente departamento al contrafente. Super luminoso. Cercano av. Santa fe, av. Pueyrredón. Cercano A línea de subte ""D"" Y linea ""H"". Zona de facultad.";800000;252000;Larrea 1354;48;2;1;1;https://www.zonaprop.com.ar/propiedades/clasificado/alclapin-alq.-2-amb.-con-balcon-al-contrafrente-58239302.html?n_src=Listado&n_pills=Lavadero&n_pg=2&n_pos=29;False;;;
zonaprop;recoleta;Departamento;Alquiler departamento de 2 ambientes, con un espacio bien distribuido. La propiedad cuenta con un luminoso living-comedor con salida a balcón, perfecto para disfrutar del aire libre y la luz natural. La cocina es semiabierta, integrada al ambiente principal, lo que brinda amplitud y practicidad, manteniendo a la vez una sutil separación de espacios. Dispone de un dormitorio cómodo con placard integrado, ofreciendo muy buen espacio de guardado. Además, cuenta con un baño completo y un toilette de recepción, un diferencial que aporta mayor comodidad para el día a día y para recibir visitas. Se destaca por su excelente entrada de luz natural en todos los ambientes, generando espacios cálidos y agradables. Nota importante: Toda la información y medidas provistas son aproximadas y deberán ratificarse con la documentación pertinente y no compromete contractualmente a nuestra empresa. Los gastos (expensas, abl) expresados refieren a la última información recabada y deberán confirmarse. Fotografias no vinculantes ni contractuales.;760000;180000;Arenales al 2800;40;2;1;1;https://www.zonaprop.com.ar/propiedades/clasificado/alclapin-departamento-en-recoleta-58364166.html?n_src=Listado&n_pills=Aire+acondicionado&n_pg=2&n_pos=30;False;;;
zonaprop;recoleta;Departamento;Recoleta, billinghurst entre gorriti Y soler, 2 ambientes, muy buen estado, contrafrente, luminoso, A metros de av. Córdoba, av. Coronel diaz Y hospital general de niños ricardo gutierrez, pisos de parquet plastificados, recien pintado.;600000;150000;Billinghurst 1260;39;2;1;1;https://www.zonaprop.com.ar/propiedades/clasificado/alclapin-recoleta2-ambientescontrafrente-58043099.html?n_src=Listado&n_pills=Encargado&n_pg=3&n_pos=1;False;;;
zonaprop;recoleta;Departamento;Departamento 2 ambientes al contrafrente, ubicado en un 3° piso, en el corazón de Recoleta, una de las zonas más buscadas de la ciudad. La unidad se destaca por su excelente ubicación, con cercanía a parques, comercios, colegios, sanatorios, clínicas y múltiples medios de transporte. Entorno residencial consolidado. El departamento es de construcción clásica, antiguo pero muy bien mantenido, con ambientes cómodos y funcionales. Cuenta con: Living comedor con salida a balcón principal. Cocina independiente con segundo balcón lateral, donde se encuentra el espacio de lavadero. Dormitorio amplio con placard empotrado. Pisos de parquet en madera en excelente estado en todos los ambientes. Calefacción por tiro balanceado. Aire acondicionado. Una excelente oportunidad para quienes buscan ubicación, calidad y funcionalidad en Recoleta. Claudio Mariano Funes Matrícula cucicba 6444 /cmcpd 1185 / cucicba 7714 Teléfonos de contacto Ver datos. Todas las propiedades que figuran en esta publicación se encuentran a cargo del profesional matriculado Claudio Mariano Funes, Matrícula cucicba 6444 /cmcpd 1185 / cucicba 7714 por lo tanto la intermediación y la conclusión de las operaciones serán llevadas exclusivamente por él. En cumplimiento de la Ley 10. 973 de la Provincia de Buenos Aires, Ley Nacional 25. 028, Ley Nacional 20. 266, Ley 22. 802 de Lealtad Comercial, Ley 24. 240 de Defensa al Consumidor, las normas del Código Civil y Comercial de la Nación y Constitucionales, los asesores o agentes no ejercen el corretaje inmobiliario. Todas las operaciones inmobiliarias son objeto de intermediación y conclusión por parte del martillero y corredor colegiado, cuyos datos se exhiben en el nombre de la inmobiliaria. Ley 5115: excepto que en la descripción de la propiedad se indique lo contrario, el edificio puede no contar con rampa para personas con movilidad reducida, y no ser Accesible para personas con discapacidades físicas. Venta sujeta a la obtención del coti por parte del propietario. Las medidas son aproximadas, las reales surgen del título o plano de mensura. Las reservas se toman exclusivamente en la inmobiliaria con el matriculado cucicba 6444 /cmcpd 1185 / cucicba 7714;649000;;AZCUENAGA 1544;30;2;1;1;https://www.zonaprop.com.ar/propiedades/clasificado/alclapin-departamento-en-alquiler-en-recoleta-58326450.html?n_src=Listado&n_pills=Lavadero&n_pg=3&n_pos=2;False;;;
zonaprop;recoleta;Departamento;Departamento en alquiler en Recoleta, ideal para profesionales o estudiantes. Cuenta con 45 m² de superficie construida, disposición lateral que ofrece luminosidad. El interior se distribuye en 1 dormitorio, 1 baño, living, cocina y lavadero. Posee balcón y calefacción. El edificio cuenta con ascensor y permite mascotas. Ubicado en una zona residencial y comercial, con fácil acceso a transporte público. Cercano a universidades, hospitales y centros de salud. Encontrará supermercados, farmacias y diversos comercios. La zona ofrece una amplia variedad de restaurantes, cafeterías y espacios de recreación.;700000;170000;Peña 2083;45;2;1;1;https://www.zonaprop.com.ar/propiedades/clasificado/alclapin-pena-y-junin-2amb-7-mo-piso-muy-luminoso-57948842.html?n_src=Listado&n_pills=Lavadero&n_pg=3&n_pos=3;False;;;
zonaprop;recoleta;Departamento;Excelente dos ambientes piso 11 al Contrafrente con gran balcon, apto profesional, Santa fe y Ayacucho, todos los medios de transporte y universidades, cocina separada, baño completo, dormitorio con placard, pisos de parquet. Servicios: Electricidad, Pavimento, Cloacas, Gas, Agua Corriente. Otros Servicios: Balcón;690000;300000;Santa Fe 1800;45;2;1;1;https://www.zonaprop.com.ar/propiedades/clasificado/alclapin-dos-ambientes-santa-fe-y-riobamba-piso-alto-a-pulmon-52761832.html?n_src=Listado&n_pg=3&n_pos=4;False;;;
zonaprop;recoleta;Departamento;Departamento de 2 ambientes con balcon muy luminoso, sin muebles. living comedor con piso de parquet muy amplio con ventanales con placard grande. Cocina instalada completa con muebles bajo mesada Y arriba tambien. Lavadero cubierto, baño instalado completo, 1 dormitorio con placard. Edificio con portero 24 hs. la ubicación es estratégica, con cercanía A distintos medios de transporte. Subte, metro bus, tren. A una cuadra de la av. Santa fe. Frente A plaza san martin. Rodeada de cafés, restaurantes, próxima A palacio san martín Y de la cancillería. Se alquila por 24 meses. Disponible ya. No te lo podes perder. Requisito: demostracion de ingresos / garantia de caba O seguro de caucion. Alquiler + luz, gas, agua, expensas Y seguro de incendio. contrato 24 meses con ajuste trimestral por ipc;750000;235000;Marcelo T. de Alvear 500;54;2;1;1;https://www.zonaprop.com.ar/propiedades/clasificado/alclapin-departamento-en-alquiler-en-retiro-dos-ambientes-muy-57926790.html?n_src=Listado&n_pills=Lavadero&n_pg=3&n_pos=5;False;;;
zonaprop;recoleta;Departamento;Requisitos: Recibo de sueldo o ingresos demostrativos. Dni o precaria. Garantía propietaria o seguro de caucion. El Inmueble se puede entregar vacío o amoblado. Se aceptan mascotas.;600000;170000;Av. Pueyrredón;80;3;2;1;https://www.zonaprop.com.ar/propiedades/clasificado/alclappa-hermoso-tres-ambientes-duenos-directo-58387234.html?n_src=Listado&n_pills=Encargado&n_pg=3&n_pos=6;False;1;;
zonaprop;recoleta;Departamento;Requisitos: Recibo de sueldo o ingresos demostrativos. Dni o precaria. Garantía propietaria o seguro de caucion. El Inmueble se puede entregar vacío o amoblado. Se aceptan mascotas.;600000;170000;Av. Pueyrredón;80;3;2;1;https://www.zonaprop.com.ar/propiedades/clasificado/alclappa-hermoso-tres-ambientes-58386926.html?n_src=Listado&n_pills=Encargado&n_pg=3&n_pos=7;False;1;;
zonaprop;recoleta;Departamento;Oportunidad para entrar en febrero 2026!! Dpto 2 ambientes a la calle con balcon y vista abierta en excelente ubicación. Muy buen estado general del edificio y departamento. Pisos recién plastificados. Cocina separada. Baño completo. Acepta mascotas. Contrato de 1 año con ajuste trimestral por ipc. Requisitos: 1 - Acreditación de ingresos de Locatarios y garantes (recibos de sueldo) 2 - Seguro de caucion. 3 - Un mes de adelanto y un mes de depósito. Abl 14. 000. aysa 20. 000. expensas 177. 000. tiene gas Y electricidad. Ubicación estratégica sobre Av. Córdoba, con excelente conectividad (colectivos y subte) y rápido acceso a Microcentro, Recoleta y Palermo. Zona muy buscada para alquiler a largo plazo, con comercios, servicios y vida urbana a metros. Consulte. carla. 11 Ver datos;645000;177000;Avenida Córdoba 3239;37;2;1;1;https://www.zonaprop.com.ar/propiedades/clasificado/alclappa-cordoba-3239-2-ambientes-al-frente-c-balcon-y-cocina-58206297.html?n_src=Listado&n_pills=Aire+acondicionado&n_pg=3&n_pos=8;False;;;
zonaprop;recoleta;Departamento;Requisitos: Recibo de sueldo o ingresos demostrativos. Dni o precaria. Garantía propietaria o seguro de caucion. El Inmueble se puede entregar vacío o amoblado. Se aceptan mascotas.;600000;170000;Av. Pueyrredón;80;3;2;1;https://www.zonaprop.com.ar/propiedades/clasificado/alclappa-hermoso-tres-ambientes-58386459.html?n_src=Listado&n_pills=Laundry&n_pg=3&n_pos=9;False;1;;
zonaprop;recoleta;Departamento;Requisitos: Recibo de sueldo o ingresos demostrativos. Dni o precaria. Garantía propietaria o seguro de caucion. El Inmueble se puede entregar vacío o amoblado. Se aceptan mascotas.;600000;170000;Av. Pueyrredón;80;3;2;1;https://www.zonaprop.com.ar/propiedades/clasificado/alclappa-hermoso-3-ambientes-58386644.html?n_src=Listado&n_pills=Aire+acondicionado&n_pg=3&n_pos=10;False;1;;
zonaprop;recoleta;Departamento;Atractivo departamento de 44 m2 impecable divido en dos amplios ambientes, 5to piso a la calle con orientación Este que le confiere sol por la mañana y disfrutar de luz natural todo el dia. Funcional y practico ideal para personas que trabajan y/o estudian en zona centro. Cuenta con aire acondicionado frio - calor y gas natural. Una oportunidad para vivir en una buena ubicación de caba con múltiples opciones de transporte publico que facilitan la movilidad en la ciudad, entre ellos subte línea D y H. La zona tiene en su entorno instituciones medicas y parques que invitan a todo tipo de actividades recreativas;750000;150000;Juncal 2700;46;2;1;1;https://www.zonaprop.com.ar/propiedades/clasificado/alclappa-alquiler-monoambiente-dividido-58207140.html?n_src=Listado&n_pills=Aire+acondicionado&n_pg=3&n_pos=11;False;;;
zonaprop;recoleta;Departamento;Requisitos: Recibo de sueldo o ingresos demostrativos. Dni o precaria. Garantía propietaria o seguro de caucion. El Inmueble se puede entregar vacío o amoblado. Se aceptan mascotas.;600000;170000;Av. Pueyrredón;80;3;2;1;https://www.zonaprop.com.ar/propiedades/clasificado/alclappa-lindo-tres-ambientes-58386552.html?n_src=Listado&n_pills=Lavadero&n_pg=3&n_pos=12;False;1;;
zonaprop;recoleta;Departamento;Requisitos: Recibo de sueldo o ingresos demostrativos. Dni o precaria. Garantía propietaria o seguro de caucion. El Inmueble se puede entregar vacío o amoblado. Se aceptan mascotas.;600000;170000;Av. Pueyrredón;80;3;2;1;https://www.zonaprop.com.ar/propiedades/clasificado/alclappa-lindo-tres-ambientes-duenos-directo-58387299.html?n_src=Listado&n_pills=Lavadero&n_pg=3&n_pos=13;False;1;;
zonaprop;recoleta;Departamento;Requisitos: Recibo de sueldo o ingresos demostrativos. Dni o precaria. Garantía propietaria o seguro de caucion. El Inmueble se puede entregar vacío o amoblado. Se aceptan mascotas.;600000;170000;Av. Pueyrredón;80;3;2;1;https://www.zonaprop.com.ar/propiedades/clasificado/alclappa-lindo-tres-ambientes-58387106.html?n_src=Listado&n_pills=Permite+mascotas&n_pg=3&n_pos=14;False;1;;
zonaprop;recoleta;Departamento;Frente al Alto Palermo. Es interno pero luminoso, con puerta blindada, cocina independiente con ventana, Living con balcon frances y habitacion con ventana al pulmon, cuenta con pasillo de distribucion, parquet plastificado, muchos placares y de gran tamaño. Baño hecho a nuevo (griferia, vanitory, etc). Calefón de tiro balanceado. Aire acondicionado split (nuevo).;600000;200000;Av. Cnel. Díaz 1965;33;2;1;1;https://www.zonaprop.com.ar/propiedades/clasificado/alclappa-departamento-apto-profesional-excelente-estado-y-56141500.html?n_src=Listado&n_pills=Encargado&n_pg=3&n_pos=15;False;;;
zonaprop;recoleta;Departamento;Requisitos: Recibo de sueldo o ingresos demostrativos. Dni o precaria. Garantía propietaria o seguro de caucion. El Inmueble se puede entregar vacío o amoblado. Se aceptan mascotas.;600000;170000;Av. Pueyrredón;80;3;2;1;https://www.zonaprop.com.ar/propiedades/clasificado/alclappa-tres-ambientes-duenos-directo-58389183.html?n_src=Listado&n_pills=Lavadero&n_pg=3&n_pos=16;False;1;;
zonaprop;recoleta;Departamento;Departamento de 2 ambientes Pres J E Uriburu 1438, 5 piso contrafrente. Orientación Noroeste. Excelente departamento de 2 ambientes, ubicado en un quinto piso al contrafrente, lo que garantiza gran luminosidad, silencio y privacidad durante todo el día. La unidad cuenta con un living-comedor amplio y muy luminoso, con piso parquet y ventanas que permiten una excelente entrada de luz natural. Dispone de un dormitorio de buen tamaño. La cocina es independiente, funcional y bien ventilada, con espacio de guardado. El departamento posee un baño completo, en buen estado. Su disposición en altura y al contrafrente lo convierte en un hogar tranquilo, ideal para vivienda. Agua Caliente y Piso radiante por caldera central del edificio. Barrio Recoleta / Barrio Norte. Una de las zonas más buscadas de Recoleta/Barrio Norte, el departamento se encuentra rodeado de una amplia oferta de comercios, restaurantes, cafés, universidades, centros médicos y espacios culturales. Excelente conectividad con múltiples líneas de colectivo, cercanía a avenidas principales como Santa Fe, Las Heras y Pueyrredon, y fácil acceso a medios de transporte. Es un barrio que combina vida urbana, seguridad y calidad de vida, ideal para quienes buscan comodidad y cercanía a todo. Requisitos y Condiciones: Alquiler por 24 meses con ajustes cuatrimestrales por ipc. - Garantia Propietaria caba o Seguro de caución (Finaer), o Fiadores. - Ingresos comprobables. - Mes adelantado y mes de depósito. - Gastos escribanía ($300. 000 + $40. 000 cada certificado (serían el de inhibiciones por cada firmante y el de dominio en caso de garantía propietaria). Impuestos Diciembre 2025: Expensas: $Ver datos. abl: $Ver datos. Metrogras: $4200. Aysa: $20700. Edesur: $1800.;780000;216300;Pres. José Evaristo Uriburu 1438;37;2;1;1;https://www.zonaprop.com.ar/propiedades/clasificado/alclappa-alquiler-departamento-2-ambientes-recoleta-con-balcon-58111074.html?n_src=Listado&n_pills=Encargado&n_pg=3&n_pos=17;False;;;
zonaprop;recoleta;Departamento;Requisitos: Recibo de sueldo o ingresos demostrativos. Dni o precaria. Garantía propietaria o seguro de caucion. El Inmueble se puede entregar vacío o amoblado. Se aceptan mascotas.;600000;170000;Av. Pueyrredón;80;3;2;1;https://www.zonaprop.com.ar/propiedades/clasificado/alclappa-lindo-3-ambientes-duenos-directo-58386755.html?n_src=Listado&n_pills=Permite+mascotas&n_pg=3&n_pos=18;False;1;;
zonaprop;recoleta;Departamento;Requisitos para el ingreso: - Recibo de sueldo. - Garantía propietaria. - dni (o precaria o pasaporte para extranjeros) Se aceptan mascotas (preferentemente pequeñas). El departamento se encuentra amueblado, pero se puede entregar vacío.;600000;170000;Av. Pueyrredón;80;3;2;1;https://www.zonaprop.com.ar/propiedades/clasificado/alclappa-departamento-dos-ambientes-recoleta-58386319.html?n_src=Listado&n_pills=Parrilla&n_pg=3&n_pos=19;False;1;;
zonaprop;recoleta;Departamento;Me es más fácil tratar con hombres: no alquilo a damas. Sin mascotas. Necesito la Pre-Aprobación de la caución (es gratis) como 1er mensaje o elimino: hay demasiados estafadores-choros y fantasmas todavía. Quién nota que es muy buen lugar para vivir deposita en vidrio. ruido. torso subvenciona la caución en el ivc o la compra, y es suyo. No hay más condiciones de alquiler: hace un depósito, me envía el ticket y consigue la caución del ivc teniéndolo ya reservado: La caución impide todo fraude. Características destacadas: única condición. asesoramiento en el Gobierno (busca ivc en Google) Con caución: En el ivc subsidian el 70 %: gratis sale. Cauciones: acg, Crédito y Caución, Woranz, lps no sé la mejor, pero están reguladas por la ssn y aconsejadas por el ivc. Debe cubrir el 100 % del Uso hasta la devolución de llaves. El ivc no aconseja 6 meses adelantados ni garantías propietarias y laborales. descripción: Superficie: 35 m2 distribuidos en un diseño funcional y cómodo. Los tamaños de los espacios son los calculados en los años 60's: grandes. Ubicación: Vereda del subte H y D: Dominas caba en minutos. + Comodidades: *Balcón al frente. *Baño con bañera. *Cocina separada completa: enormes alacena y cajonera. *Living espacioso con gigante espejo. *Habitación cómoda: gran y espacioso closet de puertas corredizas Grupo Euro sa (chécalo) y muy amplias bauleras. *Disyuntor, térmicas y _medidor de consumo de luz_. * Detector de gases con alarma sonora y lumínica cedido por Airbnb. Apto Profesional. Este departamento de 35 m2 cuenta con un balcón al frente, ofreciendo una vista agradable y un espacio adicional al aire libre. La unidad incluye un baño con bañera y una cocina separada, además de un living y una habitación con balcón al frente. Pintado y decorado con laca alemana orgánica-hipoalergénica Dekoboden, este departamento está en excelente estado. El termotanque recién instalado de 90 litros asegura agua caliente sin problemas. Distribución: Ancho: 3 m. Largo: 8, 25 m + 1, 10 m del balcón. Distribución rectangular de 3 m x 9, 35 m. Dos áreas adicionales de casi 2x2 m para el baño una y para la cocina la otra. Closet y puerta dividen la habitación en suite con el baño y el balcón. del living con cocina. Balcón: 1, 10 m. Habitación: 3, 75 m. Living: 4, 5 m, siempre x 3 m de ancho. No pierda la oportunidad de vivir en un departamento que combina practicidad y confort en una ubicación estratégica ¡Busca una caución en el ivc, deposita y quédatelo cuanto tiempo lo necesites o cómpralo! Es ver el barrio y saber que es justo lo que buscas. Quién nota que es muy buen lugar para vivir deposita en vidrio. ruido. torso subvenciona la caución en el ivc o la compra, y es suyo Reservándolo ya si quiere. Comprar una caución deben ser horas y entras hoy mismo al firmar tu contrato. Contrato renovable. Para entrar: 1 mes de garantía por daños. + $ 560 mil del alquiler. + ipc mensual (inflación). +Seguro Zurich-Santander $ Ver datos. + expensas, abl y servicios que usan Uds. Expensas $ Ver datos diciembre. Abl $ 13 mil. Agua $ 18 mil. Luz y Gas: lo que consumas. Cordiales saludos, Oscar;560000;159000;Ecuador 1339;35;2;1;1;https://www.zonaprop.com.ar/propiedades/clasificado/alclappa-titular:-dueno-directo-dto.-35-m-sup2--balcon-al-58188908.html?n_src=Listado&n_pills=Encargado&n_pg=3&n_pos=20;False;;;
zonaprop;recoleta;Departamento;Lindisimo depto 2mbientes con gran balcon terraza, baño y cocina. completosSuper luminoso, alegre y silencioso. Sobre Av Sta fe al frente, vista panoramica a la ciudad en pleno recoleta, a una cuadra de Av Callao. Mucho espacio de guardado. Aire acondicionado. Agua caliente central. Porteria las 24h. Apto profesional. no se aceptan mascotas.. Requisitos: 1 mes y medio de depósito, 1er mes de alquiler, comprobante de ingresos, garantía propietaria o seguro de caución. Reajuste trimestral por ipc.. Dueño directo, sin comisiones. .;750000;200000;Av. Sta. Fe 1900;50;2;1;1;https://www.zonaprop.com.ar/propiedades/clasificado/alclappa-se-alquila-depto-2-ambientes-con-amplio-blacon-terraza-58188676.html?n_src=Listado&n_pills=Aire+acondicionado&n_pg=3&n_pos=21;False;;;
zonaprop;recoleta;Departamento;Dueño alquila hermoso y muy luminoso Depto en 7mo piso de 2 ambientes en lugar privilegiado de Recoleta próximo a facultades. El mismo cuenta con calefacción central, aire acondicionado en living y ventilador de techo en dormitorio y jacuzzi en elegante baño. Posee detalles de iluminación, carpintería y aberturas de calidad y piso parquet impecable en living y domitorio. La propiedad tiene balcón con protección y cerramiento y espacio para lavarropas y tender. El edificio a su vez cuenta con terraza para tendido y lavadero por separado. El edificio tiene encargado con vivienda permanente y cámaras de seguridad. Valor de expensas: $162. 000. Para el alquiler se pide un mes de alquiler por adelantado de $620. 000 y se requiere el mismo monto de depósito. A su vez, se exige recibo de sueldo acorde al valor del alquiler y contratar un seguro de caucíón o poseer garantía propietaria de capital federal. Se aclara que no se permiten mascotas.;620000;162000;José Andrés Pacheco de Melo 1900;37;2;1;1;https://www.zonaprop.com.ar/propiedades/clasificado/alclappa-dueno-alquila-depto.-2-amb.-en-corazon-de-recoleta-57558516.html?n_src=Listado&n_pills=Encargado&n_pg=3&n_pos=22;False;;;
zonaprop;recoleta;Departamento;Dos ambientes con balcón. Edificio nuevo. Calefaccion por losa radiante. Aire acondicionado frío. Instalacion para lavarropas. Baño completo con bañadera y además un toilette. Edificio apto profesional, cerca de Subtes H y D. Ubicación cercana a facultades, sanatorios, shopings Alto Palermo y Abasto, etc;800000;;Avenida Pueyrredón 1100;44;2;1;1;https://www.zonaprop.com.ar/propiedades/clasificado/alclappa-departamento-de-2-ambientes-nuevo-con-balcon-a-la-58029615.html?n_src=Listado&n_pills=Aire+acondicionado&n_pg=3&n_pos=23;False;;;
zonaprop;recoleta;Departamento;Requisitos: Recibo de sueldo o ingresos demostrativos. Dni o precaria. Garantía propietaria o seguro de caucion. El Inmueble se puede entregar vacío o amoblado. Se aceptan mascotas.;600000;170000;Av. Pueyrredón;80;3;2;1;https://www.zonaprop.com.ar/propiedades/clasificado/alclappa-lindo-tres-ambientes-58388978.html?n_src=Listado&n_pills=Laundry&n_pg=3&n_pos=24;False;1;;
zonaprop;recoleta;Departamento;Requisitos: Recibo de sueldo o ingresos demostrativos. Dni o precaria. Garantía propietaria o seguro de caucion. El Inmueble se puede entregar vacío o amoblado. Se aceptan mascotas.;600000;170000;Av. Pueyrredón;80;3;2;1;https://www.zonaprop.com.ar/propiedades/clasificado/alclappa-hermoso-tres-ambientes-duenos-directo-58387368.html?n_src=Listado&n_pills=Lavadero&n_pg=3&n_pos=25;False;1;;
zonaprop;villa-ortuzar;Departamento;Dueño directo alquila: Departamento de 2 ambientes con amenities, en 3er piso contrafrente, con vista abierta, muy luminoso y silencioso. Excelente ubicación a 4 cuadras de subte línea B. Tiene ventilación cruzada y balcón, con muchísima luz natural. El edificio cuenta con encargado, laundry, sum con parrilla, piscina con deck y gimnasio. Por reglamento de copropiedad del consorcio, no se permiten mascotas. Datos importantes (leer): - Es alquiler tradicional, no amoblado. - no se aceptan mascotas por reglamento de copropiedad del edificio. - Contrato a 2 Años, actualización ipc Trimestral. - Gastos: Depósito 1 mes + gastos de informes/certificación de firmas. - Garantía: Se acepta garantía propietaria, garantías de caución, o garantes con recibo de sueldo. - Disponible para mudarse. Consultas al whatsapp!;725000;170000;Roseti 1940;42;2;1;1;https://www.zonaprop.com.ar/propiedades/clasificado/alclappa-dueno-alquila-hermoso-2amb-con-amenities-58388106.html?n_src=Listado&n_pills=SUM&n_pg=1&n_pos=1;False;;Super destacado;
zonaprop;villa-ortuzar;Departamento;Departamento 2 ambientes con balcón4º piso al frenteliving comedor con salida A balcóncocina independientebañodormitorio con placardmuy luminoso! pisos de parquetbajas expensasa una cuadra de av. De los incas Y A dos de av. Alvarez thomasapto mascotas: norequisitos: - un mes de adelanto. - un mes de depósito. - garantia propietaria de caba. - recibo de sueldo que debe triplicar el valor del alquiler. contrato por dos años con incremento trimestral por ipc. coordinar visitas al tel. Ver datos / wap: 11 Ver datos. rubino propiedades. Av elcano 3401. La información gráfica y escrita contenida en el presente aviso es meramente a titulo informativo y estimativo, y no forma parte de ningún tipo de documentación contractual. Las medidas y superficies definitivas surgirán del título de propiedad del inmueble. Los importes de tasas, servicios y expensas indicados están sujetos a verificación.;600000;50000;Estomba al 1400;35;2;1;1;https://www.zonaprop.com.ar/propiedades/clasificado/alclapin-departamento-2-ambientes-con-balcon!-villa-ortuzar-58047090.html?n_src=Listado&n_pills=Luminoso&n_pg=1&n_pos=2;False;;Super destacado;
zonaprop;villa-ortuzar;Departamento;Recibidor al ingresar al inmueble. Cocina independiente con artefacto de cocina a gas, calefón, mesada, bajo mesada y alacenas. Lavadero separado con pileta de lavadero, conexión para lavarropas, sogas para colgar ropa y gran ventana. Living-comedor con balcón a contrafrente. Armario de guardado en hall de distribución. Baño completo con bañadera. Habitación con ventana a contrafrente y placard embutido de dos cuerpos. Pisos de parquet. En las fotos se visualiza sectores de parquet levantados en living-comedor que están siendo re-colocados por la administración debido a un trabajo que han realizado. El inmueble se entrega con estos re-colocados. Las expensas incluyen aysa. Ubicado al limite entre Colegiales y Villa Ortuzar, a dos cuadras de la Plaza 25 de Agosto, dos cuadras de Av de los Incas, y 6 cuadras de la estacion de subte linea B Villa Ortuzar y a 7 cuadras del Cementerio Aleman, Britanico y de Chacarita. *Para los casos de alquiler de vivienda, el monto máximo de comisión que se le puede requerir a los propietarios será el equivalente al cuatro con quince centésimos por ciento (4, 15%) del valor total del respectivo contrato. Se encuentra prohibido cobrar a los inquilinos que sean personas físicas comisiones inmobiliarias y gastos de gestoría de informes. *Se deja constancia que las medidas y superficies indicados son aproximados y al sólo efecto orientativo. Las medidas reales surgirán del título de propiedad respectivo. Las medidas parciales y/o de los ambientes y el valor consignado de expensas mensuales está sujeto a verificación y/o ajuste. Fotos de carácter no contractual. El precio del inmueble puede ser modificado sin previo aviso. E furio srl - Div. Servicios InmobiliariosEnrique D. Furio C. U. C. I. C. B. A Mat. Nº 439;650000;170000;AV Alvarez Thomas al 1500;42;2;1;1;https://www.zonaprop.com.ar/propiedades/clasificado/alclapin-alquiler-departamento-2-ambientes-con-balcon-cocina-y-58316426.html?n_src=Listado&n_pills=Pileta&n_pg=1&n_pos=3;False;;Destacado;
zonaprop;villa-ortuzar;Departamento;"¡excelente departamento de 2 abmientes al contra- frente con cocina incorporada toilette Y suite con vestidor! Calefacción central. Unidad de 2 ambientes al contra- frente con orientación Este. Todo luz!! Hall de entrada con recibidor. Amplio Living-comedor con cocina incorporada; ventanal de acceso al balcón corrido. Piso de porcelanato. Cocina con muebles completos (alacenas y bajo mesada), mesada de granito, conexión para lavarropa y artefacto de cocina eléctrico. Cómo desayunador de madera. ToiletteDormitorio en suite con un amplio vestidor que cuenta con interior completo. Información importante-Contrato por 24 meses. -Ajustes cuatrimestrales por ipc. * Garante de caba y acreditación de haberes acordes al alquiler* No es apto para mascotas. Transportes CercanosColectivos: 71, 80, 87, 90, 93, 108, 111, 113, 123, 127, 133, 140, 176Subtes: de los incas (Línea B) Ubicación privilegiada, a metros de avenidas principales ( Triunvirato/ Alvarez Thomas/ Av. De Los Incas), comercios, transporte público (subte y colectivos) Para los casos de alquiler de vivienda, el monto máximo de comisión que se le puede requerir a los propietarios será el equivalente al cuatro con quince centésimos por ciento (4, 15%) del valor total del respectivo contrato. Será por cuenta del inquilino el pago impuestos, tasas, servicios, expensas y la contratación de un seguro contra incendio. Los importes publicados de impuestos, tasas, servicios y expensas, son orientativos y los mismos serán determinados por los entes correspondientes. * aviso legalla información detallada sobre este inmueble —como características, calidades constructivas y funcionales, valores de expensas, impuestos, servicios, superficies y medidas— ha sido proporcionada por el propietario. Si bien se presenta de forma orientativa y con fines informativos, puede no estar actualizada o no coincidir exactamente con los datos que surgen de la documentación oficial. * Las medidas exactas serán las que figuren en los títulos y planos legales del inmueble. Las imágenes publicadas tienen un fin ilustrativo y muestran el estado general de la propiedad al momento de ser tomadas, pudiendo no reflejar su situación actual. Los muebles, accesorios o elementos visibles en las fotos no forman parte de la oferta de venta, salvo aclaración expresa. * Se recomienda a los interesados realizar una visita al inmueble y verificar personalmente toda la información, así como solicitar la documentación correspondiente, antes de concretar cualquier operación. C. U. C. I. C. B. A 2244";650000;210000;Charlone al 2100;44;2;1;2;https://www.zonaprop.com.ar/propiedades/clasificado/alclapin-departamento-en-villa-ortuzar-57636408.html?n_src=Listado&n_pills=Aire+acondicionado&n_pg=1&n_pos=4;False;;;
zonaprop;villa-ortuzar;Departamento;Hermoso departamento de 2 ambientes al frente con balcón, dormitorio en suite, toilette de recepción. sum y Piscina. En cumplimiento a la ley 5115, se informa que el inmueble no es accesible para personas con discapacidades físicas. ley 5858 - art. 5Se encuentra prohibido cobrar comisiones inmobiliarias y gastos de gestoría de informes a los inquilinos que sean personas físicas. Para los casos de alquiler de vivienda, el monto máximo de comisión que se puede requerir a los propietarios será el equivalente al cuatro quince centésimos por ciento (4, 15%) del valor total del respectivo contrato. cucicba mat. Nº 27/67;600000;150000;Av. Triunvirato al 2800;48;2;1;;https://www.zonaprop.com.ar/propiedades/clasificado/alclapin-departamento-2-ambientes-al-frente-con-balcon-58160364.html?n_src=Listado&n_pills=Encargado&n_pg=1&n_pos=5;False;;;
zonaprop;villa-ortuzar;Departamento;Alquiler de Departamento 2 ambientes en Villa Ortuzar, Capital Federal. Excelente departamento de 2 ambientes, con excelentes terminaciones con cocina con horno eléctrico y a gas!, todo luz y sol, conexión para lavarropas a 2 cuadras del la Estación Tronador del Subte B! Gran Balcon muy comodo. Alojargentina Ver datos Ver datos;750000;160000;Alquiler de Departamento 2 ambientes en Villa Ortuzar, Capital Federal. Excelente departamento de 2 ambientes, con excelentes terminaciones con cocina con horno eléctrico y a gas!, todo luz y sol, conexión para lavarropas a 2 cuadras del la Estación Tronador del Subte B! Gran Balcon muy comodo. Alojargentina Ver datos Ver datos;46;2;1;1;https://www.zonaprop.com.ar/propiedades/clasificado/alclapin-2-ambientes-estomba-al-900-49170956.html?n_src=Listado&n_pg=1&n_pos=6;False;;;
zonaprop;villa-ortuzar;Departamento;"Alquiler de Departamento 2 ambientes en Villa Ortuzar completamente equipado, Capital Federal. Dos Ambientes al Frente con balcón. El departamento se alquila completamente amoblado. DormitorioCama de dos plazas. Mesas de luz. Veladores. Cortinas. Aire Acondicionado. Living Comedor. Mesa y sillas; Vajillero. Televisión; Cortinas; Balcón con red de protección; Cocina equipada con vajilla para cuatro personas. Heladera; Lavadero independiente. Baño completo con bañera. Calefacción central sectorizada por ambientes. El edificio tiene sum y solárium. Posibilidad de Alquilar cocheras Aparte. El living y el dormitorio cuentan con cortinas. El baño y el lavadero cuentan con ventanas. Requisitos. Dos meses de deposito dólar billete. Mes de alquiler adelantado. Garantía Propietaria. Recibo de sueldo. No acepta Mascota. La intermediación y la conclusión de las operaciones de todas las propiedades que figuran en este perfil se encuentran a cargo de gisi lm S. A. Se realizan con la intervención de Vanesa Amanda García cucicba 8237/ cpmcal 562. En cumplimiento de las leyes provinciales vigentes que regulan el corretaje inmobiliario, Ley Nacional 25. 028, Ley 22. 802 de Lealtad Comercial, Ley 24. 240 de Defensa al Consumidor, las normas del Código Civil y Comercial de la Nación y Constitucionales, los agentes/gestores/asesores no ejercen el corretaje inmobiliario. En cumplimiento de lo dispuesto por la ley 5115, se informa que, el presente inmueble posee acceso para personas con discapacidad físicas. ""Para los casos de alquiler de vivienda, el monto máximo de comisión que se le puede requerir a los propietarios será el equivalente al cuatro con quince centésimos por ciento (4, 15%) del valor total del respectivo contrato. Se encuentra prohibido cobrar a los inquilinos que sean personas físicas comisiones inmobiliarias y gastos de gestoría de informes"". Vanesa Garcia Matrícula cucicba8237 /cmpsi 3483 Teléfonos de contacto Ver datos Ver datos / Ver datos Ver datos. Todas las propiedades que figuran en esta publicación se encuentran a cargo del profesional matriculado Vanesa Garcia, Matrícula cucicba8237 /cmpsi 3483 por lo tanto la intermediación y la conclusión de las operaciones serán llevadas exclusivamente por él. En cumplimiento de la Ley 10. 973 de la Provincia de Buenos Aires, Ley Nacional 25. 028, Ley Nacional 20. 266, Ley 22. 802 de Lealtad Comercial, Ley 24. 240 de Defensa al Consumidor, las normas del Código Civil y Comercial de la Nación y Constitucionales, los asesores o agentes no ejercen el corretaje inmobiliario. Todas las operaciones inmobiliarias son objeto de intermediación y conclusión por parte del martillero y corredor colegiado, cuyos datos se exhiben en el nombre de la inmobiliaria. Ley 5115: excepto que en la descripción de la propiedad se indique lo contrario, el edificio puede no contar con rampa para personas con movilidad reducida, y no ser Accesible para personas con discapacidades físicas. Venta sujeta a la obtención del coti por parte del propietario. Las medidas son aproximadas, las reales surgen del título o plano de mensura. Las reservas se toman exclusivamente en la inmobiliaria con el matriculado cucicba8237 /cmpsi 3483";700000;110000;Triunvirato 3000;52;2;1;1;https://www.zonaprop.com.ar/propiedades/clasificado/alclapin-departamento-en-aquiler-con-muebles-55542879.html?n_src=Listado&n_pills=Terraza&n_pg=1&n_pos=7;False;;;
zonaprop;villa-urquiza;Departamento;Departamento de 2 ambientes en alquiler en Villa Urquiza, ubicado en una zona estratégica del barrio, con excelente conectividad y cercanía a comercios, servicios y medios de transporte. La unidad se encuentra en un 3° piso por escalera, con ambientes cómodos, bien distribuidos y muy funcionales. Características principales: Living comedor con salida a balcón, que aporta luz y ventilaciónCocina independiente con lavadero incorporadoDormitorio cómodo y bien proporcionadoAire acondicionadoBuena distribución y espacios aprovechadosIdeal para quienes buscan practicidad, buena ubicación y ambientes confortables. Ubicación y transporte: Excelente conectividad hacia distintos puntos de la ciudad. Subte Línea B: Juan Manuel de RosasTren: General Urquiza (Mitre) Colectivos: 71, 90, 93, 107, 114, 127, 133, 140, 169, 176Requisitos: 1 mes de adelanto. 1 mes de depósito en usd. Garantía propietaria en caba o seguro de caución. Una muy buena oportunidad para vivir en uno de los barrios más buscados de la ciudad. Todas las propiedades publicadas en este perfil se encuentran a cargo de un profesional matriculado. La intermediación y la conclusión de las operaciones vinculadas a la presente publicación serán realizadas exclusivamente por el Corredor Responsable: Luciano Zuker Matrícula: cucicba 4081.;700000;210560;Cullen al 4800;50;2;1;1;https://www.zonaprop.com.ar/propiedades/clasificado/alclapin-departamento-villa-urquiza-58377861.html?n_src=Listado&n_pills=Aire+acondicionado&n_pg=1&n_pos=1;False;;Super destacado;
zonaprop;villa-urquiza;Departamento;Excelente departamento de 2 ambientes sobre calle Diaz Colodrero y Roosevelt, octavo piso con balcón contrafrente. Cuenta con cocina separada, alacena y bajomesada, artefacto a gas 4 hornallas, Lavadero independiente. Living comedor con salida a balcón, amplio dormitorio con placard. Agua por termotanque individual. Muy buena distribución, luminoso. El departamento esta en muy buenas condiciones, es realmente agradable! El edificio cuenta con dos ascensores. En inmejorable ubicacion! Para no dejar de ver! Se alquila unicamente con garantia de caucion de la empresa respaldar. Sera obligatorio el pago de una póliza de seguro de incendio por parte del locatario, la cual le será entregada el día de la firma del contrato. Contacto. inmobiliaria lorena banco Negocios Integrales Inmobiliarios. Mat cucicba 7120. 4 Ver datos / 11 5 Ver datos / 11 5 Ver datos. Para los casos de alquiler de vivienda, el monto máximo de comisión que se le puede requerir a los propietarios será el equivalente al cuatro con quince centésimos por ciento (4, 15%) del valor total del respectivo se encuentra prohibido cobrar a los inquilinos que sean personas físicas comisiones inmobiliarias y gastos de gestoria de informes.;650000;130000;Excelente departamento de 2 ambientes sobre calle Diaz Colodrero y Roosevelt, octavo piso con balcón contrafrente. Cuenta con cocina separada, alacena y bajomesada, artefacto a gas 4 hornallas, Lavadero independiente. Living comedor con salida a balcón, amplio dormitorio con placard. Agua por termotanque individual. Muy buena distribución, luminoso. El departamento esta en muy buenas condiciones, es realmente agradable! El edificio cuenta con dos ascensores. En inmejorable ubicacion! Para no dejar de ver! Se alquila unicamente con garantia de caucion de la empresa respaldar. Sera obligatorio el pago de una póliza de seguro de incendio por parte del locatario, la cual le será entregada el día de la firma del contrato. Contacto. inmobiliaria lorena banco Negocios Integrales Inmobiliarios. Mat cucicba 7120. 4 Ver datos / 11 5 Ver datos / 11 5 Ver datos. Para los casos de alquiler de vivienda, el monto máximo de comisión que se le puede requerir a los propietarios será el equivalente al cuatro con quince centésimos por ciento (4, 15%) del valor total del respectivo se encuentra prohibido cobrar a los inquilinos que sean personas físicas comisiones inmobiliarias y gastos de gestoria de informes.;39;2;1;1;https://www.zonaprop.com.ar/propiedades/clasificado/alclapin-departamento-2-ambientes-villa-urquiza-con-balcon-46898501.html?n_src=Listado&n_pills=Lavadero&n_pg=1&n_pos=2;False;;Super destacado;
zonaprop;villa-urquiza;Departamento;Impecable 2 amb con palier privado muy luminosos en el corazón de Villa Urquiza a dos cuadras del Subte B y Estacion de Tren. Comedor con cocina integrada y pequeño balcón al frente. Baño completo con bañera. Dormitorio con placard. El edificio posee Pileta / Sum con parrilla en la terraza para disfrutar. El departamento no Posee gastos de Aysa / abl ni Expensas;720000;;Capdevila 2804;40;2;1;1;https://www.zonaprop.com.ar/propiedades/clasificado/alclapin-2-amb-impecables-luminosos-54565556.html?n_src=Listado&n_pills=Parrilla&n_pg=1&n_pos=3;False;;Super destacado;
zonaprop;villa-urquiza;Departamento;¡oportunidad en alquiler - excelente ubicación! Departamento 2 ambientes con balcón terraza. * sin expensas * Se trata de un departamento de dos ambientes ubicado en noveno piso al frente. Cuenta con: Cocina comedor con amoblamiento bajo mesada y artefacto de cocina, balcón terraza al frente y segunda terraza al contrafrente, baño completo y dormitorio con espacio para placard. *Aclaraciones importantes: el acceso al baño es a través del balcón. El inmueble no cuenta con gasto de expensas ya que antiguamente era la vivienda del encargado del edificio. * - Comunicate por WhatsApp y solicitanos el video recorrido- Información de interés: * Alquiler mensual: $ 650. 000. - * Expensas: no tiene. * Duración del contrato: 24 meses. * Ajuste: Trimestral por ipc. * Depósito: Sí * Garantía: Seguro de Caución o Garante propietario. Las visitas deben coordinarse previamente y únicamente con personal de la firma. La información gráfica y escrita contenida en el presente aviso es meramente a titulo estimativo y no forma parte de ningún tipo de documentación contractual. Las medidas y superficies definitivas surgirán del título de propiedad del inmueble referido. La propiedad cuenta con accesibilidad para personas con movilidad reducida (Ley 5115) C. I. Damián López Manteiga - cucicba 8272;650000;;Blanco Encalada 5580;50;2;1;1;https://www.zonaprop.com.ar/propiedades/clasificado/alclapin-departamento-2-ambientes-alquiler-en-villa-urquiza-58348460.html?n_src=Listado&n_pills=Terraza&n_pg=1&n_pos=4;False;;Super destacado;
zonaprop;villa-urquiza;Departamento;Muy lindo departamento 2 ambientes al frente con balcón, edificio con sum, parrilla y pequeña pileta. A metros de Av. Triunvirato. Las expensas incluyen aysaCondiciones para alquilarlo: 1 mes de alquiler1 mes de depósito (dólar) Garantía de caba (familiar) o finaercontrato por 24 mesesAumentos trimestrales por ipcse acepta una mascota. cifre profesionales inmobiliariossucursal Villa Pueyrredon - Ver datosSucursal Villa Urquiza - Ver datosSucursal Villa Devoto - Ver datosnueva Sucursal Belgrano - Ver datos;690000;180000;Quesada al 5300;42;2;1;1;https://www.zonaprop.com.ar/propiedades/clasificado/alclapin-departamento-2-ambientes-frente-balcon-edificio-con-58350040.html?n_src=Listado&n_pills=Permite+mascotas&n_pg=1&n_pos=5;False;;Destacado;
zonaprop;villa-urquiza;Departamento;"2 ambientes con balcón. Para los casos de alquiler de vivienda, monto máximo de comisión que se le puede requerir a los propietarios sera el equivalente al cuatro con quince centésimos por ciento (4, 15%) del valor total del respectivo contrato. Se encuentra prohibido cobrar a los inquilinos que sean personas físicas comisiones inmobiliarias y gastos de gestoria de informes&quot;. (los cuales deben ser soportados por el locatario debiendo presentarlos en debida forma o encargarlos para que lo gestione un tercero). Las condiciones de los alquileres podrán ser cambiadas sin previo aviso una vez que entre en vigencia la nueva ley de alquileres. Se deja constancia que los m2 son aproximados, al igual que las medidas parciales de los ambientes, y el valor consignado de las expensas mensuales esta sujeto a verificación y/o ajustes, el precio del inmueble puede ser modificado sin previo aviso. Fotos de carácter no contractual. Las unidades publicadas están sujetas a disponibilidad. Rozenblat Propiedades &amp;amp; Abogados; actúa solamente en carácter de comercializadora de los inmuebles ofrecidos. Inmueble accesible para personas con discapacidad física ley 5115";700000;113500;Alvarez Thomas al 3100;42;2;1;1;https://www.zonaprop.com.ar/propiedades/clasificado/alclapin-departamento-en-villa-urquiza-58351779.html?n_src=Listado&n_pills=Parrilla&n_pg=1&n_pos=6;False;;Destacado;
zonaprop;villa-urquiza;Departamento;"Dos ambientes en alquiler, la unidad cuenta con living comedor con mueble de guardado, dormitorio con placard, cocina, baño completo y balcón con conexión para lavarropas!! Aire acondicionado frío/calor!! Excelente ubicación sobre Av. Congreso a dos cuadras de Av. Triunvirato!! Impecable estado, muy luminoso!! Sum!! “Para el caso de alquiler viviendas de viviendas, el monto máximo de comisión que se le puede requerir a los propietarios será equivalente al cuatro con quince centésimos ( 4, 15%) del valor total del respectivo contrato. Se encuentra prohibido cobrar a inquilinos que sean personas físicas comisiones inmobiliarias y gastos de gestoría de informes” &quot;Propiedad accesible ley 5115&quot;";750000;115000;Congreso 4900;43;2;1;1;https://www.zonaprop.com.ar/propiedades/clasificado/alclapin-dos-ambientes-en-alquiler!-57408554.html?n_src=Listado&n_pills=Aire+acondicionado&n_pg=1&n_pos=7;False;;Destacado;
zonaprop;villa-urquiza;Departamento;Departamento en alquiler en Villa Urquiza, con orientación Oeste y disposición contrafrente. Cuenta con 36 m2 de superficie construida y 40 m2 de superficie total. El interior se distribuye en 1 dormitorio, 1 baño, living, cocina y balcon. Dispone de aire acondicionado. El edificio cuenta con ascensor, pileta, sum y encargado. La cochera es descubierta. Ubicado en una zona residencial y familiar, con fácil acceso a transporte público, a 2 cuadras del subte y 2 cuadras del tren. Contrato: 2 años con aumento trimestral por ipc. ingreso: 1 mes de deposito, 1 mes de adelanto, garantia de capital O seguro de caucion Y demostracion de ingresos.;750000;150000;Pacheco 2144;40;2;1;1;https://www.zonaprop.com.ar/propiedades/clasificado/alclapin-departamento-2-ambientes-con-cochera-57744937.html?n_src=Listado&n_pills=Laundry&n_pg=1&n_pos=8;False;1;Destacado;
zonaprop;villa-urquiza;Departamento;Hermoso Y coqueto departamento al frente con balcon corrido, dos aires acondicionados, cocina grande, lavadero, muy buenos placares, baño completo jorge what supp 11-5-Ver datos. * 1100 uds alquiler mensual. * 750 uds alquiler quincenal. * 550 uds alquiler semanal. * 65 uds alquiler diario;800000;168000;DIAZ COLODRERO 2535 10 A;42;2;1;1;https://www.zonaprop.com.ar/propiedades/clasificado/alclapin-alquiler-temporal-el-mejor-super-espectacular!-a-solo-51297088.html?n_src=Listado&n_pills=Permite+mascotas&n_pg=1&n_pos=9;True;;Destacado;15%
zonaprop;villa-urquiza;Departamento;Dos amb. Impecable, pasante muy luminoso, recien pintado listo para entrara, al frente, cocina con barra, baño completo. Contrato A dos años, ajuste cuatrimestral ipc. Garantia propietaria O seguro de caucion. Todas las medidas enunciadas son meramente orientativas, las medidas exactas serán las que se expresan en el respectivo título de propiedad de cada inmueble. Todas las fotos, imágenes, videos y valores son ilustrativos y no contractuales. Esta publicidad respeta lo establecido en el art. 4 y 8 de la ley 24. 240* Patricio Bombardieri: cucicba 4748;700000;275000;GALVAN 2800;46;2;1;1;https://www.zonaprop.com.ar/propiedades/clasificado/alclapin-excelente-dos-amb-galvan-2800-50881625.html?n_src=Listado&n_pg=1&n_pos=10;False;;Destacado;
zonaprop;villa-urquiza;Departamento;Dueño, departamento de 2 ambientes con amplio balcón terraza en piso 3 al frente (no se contestan msj, solo llamadas al nro de contacto). Todos los ambientes con salida al balcon terraza de 25 m2. Orientacion norte. Super luminoso. Cómodo estar, cocina independiente con lavadero incorporado, dormitorio con doble placard. Calefon y calefacción por estufa tiro balanceado. Ubicado a cuadra y media de la estación de tren de Villa Urquiza, a dos de la estación de subte y a una del centro comercial. Valor: $750. 000 Contrato a 2 años con ajuste trimestral por icl (indice contrato de locación) Expensas: $140. 000 servicio abl: $ 11. 000 mensual aysa: $22. 000 (mensual) Garantía propietaria Caba, ingresos. Depósito 2 meses (en pesos o en dólares) Se aceptan mascotas.;750000;140000;Avenida Monroe 5300;65;2;1;1;https://www.zonaprop.com.ar/propiedades/clasificado/alclappa-dueno-muy-lindo-2-amb-con-hermoso-balcon-terraza-piso-58212658.html?n_src=Listado&n_pills=Lavadero&n_pg=1&n_pos=11;False;;Destacado;
zonaprop;villa-urquiza;Departamento;Departamento de 2 ambientes contrafrente con Balcón, excelente ubicación. Doble entrada Luminoso. Living-Comedor 5. 00 x 400 mts. Dormitorio de 3. 00 x 3. 00 mts. Baño de 2. 00 x 1. 80mts. Cocina de 4. 00 x 1. 70 mts. Balcón al contrafrente de 4. 50 x 1. 30 mts. A 2 cuadras del Subte Línea B. A 2 cuadras del tren línea Mitre (Retiro). Varías líneas de colectivos. Todas las medidas enunciadas son meramente orientativas, las medidas exactas serán las que se expresen en el respectivo título de propiedad de cada inmueble. Todas las fotos, imágenes y videos son meramente ilustrativos y no contractuales. Los precios no son contractuales y pueden cambiarse sin previo aviso.;650000;115000;Pacheco 2432;44;2;1;1;https://www.zonaprop.com.ar/propiedades/clasificado/alclapin-departamento-de-2-ambientes-al-contrafrente-con-46822390.html?n_src=Listado&n_pg=1&n_pos=12;False;;Destacado;
zonaprop;villa-urquiza;Departamento;Departamento de 2 ambientes al contra frente con balcon, muy luminoso, cocina integrada con conexión para lavarropas y muebles de alto y baja mesada, cuenta con 2 aires acondicionados tanto living y dormitorio, el mismo cuenta con placard espejado y baño completo. Terraza con Parrilla en el edificio. Acepta mascota. requisitos: Garantía Propietaria de Caba o Seguro de Caución de la empresa Facilitar mas Ingresos demostrables. Condiciones: Contrato a 2 años. Aumento cuatrimestral bajo el (icl) índice de Locación. 1 mes de Deposito equivalente en U$S. ley 5115 la cual establece que en toda publicación debe estar indicado si es apta para personas con movilidad reducida. Art. 4 previsto en la ley 5859 de caba. Para los casos de alquiler de vivienda, el monto máximo de comisión que se le puede requerir a los propietarios será el equivalente al cuatro con quince centésimos por ciento (4, 15%) del valor total del respectivo contrato. Se encuentra prohibido cobrar a los inquilinos que sean personas físicas comisiones inmobiliarias y gastos de gestoría de informes. - Te recomendamos que te contactes telefónicamente con la Inmobiliaria para que le den prioridad a tu búsqueda y contestar tus consultas. Sin mas saludo a Usted Atte. MonSan Negocios Inmobiliarios. En cumplimiento de las Leyes Provinciales vigentes que regulan el Corretaje Inmobiliario, Ley Nacional 25. 028, Ley 22. 802 de Lealtad Comercial, Ley 24. 240 de Defensa al Consumidor, las normas del Código Civil y Comercial de la Nación y Constitucionales, los Asesores/ Gestores no ejercen el corretaje inmobiliario. Todas las operaciones inmobiliarias son objeto de intermediación y conclusión por parte de los martilleros y corredores colegiados, cuyos datos se exhiben debajo del nombre de la inmobiliaria. Cucicba matricula nro 63.;700000;166400;Altolaguirre 2555;42;2;1;1;https://www.zonaprop.com.ar/propiedades/clasificado/alclapin-depto-2-amb-contra-frent-2-a-a-balcon-muy-58143773.html?n_src=Listado&n_pills=Terraza&n_pg=1&n_pos=13;False;;Destacado;
zonaprop;villa-urquiza;Departamento;Muy buen departamento de 2 ambientes - semipiso - contrafrente abierto - living con pisos de parquet - balcón - cocina separada - lavadero incorporado - pasillo con placard - dormitorio con pisos de parquet Y placard - baño completo. excelente ubicacion A 3 cuadras subte Y tren. las medidas de esta ficha son aproximadas;650000;170000;Díaz Colodrero 2800;45;2;1;1;https://www.zonaprop.com.ar/propiedades/clasificado/alclapin-muy-buen-dpto-2-amb-con-balcon-57996670.html?n_src=Listado&n_pills=Aire+acondicionado&n_pg=1&n_pos=14;False;;Destacado;
zonaprop;villa-urquiza;Departamento;Departamento de 2 ambientes en alquiler en Villa Urquiza, ambos ambientes al frente, muy luminosos, living con balcón, dormitorio con placard, baño completo. Amplia cocina con lavadero incorporado. El edificio tiene 7 pisos y 5 departamentos por piso, con ascensor tipo camillero y en la última planta cuenta con Sum, parrilla y laundry. Excelente zona comercial la cual ofrece una amplia variedad de comercios, servicios y restaurantes. Frery Propiedades – Mónica L. Destéfanis - cucicba 1145 / Teléfonos de contacto Ver datos / Ver datos / Ver datos. Ley 5115: Propiedad apta para personas con movilidad reducida. - Ley 5859. Art. 5: Para los casos de alquiler de vivienda, el monto máximo de comisión que se le puede requerir a los propietarios será el equivalente al cuatro con quince centésimos por ciento (4, 15%) del valor total del respectivo contrato. Se encuentra prohibido cobrar a los inquilinos que sean personas físicas comisiones inmobiliarias y gastos de gestoría de informes. -;680000;236000;Av. Triunvirato 4111;53;2;1;1;https://www.zonaprop.com.ar/propiedades/clasificado/alclapin-departamento-en-alquiler-2-ambientes-de-aprox-50-58087872.html?n_src=Listado&n_pills=Lavadero&n_pg=1&n_pos=15;False;;Destacado;
zonaprop;villa-urquiza;Departamento;"En alquiler Departamento 2 Ambientes Villa Urquiza Ubicado en una excelente accesible zona de Villa Urquiza, Al ingresar, te recibe un living-comedor que cuenta con un balcon frances, con piso flotanteLa cocina está equipada con muebles bajo mesada y alacena, Lavadero independiente. El dormitorio es espacioso con piso flotante y comodo placardEl hall de acceso al baño posee 2 cómodos placares, excelente espacio de guardado El baño es completoUbicado sobre la Av. Olazabal al 5300, ; Excelente EstadoLas Expensas Incluyen AysaRequisitos: Demostracion de ingresos y garantia ( propietaria o Seguro Finaer) Mes de Adelanto y Mes DepositoCorredor Responsable raffaele maria crstinamatricula cpi 2983Ley 5115 Accesible para personas con movilidad reducida";650000;61000;Av. Olazabal al 5300;36;2;1;1;https://www.zonaprop.com.ar/propiedades/clasificado/alclapin-en-alquiler-departamento-de-2-ambientes-villa-urquiza-58339454.html?n_src=Listado&n_pills=Permite+mascotas&n_pg=1&n_pos=16;False;;Destacado;
zonaprop;villa-urquiza;Departamento;Muy buen departamento en una zona privilegiada de Villa Urquiza, próximo a Avda. Triunvirato, cerca del Subte de la línea “B” Estación Juan Manuel de Rozas e inmerso en un polo comercial indiscutido, Living Comedor, cocina separada, lavadero en cocina, habitación con placard, el edificio no tiene Amenities. “requisitos”, Contrato a dos (2) Años, actualización trimestralmente por icl (índice contratos de locación), Garantía Seguro de Caución, Un mes de Depósito /Un mes de Adelanto. Corredor Francisco Boccacci Matrícula 2044;700000;81800;Nahuel Huapi 5200;38;2;1;1;https://www.zonaprop.com.ar/propiedades/clasificado/alclapin-departamento-en-alquiler-en-villa-urquiza-capital-58389987.html?n_src=Listado&n_pills=Aire+acondicionado&n_pg=1&n_pos=17;False;;;
zonaprop;villa-urquiza;Departamento;"Departamento en alquiler de 2 ambientes con balcon, contrafrente muy luminoso, parrilla, laundry, la mejor zona de villa urquiza- Amplio living/comedor con ventanal con salida al balcón al contrafrente(todo luz) - Dormitorio con placard empotrado y balcón, también muy luminoso- Cocina completa integrada con muebles bajo mesada, alacenas. ; espacio para lavarropas- Baño completo con bañera muy amplio con lugar de guardadodetalles adicionalesa metros de Av Triunvirato. A 1 Cuadra de la Estación Echeverria de la Linea B del SubteLos metros son aproximados, Comercializado por David Blanco con matrícula del C. U. C. I. C. B. A. N° 8573, Tomo 2, Folio 20 y Matricula – cmo N°2884 Tomo 6, Folio 62, adherida al Sistema Coldwell Banker Lion Team. C. U. I. T.: Ver datos-7, Av. Triunvirato 5177 Ciudad Autónoma de Buenos Aires y Botticelli 4727, Hurlingham, Provincia de Buenos Aires. &#xa9;? 2025 Coldwell Banker. Todos los derechos reservados. Coldwell Banker y los logotipos de Coldwell Banker son marcas de servicio de propiedad de Coldwell Banker Real Estate llc. El sistema Coldwell Banker &#xae;? Está compuesto por oficinas propias de propiedad de una subsidiaria de Anywhere Advisors llc y por oficinas adheridas al Sistema Coldwell Banker que son de propiedad y operación independientes. En cumplimiento con la normativa vigente, los asistentes no ejercen el corretaje inmobiliario. La intermediación y conclusión de las operaciones inmobiliarias es desarrollada por Martilleros y Corredores Públicos. Esta Oficina Inmobiliaria se encuentra a cargo de David Blanco con matrícula del C. U. C. I. C. B. A. N° 8573, Tomo 2, Folio 20 y Matricula - cmo N°2884 Tomo 6, Folio 62, adherida al Sistema Coldwell Banker Lion Team. C. U. I. T.: Ver datos-7, Av. Triunvirato 5177, Piso 5, Villa Urquiza, Ciudad Autónoma de&amp;amp;nbsp;Buenos&amp;amp;nbsp;Aires.";700000;214000;La Pampa al 5000;44;2;1;1;https://www.zonaprop.com.ar/propiedades/clasificado/alclapin-departamento-en-alquiler-2-ambientes-villa-urquiza-58387342.html?n_src=Listado&n_pills=Encargado&n_pg=1&n_pos=18;False;;;
zonaprop;villa-urquiza;Departamento;[mel-Ver datos] Hermoso dos ambientes ubicado en la zona mas buscada de Villa Urquiza, a tres cuadras de la linea B de subte. El edificio cuenta con un encargado de tiempo completo, dispone de piscina con solárium y parrilla en el ultimo piso. La unidad te recibe con un amplio living comedor con acceso al balcón, un toilette de recepción, cocina a gas semi integrada con ventilación natural, en la misma también encontraremos la caldera dual con manejo individual de agua caliente y calefacción. El dormitorio cuenta con baño completo en suite y amplio espacio de guardado. Requisitos: - Contrato a 24 meses. -Ajustes cuatrimestrales por ipc. -No se permiten mascotas. -Se solicitan ingresos demostrables que tripliquen el valor del alquiler. -Se solicita un mes de deposito y un mes de adelanto. -Como garantía se pide Seguro de Caución o Garantía Propietaria de caba. Servicios: Electricidad, Cloacas, Gas, Agua Corriente. Otros Servicios: Balcón. Mel, 50 años concretando sueños. Nota importante/relevante: Las descripciones, fotos, medidas del inmueble, precios, valores de expensas, impuestos y servicios son aproximados y meramente orientativos, y no obligan contractualmente a Mel propiedades srl ni resultan vinculantes. Matriculados: Julia Mel Matricula Nº 52. María Eva Parada Matricula Nº 251. Raúl Mel Matricula Nº 883;750000;260000;Andonaegui 2200;62;2;1;2;https://www.zonaprop.com.ar/propiedades/clasificado/alclapin-dos-ambientes-en-excelente-ubicacion-58261474.html?n_src=Listado&n_pills=Pileta&n_pg=1&n_pos=19;False;;;
zonaprop;villa-urquiza;Departamento;_ Departamento de un dormitorio en alquiler ubicado sobre Avenida Olazábal y Bauness (Villa Urquiza, Ciudad Autónoma de Buenos Aires). Desarrollado en piso alto por ascensor, con disposición contra frente y orientación noroeste. _ El mismo posee cocina eléctrica equipada con muebles sobre y bajo mesada, toilette, living comedor, un dormitorio con placard empotrado y un baño completo. Luminoso, cuenta con balcón y muy buena ventilación natural. _ Cochera con capacidad para un vehículo. _ La propiedad tiene una superficie total de aproximadamente 37mts2, de los cuales 35mts2 son cubiertos. _ Las expensas al 09/10/2025 son de aproximadamente $130. 000. Yacoub | Construimos ConfianzaInnovación | Calidad | Sustentabilidad | Diseño70 Mil Metros Cuadrados | 23 TorresLa información descripta en el presente aviso es meramente orientativa y no forma parte de ningún tipo de documentación contractual. Los datos enunciados fueron proporcionados por los propietarios y pueden arrojar inexactitudes, las superficies definitivas surgirán del título de propiedad del inmueble referido. Se deja constancia de que los valores y/o expensas pueden estar sujetas a verificación o ajuste. Lo que estás buscando lo tenemos | Estés Donde EstésVendemos en Todos Lados.;800000;130000;_ Departamento de un dormitorio en alquiler ubicado sobre Avenida Olazábal y Bauness (Villa Urquiza, Ciudad Autónoma de Buenos Aires). Desarrollado en piso alto por ascensor, con disposición contra frente y orientación noroeste. _ El mismo posee cocina eléctrica equipada con muebles sobre y bajo mesada, toilette, living comedor, un dormitorio con placard empotrado y un baño completo. Luminoso, cuenta con balcón y muy buena ventilación natural. _ Cochera con capacidad para un vehículo. _ La propiedad tiene una superficie total de aproximadamente 37mts2, de los cuales 35mts2 son cubiertos. _ Las expensas al 09/10/2025 son de aproximadamente $130. 000. Yacoub | Construimos ConfianzaInnovación | Calidad | Sustentabilidad | Diseño70 Mil Metros Cuadrados | 23 TorresLa información descripta en el presente aviso es meramente orientativa y no forma parte de ningún tipo de documentación contractual. Los datos enunciados fueron proporcionados por los propietarios y pueden arrojar inexactitudes, las superficies definitivas surgirán del título de propiedad del inmueble referido. Se deja constancia de que los valores y/o expensas pueden estar sujetas a verificación o ajuste. Lo que estás buscando lo tenemos | Estés Donde EstésVendemos en Todos Lados.;37;2;1;1;https://www.zonaprop.com.ar/propiedades/clasificado/alclapin-departamento-en-alquiler-1-dormitorio-1-bano-villa-58159963.html?n_src=Listado&n_pills=Luminoso&n_pg=1&n_pos=20;False;;;
zonaprop;villa-urquiza;Departamento;Departamento en alquiler en Villa Urquiza, con una superficie total de 43 m². Ubicado en una zona residencial, este inmueble ofrece comodidad y accesibilidad. Cuenta con 1 dormitorio, 1 baño, 2 ambientes y un luminoso living comedor. La cocina está equipada y dispone de lavadero. El departamento posee calefacción y balcón, ideal para disfrutar del aire libre. El edificio tiene 10 pisos y cuenta con ascensor y encargado. En los alrededores, encontrarás una amplia variedad de servicios, como supermercados, farmacias y bancos. Además, la zona ofrece fácil acceso a transporte público. Hay diversas instituciones educativas cercanas, desde preescolar hasta universidades. Para el tiempo libre, se puede disfrutar de parques, restaurantes y centros culturales. La seguridad está garantizada con casetas de vigilancia.;600000;260000;Cullen 4968;43;2;1;1;https://www.zonaprop.com.ar/propiedades/clasificado/alclapin-departamento-de-43-m-sup2--con-1-dormitorio-en-58388675.html?n_src=Listado&n_pills=Lavadero&n_pg=1&n_pos=21;False;;;
zonaprop;villa-urquiza;Departamento;Excelente semipiso 2 ambientes al contrafrente con balcon al contrafrente. Recien pintado, con pisos pulidos y plastificados. Cuenta con living muy luminoso, cocina separada a gas, y lavadero incorporado. Gran pasillo ideal escritorio, habitacion con placard y baño completo. Posee aire acondicionado Split en living. Emplazado en el corazón de Villa Urquiza, en pleno centro comercial. Su ubicación es inmejorable, cercano a numerosas lineas de colectivos y a metros de la estación de tren y J. M. Rosas del subte. Medidas: - Living: 5. 05x3, 33. - Balcon: 3. 8x1. 3. - Habitacion: 3. 35x3. 05. - Cocina: 3. 34x1. 86. - Pasillo: 2. 85x1. 60. Contrato por 24 meses, aumentos trimestrales con indexación ipc. Garantía en caba. Ingresos demostrables que puedan triplicar el valor de alquiler. Toda la información y las medidas proveídas son sólo estimativas y deberán corroborarse con la documentación oportuna y no compromete contractualmente a nuestra compañia. Los gastos indicados (expensas, abl) se refieren a la última información obtenida y deberán ratificarse. Las imágenes publicadas son meramente ilustrativas, no vinculantes y no contractuales.;720000;220000;Blanco Encalada 5000;46;2;1;1;https://www.zonaprop.com.ar/propiedades/clasificado/alclapin-excelente-semipiso-2-amb-al-contrafrente-con-cocina-58098899.html?n_src=Listado&n_pills=Aire+acondicionado&n_pg=1&n_pos=22;False;;;
zonaprop;villa-urquiza;Departamento;Corredor Responsable: Marisa Serantoni cpi 9681 cmcpdjlm 1136- Contacto: Susana Caro. Alquiler Departamento 3 ambientes con balcón en Villa Urquiza. Alquiler de hermoso departamento de 3 ambientes, con balcón corrido al frente, que le proporciona luminosidad. Ubicado en el 4° piso, se accede por ascensor. Al entrar nos encontramos con un living comedor con salida al balcón corrido. A su derecha separada con un arco está la cocina, equipada con cocina y termotanque a gas y tiene una ventana con salida al balcón. Conectado al living, hay un pasillo que conduce a ambos dormitorios, cada uno con placard y una ventana que dan al balcón corrido. Y al final del pasillo nos encontramos con el baño con ducha. Orientación noreste brindando luminosidad con sol directo desde la mañana hasta casi el mediodía, manteniéndose luminosa por la tarde. En el 5° piso posee un pequeño lavadero de uso exclusivo, con pileta y conexión para lavarropas. En el mismo piso se encuentra una terraza uso de común para tender ropa. ¡¡excelente ubicación!! Sobre la calle Díaz Colodrero esquina P. Ignacio Rivera, a 3 cuadras de la estación de Juan Manuel de Rosas del Subte B y de la Estación Urquiza del tren Mitre. A 1 cuadra de la Plaza Echeverría, a 1 cuadra de la av. Triunvirato, 2 cuadras de av. Alvarez Thomas, 3 cuadras de av. Congreso y 3 cuadras de av. Monroe. Con varias líneas de colectivo como el 71, 107, 110, 114, 127, 133, 140, 169, 176. Requisitos: - Justificación de ingresos por recibo de sueldo. - Contrato por dos años. - Ajuste Trimestral por ipc. - Depósito U$S 600. - Mes de Adelanto. - Seguro de caución. -Se aceptan mascotas pequeñas. ¡no dedues en consultarnos! Rau S. R. L. No ejerce el corretaje inmobiliario. El presente sitio web es una plataforma en donde cada oficina inmobiliaria independiente que contrata los servicios re/max puede publicar las propiedades a su cargo. Cada oficina es de propiedad y gestión independiente, por lo que rau S. R. L. No interviene en los datos de la publicación, en la operación inmobiliaria, ni en la confección y/o firma del boleto de compraventa y/o escritura y/o contrato de alquiler. En cumplimiento de las leyes vigentes que regulan el corretaje inmobiliario, Ley Nacional 25. 028, Ley 22. 802 de Lealtad Comercial, Ley 24. 240 de Defensa al Consumidor, las normas del Código Civil y Comercial de la Nación y Constitucionales, los agentes/gestores no ejercen el corretaje inmobiliario. Todas las operaciones inmobiliarias son objeto de intermediación y conclusión por parte del corredor público inmobiliario colegiado a cargo de la publicación, cuyos datos se exhiben en la presente. La presente publicación describe las características esenciales del inmueble, debiéndose consultar al corredor público inmobiliario responsable de la operación por la eventual actualización de las medidas, descripciones arquitectónicas y funcionales, valores de expensas, servicios, impuestos, precios y demás información, cuyos valores son aproximados. Para los casos de alquiler de vivienda, el monto máximo de comisión que se le puede requerir a los propietarios será el equivalente al cuatro con quince centésimos por ciento (4, 15%) del valor total del respectivo contrato. Se encuentra prohibido cobrar a los inquilinos que sean personas físicas comisiones inmobiliarias y gastos de gestoría de informes. El inmueble no es accesible para personas con discapacidades físicas.;800000;200000;Díaz Colodrero 2700;53;3;2;1;https://www.zonaprop.com.ar/propiedades/clasificado/alclapin-alquiler-depto.-3-amb.-con-balcon-en-villa-urquiza-58241581.html?n_src=Listado&n_pills=Pileta&n_pg=1&n_pos=23;False;;;
zonaprop;villa-urquiza;Departamento;Alquilado. No se encuentra disponible ya se ha alquilado. No se responderán mensajes ni mails. Muchas gracias por visualizar este departamento. Saludos;760000;216000;Nahuel Huapi 4754;47;2;1;1;https://www.zonaprop.com.ar/propiedades/clasificado/alclappa-alquilado.-48458097.html?n_src=Listado&n_pills=SUM&n_pg=1&n_pos=24;False;;;
zonaprop;villa-urquiza;Departamento;// se alquila sin muebles //alquiler departamento de 2 ambientes ubicado en zona estrategica de villa urquiza, A pocos metros de av. Triunvirato, 1 cuadra de la estacion de subte B (juan manuel de rosas), 2 cuadras de la estacion de tren urquiza Y variedad de colectivos. condiciones Y requisitos: - contrato A 1 O 2 años- $ 700. 000 + expensas Y servicios- garantia de cap. Fed. / seguro de cacion- ingresos demostrables- 1 mes de adelanto- 1 mes de depositoel departamento se encuentra en impecable estado, posee vista abierta Y mucha luz natural. Living amplio con pisos de parquet Y salida al balcon semicubierto, cocina con mucho espacio de guardado Y lavadero independiente, baño completo hecho A nuevo Y dormitorio con placard. Guirod Propiedades - Martillero Responsable: Guillermo Martin Rodriguez (Matr. Cucicba 5812) Todas las medidas, montos de expensas y demás características enunciadas son meramente orientativas, Los datos exactos serán las que se expresen en el respectivo título de propiedad de cada inmueble. Todas las fotos, imagenes y videos son meramente ilustrativos y no contractuales. Los precios enunciados son meramente orientativos y no contractuales. ley 5859: “Para los casos de alquiler de vivienda, el monto máximo de comisión que se le puede requerir a los propietarios será el equivalente al cuatro con quince centésimos por ciento (4, 15%) del valor total del respectivo contrato. Se encuentra prohibido cobrar a los inquilinos que sean personas físicas comisiones inmobiliarias y gastos de gestoría de informes”. -;700000;180000;Cullen al 5000, 6°;49;2;1;1;https://www.zonaprop.com.ar/propiedades/clasificado/alclapin-alquiler-2-ambientes-con-balcon-en-excelente-ubicacion-58213888.html?n_src=Listado&n_pills=Luminoso&n_pg=1&n_pos=25;False;;;
zonaprop;villa-urquiza;Departamento;"2 ambientes en alquiler, villa urquiza.!! En inmejorable ubicacion A metros de av. Alvarez tomas, A 3 cuadras de av. Congreso Y 3 cuadras de av. Triunvirato proximo al subte ""B"" estacion juan manuel de rosas. Excelente depto en edificio tipo torre al lateral con orientacion ""oeste"" super luminoso, ingresamos por living comedor con placard Y balcon frances, dormitorio con placard amplio Y baño en suite, cocina completa con muebles bajo mesada Y alacena, lavadero independiente. 1 aire acondicionado tipo split solo frio instalado en el dormitorio. Agua caliente por calefon, aysa incluido en las expensas. Todo recien pintado.! No admite mascotas.!! ""Se deja constancia que los m2 indicados son aproximados, al igual que las medidas parciales de los ambientes, y el valor consignado de expensas mensuales está sujeto a verificación yo ajustes. Fotos de carácter no contractual. xintel(ber-ber-Ver datos)";600000;78000;RIVERA, PEDRO 4785. Entre Galvan y Valdenegro;30;2;1;;https://www.zonaprop.com.ar/propiedades/clasificado/alclapin-2-amb-super-luminoso-proximo-av-alvarez-tomas!-58343996.html?n_src=Listado&n_pills=Lavadero&n_pg=1&n_pos=26;False;;;
zonaprop;villa-urquiza;Departamento;Departamento en alquiler de 2 ambientes en Villa Urquiza. Hermoso departamento de 50 m², con balcón corrido al frente, ubicado en una zona privilegiada de Villa Urquiza, rodeado de comercios, importantes avenidas y excelentes medios de transporte. -Descripción- Al ingresar encontramos una cocina semi integrada al living comedor, equipada con horno y anafe eléctricos, amplio espacio de guardado en bajo mesada y alacenas, y además cuenta con conexión para lavarropas. El living comedor es muy luminoso, con un gran ventanal que brinda acceso directo al balcón corrido, con orientación al frente. Dispone de un cómodo dormitorio, con excelente entrada de luz natural y placard empotrado de hojas corredizas. El baño es completo, con antebaño, vanitory y bañera. El inmueble cuenta con dos equipos de aire acondicionado, en el dormitorio y living- comedor. -ubicacion- Excelente ubicacion sobre Burela, entre Av. Olazabal y Mendoza, en Villa Urquiza. -medios de transporte- Colectivos: 90, 107, 108, 111, 114, 123, 176. Tren: Estacion Villa Urquiza (Linea Mitre) - -contactanos- Ver datos 5215. WhatsApp: Ver datos. Av. Mosconi 3467 - Villa Devoto - caba.. ar. cucicba M. N. 7317 - werba inmuebles. Se deja constancia que las medidas publicadas son aproximadas y a solo efecto orientativo. Las reales surgiran del titulo de propiedad respectivo. El precio puede ser modificado sin previo aviso. Fotos de caracter no contractual. Para los casos de alquiler de vivienda, el monto máximo de comisión que se le puede requerir a los propietarios será el equivalente al cuatro con quince centésimos por ciento (4, 15%) del valor total del respectivo contrato. Se encuentra prohibido cobrar a los inquilinos que sean personas físicas comisiones inmobiliarias y gastos de gestoría de informes. Aviso legal: Las descripciones, fotos, renders, medidas, condiciones, valores de expensas, servicios e impuestos son aproximados. El interesado debera realizar las verificaciones respectivas previamente a la realizacion de cualquier operacion. Werba Inmuebles queda a su entera disposicion para brindarle toda la informacion requerida. xintel(wer-wer-1792);750000;160000;BURELA 2100. Entre Mendoza, Pedro De, Av. y Av.olazabal;50;2;1;1;https://www.zonaprop.com.ar/propiedades/clasificado/alclapin-departamento-2-ambientes-en-villa-urquiza-con-balcon-58388262.html?n_src=Listado&n_pills=Luminoso&n_pg=1&n_pos=28;False;;;
zonaprop;villa-urquiza;Departamento;Hermoso departamento de 2 ambientes con balcón, cocina independiente, baño completo. Conexión para lavarropas. El departamento cuenta con cómodas dimensiones, living comedor espacioso con aire acondicionado frío calor y salida a balcón, pisos cerámicos. Dormitorio con pisos de parquet, amplio placard de techo a piso. Baño completo con bañera. Cocina con ventilación y luz natural, artefacto de cocina con horno nuevos. El departamento es cómodo, luminoso, en muy buen estado, la ubicación resulta inmejorable, en la zona más tranquila de Villa Urquiza y a metros del subte B así como de numerosas líneas de colectivo y estación de tren. Requisitos de ingreso: demostración de ingreso y garantía (puede ser también seguro de caución). Cómodas expensas. Visitas coordinando previamente. Se deja constancia de que, tanto las medidas así como superficies, y/o proporciones indicadas en el presente aviso son meramente informativas y aproximadas por lo que se encuentran sujetas a verificación, variación y/o ajuste. El precio de la presente operación y/o de las expensas aquí indicadas están sujetos a modificación sin previo aviso. Matrícula cucicba 3721. En cumplimiento de la ley 5115 caba se deja constancia de que el inmueble no es accesible para personas con movilidad reducida.;550000;175000;Franklin Roosevelt 5023;42;2;1;1;https://www.zonaprop.com.ar/propiedades/clasificado/alclapin-2-ambientes-a-pasos-del-subte-luminoso-con-balcon.-57645533.html?n_src=Listado&n_pills=Aire+acondicionado&n_pg=1&n_pos=30;False;;;
zonaprop;villa-urquiza;Departamento;Alquiler de Departamento 2 ambientes en Villa Urquiza, Capital Federal. Excelente ubicación. Balcón al contrafrente. Living comedor, dormitorio con placard. Baño completo, Cocina separada y lavadero. Requisitos: Se paga mes de depósito y mes de adelanto. Solicitan Garantía propietaria de caba o Seguro de caución Finaer o Respaldar, y Recibos de sueldo (inquilino y garante). No acepta mascotas. Ajuste por ipc trimestral. xintel(var-var-671);650000;180000;CULLEN 5091. Entre Triunvirato, Av.;48;2;1;1;https://www.zonaprop.com.ar/propiedades/clasificado/alclapin-departamento-2-ambientes.-cullen-5091-57043049.html?n_src=Listado&n_pills=Encargado&n_pg=2&n_pos=1;False;;;
zonaprop;villa-urquiza;Departamento;Departamento 2 ambientes en Villa Urquiza, Capital Federal, ubicado en un quinto piso lateral con balcon frances, living, cocina comedor con barra desayunadora, dormitorio con placard, baño completo, lavadero, ubicado sobre Av. Olazabal y Alv. Thomas a pocos metros de estacion de subte J. Manuel de Rosas linea B. Garantia Finaer o Propiedad Inmueble caba, Justificar Ingresos, 2 años de contrato aumento por ipc cada 2 meses, No Mascota. xintel(can-can-177);600000;110000;Av. Olazabal 4575. Entre Av. Alvarez Thomas y Miller;36;2;1;1;https://www.zonaprop.com.ar/propiedades/clasificado/alclapin-villa-urquiza-alquiler-2-ambientes-olazabal-y-alv.-44804689.html?n_src=Listado&n_pills=Encargado&n_pg=2&n_pos=2;False;;;
zonaprop;villa-urquiza;Departamento;Corredor Responsable: javier burgue diaz cpi 7777 / cmcpsi 6701- Contacto: Alejandro Gardey. alquiler departamento 2 ambientes villa urquiza con balcon, vista abierta Y amoblado. Se alquila departamento de dos ambientes, en una excelente zona de Villa Urquiza, con vista a la plaza y con mucha conectividad hacia el resto de la ciudad, colectivos, subte y tren. El deprtamento se ubica en un piso septimo con balcón y una excelente vista. El departamento se encuentra en perfectas condiciones y cuenta con una cocina, living comedor, baño, pasillo de distribución con placard para blanco y un gran dormitorio con placard. El departamento cuenta con calefón y cocina a gas, y dos aires frio/calor en living y dormitorio. Es super luminoso y espacioso. Expensas vto. Febrero: $ 121. 000 (Incluyen Aysa) requisitos: 1 mes de adelanto. 1 mes de depósito. seguro de caución (El propietrio solo acepta seguro de caución). Actualizcion trimestral por ipc. Transportes Cercanos. Colectivos: 71, 90, 93, 107, 114, 127, 133, 140, 176. Trenes: Luis María Drago (mitre) Datos útiles. Barrio: Villa Urquiza. Comuna: Comuna 12. Área Hospitalaria: htal. Dr. Pirovano. Comisaría Comunal: 12. Comisaría Vecinal: 12C. Distrito Escolar: Distrito Escolar xv. Código Postal: 1431. Código Postal Argentino: C1431gdp. rau S. R. L. No ejerce el corretaje inmobiliario. El presente sitio web es una plataforma en donde cada oficina inmobiliaria independiente que contrata los servicios re/max puede publicar las propiedades a su cargo. Cada oficina es de propiedad y gestión independiente, por lo que rau S. R. L. No interviene en los datos de la publicación, en la operación inmobiliaria, ni en la confección y/o firma del boleto de compraventa y/o escritura y/o contrato de alquiler. En cumplimiento de las leyes vigentes que regulan el corretaje inmobiliario, Ley Nacional 25. 028, Ley 22. 802 de Lealtad Comercial, Ley 24. 240 de Defensa al Consumidor, las normas del Código Civil y Comercial de la Nación y Constitucionales, los agentes/gestores no ejercen el corretaje inmobiliario. Todas las operaciones inmobiliarias son objeto de intermediación y conclusión por parte del corredor público inmobiliario colegiado a cargo de la publicación, cuyos datos se exhiben en la presente. La presente publicación describe las características esenciales del inmueble, debiéndose consultar al corredor público inmobiliario responsable de la operación por la eventual actualización de las medidas, descripciones arquitectónicas y funcionales, valores de expensas, servicios, impuestos, precios y demás información, cuyos valores son aproximados. Para los casos de alquiler de vivienda, el monto máximo de comisión que se le puede requerir a los propietarios será el equivalente al cuatro con quince centésimos por ciento (4, 15%) del valor total del respectivo contrato. Se encuentra prohibido cobrar a los inquilinos que sean personas físicas comisiones inmobiliarias y gastos de gestoría de informes. El inmueble no es accesible para personas con discapacidades físicas.;800000;105000;Miller 2500;44;2;1;1;https://www.zonaprop.com.ar/propiedades/clasificado/alclapin-alquiler-depto-2-amb-villa-urqiza-balcon-amoblado-58230384.html?n_src=Listado&n_pills=Aire+acondicionado&n_pg=2&n_pos=3;False;;;
zonaprop;villa-urquiza;Departamento;Exceletne departamento de 2 ambientes con gran balcon al frente, ubicado en el barrio de Villa Urquiza, situado en la calle cullen, entre andonaegui y altolaguirre. el edificio tiene una antiguedad de 15 años, en excelente estado, departamento muy luminoso y comodo. Requisitos mes de depósito mes de adelanto comprobante de ingresos y garantía de capital o seguro caución finaer, máximo 2 personas, no acepta mascotas, un gato si. consultas unicamente telefonicas, 4*5*0*3*-7*0*0*0* Y 4*5*0*4*-*7*0*0*0*. ar. whatsapp mensajes 1*1*2*2*3*5*7*0*0*0* instagram nanipropiedades. Todas las medidas y/o superficies indicadas son aproximadas y a solo efecto orientativo. Las medidas reales surgirán del plano correspondiente del inmueble. Mat: cucicgba 707;750000;165000;Cullen 5400;45;2;1;1;https://www.zonaprop.com.ar/propiedades/clasificado/alclapin-depto-de-2-ambientes-con-balcon-corrido-grande-al-58257126.html?n_src=Listado&n_pg=2&n_pos=4;False;;;
zonaprop;villa-urquiza;Departamento;Muy lindo semipiso de 2 ambientesal frente el living con balcon vista al norteal contrafrente el dormitorio vista al surcon vestidorbaño completopisos de ceramicoscalefaccion es por radiadoresagua caliente central;750000;200000;Blanco Encalada al 5500;48;2;1;1;https://www.zonaprop.com.ar/propiedades/clasificado/alclapin-semipiso-de-2-ambientes-57762061.html?n_src=Listado&n_pills=Encargado&n_pg=2&n_pos=5;False;;;
zonaprop;villa-urquiza;Departamento;Departamento 2 Ambientes con Cochera en Alquiler en Villa Urquiza - Amenities. Muy lindo departamento de 2 ambientes con cochera en alquiler en Villa Urquiza, ubicado en Mendoza entre Combatientes de Malvinas y Pacheco, en un edificio moderno con amenities. La unidad cuenta con cocina semi integrada, calefacción por losa radiante, y una excelente distribución que incluye patio propio y balcón, brindando espacios exteriores ideales para el uso diario. Características principales: 2 ambientes. Cochera incluida. Cocina semi integrada. Calefacción por losa radiante. Patio y balcón. Amenities del edificio: Pileta. Parrilla. Laundry. Ubicación estratégica dentro de Villa Urquiza, con excelente conectividad, cercanía a comercios, transporte público y espacios verdes. Una excelente opción para quienes buscan confort, cochera y amenities en alquiler. Aviso importanterelevante: Toda la información y las medidas publicadas son estimativas y deberán corroborarse con la documentación adecuada, eximiéndose nuestra compañía de compromiso contractual. Los gastos indicados, como expensas y servicios, se refieren a la última información obtenida y deberán ser ratificados. Las imágenes publicadas son meramente ilustrativas, por lo cual no son vinculantes ni contractuales. xintel(gos-gos-121);750000;210000;Mendoza 4875. Entre Pacheco y Combatientes De Malvinas;57;2;1;1;https://www.zonaprop.com.ar/propiedades/clasificado/alclapin-departamento-2-ambientes.-mendoza-al-4800-58266809.html?n_src=Listado&n_pills=Parrilla&n_pg=2&n_pos=6;False;1;;
zonaprop;villa-urquiza;Departamento;Departamento en alquiler en Villa Urquiza, ideal para quienes buscan comodidad y funcionalidad. Cuenta con 2 ambientes distribuidos en 38 m² de superficie construida y 42 m² totales. Dispone de 1 dormitorio y 1 baño completo. El interior se compone de un living comedor integrado a la cocina, creando un espacio social amplio y versátil. Ubicado en una zona residencial de Villa Urquiza, este departamento ofrece fácil acceso a diversos servicios y comercios. En los alrededores, se encuentran supermercados, farmacias y bancos. Además, la zona cuenta con una amplia oferta de transporte público, incluyendo colectivos y cercanía a estaciones de subte, facilitando la conexión con otros puntos de la ciudad. Para el esparcimiento, hay plazas y parques cercanos.;750000;190000;Franklin Roosevelt 4900;42;2;1;1;https://www.zonaprop.com.ar/propiedades/clasificado/alclapin-departamento-2-ambientes-en-alquiler-en-villa-urquiza-58354629.html?n_src=Listado&n_pills=Parrilla&n_pg=2&n_pos=7;False;;;
zonaprop;villa-urquiza;Departamento;"Departamento 2 ambientes al frente con balcon. living comedor co balcon corrido. cocina integrada al living. baño completo con ante baño. dormitorio con placard. Servicios: Electricidad, Cloacas, Gas, Agua Corriente. Otros Servicios: Balcón Terraza. -Las imágenes publicadas son meramente ilustrativas, las medidas y superficies son orientativas y aproximadas, las reales surgirán del plano municipal y/o titulo de propiedad correspondiente. -Los gastos indicados (expensas, abl) se refieren a la última información obtenida y deberán ratificarse. -""Para los casos de alquiler de vivienda, el monto máximo de comisión que se le puede requerir a los propietarios será el equivalente al cuatro con quince centésimos por ciento (4, 15%) del valor total del respectivo contrato. Se encuentra prohibido cobrar a los inquilinos que sean personas físicas comisiones inmobiliarias y gastos de gestoría de informes """;680000;250000;Burela 2122;50;2;1;1;https://www.zonaprop.com.ar/propiedades/clasificado/alclapin-departamento-2-ambientes-con-balcon-frente-50871774.html?n_src=Listado&n_pills=Terraza&n_pg=2&n_pos=8;False;;;
zonaprop;villa-urquiza;Departamento;Excelente departamento de dos ambientes, piso alto (17) vista panoramica desde living, dormitorio. Living amplio, piso de madera dormitorio con buenos placares. Baño completo Cocina completa, lavadero. Superficie total: 47 m2 Superficie Cubierta: 44 m2 Dormitorio Baño Living comedor Cocina completa Lavadero independiente Balcòn Expensas: $ 197. 000Toda la información, medidas provistas son aproximadas, deberán ratificarse con la documentación pertinente y no compromete contractualmente a nuestra empresa. Los gastos (Expensas, abl, etc) expresados, refieren a la última información recabada y deberán confirmarse al día de la fecha. Las fotografías son no vinculantes ni contractuales.;800000;197000;Alvarez Thomas al 3200;43;2;1;1;https://www.zonaprop.com.ar/propiedades/clasificado/alclapin-excelente-dos-ambientes-en-villa-urquiza-58235056.html?n_src=Listado&n_pills=Lavadero&n_pg=2&n_pos=9;False;;;
zonaprop;villa-urquiza;Departamento;"Amplio departamento de 2 ambientes, lateral, cocina comedor independiente con espacio para lavarropas, living comedor, dormitorio con placard, baño completo. Excelente ubicación, 3 cuadras boca subte &quot;B&quot;, estación Rosas y ferrocarril (Suarez-Retiro), centro comercial.";650000;;Capdevilla 2700;42;2;1;1;https://www.zonaprop.com.ar/propiedades/clasificado/alclapin-departamento-2-ambientes-en-alquiler-58291791.html?n_src=Listado&n_pg=2&n_pos=10;False;;;
zonaprop;villa-urquiza;Departamento;"Alquiler 2 ambientes moderno con balcon corrido - edificio amenities Y seguridad por totem. Dos ambientes con cocina semi – integrada, Living - comedor y dormitorio con salida al balcón corrido al contrafrente, baño completo. Piso alto muy buena luz. Cerca de medios de transporte y línea de Subte El departamento se entrega en el estado actual. El Edificio cuenta con Pileta, Sum y ParrillaSeguridad por totem &quot;Propiedad accesible para personas con movilidad reducida (ley 5115) &quot;El inquilino deberá justificar ingresos (recibo de sueldo), Fianza fianer, garantia ya O respaldar, se consideraran otras opciones propuestas por el inquilinoConsultar otras condicionesPara los casos de alquiler de vivienda, el monto máximo de comisión que se le puede requerir a los propietarios será el equivalente al cuatro con quince centésimos por ciento (4, 15%) del valor total del respectivo contrato. Se encuentra prohibido cobrar a los inquilinos que sean personas físicas comisiones inmobiliarias y gastos de gestoría de informes”. Cucicba Matrícula Nº 8417 - aviso legal: Todas las imágenes, planos, descripciones, valores y características indicadas son meramente referenciales e ilustrativas y podrán ser modificadas sin previo aviso. Las medidas, superficies, expensas y antigüedad consignadas en la publicación pueden no ser exactas o estar desactualizadas. Los datos definitivos son los que surgen del título de la propiedad y de los comprobantes correspondientes. Oferta de venta condicionada a la confección del coti por parte del propietario.";780000;200000;Alvarez Thomas al 2800;44;2;1;1;https://www.zonaprop.com.ar/propiedades/clasificado/alclapin-alquiler-departamento-2-ambientes-villa-urquiza-58361091.html?n_src=Listado&n_pills=Luminoso&n_pg=2&n_pos=11;False;;;
zonaprop;villa-urquiza;Departamento;Roberto Nicolás Negocios Inmobiliarios le ofrece en alquiler: Depto dividido en 2 ambientes. Ubicación: Blanco Encalada al 5350 entre Andonaegui y Altolaguirre, pleno centro del moderno barrio de Villa Urquiza a pocas cuadras Subte (Línea B, estación Rosas) cerca del Tren (estación General Urquiza del Ferrocarril General Bartolomé Mitre, que presta servicio entre las estaciones Retiro y José León Suárez), Colectivos (114, 140, 133, 71, 168, 112, 108 etc). El Edificio: Torre Las Plazas. Sólida y consolidada construcción. Categoría Premium. Seguridad privada 24hs. Circuito Cerrado de Cámaras de Seguridad. Pileta climatizada. Solarium. Sala de Microcine. Sum totalmente equipado con sillas mesas, aire acondicionado, mesa de Ping Pong, Metegol y vajilla para 24 personas, Parrilla. Gimnasio equipado con maquinas de primer nivel, televisión, aire acondicionado y duchas. Sauna. Laundry. 3 Ascensores. El Departamento: Depto a 2 ambientes con Balcón. Piso: 11. Superficie total: 41m2, Superficie Cubierta: 38, 02, Superficie Descubierta: 2, 98m2. Excelente Luminosidad, Hermosa vista! Baño completo con ventilacion al exterior. Moderna cocina integrada con artefacto de anafe a gas de acero inoxidable y horno empotrado, espacio para conexión de lavarropas, mesada de granito negro, mobiliario de sobre y bajo mesada, extractor de aire de 2 motores. Piso flotante importado. Carpinterías internas en moderno color madera con detalles en acero inoxidable. Aire Acondicionado Frio Calor. Carpinterías externas de aluminio anonizado color natural. -no admite mascotas. - Contrato por 24 meses (2 años). Valor Locativo: $700. 000 + Gastos de Expensas ($295. 000) e Impuestos (Aysa incluido en Expensas) + agip + Servicios (Electricidad y Gas). - Actualización Trimestral por ipcba. Recibo de Sueldo y/o Comprobante de ingresos. 1 Garantia de Propiedad de caba. - 2 Meses de Deposito. - 1 Mes Adelanto Valor Inicial. - Seguro de Incendio. - Gastos administrativos: Informes por garantía de propiedad y certificación de firmas ante escribano público a cargo del Locatario. -. no admite mascotas. - Art. 5°: Incorpórase como inciso 9 del artículo 10 de la Ley 2340 (texto consolidado según Ley 5666) el siguiente texto: Exhibir en todos los locales y/o oficinas en los que se preste servicios de corretaje inmobiliario carteles visibles al público con la siguiente leyenda: Se encuentra prohibido cobrar comisiones inmobiliarias y gastos de gestoría de informes a los inquilinos que sean personas físicas. Para los casos de alquiler de viviendas, el monto máximo de comisión que se le puede requerir a los propietarios será el equivalente al cuatro con quince centésimos por ciento (4, 15%) del valor total del respectivo contrato. - Nota: para el caso que la vivienda de encargado este actualmente y/o se alquile en el futuro, el ingreso proporcional por ese alquiler le corresponderá al propietario. - El inquilino abonara el total de la liquidación ordinarias de expensas. - Servicios: Electricidad, Gas, Agua Corriente;700000;295000;Blanco Encalada 5350;41;2;1;1;https://www.zonaprop.com.ar/propiedades/clasificado/alclapin-villa-urquiza-depto-dos-ambi-en-alquiler-edificio-56935483.html?n_src=Listado&n_pills=SUM&n_pg=2&n_pos=12;False;;;
zonaprop;villa-urquiza;Departamento;Departamento en alquiler ubicado en Villa Urquiza, ideal para quienes buscan comodidad y funcionalidad. Cuenta con 40 m2 construidos y una superficie total de 43 m2. Dispone de 1 dormitorio y 1 baño, perfecto para una persona o una pareja. La cocina está equipada con termotanque. El departamento es lateral y muy luminoso, con orientación Oeste. Posee un balcón para disfrutar del aire libre. Se encuentra en un edificio con ascensor y 14 pisos, con 5 o más departamentos por planta. Además, se permiten mascotas. Ubicado en una zona residencial de Villa Urquiza, este departamento ofrece fácil acceso a diversos servicios y comercios. En las cercanías se encuentran supermercados, farmacias y bancos. La zona cuenta con varias opciones de transporte público, incluyendo colectivos y cercanía a la estación de tren. Es una zona tranquila y familiar, ideal para quienes buscan un estilo de vida relajado pero con acceso a todas las comodidades.;800000;120000;Avenida Álvarez Thomas 3330;43;2;1;1;https://www.zonaprop.com.ar/propiedades/clasificado/alclapin-departamento-de-dos-ambientes-en-villa-urquiza-58274540.html?n_src=Listado&n_pills=Permite+mascotas&n_pg=2&n_pos=13;False;;;
zonaprop;villa-urquiza;Departamento;Excelente departamento de 2 ambientes ubicado en el barrio de Villa Urquiza, en un edificio moderno con amenities. El departamento consiste en: - Living comedor con cocina integrada, equipado con aire acondicionado, con salida a un balcón corrido que también se accede desde el dormitorio. - Dormitorio que dispone de aire acondicionado, placard empotrado y alfombrado. - Baño completo. El edificio cuenta con: - 2 ascensores. - Sistema de seguridad mediante tótem. - En el último piso se encuentran los amenities: laundry, sum y piscina. Condiciones de Alquiler: - Contrato por 24 meses. - Ajuste trimestral por ipc. - Garantia Propietaria en Capital Federal. - Demostracion de Ingresos. - 1 mes de adelantado. - 1 mes de deposito. no se aceptan mascotas. Inmopul srl (Devoto) Inmopul srl (Devoto) Matrícula Mat. 113 Teléfonos de contacto Ver datos. Todas las propiedades que figuran en esta publicación se encuentran a cargo del profesional matriculado Inmopul srl (Devoto) Inmopul srl (Devoto), Matrícula Mat. 113 por lo tanto la intermediación y la conclusión de las operaciones serán llevadas exclusivamente por él. En cumplimiento de la Ley 10. 973 de la Provincia de Buenos Aires, Ley Nacional 25. 028, Ley Nacional 20. 266, Ley 22. 802 de Lealtad Comercial, Ley 24. 240 de Defensa al Consumidor, las normas del Código Civil y Comercial de la Nación y Constitucionales, los asesores o agentes no ejercen el corretaje inmobiliario. Todas las operaciones inmobiliarias son objeto de intermediación y conclusión por parte del martillero y corredor colegiado, cuyos datos se exhiben en el nombre de la inmobiliaria. Ley 5115: excepto que en la descripción de la propiedad se indique lo contrario, el edificio puede no contar con rampa para personas con movilidad reducida, y no ser Accesible para personas con discapacidades físicas. Venta sujeta a la obtención del coti por parte del propietario. Las medidas son aproximadas, las reales surgen del título o plano de mensura. Las reservas se toman exclusivamente en la inmobiliaria con el matriculado Mat. 113;700000;350000;Avenida Alvarez Thomas 2825;46;2;1;1;https://www.zonaprop.com.ar/propiedades/clasificado/alclapin-departamento-2-ambientes-en-alquiler-villa-urquiza-58088262.html?n_src=Listado&n_pills=Pileta&n_pg=2&n_pos=14;False;;;
zonaprop;villa-urquiza;Departamento;Presentamos este departamento de 2 ambientes con cochera fija cubierta refaccionado A nuevo que se entrega con todas sus terminaciones en lo mejor de villa urquiza. se trata de un departamento en 4to piso lateral que mira al oeste con gran ventanal en el living con salida A un balcón de 0, 70 X 2 desde donde se ven los mas bellos atardeceres con la misma orientación Y luminosidad en el dormitorio, los pisos son de porcelanato la cocina está integrada Y tiene lavadero separado con gran ventanal corredizo ideal para tender allí el dormitorio es cómodo con pisos de parquet plastificados Y placard con interiores. también tiene un placard de blanco en el hall de distribución al baño el cual también fue hecho A nuevo al igual que la cocina. Todas las cañerías de termofusión la electricidad también es toda nueva con disyuntor Y llave térmica. El departamento tiene toda la instalación Y también tiene rehabilitado el servicio de gas. aire acondicionado split en el living. La cochera es muy grande Y cómoda (guardan una camioneta grande) Y las expensas por el departamento Y la cochera son en total $ 130. 000. - É incluyen el servicio de aysa. gran oportunidad! Se alquila unicamente con garante propietario de caba - ingresos demostrables Y sin mascotas;700000;130000;Doctor Pedro Ignacio Rivera 4785;52;2;1;1;https://www.zonaprop.com.ar/propiedades/clasificado/alclapin-c-cochera-cubta!-hermoso-2-amb.-lat.-vista-abta.-todo-57799841.html?n_src=Listado&n_pills=Lavadero&n_pg=2&n_pos=15;False;1;;
zonaprop;villa-urquiza;Departamento;Excelente departamento de 2 ambientes en duplex - frente - living con salida A balcón aterrazado - cocina semi integrada - dormitorio en suite con estufa tiro balanceado. el alquiler incluye expensas, aysa Y agip. las medidas de esta ficha son aproximadas;800000;;Nahuel Huapi 4800;59;2;1;1;https://www.zonaprop.com.ar/propiedades/clasificado/alclapin-excelente-dpto-2-amb-c-bcon-aterrazado.-el-alqu.-58272811.html?n_src=Listado&n_pills=Lavadero&n_pg=2&n_pos=16;False;;;
zonaprop;villa-urquiza;Departamento;"Ubicado sobre la calle Diaz Colodrero 2537 Piso 5to al frente entre Cullen y Franklin D. Roosevelt. Excelente zona y ubicación. Cercanía a Estación de Subte Linea D Juan Manuel de Rosas y a Estación de Tren Villa Urquiza. Características del Departamento: Ambientes: 2. Disposición: Frente. Luminoso: si. Dormitorio: 1. Amplio. Con placard empotrado en pared. Living comedor: Amplio. Luminoso. Con salida a balcón. Cocina: si. Independiente. Lavadero: si. Balcón: si. Estado del depto: Muy bueno. Recién pintado. Características del edificio: Cantidad de Pisos: 11. Cantidad de Deptos por piso: Aprox 4 por piso. Ascensores: 2. Estado: Muy bueno. Antigüedad: Aprox. 40 años. Superficies: - Superficie cubierta: 35, 18 mts2. - Superficie semicubierta: 1, 05 mts2. - Superficie descubierta (balcón): 1, 01 mts2. - Superficie total: 37, 84 mts2. Requisitos: Mes adelantado, mes de depósito; Garantía propietaria o seguro de caución o recibo de sueldo, a satisfacción del propietario. Para coordinar visitas, comunicarse al Ver datos. . ar";590000;170000;Ubicado sobre la calle Diaz Colodrero 2537 Piso 5to al frente entre Cullen y Franklin D. Roosevelt. Excelente zona y ubicación. Cercanía a Estación de Subte Linea D Juan Manuel de Rosas y a Estación de Tren Villa Urquiza. Características del Departamento: Ambientes: 2. Disposición: Frente. Luminoso: si. Dormitorio: 1. Amplio. Con placard empotrado en pared. Living comedor: Amplio. Luminoso. Con salida a balcón. Cocina: si. Independiente. Lavadero: si. Balcón: si. Estado del depto: Muy bueno. Recién pintado. Características del edificio: Cantidad de Pisos: 11. Cantidad de Deptos por piso: Aprox 4 por piso. Ascensores: 2. Estado: Muy bueno. Antigüedad: Aprox. 40 años. Superficies:;37;2;1;1;https://www.zonaprop.com.ar/propiedades/clasificado/alclapin-excelente-dos-ambientes-en-villa-urquiza-52385496.html?n_src=Listado&n_pills=Lavadero&n_pg=2&n_pos=17;True;;;9%
zonaprop;villa-urquiza;Departamento;Corredor Responsable: andrea oliveri csi 6401 / cucicba 7190- Contacto: Mercedes Serena Cottet. Alquiler departamento 2 ambientes en Villa Urquiza, super luminoso, con cochera fija descubierta. ¡Impecable estado! Al ingresar encontramos: Cocina semi integrada con espacio para lavarropas y cocina a gas. Comedor de generosas dimensiones. Balcón con red de protección. Baño completo con bañera. Habitación con vestidor. Piso alto, contrafrente. Super luminoso y silencioso. El departamento cuenta con dos aires acondicionados y dos estufas de tiro balanceado, ambos ubicados en habitación y comedor. Edificio con agua central, portero con vivienda y ascensor. Posibilidad de alquilarlo amueblado. Condiciones de ingreso: Contrato por un año. Depósito de garantía en dólares billete equivalente a un mes y medio de alquiler. Seguro de caución. No se aceptan mascotas. Máximo para dos personas. Ajuste trimestral por icl. Ubicación: A 1 cuadra de Álvarez Thomas. A 2 cuadras de Av. Congreso. A 2 Cuadras de Av. Triunvirato. A 5 cuadras de la estación Juan Manuel de Rosas, línea B de subterráneo. A 10 cuadras de la estación ramal Mitre, estación Dr. Luis M. Drago. Numerosas líneas de colectivos a sus alrededores. Expensas periodo octubre 2025. No dejes de visitarlo, te va a encantar! Rau S. R. L. No ejerce el corretaje inmobiliario. El presente sitio web es una plataforma en donde cada oficina inmobiliaria independiente que contrata los servicios re/max puede publicar las propiedades a su cargo. Cada oficina es de propiedad y gestión independiente, por lo que rau S. R. L. No interviene en los datos de la publicación, en la operación inmobiliaria, ni en la confección y/o firma del boleto de compraventa y/o escritura y/o contrato de alquiler. En cumplimiento de las leyes vigentes que regulan el corretaje inmobiliario, Ley Nacional 25. 028, Ley 22. 802 de Lealtad Comercial, Ley 24. 240 de Defensa al Consumidor, las normas del Código Civil y Comercial de la Nación y Constitucionales, los agentes/gestores no ejercen el corretaje inmobiliario. Todas las operaciones inmobiliarias son objeto de intermediación y conclusión por parte del corredor público inmobiliario colegiado a cargo de la publicación, cuyos datos se exhiben en la presente. La presente publicación describe las características esenciales del inmueble, debiéndose consultar al corredor público inmobiliario responsable de la operación por la eventual actualización de las medidas, descripciones arquitectónicas y funcionales, valores de expensas, servicios, impuestos, precios y demás información, cuyos valores son aproximados. Para los casos de alquiler de vivienda, el monto máximo de comisión que se le puede requerir a los propietarios será el equivalente al cuatro con quince centésimos por ciento (4, 15%) del valor total del respectivo contrato. Se encuentra prohibido cobrar a los inquilinos que sean personas físicas comisiones inmobiliarias y gastos de gestoría de informes. El inmueble no es accesible para personas con discapacidades físicas. El inmueble es accesible para personas con discapacidades físicas.;800000;258652;Nahuel Huapi 4900;45;2;1;1;https://www.zonaprop.com.ar/propiedades/clasificado/alclapin-alquiler-depto-2-amb-balcon-y-cochera-villa-urquiz-57823841.html?n_src=Listado&n_pills=Aire+acondicionado&n_pg=2&n_pos=18;False;1;;
zonaprop;villa-urquiza;Departamento;Alquiler de Departamento 2 Ambientes en Villa Urquiza, Capital Federal. Piso 6. Con terraza propia. 2 balcones. Cocina a gas. Agua caliente por termotanque. Incluido Aysa en expensas. Muy luminoso. Se alquila con garantía propietaria caba e ingresos comprobables ó con seguro de caución Premium Groupxintel(dmp-dmp-798);800000;100000;Mariano Acha 1039. Entre Avenida Triunvirato y Caldas;80;2;1;1;https://www.zonaprop.com.ar/propiedades/clasificado/alclapin-2-ambientes-alquiler-terraza-vista-abierta-bajas-58236571.html?n_src=Listado&n_pills=Terraza&n_pg=2&n_pos=19;False;;;
zonaprop;villa-urquiza;Departamento;Corredor Responsable: luis rodriguez de filippo csi 6834 / cucicba 8058- Contacto: Paola Coco. alquiler Villa Urquiza con balcón. Cochera Opcional privada: Alquiler con cochera $850. 000. departamento de 2 ambientes en alquiler en villa urquiza, capital federal. Descubre este acogedor departamento de 2 ambientes, ubicado en el corazón de Villa Urquiza, una de las zonas más prestigiosas de la ciudad. Situado en el piso 9 de un moderno edificio de 10 pisos.. La propiedad se destaca por su luminosidad y amplitud. Cuenta con una cómoda distribución que incluye una habitación, un baño completo con ventilación y una cocina integrada al living-comedor, todo diseñado con materiales de calidad. En la cocina hay conexión y espacio para lavarropas. Además, el departamento posee un balcón que te permitirá disfrutar de agradables momentos al aire libre y una hermosa vista del atardecer. El edificio, construido en 2019, se caracteriza por su excelente calidad de construcción y ofrece amenities como un sum con terraza y dos parrillas en la planta superior, ideales para compartir con familiares y amigos. Comunícate con nosotros para concertar una visita y conocer en persona este acogedor departamento en venta en Villa Urquiza. ¡Estamos a tu disposición para ayudarte a encontrar tu nuevo hogar! Rau S. R. L. No ejerce el corretaje inmobiliario. El presente sitio web es una plataforma en donde cada oficina inmobiliaria independiente que contrata los servicios re/max puede publicar las propiedades a su cargo. Cada oficina es de propiedad y gestión independiente, por lo que rau S. R. L. No interviene en los datos de la publicación, en la operación inmobiliaria, ni en la confección y/o firma del boleto de compraventa y/o escritura y/o contrato de alquiler. En cumplimiento de las leyes vigentes que regulan el corretaje inmobiliario, Ley Nacional 25. 028, Ley 22. 802 de Lealtad Comercial, Ley 24. 240 de Defensa al Consumidor, las normas del Código Civil y Comercial de la Nación y Constitucionales, los agentes/gestores no ejercen el corretaje inmobiliario. Todas las operaciones inmobiliarias son objeto de intermediación y conclusión por parte del corredor público inmobiliario colegiado a cargo de la publicación, cuyos datos se exhiben en la presente. La presente publicación describe las características esenciales del inmueble, debiéndose consultar al corredor público inmobiliario responsable de la operación por la eventual actualización de las medidas, descripciones arquitectónicas y funcionales, valores de expensas, servicios, impuestos, precios y demás información, cuyos valores son aproximados. Para los casos de alquiler de vivienda, el monto máximo de comisión que se le puede requerir a los propietarios será el equivalente al cuatro con quince centésimos por ciento (4, 15%) del valor total del respectivo contrato. Se encuentra prohibido cobrar a los inquilinos que sean personas físicas comisiones inmobiliarias y gastos de gestoría de informes. El inmueble no es accesible para personas con discapacidades físicas.;800000;160400;Andonaegui 2400;43;2;1;1;https://www.zonaprop.com.ar/propiedades/clasificado/alclapin-depto-2-amb-alquiler-en-villa-urquiza-c-cochera-58257410.html?n_src=Listado&n_pills=SUM&n_pg=2&n_pos=20;False;1;;
zonaprop;villa-urquiza;Departamento;Departamento de 2 ambientes apto profesional, cocina, lavadero, living, habitación con amplio placard y baño. Living con balcón frances, pasillo con armario. No se permiten mascotas. Expensas aproximadas $110. 000. Primer piso, acceso con ascensor o escalera. Excelente ubicación, a una cuadra de estación cabecera de Subte B y frente a la estación de tren.;650000;110000;Roosevelt 5100;47;2;1;;https://www.zonaprop.com.ar/propiedades/clasificado/alclappa-departamento-de-2-ambientes-apto-profesional-57346308.html?n_src=Listado&n_pills=Lavadero&n_pg=2&n_pos=21;False;;;
zonaprop;villa-urquiza;Departamento;Semipiso de dos ambientes en villa urquiza. amplio living comedor con cocina semi integrada equipada con horno Y anafe A gas, muebles altos Y bajos Y espacio para lavarropas. salida al balcon de 2, 60 x 1, 85 con vista abierta al frente. baño completo. dormitorio con placard con puertas corredizas E interiores en perfecto estado. cucicba 2268. diego marcelo vega. Las medidas son aproximaadas y de caracter orientativo. Hall: 2, 00x1, 25 | Living: 5, 70x2, 90 | Comedor: C/living | Cocina: 4, 10x1, 75 | Dormitorio: 3, 40x2, 80 | Lavadero: C/cocina | Superficie de balcones: 5. oferta provista por topinmobiliario. com - codigo: veg5282;750000;180000;MILLER 2200;55;2;1;1;https://www.zonaprop.com.ar/propiedades/clasificado/alclapin-departamento-2-ambientes-villa-urquiza-capital-58277263.html?n_src=Listado&n_pills=Lavadero&n_pg=2&n_pos=22;False;;;
zonaprop;villa-urquiza;Departamento;Departamento en alquiler en Villa Urquiza, con una superficie total de 57 m². Este funcional departamento cuenta con 1 dormitorio, ideal para una persona o una pareja. Dispone de 1 baño completo, cocina integrada al living comedor, lavadero y balcón con parrilla. El ambiente es muy luminoso gracias a su disposición al frente y orientación no. Además, cuenta con aire acondicionado para mayor confort. El edificio ofrece sum y ascensor. Se permiten mascotas, y hay 4 departamentos por piso. Este departamento se encuentra cerca de importantes avenidas y medios de transporte, como la estación de subte Los Incas y medios de transportes. En los alrededores, encontrarás una amplia variedad de comercios, supermercados, farmacias y bancos. También hay diversos espacios verdes y centros educativos en la zona, lo que la convierte en un lugar ideal para vivir.;750000;135000;Llerena 3150;57;2;1;1;https://www.zonaprop.com.ar/propiedades/clasificado/alclapin-2-amb-frente-balcon-patio-58296676.html?n_src=Listado&n_pills=Lavadero&n_pg=2&n_pos=23;False;;;
zonaprop;villa-urquiza;Departamento;"// puede pedir filmacion por wsap // Excelente Departamento de 2 ambientes al frente en 3° Piso de categoria. Cochera Fija descubierta en Planta Baja. 5 Años de antiguedad ** impecable ** Baño Principal en Suite + Toilette de recepción. Balcón al frente. Dormitorio con Placard. Expensas $196. 000 que incluyen Aysa y abl (actualizada) Apto Profesional. Cuadra tranquila con poco tránsito. Excelente ubicación en zona comercial a 100 mts de Av, Triunvirato y a 150 mts. De estación de subte B ""Echeverria"" y zona con gran cantidad de medios de transporte. // condiciones de ingreso // 1 Mes de adelanto. 1 Mes depósito. Garantía por seguro de caución Respaldar sa. Actualización trimestral por ipc. No se admiten mascotas. // medidas // Hall de ingreso: 1. 59 x 1. 56 | Ambiente con Cocina: 3. 00 x 6. 60. Dormitorio en suite: 2. 70 x 2. 75 + Placard 1. 10 x 2. 90. Baño en suite: 1. 40 x 2. 62 | Toilette: 1. 07 x 1. 27. Balcón: 1. 10 x 2. 90";750000;196000;Gamarra 1846;42;2;1;1;https://www.zonaprop.com.ar/propiedades/clasificado/alclapin-departamento-2-ambientes-cochera-cubierta-5-anos-57936214.html?n_src=Listado&n_pills=Aire+acondicionado&n_pg=2&n_pos=24;False;1;;
zonaprop;villa-urquiza;Departamento;"Departamento Monoambiente con división, espacioso, luminoso y con balcón al frente. Está ubicado en Villa Urquiza. La unidad cuenta con: Ambiente principal amplio y muy luminoso. División que genera un cómodo sector de dormitorio. Cocina integrada de estilo moderno. Baño completo. Balcón que aporta aire y luz natural. Aire acondicionado frio calor. Colectivos varios - Subte juan manuel de rosas (Línea B) - Tren: General Urquiza (mitre) Expensas $ 130. 000. -incluyen Aysa. Se aceptan mascotas. Requisitos: Mes de adelanto. Mes de deposito. Garantía: Seguro de Caución (no bancario) o Garantía propietaria de familiar directo preferentemente, de caba /gba. Demostración de ingresos. Contrato a 24 meses. Ajuste en forma trimestral con el índice ipc. Consúltanos para coordinar una visita. ""Se deja constancia que los m2 y la antigüedad son aproximados, al igual que las medidas parciales y el valor consignado de las expensas mensuales (en caso de que corresponda pago de expensas) están sujetos a verificación y/o ajustes, el precio del inmueble puede ser modificado sin previo aviso. En el caso de tratarse de un inmueble en construcción los detalles de terminación y la fecha de entrega están sujetos a revisión. Fotos de carácter no contractual. Las unidades publicadas están sujetas a disponibilidad. Gonzalez neira inmuebles actúa solamente en carácter de comercializadora de los inmuebles ofrecidos. En caso de tratarse de un terreno, la información de m2 construibles es orientativa, debiendo ser constatada por el interesado. "" Gerardo Hugo Gonzalez cucicba Mat N° 405. Sebastian Gonzalez cucicba Mat N° 2680";650000;130000;Quesada 4972;43;2;1;1;https://www.zonaprop.com.ar/propiedades/clasificado/alclapin-departamento-monoambiente-en-alquiler-58376842.html?n_src=Listado&n_pills=Permite+mascotas&n_pg=2&n_pos=25;False;;;
zonaprop;villa-urquiza;Departamento;Muy buen departamento de 3 ambientes - frente - edificio de esquina - living con salida A balcón corrido - cocina comedor separada con despensa - lavadero separado - dos dormitorios con pisos de parquet Y placard - baño completo. excelente ubicacion A 3 cuadras subte Y tren. las medidas de esta ficha son aproximadas;750000;235000;Díaz Colodrero 2700;65;3;2;1;https://www.zonaprop.com.ar/propiedades/clasificado/alclapin-muy-buen-dpto-3-amb-con-balcon-57524032.html?n_src=Listado&n_pills=Lavadero&n_pg=2&n_pos=26;False;;;
zonaprop;villa-urquiza;Departamento;Nieto Propiedades - Tasaciones - Operaciones simultaneas - Alquileres - Ventas. Lugones 2300 - Villa Urquiza- Excelente 2 ambientes en edificio con amenities - Terraza - Parrilla - Laundry e Hidromasaje. - El departamento cuenta con un dormitorio con placard muy comodo, super luminoso, living comedor amplio y comodo con salida al balcon corrido al contrafrente, cocina en L semi incorporada. Baño completo super funcional con bañera. Requisitos: Seguro de caucion + ingresos demostrables. No se admiten mascotas. Alquiler $750. 000 con actualizacion trimestral por ipc. Contrato por dos años. Expensas aprox $190. 000 incluyen aysa y gas del agua caliente central. Consultas y visitas al 11**5961**0527;750000;190000;Lugones 2330;45;2;1;1;https://www.zonaprop.com.ar/propiedades/clasificado/alclapin-lugones-2300-2-amb-con-balcon-amenities-57990001.html?n_src=Listado&n_pills=Laundry&n_pg=2&n_pos=27;False;;;
zonaprop;villa-urquiza;Departamento;Se trata de un departamento de 2 ambientes ubicado en la mejor zona de Villa Urquiza. El mismo cuenta con: Pisos de porcelanato. Amplia cocina y living- comedor. Aire acondicionado frio-calor. Balcon con conexion para lavarropas. Muy luminoso, en excelente condiciones de ser visitado! Contactanos para mas info. Gerolami propiedades.;790000;130000;Se trata de un departamento de 2 ambientes ubicado en la mejor zona de Villa Urquiza. El mismo cuenta con: Pisos de porcelanato. Amplia cocina y living;37;2;1;1;https://www.zonaprop.com.ar/propiedades/clasificado/alclapin-excelente-departamento-a-estrenar-en-alquiler-57467776.html?n_src=Listado&n_pills=Permite+mascotas&n_pg=2&n_pos=28;False;;;
zonaprop;villa-urquiza;Departamento;Hermoso departamento de 2 ambientes contrafrente con balcón Se alquila equipado y con algunos mueblesExcelente estado y ubicaciónEn cumplimiento a la ley 5115, se informa que el inmueble no es accesible para personas con discapacidades físicas. ley 5858 - art. 5Se encuentra prohibido cobrar comisiones inmobiliarias y gastos de gestoría de informes a los inquilinos que sean personas físicas. Para los casos de alquiler de vivienda, el monto máximo de comisión que se puede requerir a los propietarios será el equivalente al cuatro quince centésimos por ciento (4, 15%) del valor total del respectivo contrato. cucicba mat. Nº 27/67;700000;180000;Mendoza al 4900;48;2;1;1;https://www.zonaprop.com.ar/propiedades/clasificado/alclapin-departamento-2-ambientes-cntrafrente-con-balcon-57323562.html?n_src=Listado&n_pills=Encargado&n_pg=2&n_pos=29;False;;;
zonaprop;villa-urquiza;Departamento;Excelente Departamento de 2 Ambientes en Alquiler. Cocina independiente. Balcón al contra frente estilo terraza. Calefacción por radiadores (caldera ind.). Muy luminoso. Inmejorable ubicación. En edificio de categoría. Aviso importanterelevante: Toda la información y las medidas publicadas son estimativas y deberán corroborarse con la documentación adecuada, eximiéndose nuestra compañía de compromiso contractual. Los gastos indicados, como expensas y servicios, se refieren a la última información obtenida y deberán ser ratificados. Las imágenes publicadas son meramente ilustrativas, por lo cual no son vinculantes ni contractuales. Aviso importanterelevante: Toda la información y las medidas publicadas son estimativas y deberán corroborarse con la documentación adecuada, eximiéndose nuestra compañía de compromiso contractual. Los gastos indicados, como expensas y servicios, se refieren a la última información obtenida y deberán ser ratificados. Las imágenes publicadas son meramente ilustrativas, por lo cual no son vinculantes ni contractuales. xintel(gos-gos-107);750000;157000;Av. Olazabal 4646. Entre Pacheco y Combatientes De Malvinas;46;2;1;1;https://www.zonaprop.com.ar/propiedades/clasificado/alclapin-departamento-2-ambientes.-av-olazabal-al-4600-58047573.html?n_src=Listado&n_pills=Luminoso&n_pg=2&n_pos=30;False;;;
zonaprop;villa-urquiza;Departamento;"Alquiler en Villa Urquiza – Rómulo Naón 2376, Piso 9. En el corazón de Villa Urquiza, sobre la tranquila calle Naón y a media cuadra de Olazábal, se abre la oportunidad de vivir en un espacio único: un departamento de dos ambientes, 40 m², lleno de luz y energía positiva. Este noveno piso, construido originalmente para el encargado hace 15 años, hoy se alquila para quienes valoran la calma, la excelencia y el encanto de un barrio con historia. &#x2728; Lo que hace especial a este departamento: • Vista abierta al contrafrente: pura luz natural durante todo el día. • Recién pintado, listo para estrenar tu nueva etapa. • Dimensiones amplias y cómodas para un dos ambientes. • Pet friendly, porque tu compañero de vida también merece un hogar. • Sin expensas: solo abonas luz y gas, nada más. • Ideal para una o dos personas que buscan serenidad y practicidad. • sum y parrilla en el edificio, para disfrutar reuniones y momentos especiales. • A pasos de un polo gastronómico increíble, con bares, restaurantes y cafés que hacen vibrar la zona. • Gran variedad de negocios de cercanía y supermercados, todo lo que necesitas a pocos metros. • Conectividad total: múltiples líneas de colectivos que te llevan a donde quieras. • Placard (se coloca en breve), para mantener todo en orden. • &#x2744;️ Aire acondicionado, para tu confort en verano. • Tiro balanceado, para calefaccionar de manera segura en invierno. &#x2696;️ Lo que debes saber: • No cuenta con balcón. • No tiene espacio para lavarropas dentro del departamento. • Pero su amplitud, luminosidad y las comodidades del edificio compensan con creces. Requisitos para alquilar este departamento. • Depósito en garantía: usd 800. • Seguro de caución: Respaldar. • Ingresos comprobables que acrediten capacidad de pago. • Contrato de alquiler vigente según normativa actual. • Duración mínima del contrato: 2 años. Este departamento no es solo un lugar para vivir: es un refugio de paz en un barrio que respira tradición y calidez, perfecto para quienes desean sentirse parte de Villa Urquiza, disfrutando de la tranquilidad sin renunciar a la conexión con la ciudad. Daniela Eliana Dosil Matrícula C. U. C. I. C. B. A 7327 l C. M. C. P. S. I. 6550 Teléfonos de contacto Ver datos Ver datos. Todas las propiedades que figuran en esta publicación se encuentran a cargo del profesional matriculado Daniela Eliana Dosil, Matrícula C. U. C. I. C. B. A 7327 l C. M. C. P. S. I. 6550 por lo tanto la intermediación y la conclusión de las operaciones serán llevadas exclusivamente por él. En cumplimiento de la Ley 10. 973 de la Provincia de Buenos Aires, Ley Nacional 25. 028, Ley Nacional 20. 266, Ley 22. 802 de Lealtad Comercial, Ley 24. 240 de Defensa al Consumidor, las normas del Código Civil y Comercial de la Nación y Constitucionales, los asesores o agentes no ejercen el corretaje inmobiliario. Todas las operaciones inmobiliarias son objeto de intermediación y conclusión por parte del martillero y corredor colegiado, cuyos datos se exhiben en el nombre de la inmobiliaria. Ley 5115: excepto que en la descripción de la propiedad se indique lo contrario, el edificio puede no contar con rampa para personas con movilidad reducida, y no ser Accesible para personas con discapacidades físicas. Venta sujeta a la obtención del coti por parte del propietario. Las medidas son aproximadas, las reales surgen del título o plano de mensura. Las reservas se toman exclusivamente en la inmobiliaria con el matriculado C. U. C. I. C. B. A 7327 l C. M. C. P. S. I. 6550";780000;;Romulo Naon 2376;40;2;1;1;https://www.zonaprop.com.ar/propiedades/clasificado/alclapin-alquiler-departamento-dos-ambientes-sin-expensas!-58363931.html?n_src=Listado&n_pills=SUM&n_pg=3&n_pos=1;False;;;
zonaprop;villa-urquiza;Departamento;Edificio moderno de aproximadamente de unos 10 años de antigüedad. Ubicado proximo a numerosos medios de transportes: subte B estación Juan Manuel de Rosas estación Urquiza y de varias lineas de colectivos. El edificio de 8 pisos, con un amplio ascensor y palier semi privado. La unidad consta de: Living comedor a balcón aterrazado al frente con vista abierta a copas de arboles, dormitorio en suite al frente con excelente placard, toilette de recepción y cocina integrada. El artefacto de cocina es eléctrico. Los servicios son mixtos, el agua caliente central por caldera y la calefacción individual por aire acondicionado de frio y calor ubicados, uno en el living y el otro en el dormitorio. En el ultimo piso se encuentra un pequeño sum y una parrilla, el edificio también cuenta con un lundry. Junto con las expensas vienen incorporado el servicio de aysa y las fichas para el uso del lundry. Abl $36. 500. Los requisitos son: contrato a dos años con ajustes trimestrales por el ipc. El edificio cuenta con accesibilidad para personas de movilidad reducida ( ley 5115). Contacto: Elena Peña Robirosa Ver datos. Superficie de balcones: 4. oferta provista por topinmobiliario. com - codigo: fra1154;790000;210000;ALTOLAGUIRRE 2200;54;2;1;1;https://www.zonaprop.com.ar/propiedades/clasificado/alclapin-departamento-2-ambientes-villa-urquiza-capital-57378041.html?n_src=Listado&n_pills=SUM&n_pg=3&n_pos=2;False;;;
zonaprop;villa-urquiza;Departamento;Departamento de 2 ambientes contrafrente con Balcón y cochera cubierta. 1 cuadra del Tren y Subte. En cumplimiento a la ley 5115, se informa que el inmueble es accesible para personas con discapacidades físicas. ley 5858 - art. 5Se encuentra prohibido cobrar comisiones inmobiliarias y gastos de gestoría de informes a los inquilinos que sean personas físicas. Para los casos de alquiler de vivienda, el monto máximo de comisión que se puede requerir a los propietarios será el equivalente al cuatro quince centésimos por ciento (4, 15%) del valor total del respectivo contrato. cucicba mat. Nº 27/67;780000;120000;Bucarelli al 2500;46;2;1;1;https://www.zonaprop.com.ar/propiedades/clasificado/alclapin-bucarelli-2500-departamento-2-ambientes-c-balcon-y-58342679.html?n_src=Listado&n_pg=3&n_pos=3;False;1;;
zonaprop;villa-urquiza;Departamento;Lugones 2300 – Villa Urquiza. Excelente departamento de 2 ambientes en edificio moderno con amenities, ideal para quienes buscan confort y buena ubicación. Características del departamento: Dormitorio con placard amplio. Living comedor cómodo y muy luminoso. Salida a balcón corrido al contrafrente (más tranquilidad y luz) Cocina en L semi incorporada. Baño completo con bañera. Muy buena distribución y funcionalidad. Amenities del edificio: Terraza. Parrilla. Sauna y ducha. Condiciones de alquiler: Valor: $750. 000. Actualización trimestral por ipc. Contrato por 2 años. Expensas aprox. $190. 000 (incluyen Aysa y gas de agua caliente central) Requisitos: Seguro de caución o Garantia propietaria + ingresos demostrables. No se admiten mascotas. Consultas y visitas: 11 Ver datos;750000;190000;Lugones 2300;50;2;1;1;https://www.zonaprop.com.ar/propiedades/clasificado/alclapin-villa-urquiza-2-ambientes-con-amenities-balcon-58353629.html?n_src=Listado&n_pills=Parrilla&n_pg=3&n_pos=4;False;;;
zonaprop;villa-urquiza;Departamento;Departamento de 2 ambientes en alquiler ubicado en Villa Urquiza, sobre la calle Bauness al 1900, en una de las zonas más buscadas del barrio por su excelente conectividad y vida barrial. La unidad se encuentra en un octavo piso lateral, lo que le brinda muy buena luminosidad, aire y tranquilidad, y cuenta con balcón. Dispone de living comedor con salida al balcón, cocina independiente con ventilación natural, espacio para lavarropas y muebles de guardado en muy buen estado, baño completo con bañera y dormitorio con placard empotrado, buena ventilación e iluminación. Ubicación destacada: a metros de Av. Triunvirato, con rápido acceso al Subte Línea B (estaciones Echeverría y Juan Manuel de Rosas), Ferrocarril Mitre y múltiples líneas de colectivos. Cercano a comercios, cafeterías, supermercados, gimnasios y espacios verdes como Plaza Echeverría. Villa Urquiza se caracteriza por su entorno residencial, seguro y en constante crecimiento, con todos los servicios y excelente calidad de vida. El edificio cuenta con accesibilidad para personas con movilidad reducida. Martillero interviniente: Gustavo Figueroa - cucicba 2768. xintel(fhp-fhp-126);600000;120000;Bauness 1938. Entre Echeverria y Juramento;45;2;1;1;https://www.zonaprop.com.ar/propiedades/clasificado/alclapin-alquiler-departamento-2-ambientes-villa-urquiza-muy-57568817.html?n_src=Listado&n_pills=Luminoso&n_pg=3&n_pos=5;False;;;
zonaprop;villa-urquiza;Departamento;Hermoso departamento ubicado en un segundo piso, unidad funcional 1. Cuenta con 10 años de antigüedad, Living comedor con cocina integrada con espacio para conexión al lavarropas. Balcon-lavadero incorporado. Habitación con placar empotrado e interiores completos. Baño completo con vanitory y duchador. Cocina, agua caliente y calefacción a gas. A 2 cuadras de Av Constituyentes y 8 cuadras de Estación Rosas ( Estación terminal de Subte B). xintel(fhp-fhp-153);650000;120000;Talavera 5865;50;2;1;1;https://www.zonaprop.com.ar/propiedades/clasificado/alclapin-excelente-alquiler-2-amb-c-balcon-en-villa-urquiza!-58338489.html?n_src=Listado&n_pills=Lavadero&n_pg=3&n_pos=6;False;;;
zonaprop;villa-urquiza;Departamento;Muy lindo departamento de tres ambientes en Colegiales. Frente, living comedor con salida a balcón de 7m x 1, 10m. Dormitorios con placard con pisos de parquet. Aire acondicionado de pared. Cocina con muebles altos y bajos. Baño completo. El alquiler incluye abl. Aysa por expensas. las medidas son aproximadas Y A solo efecto orientativo. Living: 4, 80 x 3 | Cocina: 2 x 2 | Dormitorio: 3, 15 x 3 | Dormitorio: 3 x 3, 10 | Superficie de balcones: 8. oferta provista por topinmobiliario. com - codigo: alp9536;750000;214000;ALVAREZ THOMAS AV. 1300;6;3;2;1;https://www.zonaprop.com.ar/propiedades/clasificado/alclapin-departamento-3-ambientes-villa-urquiza-capital-55526275.html?n_src=Listado&n_pills=Aire+acondicionado&n_pg=3&n_pos=7;False;;;
zonaprop;villa-urquiza;Departamento;Departamento de 2 ambientes de 47 m², ubicado en una excelente zona de Villa Urquiza, frente a Plaza Echeverria. La unidad se destaca por su muy buena distribución y luminosidad. Al ingresar nos encontramos con un living comedor con salida a balcón, el cual cuenta con lavadero incorporado. La cocina es amplia. El dormitorio tiene placard empotrado. Baño es completo con bañera. Living y dormitorio con ventilador de techo. Cuenta con puerta blindada. Zona residencial tranquila con excelente conectividad: Cercano a Plaza Echeverría y Plaza Zapiola. Subte Línea B – Estación Juan Manuel de Rosas. Tren Mitre – Estación Urquiza. Líneas de colectivo: 71, 90, 107, 114, 127, 140, 169, 176. Próximo a Av. Triunvirato, centros comerciales, supermercados y polo gastronómico doho. Aviso publicado por Pixel Inmobiliario (Servicio de Páginas Web para Inmobiliarias). #0940;650000;150000;Dr. Pedro Ignacio Rivera 5088, C1431 Cdad. Autónoma de Buenos Aires, Argentina, Villa Urquiza, Capital Federal, Argentina.;47;2;1;1;https://www.zonaprop.com.ar/propiedades/clasificado/alclapin-departamento-2-ambientes-en-alquiler-villa-urquiza-58260150.html?n_src=Listado&n_pills=Luminoso&n_pg=3&n_pos=8;False;;;
zonaprop;villa-urquiza;Departamento;"Semipiso de 2 amb al frente con balcon- Son 40m2 cub mas balcon. -Living de 2, 90 x 5, 60m: Cocina integrada de 2, 8 x 1, 2m; balcon de 2, 8 x 1, 2; baño completo; y dormitorio de 3 x 3, 4m con gran placard. Aire acondicionado en living y dormitorio; vidrios dobles ; portero visor; Muy luminoso - Zona residencial, ubicado a mts de av congreso;No se aceptan perros- nota: Los metros cuadrados expresados en este aviso son orientativos y aproximados. Las medidas exactas surgen del titulo y planos de la propiedad. * Consultas por whatsapp**11 Ver datos ** Inciso 8 del artículo 10 de la Ley 2340 (texto consolidado según Ley N° 5666: ""Para los casos de alquiler de vivienda, el monto máximo de comisión que se le puede requerir a los propietarios será el equivalente al cuatro con quince centésimos por ciento (4, 15%) del valor total del respectivo contrato. Se encuentra prohibido cobrar a los inquilinos que sean personas físicas comisiones inmobiliarias y gastos de gestoría de informes"". - matriculado: silvio berardi. Matricula Nº: 1111 - cucicba";730000;170000;Manuela Pedraza 5817;45;2;1;1;https://www.zonaprop.com.ar/propiedades/clasificado/alclapin-departamento-2-amb-c-balcon-40-m-sup2--exc-58066097.html?n_src=Listado&n_pills=Aire+acondicionado&n_pg=3&n_pos=9;False;;;
zonaprop;villa-urquiza;Departamento;"""apto profesional y comercial"" Excelente departamento de 2 ambientes en edificio 10 años de antigüedad con camaras de seguridad en acceso y hall de entrada, en Av Congreso esquina Diaz Colodrero a 5 cuadras de la estación del Ferrocarril y Subte B. El departamento esta ubicado al frente sobre calle Diaz Colodrero, vista super abierta, muy luminoso, living comedor con acceso a balcón al frente, muy luminoso, cocina americana con conexión para lavarropas, baño completo y dormitorio al frente. El edificio cuenta con servicios eléctricos. Se entrega con anafe marca Smeg, estufas eléctricas y termotanque. Las expensas incluyen aysa. Las medidas, superficies y montos de expensas consignadas en la presente descripción son aproximadas, a solo título orientativo y no son vinculantes. Las medidas y superficies reales surgen del Título respectivo, y el monto de expensas real, del recibo emitido por la Administración del Consorcio de Copropietarios que rige el inmueble. Para los casos de alquiler de vivienda, el monto máximo de comisión que se le puede requerir a los propietarios será el equivalente al cuatro con quince centésimos por ciento (4, 15%) del valor total del respectivo contrato. Se encuentra prohibido cobrar comisiones inmobiliarias y gastos de gestoría de informes a los inquilinos, en el caso de ser personas físicas. xintel(lui-lui-Ver datos)";570000;97000;CONGRESO, AVDA. 4900. Entre Diaz Colodrero;35;2;1;1;https://www.zonaprop.com.ar/propiedades/clasificado/alclapin-2-ambientes-congreso-avda.-al-4900-56904341.html?n_src=Listado&n_pg=3&n_pos=10;False;;;
zonaprop;villa-urquiza;Departamento;Alquiler de Departamento 2 Ambientes en Villa Urquiza, Capital Federal. Departamento ubicado en primer piso por escalera, al frente, con balcón y excelente luminosidad. La unidad cuenta con living-comedor, cocina equipada con espacio y conexión para lavarropas, dormitorio con placard y baño completo. Posee muy buena ventilación y luz natural, con ventanas hacia la calle. Ubicado sobre Av. Triunvirato esquina Pedro I. Rivera, en una zona de muy buen acceso y cercanía a múltiples medios de transporte y comercios. No Mascotas (piso madera recien Plastificado). Finaer o Propiedad Inmueble da caba Fliar. Justificar Ingresos, Contrato 24 meses aumento por ipc. xintel(can-can-777);600000;90000;Pedro Ignacio Rivera 5096. Entre Triunvirato, Av.;48;2;1;1;https://www.zonaprop.com.ar/propiedades/clasificado/alclapin-2-ambientes-alquiler-villa-urquiza-58320380.html?n_src=Listado&n_pills=Lavadero&n_pg=3&n_pos=11;False;;;
zonaprop;villa-urquiza;Departamento;Corredor Responsable: javier burgue diaz cpi 7777 / cmcpsi 6701- Contacto: Marcelo Mendoza. Excepcional departamento de dos ambientes en exclusiva zona residencial de Villa Urquiza. Ubicado sobre Avenida Álvarez Thomas, entre Av. Olazábal y Blanco Encalada, próximo a todos los medios de transporte, comercios y gastronomía. Nuestra unidad es parte de un moderno edificio, ubicada en el décimo piso con disposición al frente y orientación este. Ingresando al mismo encontramos el pasillo de distribución con acceso a su amplio living comedor, de cómodas dimensiones y ventanal de doble vidrio con salida al balcón, climatizado con aire acondicionado split frío/calor y pisos de cerámicos. Posee cocina semi integrada con barra desayunadora, equipada con un moderno anafe y horno eléctricos, mesada y bacha doble con grifería monocomando y extractor de aire. Alacenas en sobre y bajo mesada simil madera, le otorgan gran espacio de guardado. El dormitorio espacioso, posee ventanal orientado al lateral contrafrente, climatizado con un segundo equipo de aire acondicionado frío/calor y un muy amplio placard empotrado, con interiores en madera, estantes, cajonera, y tres paños corredizos, uno de ellos espejado. Por último baño completo con bañera, bacha con vanitory y modernos artefactos sanitarios y grifería. El departamento tiene revestimientos y pisos en cerámicos, agua caliente central y climatización con los dos equipos de aire acondicionado. Puerta de acceso blindada con cerradura de seguridad. Se entrega con las luminarias en todos los ambientes, dos caballetes que complementan la barra desayunadora, y mesa ratona con dos sillones de exterior en el balcón. Amenities: El edificio cuenta con sum con parrilla, piscina solarium y laundry. Encargado de edificio. condiciones Y requisitos: El inquilino deberá demostrar ingresos que tripliquen el valor de la renta más expensas y continuidad laboral. Podrá presentar garantía propietaria en caba de familiar directo o seguro de caución. El contrato es a dos años con ajustes trimestrales por ipc. Rau S. R. L. No ejerce el corretaje inmobiliario. El presente sitio web es una plataforma en donde cada oficina inmobiliaria independiente que contrata los servicios re/max puede publicar las propiedades a su cargo. Cada oficina es de propiedad y gestión independiente, por lo que rau S. R. L. No interviene en los datos de la publicación, en la operación inmobiliaria, ni en la confección y/o firma del boleto de compraventa y/o escritura y/o contrato de alquiler. En cumplimiento de las leyes vigentes que regulan el corretaje inmobiliario, Ley Nacional 25. 028, Ley 22. 802 de Lealtad Comercial, Ley 24. 240 de Defensa al Consumidor, las normas del Código Civil y Comercial de la Nación y Constitucionales, los agentes/gestores no ejercen el corretaje inmobiliario. Todas las operaciones inmobiliarias son objeto de intermediación y conclusión por parte del corredor público inmobiliario colegiado a cargo de la publicación, cuyos datos se exhiben en la presente. La presente publicación describe las características esenciales del inmueble, debiéndose consultar al corredor público inmobiliario responsable de la operación por la eventual actualización de las medidas, descripciones arquitectónicas y funcionales, valores de expensas, servicios, impuestos, precios y demás información, cuyos valores son aproximados. Para los casos de alquiler de vivienda, el monto máximo de comisión que se le puede requerir a los propietarios será el equivalente al cuatro con quince centésimos por ciento (4, 15%) del valor total del respectivo contrato. Se encuentra prohibido cobrar a los inquilinos que sean personas físicas comisiones inmobiliarias y gastos de gestoría de informes. El inmueble no es accesible para personas con discapacidades físicas.;750000;240000;Avenida Álvarez Thomas 2900;48;2;1;1;https://www.zonaprop.com.ar/propiedades/clasificado/alclapin-alquiler-de-moderno-dos-ambientes-con-amenities-58358933.html?n_src=Listado&n_pills=Parrilla&n_pg=3&n_pos=12;False;;;
zonaprop;villa-urquiza;Departamento;"Excelente 2 ambientes con terraza y parrilla, ubicado en una zona estratégica de Villa Urquiza. La unidad cuenta con un amplio y luminoso living comedor con salida a un espacioso y corrido balcón. Cuenta con una cocina en L semi incorporada. Un baño completo. Y una habitación amplia con placard. El departamento está en excelentes condiciones, y además de que sus ambientes ventilan todos al exterior, tiene vistas abiertas. Calefacción central para agua y por losa radiante. Cocina a gas. Av. Lugones es una de las arterias clave del norte de la ciudad, ideal para quienes necesitan moverse con rapidez tanto hacia el centro como Zona Norte. Acceso directo a Av. General Paz. Cercanía a múltiples líneas de colectivos. Cercanía a Av. Monroe, Álvarez Thomas, y diversos comercios. Condiciones de alquiler: Demostración de ingresos. Garantía propietaria o Seguro de caución (no bancos) Contrato 24 meses ajuste trimestral x ipc. ""Se deja constancia que los m2 y la antigüedad son aproximados, al igual que las medidas parciales y el valor consignado de las expensas mensuales (en caso de que corresponda pago de expensas) están sujetos a verificación y/o ajustes, el precio del inmueble puede ser modificado sin previo aviso. En el caso de tratarse de un inmueble en construcción los detalles de terminación y la fecha de entrega están sujetos a revisión. Fotos de carácter no contractual. Las unidades publicadas están sujetas a disponibilidad. Gonzalez neira inmuebles actúa solamente en carácter de comercializadora de los inmuebles ofrecidos. En caso de tratarse de un terreno, la información de m2 construibles es orientativa, debiendo ser constatada por el interesado. "" Gerardo Hugo Gonzalez cucicba Mat N° 406. Sebastian Gonzalez cucicba Mat N° 2680";750000;200000;Lugones 2300;48;2;1;1;https://www.zonaprop.com.ar/propiedades/clasificado/alclapin-departamento-2-ambientes-con-balcon-58295112.html?n_src=Listado&n_pills=Terraza&n_pg=3&n_pos=13;False;;;
zonaprop;villa-urquiza;Departamento;Departamento 2 ambientes al Frente con BalconCocina Integrada. Espacio Guardacoche cubiero Fijo!. Tiene baulera en la cocheraTerraza c/Pileta, Solarium y ParrillaEn cumplimiento a la ley 5115, se informa que el inmueble no es accesible para personas con discapacidades físicas. ley 5858 - art. 5Se encuentra prohibido cobrar comisiones inmobiliarias y gastos de gestoría de informes a los inquilinos que sean personas físicas. Para los casos de alquiler de vivienda, el monto máximo de comisión que se puede requerir a los propietarios será el equivalente al cuatro quince centésimos por ciento (4, 15%) del valor total del respectivo contrato. cucicba mat. Nº 27/67;750000;230000;Cullen al 5300;46;2;1;1;https://www.zonaprop.com.ar/propiedades/clasificado/alclapin-departamento-2-ambientes-con-espacio-guardacoche-58087461.html?n_src=Listado&n_pills=Parrilla&n_pg=3&n_pos=14;False;;;
zonaprop;villa-urquiza;Departamento;Alquiler Depto Dos ambientes. Cochera fija. Muy buen estado. Servicios individuales. Calefacción radiador individual y agua también por caldera individual. Split frío calor.;800000;100000;Andonaegui 3365;45;2;1;1;https://www.zonaprop.com.ar/propiedades/clasificado/alclapin-alquiler-2-ambientes-con-cochera.-andonaegui-3300-57926993.html?n_src=Listado&n_pills=Aire+acondicionado&n_pg=3&n_pos=15;False;1;;
zonaprop;villa-urquiza;Departamento;Departamento 2 ambientes al frente con balcón. Muy luminoso y excelente estado. Dispone de dos ascensores – 11 pisos totales – Dispone de terraza tendedero. Excelente ubicación, cercanía de línea de colectivos Ver datos-107-71 / A 2 cuadras del Ferrocarril mitre y Subte B Juan Manuel de Rosas. Medidas: - Cocina con alacenas 1, 50 x 2, 80. - Lavadero cubierto con tender: 1, 50 x 1. - Living con aire acondicionado 5. 40 x 2. 95. - Baño completo con mueble 1. 90 x 1. 50. - Dormitorio con placard 2. 85 x 3. 11. - Balcón 1. 77 x 1. Requisitos: - Garantía de caba. - Incluye expensas + Abl. - 1 mes de adelanto $800. 000. - 1 mes de depósito $800. 000. - Ajuste cuatrimestral. - Se permita mascota chica/mediana.;800000;;Díaz Colodrero 2500;35;2;1;1;https://www.zonaprop.com.ar/propiedades/clasificado/alclapin-departamento-2-ambientes-villa-urquiza-58322509.html?n_src=Listado&n_pills=Aire+acondicionado&n_pg=3&n_pos=16;False;;;
zonaprop;villa-urquiza;Departamento;Disponible A partir de marzo 2 Ambientes, 3º piso al lateral, con balcón francés. Congreso al 5200, esquina Av. Triunvirato. Cercanía con Subte B (Manuel de Rosas), Tren Mitre (Urquiza) y varias líneas de colectivos. Condiciones: Contrato por 2 años con ajuste trimestral por icl/ipc. 1 Mes de adelantoDepósito u$s400. -Garantía propietaria familiar o de vínculo demostrable (No seguro de caución). Recibo de sueldo que duplique alquiler + expensas (No monotributo/jubilación/pensión). No Apto para personas con movilidad reducida. -Daniel Lipovich Matricula 1817 C. U. C. I. C. B. A. -;520000;130000;Congreso al 5200;40;2;1;1;https://www.zonaprop.com.ar/propiedades/clasificado/alclapin-2-ambientes.-3-lateral.-balcon-frances.-congreso-al-58222920.html?n_src=Listado&n_pills=Laundry&n_pg=3&n_pos=17;False;;;
zonaprop;villa-urquiza;Departamento;Cómodo Departamento de 3 ambientes con frente hacia Av. Olazabal y Balcón corrido con buena vista, Lavadero separado, Ambos Dormitorios al frente con Placard y pisos de parquet plastificado y 2° Dormitorio con salida a Balcón, Cocina completa con muebles altos y bajo mesada, Baño completo, **super luminoso **, muy buen estado de conservación. Excelente ubicación con medios de transporte, cerca de subte B, fcgu y a metros de Av. De los Constituyentes con acceso rápido a Av. Gral Paz. // requisitos de ingreso // 1 mes de adelanto. 1 mes de deposito. Garantía propietaria de caba o seguro de caución. Ajuste trimestral por ipc. Mascotas se puede charlar.;750000;150000;Aizpurúa 2215;64;3;2;1;https://www.zonaprop.com.ar/propiedades/clasificado/alclapin-villa-urquiza-departamento-3-ambientes-balcon-al-57457968.html?n_src=Listado&n_pills=Lavadero&n_pg=3&n_pos=18;False;;;
zonaprop;villa-urquiza;Departamento;[garciadusc-286] 2 ambientes al frente con balcon corrido. Muy luminoso. Edificio con piscina, solarium, parrilla, sum Y laundry. Proximo A subte linea B. Condiciones: demostracion de ingresos. garantia (propietaria O de empresa premium group) 1 mes adelantado. 1 mes de deposito. Plazo de contrato 24 meses. Ajustes trimestrales conforme indice de precios al consumidor. Servicios: Electricidad, Pavimento, Cloacas, Gas, Agua Corriente. Otros Servicios: Balcón. plazo de contrato 24 meses. Ajustes trimestrales conforme indice de precios al consumidor. Damian garcia duscio cpi matricula 56 Se deja constancia que los m2 son aproximados, al igual que las medidas parciales y el valor consignado de las expensas mensuales (en caso que corresponda pago de expensas) están sujetos a verificación y/o ajustes, el precio del inmueble puede ser modificado sin previo aviso. Fotos de carácter no contractual. Las unidades publicadas están sujetas a disponibilidad. Inmueble no accesible para personas con discapacidad física ley 5115. “Para los casos de alquiler de vivienda ubicada en C. A. B. A., el monto máximo de comisión que se le puede requerir a los propietarios será el equivalente al cuatro con quince centésimos por ciento (4, 15%) del valor del respectivo contrato. Se encuentra prohibido cobrar comisiones inmobiliarias y gastos de gestoría de informes a los inquilinos, en el caso de ser personas físicas”. -;650000;134000;Av Olazabal 5421;43;2;1;1;https://www.zonaprop.com.ar/propiedades/clasificado/alclapin-2-ambiente-con-balcon-al-frente-58297292.html?n_src=Listado&n_pills=Pileta&n_pg=3&n_pos=19;False;;;
zonaprop;villa-urquiza;Departamento;Cómodo y luminoso con amplias ventanas en todos los ambientes, ubicado frente a plaza (corredor Donado/Holmberg) Amplio balcón terraza apto para macetas y mascotas. 2 unidades por piso con ascensor. Cuenta con pileta en planta piso 1 y cochera individual.;680000;150000;Nuñez 4412;48;2;1;1;https://www.zonaprop.com.ar/propiedades/clasificado/alclappa-comodo-y-luminoso-2-ambientes-53539653.html?n_src=Listado&n_pills=Aire+acondicionado&n_pg=3&n_pos=20;False;1;;
zonaprop;villa-urquiza;Departamento;Departamento de 2 ambientes al frente con balcón, muy luminoso. Es un edificio boutique de 3 pisos con ascensor y este depto. Se encuentra en el 1er. Piso Cuenta con 1 dormitorio, baño completo, cocina integrada. Tiene lugar para instalar el lavarropa. Además tiene equipo frio calor en el living comedor. Apto Profesional. Opcional: cochera fija y cubierta en pb. Muy buena ubicación a 7 cuadras de Av. Triunvirato y Subte Línea B y a 2 cuadras de Av. De Los Constituyentes.;720000;150000;La Pampa 5757;55;2;1;1;https://www.zonaprop.com.ar/propiedades/clasificado/alclappa-alquiler-de-departamento-2-amb.-villa-urquiza-47019892.html?n_src=Listado&n_pg=3&n_pos=21;False;;;
zonaprop;villa-urquiza;Departamento;Por 2 años. Actualización ipc trimestral. Seguro de Caución y/o Gtía de una prop en caba con informe. 1 mes adelantado. 1 mes y 1/2 de depósito en U$S;750000;224000;Por 2 años. Actualización ipc trimestral. Seguro de Caución y/o Gtía de una prop en caba con informe. 1 mes adelantado. 1 mes y 1/2 de depósito en U$S;62;2;1;1;https://www.zonaprop.com.ar/propiedades/clasificado/alclappa-hermoso-departamento-2-amb-con-balcon-aterrazado-58183749.html?n_src=Listado&n_pills=Aire+acondicionado&n_pg=3&n_pos=22;False;;;
zonaprop;villa-urquiza;Departamento;Mirá el video del tour del departamento! 2 ambientes a estrenar – Dueño directo sin comisiones- Villa Urquiza (Olazábal y Bauness, a mts. De Triunvirato) Ubicación inmejorable: 2 cuadras Subte B, 2 cuadras Tren Mitre, gran conectividad y rodeado de cafés, restaurantes, comercios y parques. Depto totalmente remodelado, sin estrenar: piso porcelanato, cocina con horno eléctrico + anafe a gas nuevos, 2 aires acondicionados frío/calor inverter, placares y ventanas a nuevo, baño completo renovado. Balcón interno con conexión para lavarropas. Último piso, muy luminoso todo el día. Puerta blindada. Persiana del living automática accionada con boton. Depto ubicado en el 8vo piso, muy silencioso. Edificio con terraza y encargado medio dia. 2 ascensores muy cómodos. Expensas $130. 000 (octubre 2025). Dueño directo. Alquiler en pesos, ajuste trimestral por ipc. Expensas, Edenor y Metrogas a cargo inquilino. 1 mes de depósito y 1 mes adelantado. Garantía requerida + ingresos comprobables. Contrato a 1 año renovable.;800000;130000;Avenida Olazábal 5076;37;2;1;1;https://www.zonaprop.com.ar/propiedades/clasificado/alclappa-depto-2-amb-a-estrenar-todo-nuevo-mejor-zona-de-villa-57358362.html?n_src=Listado&n_pills=Aire+acondicionado&n_pg=3&n_pos=23;False;;;
zonaprop;villa-urquiza;Departamento;Living comedor 4 x 3 con con luminoso con estufa a gas con sistema de convexion hacia el dormitorio, . Baño completo. Lavdadero tipo balcon con termotanque electrico, espacio para lavarropa y pileta de lavado, dormitorio piso alfombra, placard empotrado con baulera, luminoso 3 x 3. 5 mts. Cocina independiente 2 x 4 con termica y disyuntor. Terraza accesible para tomar sol, piletas de lavado muy grandes. 2 ascensores. Posibilidad de alquilar cochera en el mismo edificio. Cuadra excelente frente al centro de salud stambulian y el departamento es apto profesional. Requisitos: mes deposito, mes adelantado, garante propietario y recibo de sueldo acorde a gastos. Se aceptan mascotas chicas. Muy buena circulacion de aire, luminosidad excelente, se ve la Av Olazabal desde la cocina y lavadero.;550000;90000;Avenida Olazábal 5671;42;2;1;1;https://www.zonaprop.com.ar/propiedades/clasificado/alclappa-2-ambientes-luminoso-8vo-piso-57829752.html?n_src=Listado&n_pills=Lavadero&n_pg=3&n_pos=24;False;;;
zonaprop;villa-urquiza;PH;Es un monoambiente dividido por un mueble. Pisos parquet. Buen estado. Recien pintado. Cocina independiente en muy bue estado, con salido a un patio alargado que es lavadero tambien. Baño de epoca en buen estado. Bajas expensas $ 34. 000. Muy bien ubicado cerca estacio Rosas subte B. Ferrocarril Mitre y nimerosas lineas de colectivos. Luminoso.;580000;34000;Monroe 4854;37;2;1;1;https://www.zonaprop.com.ar/propiedades/clasificado/alclphin-villa-urquiza-alquiler-2-ambientes-depto-tipo-casa-en-58357720.html?n_src=Listado&n_pills=Permite+mascotas&n_pg=1&n_pos=1;False;;Super destacado;
zonaprop;villa-urquiza;PH;Ph 2 ambientes en 2 plantas, muy luminoso Acceso independiente. Aysa y abl y Expensas todo incluido! 1° Piso: Comedor, cocina integrada y Toilette. 2°Piso: Baño Completo en suite, 1 dormitorio con placard y aire acondicionado y vista al frente, balcón a la calle. Oportunidad única. Cerca de Avenida de los Constituyentes y de Av. Congreso. Barrio tranquilo de casas Bajas. No paga: abl, aysa y Expensas. (Esta Todo incluido) oportunidad! Sólo se paga luz y Gas.. Condiciones: Depósito | Mes adelantado | Garantía propietario o Seguro de caución | Demostración de ingresos | Informes y certificación de firmas. Contrato a 2 años con aumentos trimestrales según acumulado de ipc transcurrido. Leandro Mandia Propiedades. cucicba Matricula N°6613. Se encuentra prohibido cobrar comisiones inmobiliarias y gastos de gestoría de informes a los inquilinos que sean personas físicas. Para los casos de alquiler de vivienda, el monto máximo de comisión que se le puede requerir a los propietarios será del 4, 15% por ciento del valor total del contrato. Se deja constancia que las medidas, superficies y m2 consignados son aproximados, sujetos a verificación y/o ajuste. El precio del inmueble puede ser modificado sin previo aviso. Fotos de carácter no contractual. Las unidades publicadas está sujetas a disponibilidad. Leandro Mandia Propiedades actúa solamente en carácter de intermediario de los inmuebles ofrecidos Aviso publicado por Pixel Inmobiliario (Servicio de Páginas Web para Inmobiliarias). #0909;740000;;Tamborini 5847, Villa Urquiza, Capital Federal, Argentina.;42;2;1;2;https://www.zonaprop.com.ar/propiedades/clasificado/alclphin-ph-2-amb-en-2-plantas-sin-expensas-abl-y-aysa-52438597.html?n_src=Listado&n_pills=Luminoso&n_pg=1&n_pos=2;False;;Super destacado;
zonaprop;villa-urquiza;PH;Corredor Responsable: Ariel Champanier cucicba 4330 / Andrea Berre cmcpsi 6763- Contacto: Luca Rosso. Ph de 2 ambientes en alquiler con patio en Villa Urquiza. La propiedad tiene un total de 42 metros totales (36 cubiertos y 6 de patio) Expensas a Febrero: $200. 000. Condiciones y Requisitos: - Contrato a 2 años. - Ajuste trimestral por icl. - Seguro de caución (Excluyente) - Ingresos demostrables. - 1 mes de deposito. - 1 mes de adelanto. Caracteristicas de la propiedad: - ph ubicado en Planta Baja. - Cocina independiente. - Living comedor. - Patio (acceso desde el living y cocina) - Baño completo con bañera. - Dormitorio al frente con placard. Rau S. R. L. No ejerce el corretaje inmobiliario. El presente sitio web es una plataforma en donde cada oficina inmobiliaria independiente que contrata los servicios re/max puede publicar las propiedades a su cargo. Cada oficina es de propiedad y gestión independiente, por lo que rau S. R. L. No interviene en los datos de la publicación, en la operación inmobiliaria, ni en la confección y/o firma del boleto de compraventa y/o escritura y/o contrato de alquiler. En cumplimiento de las leyes vigentes que regulan el corretaje inmobiliario, Ley Nacional 25. 028, Ley 22. 802 de Lealtad Comercial, Ley 24. 240 de Defensa al Consumidor, las normas del Código Civil y Comercial de la Nación y Constitucionales, los agentes/gestores no ejercen el corretaje inmobiliario. Todas las operaciones inmobiliarias son objeto de intermediación y conclusión por parte del corredor público inmobiliario colegiado a cargo de la publicación, cuyos datos se exhiben en la presente. La presente publicación describe las características esenciales del inmueble, debiéndose consultar al corredor público inmobiliario responsable de la operación por la eventual actualización de las medidas, descripciones arquitectónicas y funcionales, valores de expensas, servicios, impuestos, precios y demás información, cuyos valores son aproximados. Para los casos de alquiler de vivienda, el monto máximo de comisión que se le puede requerir a los propietarios será el equivalente al cuatro con quince centésimos por ciento (4, 15%) del valor total del respectivo contrato. Se encuentra prohibido cobrar a los inquilinos que sean personas físicas comisiones inmobiliarias y gastos de gestoría de informes. El inmueble no es accesible para personas con discapacidades físicas.;600000;200000;Andonaegui 2600;42;2;1;1;https://www.zonaprop.com.ar/propiedades/clasificado/alclphin-ph-2-amb-en-alquiler-c-patio-villa-urquiza-58373881.html?n_src=Listado&n_pills=Lavadero&n_pg=1&n_pos=3;False;;;
zonaprop;villa-urquiza;PH;"Excte. P-H sin expensas de dos ambientes amplio y luminoso solo para uso comercial o profesional, a una cuadra de la estación Tronador del subte ""B"" y varias líneas de omnibus en la puerta. Tiene cocina completa, dormitorio y balo completo y amplio patio con techo corredizo. Fotos y medidas: No contractuales. cucicba 8500";650000;;Av. Triunvirato 2954;49;2;1;1;https://www.zonaprop.com.ar/propiedades/clasificado/alclphin-v.-urquiza:-2-amb.-p-h-uso-comercial!-sin-exp.-57899990.html?n_src=Listado&n_pills=Lavadero&n_pg=1&n_pos=4;False;;;
zonaprop;villa-urquiza;PH;Impecable ph tipo Casa de dos ambientes mas Escritorio. Tipo Duplex. Dormitorio con amplio placard. Living Comedor en desnivel. Cocina aparte completa. Baño completo. Patio con Terraza. Parrilla. sin expensas;750000;;JOSE PASCUAL TEMBORINI;60;2;1;;https://www.zonaprop.com.ar/propiedades/clasificado/alclphin-ph-tipo-casa-dos-ambientes-escritorio-55627491.html?n_src=Listado&n_pills=Parrilla&n_pg=1&n_pos=5;False;;;
zonaprop;villa-urquiza;PH;Dueño directo alquila ph 3 ambientes luminoso en muy buena zona villa urquiza a 6 cuadras subte. se trata ph en dos plantas. planta baja bajo a nuevo, hall distribucion, 2 piezas, living comedor y cocina. planta alta. terraza para parrilla. expensas Ver datos. requisitos deposito, mes adelanto garantia o caucion + gastos;699000;109000;Dueño directo alquila ph 3 ambientes luminoso en muy buena zona villa urquiza a 6 cuadras subte. se trata ph en dos plantas. planta baja bajo a nuevo, hall distribucion, 2 piezas, living comedor y cocina. planta alta. terraza para parrilla. expensas Ver datos. requisitos deposito, mes adelanto garantia o caucion + gastos;79;3;2;1;https://www.zonaprop.com.ar/propiedades/clasificado/alclphpa-dueno-directo-alquila-ph-3-amb-sin-comision-muy-lum-46089404.html?n_src=Listado&n_pills=Lavadero&n_pg=1&n_pos=6;False;;;
